            0.000010           252.641113           118.145538           134.494934  
            0.000011           240.894592           112.673004           128.220764  
            0.000011           240.894592           112.673004           128.220764  
            0.000012           230.643341           107.899734           122.742981  
            0.000013           221.660187           103.701553           117.958252  
            0.000014           213.639557            99.958725           113.680450  
            0.000015           206.387573            96.587860           109.799194  
            0.000016           199.879059            93.549377           106.329025  
            0.000018           188.516815            88.249863           100.266266  
            0.000019           183.495514            85.915421            97.579376  
            0.000020           178.858185            83.759209            95.098267  
            0.000022           170.597198            79.907158            90.689514  
            0.000024           163.365631            76.543541            86.821579  
            0.000026           156.957199            73.571465            83.385132  
            0.000028           151.331390            70.941322            80.389381  
            0.000029           148.708527            69.723938            78.984085  
            0.000031           143.865784            67.472206            76.393097  
            0.000033           139.465958            65.428467            74.037079  
            0.000035           135.459213            63.565247            71.893456  
            0.000039           128.391327            60.280609            68.110321  
            0.000043           122.319061            57.465076            64.853615  
            0.000046           118.322807            55.606007            62.716450  
            0.000050           113.549377            53.391064            60.157955  
            0.000053           110.328056            51.897911            58.429764  
            0.000056           107.362366            50.525948            56.836033  
            0.000059           104.636909            49.262901            55.373600  
            0.000063           101.310432            47.722473            53.587639  
            0.000069            96.868462            45.669167            51.198887  
            0.000075            92.982620            43.872017            49.110256  
            0.000081            89.534882            42.280022            47.254589  
            0.000088            85.979935            40.637352            45.342297  
            0.000094            83.248283            39.378448            43.869579  
            0.000100            80.772644            38.237282            42.535149  
            0.000106            78.511734            37.196007            41.315472  
            0.000113            76.104240            36.088959            40.015053  
            0.000119            74.216202            35.220814            38.995117  
            0.000125            72.466873            34.417206            38.049412  
            0.000138            69.073685            32.862038            36.211399  
            0.000150            66.343155            31.613384            34.729584  
            0.000163            63.735741            30.423149            33.312355  
            0.000175            61.608009            29.450106            32.157722  
            0.000188            59.526886            28.503441            31.023266  
            0.000200            57.795334            27.716087            30.079029  
            0.000219            55.357624            26.609314            28.748129  
            0.000238            53.213505            25.640734            27.572590  
            0.000256            51.415455            24.829220            26.586052  
            0.000275            49.716484            24.064249            25.652079  
            0.000294            48.185253            23.377337            24.807762  
            0.000313            46.805531            22.758253            24.047140  
            0.000331            45.605400            22.222797            23.382467  
            0.000350            44.445324            21.705847            22.739340  
            0.000388            42.389965            20.794098            21.595724  
            0.000425            40.669479            20.034090            20.635256  
            0.000463            39.131878            19.357315            19.774433  
            0.000500            37.804695            18.777790            19.026779  
            0.000531            36.808956            18.343983            18.464859  
            0.000563            35.867409            17.936493            17.930822  
            0.000594            35.032352            17.576391            17.455845  
            0.000625            34.263683            17.246040            17.017546  
            0.000688            32.870754            16.651123            16.219522  
            0.000750            31.684870            16.148153            15.536623  
            0.000813            30.626062            15.703136            14.922844  
            0.000875            29.703594            15.318422            14.385091  
            0.000938            28.866512            14.972052            13.894369  
            0.001000            28.122091            14.667162            13.454855  
            0.001063            27.441414            14.389639            13.051695  
            0.001125            26.829218            14.142431            12.686707  
            0.001187            26.269173            13.917883            12.351213  
            0.001250            25.745613            13.709641            12.035899  
            0.001375            24.825199            13.347064            11.478070  
            0.001500            24.026342            13.037731            10.988541  
            0.001625            23.329395            12.771529            10.557802  
            0.001750            22.714109            12.539853            10.174194  
            0.001875            22.165335            12.336241             9.829032  
            0.002000            21.673159            12.156088             9.517015  
            0.002188            21.022251            11.921494             9.100709  
            0.002375            20.457666            11.722253             8.735358  
            0.002563            19.958345            11.549474             8.408814  
            0.002750            19.516907            11.399668             8.117188  
            0.002938            19.120274            11.267448             7.852786  
            0.003125            18.768600            11.151777             7.616774  
            0.003312            18.445402            11.047832             7.397527  
            0.003500            18.151394            10.954577             7.196774  
            0.003875            17.634731            10.794648             6.840048  
            0.004250            17.193424            10.662217             6.531168  
            0.004625            16.812740            10.551098             6.261600  
            0.005000            16.476685            10.455886             6.020766  
            0.005313            16.228813            10.387097             5.841678  
            0.005625            16.007469            10.326691             5.680738  
            0.005938            15.798933            10.271301             5.527598  
            0.006250            15.607792            10.221507             5.386252  
            0.006875            15.275381            10.136708             5.138642  
            0.007500            14.983254            10.064964             4.918262  
            0.008125            14.732869            10.005123             4.727713  
            0.008750            14.508465             9.953167             4.555268  
            0.009375            14.310187             9.908445             4.401712  
            0.010000            14.126430             9.868176             4.258225  
            0.010625            13.967628             9.834063             4.133538  
            0.011250            13.822612             9.803628             4.018962  
            0.011875            13.687157             9.775850             3.911279  
            0.012500            13.562405             9.750769             3.811607  
            0.013750            13.348332             9.708976             3.639334  
            0.015000            13.154886             9.672520             3.482341  
            0.016250            12.990536             9.642584             3.347932  
            0.017500            12.842032             9.616314             3.225694  
            0.018750            12.708942             9.593414             3.115508  
            0.020000            12.592156             9.573918             3.018218  
            0.021325            12.478460             9.555364             2.923082  
            0.022650            12.375836             9.539029             2.836787  
            0.023975            12.282531             9.524538             2.757978  
            0.025300            12.196848             9.511507             2.685323  
            0.026844            12.105525             9.497930             2.607581  
            0.028387            12.022162             9.485816             2.536334  
            0.031475            11.874932             9.465075             2.409845  
            0.034563            11.748693             9.447967             2.300713  
            0.037650            11.638934             9.433596             2.205328  
            0.040738            11.542335             9.421329             2.120991  
            0.043825            11.456542             9.410738             2.045788  
            0.046913            11.379657             9.401482             1.978164  
            0.050000            11.310308             9.393316             1.916980  
            0.053125            11.246590             9.385965             1.860613  
            0.056250            11.188457             9.379382             1.809062  
            0.059375            11.135135             9.373446             1.761675  
            0.062500            11.085989             9.368063             1.717915  
            0.068750            10.998208             9.358639             1.639561  
            0.075000            10.921878             9.350640             1.571229  
            0.081250            10.854688             9.343734             1.510948  
            0.087500            10.794973             9.337687             1.457275  
            0.093750            10.741455             9.332330             1.409116  
            0.100000            10.693157             9.327532             1.365617  
            0.106250            10.649294             9.323195             1.326094  
            0.112500            10.609238             9.319241             1.289992  
            0.118750            10.572459             9.315605             1.256845  
            0.125000            10.538521             9.312248             1.226264  
            0.137500            10.477751             9.306206             1.171538  
            0.150000            10.424700             9.300870             1.123821  
            0.162500            10.377847             9.296082             1.081760  
            0.175000            10.336109             9.291716             1.044385  
            0.187500            10.298635             9.287694             1.010934  
            0.200000            10.264731             9.283950             0.980775  
            0.218750            10.219344             9.278746             0.940593  
            0.237500            10.179279             9.273930             0.905342  
            0.256250            10.143547             9.269417             0.874122  
            0.275000            10.111414             9.265145             0.846263  
            0.293750            10.082307             9.261064             0.821238  
            0.312500            10.055778             9.257136             0.798636  
            0.331250            10.031478             9.253341             0.778134  
            0.350000            10.009090             9.249649             0.759438  
            0.387500             9.968963             9.242516             0.726443  
            0.425000             9.933960             9.235636             0.698322  
            0.500000             9.875114             9.222370             0.652739  
            0.625000             9.797906             9.201066             0.596836  
            0.750000             9.737203             9.180140             0.557062  
            0.875000             9.687217             9.159219             0.527993  
            1.000000             9.644588             9.138075             0.506511  
            1.250000             9.572392             9.094803             0.477585  
            1.500000             9.511048             9.049683             0.461363  
            1.750000             9.456521             9.002159             0.454361  
            2.000000             9.406392             8.951732             0.454657  
            2.224624             9.364051             8.903294             0.460755  
            2.449247             9.323415             8.851727             0.471685  
            2.673870             9.284167             8.796785             0.487379  
            2.898493             9.246382             8.737382             0.508998  
            3.258826             9.189186             8.630461             0.558722  
            3.438993             9.162535             8.570947             0.591585  
            3.619159             9.137984             8.505874             0.632108  
            3.799326             9.115829             8.435674             0.680153  
            3.979492             9.099205             8.357641             0.741563  
            4.159659             9.117143             8.270981             0.846160  
            4.249742             9.213601             8.224072             0.989527  
            4.272263             9.253329             8.211882             1.041445  
            4.294784             9.296607             8.199484             1.097125  
            4.306045             9.318590             8.193208             1.125384  
            4.317305             9.340155             8.186875             1.153277  
            4.328565             9.360773             8.180490             1.180279  
            4.339825             9.379900             8.174047             1.205853  
            4.346552             9.390402             8.170174             1.220227  
            4.353279             9.400079             8.166278             1.233798  
            4.366733             9.416556             8.158427             1.258123  
            4.380187             9.428632             8.150497             1.278136  
            4.386914             9.432857             8.146497             1.286355  
            4.393641             9.435803             8.142480             1.293319  
            4.400561             9.437471             8.138326             1.299144  
            4.407480             9.437744             8.134149             1.303592  
            4.413193             9.436911             8.130679             1.306230  
            4.418905             9.435142             8.127198             1.307941  
            4.430329             9.428849             8.120188             1.308661  
            4.451890             9.407803             8.106781             1.301019  
            4.462671             9.393414             8.099990             1.293422  
            4.473451             9.376974             8.093142             1.283828  
            4.480260             9.365726             8.088784             1.276940  
            4.487069             9.353951             8.084403             1.269546  
            4.500687             9.329273             8.075563             1.253706  
            4.514305             9.303854             8.066628             1.237223  
            4.527922             9.278540             8.057588             1.220946  
            4.557427             9.227376             8.037643             1.189728  
            4.586932             9.185264             8.017194             1.168066  
            4.645942             9.134262             7.974707             1.159551  
            4.763961             9.122729             7.883103             1.239623  
            4.881981             9.154112             7.781736             1.372372  
            5.000000             9.206165             7.668426             1.537734  
            5.103829             9.272945             7.556365             1.716576  
            5.207657             9.366569             7.430099             1.936465  
            5.311485             9.496702             7.286722             2.209979  
            5.415313             9.677177             7.122633             2.554540  
            5.519141             9.930292             6.932664             2.997625  
            5.571055            10.095385             6.825592             3.269791  
            5.622969            10.295001             6.708781             3.586215  
            5.674883            10.538090             6.580748             3.957340  
            5.726797            10.836376             6.439774             4.396598  
            5.778711            11.205613             6.283813             4.921798  
            5.830625            11.667676             6.110346             5.557327  
            5.879295            12.212775             5.929048             6.283710  
            5.927964            12.904436             5.726419             7.178008  
            5.976634            13.800133             5.498487             8.301632  
            6.025303            14.994840             5.240566             9.754260  
            6.073973            16.668680             4.948289            11.720390  
            6.098308            17.796223             4.789199            13.007021  
            6.122642            19.233400             4.623456            14.609951  
            6.146977            21.140615             4.455698            16.684925  
            6.171312            23.785805             4.295882            19.489893  
            6.195647            27.614279             4.163074            23.451183  
            6.219981            33.347816             4.091513            29.256332  
            6.245938            42.854004             4.148466            38.705532  
            6.271895            57.943264             4.455342            53.487843  
            6.297852            81.733727             5.188093            76.545586  
            6.323809           118.547974             6.600710           111.947212  
            6.349766           173.967072             9.034070           164.932983  
            6.362745           210.696167            10.762721           199.933151  
            6.375723           254.600586            12.909132           241.691193  
            6.388702           306.581390            15.534089           291.047150  
            6.401680           367.466614            18.696440           348.770264  
            6.414659           438.009949            22.452559           415.557739  
            6.427637           518.827698            26.852243           491.974548  
            6.437574           587.909973            30.680622           557.228333  
            6.447511           663.360901            34.923264           628.437195  
            6.457448           745.147827            39.585930           705.561523  
            6.467384           833.126526            44.668003           788.458130  
            6.472353           879.377686            47.365379           832.011108  
            6.477321           927.060425            50.163799           876.895142  
            6.482290           976.140564            53.062206           923.078613  
            6.487258          1026.552368            56.057869           970.492676  
            6.492227          1078.205200            59.146030          1019.058105  
            6.494711          1104.481079            60.724403          1043.758057  
            6.497195          1131.026123            62.323654          1068.702148  
            6.499679          1157.860474            63.945187          1093.911987  
            6.502163          1184.924927            65.586029          1119.338013  
            6.504647          1212.247559            67.247536          1144.998169  
            6.507131          1239.815918            68.928932          1170.887329  
            6.510376          1276.137573            71.152466          1204.982666  
            6.513621          1312.795044            73.405502          1239.385132  
            6.516866          1349.761719            75.687294          1274.072510  
            6.520110          1386.971924            77.993431          1308.977295  
            6.523355          1424.425049            80.324554          1344.100952  
            6.526599          1462.078247            82.677895          1379.399658  
            6.529844          1499.874268            85.050468          1414.825073  
            6.533088          1537.779907            87.440514          1450.341797  
            6.535319          1563.876953            89.092209          1474.786621  
            6.537550          1590.009033            90.750877          1499.261108  
            6.539781          1616.141846            92.414719          1523.726440  
            6.542011          1642.253906            94.082718          1548.167480  
            6.544242          1668.335083            95.754478          1572.578979  
            6.546472          1694.368164            97.428131          1596.934448  
            6.548703          1720.359375            99.104790          1621.251099  
            6.550933          1746.273438           100.782532          1645.491699  
            6.552961          1769.751709           102.306953          1667.441284  
            6.554989          1793.147217           103.831261          1689.313599  
            6.557017          1816.448975           105.354370          1711.093872  
            6.559045          1839.639526           106.875214          1732.762207  
            6.561073          1862.698730           108.392685          1754.304565  
            6.563101          1885.641357           109.907303          1775.732300  
            6.565129          1908.416138           111.415993          1796.993286  
            6.567156          1931.032593           112.920464          1818.112793  
            6.569184          1953.501831           114.419846          1839.081299  
            6.571212          1975.768799           115.911438          1859.856445  
            6.573240          1997.848511           117.396324          1880.448242  
            6.575268          2019.718750           118.872963          1900.840332  
            6.579324          2062.783447           121.798416          1940.979736  
            6.583379          2104.836914           124.680283          1980.156250  
            6.587841          2149.887451           127.796516          2022.085693  
            6.592302          2193.480957           130.844849          2062.628418  
            6.596764          2235.500977           133.817871          2101.681396  
            6.601225          2275.829346           136.707825          2139.124023  
            6.605687          2314.347168           139.506302          2174.838135  
            6.610148          2350.942383           142.205780          2208.729248  
            6.614610          2385.490234           144.798798          2240.683838  
            6.619071          2417.884033           147.276871          2270.603516  
            6.629616          2485.355469           152.642456          2332.713867  
            6.640161          2539.098145           157.246841          2381.850098  
            6.649084          2573.153320           160.494537          2412.656738  
            6.658006          2596.267334           163.108521          2433.158203  
            6.665748          2607.240723           164.842636          2442.401367  
            6.673490          2609.673828           166.065231          2443.606201  
            6.675020          2609.142822           166.246490          2442.894531  
            6.680086          2605.008789           166.699326          2438.306152  
            6.685152          2597.231689           166.929153          2430.293457  
            6.690218          2585.865479           166.936783          2418.920898  
            6.695283          2570.964355           166.723877          2404.236328  
            6.705789          2529.056152           165.586548          2363.468506  
            6.716295          2473.039307           163.540207          2309.498047  
            6.726802          2403.939941           160.633926          2243.304199  
            6.732056          2364.873047           158.877731          2205.990234  
            6.737309          2323.022217           156.930893          2166.093506  
            6.742563          2278.549316           154.802170          2123.741699  
            6.747816          2231.690674           152.503922          2079.178711  
            6.753069          2182.593994           150.045517          2032.544922  
            6.758322          2131.498779           147.439209          1984.058838  
            6.762859          2085.907715           145.077744          1940.826660  
            6.767396          2039.087036           142.621185          1896.462891  
            6.771933          1991.195435           140.079086          1851.116089  
            6.776470          1942.358765           137.458572          1804.900635  
            6.781007          1892.715332           134.767105          1757.947632  
            6.785544          1842.389160           132.013123          1710.377686  
            6.790081          1791.520752           129.204742          1662.317871  
            6.794617          1740.248535           126.349922          1613.893677  
            6.799154          1688.668701           123.455574          1565.212158  
            6.803691          1636.951050           120.531685          1516.417480  
            6.808228          1585.167725           117.582741          1467.584229  
            6.812765          1533.468018           114.617851          1418.844238  
            6.817302          1481.946289           111.644333          1370.303833  
            6.821839          1430.730713           108.668747          1322.059692  
            6.826376          1379.897827           105.697311          1274.203003  
            6.830912          1329.568726           102.737450          1226.831055  
            6.838076          1251.299683            98.099442          1153.198608  
            6.845239          1174.815186            93.526123          1081.284546  
            6.852403          1100.399536            89.038086          1011.359131  
            6.859566          1028.312256            84.652878           943.657410  
            6.866730           958.756348            80.386253           878.369446  
            6.873893           891.923340            76.252281           815.668457  
            6.888220           766.984863            68.428543           698.555115  
            6.902547           654.213074            61.248798           592.962524  
            6.916874           553.874023            54.751583           499.121368  
            6.931201           465.807098            48.947609           416.859161  
            6.945528           389.490448            43.823902           345.665833  
            6.966541           297.189606            37.473743           259.716034  
            6.987554           225.475800            32.375813           193.099274  
            7.008567           171.001266            28.355087           142.645889  
            7.029580           130.448532            25.227798           105.220436  
            7.050593           100.764915            22.817617            77.947350  
            7.071606            79.334686            20.968529            58.366287  
            7.092619            64.000488            19.547958            44.452419  
            7.113632            53.067101            18.448788            34.618267  
            7.134645            45.251640            17.587595            27.664059  
            7.155658            39.610661            16.901203            22.709459  
            7.176671            35.468441            16.342829            19.125608  
            7.197684            32.354939            15.878667            16.476263  
            7.239710            28.041979            15.144161            12.897820  
            7.281736            25.172903            14.577734            10.595161  
            7.323762            23.079321            14.118613             8.960703  
            7.365788            21.456413            13.734389             7.722023  
            7.407814            20.150993            13.405985             6.745003  
            7.449840            19.076981            13.121101             5.955878  
            7.501418            17.991482            12.818270             5.173211  
            7.552995            17.100113            12.556543             4.543568  
            7.604572            16.355555            12.327715             4.027838  
            7.656149            15.723632            12.125704             3.597929  
            7.675290            15.512554            12.056581             3.455970  
            7.730944            14.958651            11.871152             3.087499  
            7.786597            14.479888            11.705750             2.774143  
            7.842251            14.063106            11.557125             2.505981  
            7.897904            13.698560            11.422706             2.275858  
            7.953558            13.378160            11.300392             2.077772  
            8.009211            13.094907            11.188497             1.906412  
            8.120518            12.616541            10.990571             1.625973  
            8.201842            12.325028            10.863948             1.461083  
            8.283166            12.071892            10.749869             1.322020  
            8.364490            11.850331            10.646492             1.203834  
            8.445813            11.654886            10.552248             1.102635  
            8.527137            11.481077            10.465786             1.015285  
            8.608461            11.325260            10.385975             0.939281  
            8.771108            11.056446            10.242672             0.813772  
            8.933756            10.832035            10.116890             0.715145  
            9.096403            10.642015            10.005172             0.636841  
            9.259051            10.478961             9.904790             0.574171  
            9.421698            10.337455             9.813554             0.523898  
            9.548202            10.240375             9.747865             0.492509  
            9.674706            10.157437             9.686069             0.471359  
            9.801210            10.120640             9.627622             0.493025  
            9.864462            10.157062             9.599494             0.557566  
            9.927713            10.268646             9.572069             0.696577  
            9.963857            10.376886             9.556690             0.820201  
           10.000000            10.519238             9.541512             0.977730  
           10.021370            10.617793             9.532631             1.085160  
           10.042740            10.724648             9.523817             1.200821  
           10.053430            10.780321             9.519444             1.260872  
           10.064110            10.836880             9.515078             1.321802  
           10.074790            10.893858             9.510735             1.383125  
           10.085470            10.950740             9.506404             1.444337  
           10.091260            10.981346             9.504062             1.477280  
           10.097050            11.011662             9.501726             1.509935  
           10.102840            11.041615             9.499394             1.542225  
           10.108620            11.071033             9.497074             1.573964  
           10.114410            11.099952             9.494749             1.605205  
           10.120200            11.128207             9.492428             1.635769  
           10.125990            11.155686             9.490120             1.665570  
           10.131770            11.182272             9.487807             1.694462  
           10.137560            11.207960             9.485507             1.722461  
           10.143350            11.232594             9.483208             1.749389  
           10.149140            11.256093             9.480907             1.775188  
           10.154920            11.278342             9.478620             1.799718  
           10.160710            11.299314             9.476332             1.822980  
           10.166490            11.318863             9.474051             1.844814  
           10.178060            11.353530             9.469501             1.884032  
           10.194080            11.390809             9.463220             1.927587  
           10.210100            11.414555             9.456978             1.957582  
           10.219720            11.421926             9.453241             1.968685  
           10.229340            11.423982             9.449517             1.974468  
           10.239400            11.420361             9.445632             1.974736  
           10.249260            11.411100             9.441833             1.969270  
           10.259120            11.396230             9.438053             1.958185  
           10.271440            11.369946             9.433337             1.936608  
           10.283760            11.335432             9.428640             1.906794  
           10.298140            11.285405             9.423179             1.862226  
           10.305330            11.256721             9.420453             1.836266  
           10.312510            11.225825             9.417740             1.808090  
           10.319700            11.192784             9.415030             1.777758  
           10.326890            11.157779             9.412323             1.745458  
           10.334080            11.120994             9.409622             1.711380  
           10.341260            11.082655             9.406928             1.675725  
           10.345880            11.057213             9.405199             1.652013  
           10.350500            11.031223             9.403471             1.627750  
           10.355120            11.004725             9.401744             1.602985  
           10.359740            10.977773             9.400021             1.577745  
           10.364360            10.950414             9.398303             1.552118  
           10.368980            10.922702             9.396581             1.526120  
           10.373600            10.894685             9.394865             1.499817  
           10.378220            10.866408             9.393149             1.473257  
           10.387460            10.809235             9.389728             1.419514  
           10.396700            10.751569             9.386313             1.365253  
           10.405940            10.693748             9.382908             1.310837  
           10.415180            10.636098             9.379512             1.256594  
           10.434690            10.516352             9.372362             1.143992  
           10.454200            10.401333             9.365244             1.036087  
           10.493210            10.193117             9.351130             0.841982  
           10.532220            10.021085             9.337152             0.683932  
           10.571230             9.887134             9.323299             0.563837  
           10.649260             9.715819             9.295957             0.419858  
           10.727280             9.628023             9.269067             0.358961  
           10.883330             9.553625             9.216432             0.337191  
           11.039380             9.569408             9.165122             0.404287  
           11.105090             9.610094             9.143867             0.466226  
           11.137940             9.635182             9.133316             0.501863  
           11.154370             9.647960             9.128056             0.519902  
           11.170790             9.660410             9.122812             0.537599  
           11.183110             9.669320             9.118883             0.550439  
           11.195430             9.677671             9.114964             0.562710  
           11.201590             9.681587             9.113003             0.568585  
           11.207750             9.685306             9.111048             0.574257  
           11.213910             9.688797             9.109087             0.579703  
           11.220070             9.692047             9.107136             0.584911  
           11.232390             9.697756             9.103232             0.594522  
           11.244710             9.702278             9.099334             0.602946  
           11.269350             9.707297             9.091557             0.615741  
           11.282700             9.707540             9.087354             0.620185  
           11.296050             9.705917             9.083156             0.622760  
           11.304880             9.703791             9.080382             0.623410  
           11.313700             9.700821             9.077614             0.623209  
           11.323450             9.696559             9.074560             0.622000  
           11.333200             9.691275             9.071508             0.619768  
           11.341200             9.686191             9.069004             0.617184  
           11.349200             9.680435             9.066506             0.613930  
           11.365190             9.667039             9.061513             0.605526  
           11.387180             9.644801             9.054663             0.590138  
           11.398170             9.632218             9.051248             0.580974  
           11.409160             9.618789             9.047832             0.570956  
           11.420160             9.604599             9.044416             0.560179  
           11.431150             9.589790             9.041014             0.548777  
           11.442140             9.574459             9.037608             0.536849  
           11.453130             9.558721             9.034207             0.524512  
           11.467130             9.538269             9.029883             0.508385  
           11.481120             9.517583             9.025564             0.492016  
           11.509100             9.476326             9.016947             0.459380  
           11.565070             9.399106             8.999768             0.399339  
           11.677000             9.284925             8.965623             0.319304  
           11.900860             9.175441             8.897963             0.277477  
           12.348580             9.033305             8.763589             0.269716  
           12.892250             8.869864             8.599204             0.270657  
           13.435920             8.708719             8.429548             0.279170  
           13.979590             8.545419             8.250321             0.295098  
           14.523260             8.376178             8.056847             0.319332  
           15.066930             8.198041             7.844831             0.353209  
           15.338770             8.104859             7.730496             0.374362  
           15.610600             8.007725             7.608049             0.399673  
           15.882440             7.906101             7.476117             0.429982  
           16.154270             7.799641             7.333430             0.466208  
           16.426100             7.687959             7.178305             0.509652  
           16.697929             7.570672             7.008508             0.562160  
           16.953779             7.454888             6.832687             0.622197  
           17.209620             7.333852             6.638255             0.695596  
           17.465469             7.207974             6.421494             0.786478  
           17.721310             7.078382             6.178058             0.900320  
           17.977160             6.947466             5.902591             1.044872  
           18.105080             6.882936             5.750082             1.132847  
           18.233000             6.820311             5.585706             1.234600  
           18.360920             6.761065             5.407940             1.353120  
           18.488840             6.707289             5.215190             1.492097  
           18.616760             6.662104             5.005581             1.656518  
           18.744680             6.630783             4.776811             1.853966  
           18.836630             6.622581             4.599008             2.023565  
           18.928570             6.635063             4.408760             2.226294  
           19.020510             6.681895             4.204807             2.477083  
           19.112450             6.781630             3.985761             2.795860  
           19.204399             6.950969             3.750108             3.200851  
           19.296341             7.192944             3.496271             3.696666  
           19.342310             7.336509             3.362027             3.974471  
           19.365299             7.412545             3.292973             4.119562  
           19.388281             7.490805             3.222642             4.268156  
           19.411270             7.570975             3.150984             4.419982  
           19.434250             7.652788             3.078006             4.574771  
           19.480221             7.821098             2.928045             4.893045  
           19.499090             7.892254             2.864942             5.027297  
           19.517950             7.964901             2.800999             5.163889  
           19.523701             7.987442             2.781310             5.206117  
           19.536720             8.039189             2.736471             5.302703  
           19.549730             8.092069             2.691263             5.400787  
           19.593300             8.280777             2.537094             5.743658  
           19.618719             8.402344             2.445314             5.957016  
           19.644140             8.535739             2.352421             6.183300  
           19.669559             8.684370             2.258673             6.425674  
           19.694981             8.852292             2.164470             6.687801  
           19.745819             9.266571             1.977198             7.289354  
           19.796650             9.832608             1.798866             8.033721  
           19.847490            10.638800             1.646902             8.991858  
           19.898331            11.841981             1.558165            10.283781  
           19.949169            13.735211             1.608777            12.126387  
           20.000000            16.870655             1.950694            14.919897  
           20.056780            23.118813             3.041269            20.077457  
           20.085171            28.057255             4.078921            23.978252  
           20.113560            34.821602             5.626706            29.194822  
           20.141951            44.058277             7.877250            36.180874  
           20.156151            49.858200             9.342193            40.516041  
           20.170340            56.596085            11.079156            45.516685  
           20.184540            64.418571            13.132272            51.286228  
           20.198730            73.468918            15.545115            57.923721  
           20.212919            83.916214            18.368908            65.547073  
           20.220020            89.722855            19.952950            69.769417  
           20.227110            95.941696            21.659189            74.281761  
           20.235880           104.245560            23.951372            80.293900  
           20.244650           113.274353            26.458923            86.815025  
           20.253420           123.087639            29.200497            93.887161  
           20.262180           133.713211            32.184689           101.528099  
           20.268450           141.861145            34.482853           107.377464  
           20.274710           150.467194            36.918598           113.547493  
           20.281811           160.824600            39.860924           120.963234  
           20.288900           171.841766            43.001148           128.839844  
           20.296000           183.563110            46.353481           137.209167  
           20.303101           196.014969            49.926022           146.088486  
           20.310200           209.234314            53.730232           155.502731  
           20.317289           223.223999            57.768002           165.454346  
           20.324390           238.065872            62.063698           176.001419  
           20.331490           253.777313            66.622749           187.154114  
           20.338591           270.385773            71.454704           198.930740  
           20.345680           287.899536            76.561821           211.336517  
           20.352779           306.399689            81.969566           224.429565  
           20.359880           325.900055            87.682167           238.216370  
           20.366980           346.442261            93.713814           252.727844  
           20.374069           368.000000           100.055412           267.943451  
           20.384090           400.353058           109.596458           290.753510  
           20.394110           434.948761           119.827034           315.120880  
           20.404131           471.899200           130.780716           341.116486  
           20.414150           511.258728           142.477341           368.779541  
           20.424170           553.093628           154.939697           398.152740  
           20.434191           597.463623           168.186279           429.275726  
           20.444210           644.418701           182.234848           462.180145  
           20.454220           693.897705           197.071060           496.824158  
           20.463409           741.661987           211.419678           530.238342  
           20.472589           791.604126           226.451569           565.151794  
           20.481779           843.785583           242.184509           601.601135  
           20.490959           898.164978           258.609436           639.555542  
           20.500151           954.792053           275.740906           679.045898  
           20.509331          1013.443970           293.516541           719.925232  
           20.518520          1074.277954           311.985840           762.294983  
           20.527700          1137.090332           331.081757           806.001648  
           20.536890          1201.927979           350.830841           851.093750  
           20.546070          1268.559082           371.158569           897.395813  
           20.555260          1336.990234           392.068878           944.920044  
           20.564440          1407.021362           413.502350           993.514709  
           20.573629          1478.602783           435.447144          1043.142334  
           20.582809          1551.520996           457.840271          1093.674316  
           20.591999          1625.650146           480.643677          1145.003418  
           20.601179          1700.756348           503.784851          1196.962036  
           20.607031          1749.082520           518.697815          1230.385498  
           20.612869          1797.623779           533.694397          1263.928101  
           20.618719          1846.444824           548.789917          1297.646851  
           20.624559          1895.385376           563.945251          1331.433105  
           20.630409          1944.533447           579.182251          1365.347168  
           20.636250          1993.673828           594.433289          1399.233521  
           20.642099          2042.836182           609.707825          1433.116821  
           20.647940          2091.938721           624.989868          1466.950195  
           20.653790          2140.962158           640.264893          1500.695801  
           20.659630          2189.719971           655.475952          1534.242188  
           20.665480          2238.328613           670.659241          1567.657471  
           20.671320          2286.544678           685.743286          1600.797852  
           20.677170          2334.411133           700.739685          1633.662231  
           20.683010          2381.764648           715.596924          1666.155884  
           20.688850          2428.583496           730.316956          1698.263184  
           20.694691          2474.844971           744.875061          1729.960815  
           20.699289          2510.793213           756.212097          1754.575073  
           20.703880          2546.278320           767.415588          1778.843994  
           20.708469          2581.236572           778.467834          1802.761719  
           20.713060          2615.725586           789.391479          1826.328125  
           20.717661          2649.718506           800.175354          1849.539307  
           20.722250          2683.074707           810.774841          1872.299316  
           20.726839          2715.814697           821.190491          1894.609375  
           20.731430          2747.947266           831.432434          1916.506348  
           20.740620          2810.117432           851.321045          1958.786255  
           20.749800          2869.392334           870.359802          1999.032715  
           20.758989          2925.498291           888.459229          2037.020020  
           20.768169          2978.110596           905.536438          2072.561768  
           20.779030          3035.661133           924.344116          2111.303467  
           20.789881          3087.722900           941.511230          2146.206055  
           20.811590          3174.411133           970.635376          2203.767334  
           20.827459          3222.065186           987.184509          2234.870117  
           20.843321          3255.696289           999.492676          2256.190674  
           20.854321          3270.563477          1005.457397          2265.107178  
           20.865320          3278.420166          1009.283630          2269.133789  
           20.871500          3279.743896          1010.487610          2269.239502  
           20.882980          3276.257812          1010.897400          2265.348877  
           20.894461          3265.077637          1008.951599          2256.122803  
           20.910589          3236.669434          1002.292236          2234.365723  
           20.926720          3193.739502           991.140930          2202.589844  
           20.952530          3096.530029           964.408752          2132.106445  
           20.965429          3035.653809           947.214661          2088.447021  
           20.978331          2967.356689           927.669556          2039.691528  
           20.989620          2901.936279           908.769592          1993.161377  
           21.000910          2831.645264           888.328491          1943.331543  
           21.006559          2794.801025           877.561584          1917.246460  
           21.012199          2756.999512           866.480164          1890.511841  
           21.017851          2718.115479           855.059814          1863.051147  
           21.023491          2678.359619           843.349915          1835.005737  
           21.029140          2637.730957           831.360046          1806.364868  
           21.034781          2596.301025           819.105835          1777.191040  
           21.040430          2554.124268           806.598999          1747.512573  
           21.046070          2511.300049           793.886108          1717.403809  
           21.051720          2467.802002           780.948425          1686.840698  
           21.057360          2423.772949           767.823364          1655.942017  
           21.063009          2379.213867           754.523376          1624.687256  
           21.068649          2334.329590           741.106323          1593.221313  
           21.073490          2295.426270           729.459106          1565.958130  
           21.078329          2256.326172           717.737305          1538.583252  
           21.083170          2217.046875           705.951965          1511.102051  
           21.088011          2177.577881           694.088379          1483.481812  
           21.097691          2098.268555           670.216980          1428.057983  
           21.107361          2018.800415           646.238403          1372.558105  
           21.117041          1939.281250           622.198914          1317.080811  
           21.126720          1860.080688           598.206909          1261.868896  
           21.136400          1781.328613           574.308289          1207.023315  
           21.146070          1703.532349           550.650208          1152.873657  
           21.155750          1626.564209           527.204224          1099.358521  
           21.165430          1550.795410           504.082092          1046.714233  
           21.175110          1476.424316           481.346191           995.078308  
           21.184780          1403.656006           459.062683           944.592407  
           21.204140          1263.156006           415.927094           847.228821  
           21.223490          1130.586182           375.089386           755.489624  
           21.241240          1016.413269           339.808075           676.600830  
           21.258980           909.898438           306.793427           603.101929  
           21.276720           811.212158           276.106506           535.104919  
           21.294460           720.438904           247.787811           472.644196  
           21.312201           637.455566           221.815720           415.640625  
           21.329941           562.195190           198.175949           364.018219  
           21.365419           433.532043           157.538818           275.989960  
           21.400909           331.425537           125.019844           206.405457  
           21.436390           252.304398            99.576134           152.727921  
           21.471870           192.247971            80.039864           112.207672  
           21.507351           147.520935            65.287971            82.232712  
           21.539610           117.312080            55.162384            62.149395  
           21.571871            94.782913            47.470047            47.312832  
           21.604130            78.117447            41.651382            36.466019  
           21.636391            65.833275            37.246948            28.586363  
           21.668650            56.774097            33.895576            22.878473  
           21.700911            50.055557            31.319378            18.736145  
           21.765421            41.166298            27.706779            13.459513  
           21.829941            35.774509            25.320992            10.453486  
           21.894449            32.182014            23.604073             8.577937  
           21.958969            29.557297            22.273191             7.284093  
           22.023479            27.506611            21.188320             6.318264  
           22.081551            25.985495            20.359287             5.626194  
           22.139610            24.693110            19.637823             5.055278  
           22.197680            23.576145            19.001623             4.574512  
           22.255739            22.598831            18.435078             4.163752  
           22.371870            20.966274            17.466652             3.499614  
           22.487989            19.657001            16.667345             2.989645  
           22.604120            18.582447            15.994322             2.588116  
           22.720249            17.684729            15.418842             2.265880  
           22.836380            16.923841            14.920526             2.003312  
           22.952499            16.270967            14.484354             1.786608  
           23.100889            15.560057            13.999378             1.560677  
           23.249281            14.957640            13.579314             1.378328  
           23.397671            14.440467            13.211153             1.229311  
           23.546049            13.991926            12.885078             1.106842  
           23.694441            13.600388            12.593282             1.007109  
           23.842819            13.257854            12.329627             0.928225  
           23.991211            12.955845            12.089589             0.866254  
           24.028311            12.885274            12.032876             0.852394  
           24.065399            12.816238            11.977419             0.838822  
           24.139589            12.681877            11.870051             0.811825  
           24.165400            12.636069            11.833763             0.802311  
           24.199829            12.575606            11.786178             0.789431  
           24.202700            12.570594            11.782250             0.788346  
           24.205580            12.565582            11.778325             0.787258  
           24.213240            12.552245            11.767896             0.784349  
           24.220890            12.538958            11.757521             0.781433  
           24.236191            12.512483            11.736918             0.775565  
           24.290470            12.419583            11.665207             0.754381  
           24.344740            12.328372            11.595568             0.732810  
           24.399010            12.239087            11.527880             0.711209  
           24.453279            12.152022            11.462017             0.690009  
           24.670370            11.830735            11.214735             0.616002  
           24.887461            11.551725            10.989389             0.562337  
           25.104540            11.303568            10.781937             0.521633  
           25.321630            11.077583            10.589203             0.488383  
           25.538719            10.869812            10.409043             0.460773  
           25.972891            10.495962            10.077543             0.418419  
           26.412571            10.161976             9.770221             0.391760  
           26.632410            10.017725             9.624534             0.393193  
           26.742331             9.953291             9.553392             0.399898  
           26.797291             9.922264             9.518212             0.404053  
           26.852240             9.891357             9.483275             0.408084  
           26.874229             9.878889             9.469357             0.409529  
           26.896210             9.866302             9.455485             0.410819  
           26.918190             9.853559             9.441641             0.411918  
           26.940170             9.840631             9.427838             0.412793  
           26.962160             9.827469             9.414053             0.413414  
           26.993759             9.808120             9.394309             0.413811  
           27.025360             9.788199             9.374619             0.413578  
           27.039600             9.779028             9.365769             0.413260  
           27.065170             9.762259             9.349904             0.412353  
           27.086281             9.748121             9.336835             0.411285  
           27.107380             9.733739             9.323797             0.409941  
           27.141380             9.710065             9.302835             0.407232  
           27.175369             9.685884             9.281940             0.403942  
           27.209370             9.661275             9.261087             0.400184  
           27.243361             9.636394             9.240298             0.396096  
           27.311350             9.586329             9.198849             0.387482  
           27.379330             9.536717             9.157576             0.379142  
           27.651270             9.352591             8.993662             0.358926  
           28.213930             9.014882             8.656413             0.358471  
           28.776590             8.685942             8.314358             0.371584  
           29.339251             8.354434             7.958957             0.395473  
           29.901911             8.013847             7.582934             0.430916  
           30.183241             7.838174             7.384527             0.453648  
           30.464569             7.657002             7.175959             0.481040  
           30.745899             7.469473             6.955742             0.513728  
           31.027229             7.274884             6.722442             0.552442  
           31.308559             7.072421             6.474102             0.598316  
           31.589890             6.861266             6.208370             0.652896  
           31.871220             6.640756             5.922546             0.718209  
           32.152538             6.410483             5.613515             0.796969  
           32.415119             6.186753             5.300851             0.885903  
           32.677689             5.955270             4.961518             0.993746  
           32.940269             5.717840             4.592222             1.125619  
           33.202839             5.478039             4.189057             1.288984  
           33.465420             5.242589             3.747153             1.495438  
           33.596710             5.130195             3.510134             1.620058  
           33.727989             5.024488             3.261796             1.762689  
           33.859280             4.928838             3.001834             1.927001  
           33.990559             4.847902             2.730425             2.117475  
           34.121849             4.788028             2.448056             2.339969  
           34.253132             4.758079             2.156063             2.602015  
           34.365669             4.765491             1.899871             2.865618  
           34.478199             4.814740             1.640914             3.173821  
           34.590729             4.920811             1.383293             3.537516  
           34.703259             5.105037             1.133595             3.971443  
           34.815800             5.398628             0.902426             4.496202  
           34.928329             5.848537             0.707275             5.141259  
           34.984600             6.153731             0.631801             5.521924  
           35.040859             6.528951             0.578091             5.950857  
           35.069000             6.748199             0.561735             6.186459  
           35.097130             6.992008             0.554018             6.437991  
           35.125259             7.263740             0.556489             6.707248  
           35.153389             7.567410             0.571072             6.996331  
           35.168629             7.746891             0.584849             7.162037  
           35.183868             7.938018             0.603316             7.334701  
           35.199108             8.141870             0.626997             7.514868  
           35.214352             8.359607             0.656480             7.703125  
           35.229591             8.592524             0.692437             7.900086  
           35.244831             8.841898             0.735599             8.106299  
           35.260071             9.109629             0.786889             8.322740  
           35.267689             9.250918             0.815885             8.435044  
           35.275299             9.397251             0.847240             8.550009  
           35.284679             9.585497             0.889480             8.696017  
           35.294060             9.782696             0.935900             8.846802  
           35.303440             9.989452             0.986830             9.002617  
           35.312809            10.206360             1.042618             9.163741  
           35.319851            10.376687             1.088028             9.288653  
           35.326881            10.553215             1.136510             9.416709  
           35.333912            10.736724             1.188363             9.548356  
           35.340939            10.927327             1.243736             9.683594  
           35.349152            11.159687             1.313205             9.846479  
           35.357361            11.403418             1.388284            10.015141  
           35.365570            11.658918             1.469281            10.189639  
           35.373772            11.926744             1.556542            10.370191  
           35.383739            12.270601             1.671922            10.598677  
           35.393700            12.635963             1.798320            10.837634  
           35.403660            13.024771             1.936821            11.087946  
           35.413620            13.439025             2.088552            11.350490  
           35.423592            13.881472             2.254936            11.626539  
           35.433552            14.353644             2.437044            11.916607  
           35.443508            14.858220             2.636359            12.221863  
           35.453468            15.398663             2.854763            12.543911  
           35.464031            16.014391             3.109203            12.905202  
           35.474579            16.677004             3.389006            13.287998  
           35.485130            17.391636             3.697031            13.694589  
           35.495682            18.163757             4.036338            14.127414  
           35.516781            19.901411             4.821022            15.080413  
           35.537880            21.939627             5.771692            16.167936  
           35.558979            24.337463             6.922575            17.414888  
           35.580078            27.167170             8.315413            18.851805  
           35.601181            30.511477             9.998329            20.513115  
           35.622280            34.469685            12.029292            22.440474  
           35.648071            40.310070            15.082644            25.227381  
           35.673859            47.490536            18.903257            28.587301  
           35.699650            56.309429            23.665916            32.643555  
           35.725430            67.115974            29.576193            37.539883  
           35.751221            80.332359            36.881996            43.450413  
           35.777012            96.425110            45.859020            50.565575  
           35.802799           115.949181            56.835941            59.113472  
           35.828579           139.505737            70.167976            69.337456  
           35.854370           167.818527            86.284119            81.534035  
           35.880161           201.629700           105.626984            96.003563  
           35.905949           241.749649           128.677078           113.073372  
           35.931740           289.086731           155.976822           133.109116  
           35.957531           344.537933           188.066086           156.473206  
           35.983318           409.046082           225.506424           183.541611  
           36.009109           483.581635           268.882416           214.702515  
           36.034889           568.964783           318.690308           250.276108  
           36.060680           666.180237           375.527802           290.655273  
           36.086472           775.876099           439.792114           336.090363  
           36.112259           898.644226           511.845551           386.798462  
           36.138039          1034.921509           591.971558           442.949097  
           36.163830          1184.921021           680.316589           504.604614  
           36.189621          1348.545532           776.836792           571.707825  
           36.202518          1435.315308           828.088623           607.232300  
           36.215408          1525.326538           881.290283           644.040588  
           36.228298          1618.398193           936.337402           682.063721  
           36.241192          1714.510132           993.230896           721.281372  
           36.252918          1804.396362          1046.484375           757.924072  
           36.264641          1896.469971          1101.050293           795.415161  
           36.276360          1990.607666          1156.888184           833.714661  
           36.288078          2086.622070          1213.895264           872.730042  
           36.299809          2184.438721          1272.001709           912.441528  
           36.311531          2283.721924          1331.021729           952.714966  
           36.323250          2384.304443          1390.849365           993.462097  
           36.334969          2485.964355          1451.371704          1034.601562  
           36.346699          2588.544678          1512.488403          1076.064331  
           36.358421          2691.656250          1573.962402          1117.689087  
           36.370140          2794.998779          1635.626465          1159.376221  
           36.381859          2898.452637          1697.406982          1201.051147  
           36.393581          3001.582520          1759.048462          1242.534180  
           36.405300          3104.147217          1820.411865          1283.747803  
           36.417019          3205.858887          1881.317749          1324.552734  
           36.422878          3256.252686          1911.514404          1344.747314  
           36.428741          3306.381348          1941.562256          1364.830688  
           36.435188          3361.029297          1974.339111          1386.681030  
           36.441639          3415.219971          2006.872925          1408.353882  
           36.448090          3468.751221          2039.042114          1429.732788  
           36.454529          3521.653076          2070.806885          1450.836426  
           36.460979          3573.912842          2102.258057          1471.684204  
           36.467430          3625.539795          2133.313965          1492.228149  
           36.473881          3676.292725          2163.891846          1512.417114  
           36.480320          3726.132324          2193.932129          1532.219604  
           36.493221          3823.269775          2252.524170          1570.740112  
           36.506111          3916.302246          2308.771973          1607.526123  
           36.519009          4004.897461          2362.430908          1642.470825  
           36.531898          4088.632812          2413.263916          1675.367432  
           36.549492          4194.532715          2477.743408          1716.782104  
           36.567070          4289.686035          2535.951904          1753.753906  
           36.602230          4444.930664          2631.747314          1813.178467  
           36.628021          4526.542969          2683.039307          1843.528198  
           36.640911          4556.492676          2702.252197          1854.234863  
           36.653801          4579.042480          2717.118896          1861.933838  
           36.667950          4595.040527          2728.246826          1866.800537  
           36.682098          4601.947266          2733.997070          1867.969482  
           36.692402          4601.173828          2734.710938          1866.447632  
           36.702690          4595.577637          2732.598389          1862.973877  
           36.723270          4569.847656          2719.688965          1850.156372  
           36.745789          4520.059082          2692.723633          1827.355347  
           36.768311          4448.383789          2652.662109          1795.733032  
           36.803699          4294.581055          2565.095947          1729.494385  
           36.821388          4200.319824          2510.895752          1689.428711  
           36.839081          4095.563965          2450.372314          1645.201050  
           36.847931          4039.580811          2417.945312          1621.641357  
           36.856781          3981.251465          2384.097900          1597.165161  
           36.865631          3920.874023          2349.005615          1571.873169  
           36.874470          3858.575439          2312.748047          1545.833374  
           36.883320          3794.336426          2275.296631          1519.020264  
           36.892159          3728.430908          2236.850098          1491.572754  
           36.901009          3660.837646          2197.359619          1463.460815  
           36.909851          3591.884766          2157.041992          1434.821655  
           36.918701          3521.553467          2115.900146          1405.659058  
           36.927540          3450.113281          2074.050781          1376.076660  
           36.936390          3377.588379          2031.515503          1346.071533  
           36.945229          3304.234619          1988.468506          1315.761963  
           36.954079          3229.954590          1944.854736          1285.103271  
           36.962921          3155.224365          1900.920654          1254.288696  
           36.971771          3079.879395          1856.615479          1223.266235  
           36.980610          3004.211670          1812.073730          1192.138306  
           36.988251          2938.688232          1773.484375          1165.190552  
           36.995892          2872.979980          1734.767944          1138.205566  
           37.011169          2741.738037          1657.369873          1084.362061  
           37.026451          2610.943848          1580.150024          1030.786743  
           37.041729          2481.275146          1503.526978           977.757996  
           37.057011          2353.187012          1427.758057           925.428772  
           37.072289          2227.257812          1353.185425           874.062805  
           37.087570          2103.828369          1280.046143           823.782288  
           37.102840          1983.522217          1208.677490           774.839844  
           37.118118          1866.396606          1139.142334           727.248596  
           37.133400          1752.902222          1071.704712           681.197083  
           37.163952          1537.851562           943.753052           594.098328  
           37.194511          1339.881592           825.761841           514.124023  
           37.225060          1159.924072           718.304199           441.613953  
           37.250801          1022.487915           636.103760           386.381073  
           37.276531           897.971802           561.511047           336.458038  
           37.302269           785.979004           494.304657           291.671326  
           37.327999           686.040161           434.227814           251.813019  
           37.353741           597.435242           380.859863           216.576462  
           37.379471           519.496033           333.816742           185.677734  
           37.430931           392.094971           256.662994           135.429550  
           37.482399           296.914398           198.716354            98.197731  
           37.533859           227.293610           156.054352            71.238861  
           37.585331           177.181061           125.101265            52.079269  
           37.636791           141.540161           102.869873            38.670132  
           37.707561           108.878471            82.203125            26.675241  
           37.778320            88.418602            68.982368            19.436234  
           37.849091            75.219521            60.238720            14.980852  
           37.919849            66.287209            54.162636            12.124612  
           37.990620            59.870529            49.687065            10.183540  
           38.061378            54.995403            46.212669             8.782795  
           38.132149            51.101208            43.389805             7.711441  
           38.202911            47.883263            41.025204             6.858081  
           38.270458            45.266876            39.082508             6.184377  
           38.338009            42.996933            37.381832             5.615144  
           38.473110            39.233059            34.530346             4.702706  
           38.608212            36.228268            32.224266             4.004049  
           38.743301            33.770748            30.316412             3.454355  
           38.878399            31.723927            28.710854             3.013083  
           39.013489            29.993822            27.340834             2.653003  
           39.148590            28.513163            26.158041             2.355118  
           39.283680            27.232607            25.126791             2.105821  
           39.476681            25.677174            23.862835             1.814327  
           39.669670            24.373774            22.793310             1.580462  
           39.862671            23.266117            21.876261             1.389862  
           40.055660            22.313437            21.081020             1.232424  
           40.248661            21.485336            20.384527             1.100824  
           40.441650            20.758871            19.769205             0.989667  
           40.634651            20.116541            19.221586             0.894947  
           40.827641            19.544733            18.731113             0.813621  
           41.136429            18.748863            18.043467             0.705395  
           41.445221            18.070023            17.452093             0.617927  
           41.657520            17.659025            17.091698             0.567320  
           41.869808            17.286091            16.763044             0.523044  
           42.082111            16.945501            16.461420             0.484087  
           42.294399            16.633329            16.183229             0.450101  
           42.506699            16.348072            15.925577             0.422496  
           42.718990            16.091705            15.686088             0.405623  
           42.931290            15.865597            15.462857             0.402736  
           42.984371            15.812963            15.409441             0.403522  
           43.037441            15.761329            15.356958             0.404377  
           43.063980            15.735765            15.331047             0.404718  
           43.090511            15.710314            15.305383             0.404937  
           43.117050            15.684909            15.279920             0.404988  
           43.143581            15.659519            15.254699             0.404824  
           43.182178            15.622513            15.218396             0.404118  
           43.220779            15.585287            15.182544             0.402749  
           43.254559            15.552485            15.151547             0.400938  
           43.288330            15.519409            15.120900             0.398509  
           43.308041            15.499952            15.103164             0.396794  
           43.309471            15.498544            15.101885             0.396662  
           43.314602            15.493460            15.097285             0.396175  
           43.319729            15.488382            15.092705             0.395675  
           43.329990            15.478168            15.083542             0.394627  
           43.361519            15.446660            15.055613             0.391043  
           43.393051            15.414894            15.027973             0.386922  
           43.407459            15.400295            15.015424             0.384867  
           43.451611            15.355309            14.977355             0.377964  
           43.473679            15.332730            14.958523             0.374207  
           43.495750            15.310093            14.939821             0.370271  
           43.517818            15.287442            14.921259             0.366186  
           43.539890            15.264771            14.902801             0.361971  
           43.584030            15.219553            14.866285             0.353271  
           43.672321            15.130168            14.794671             0.335504  
           43.760601            15.043358            14.724864             0.318493  
           44.113731            14.733633            14.461388             0.272248  
           44.466869            14.488526            14.218788             0.269746  
           44.643440            14.401780            14.104481             0.297301  
           44.731720            14.369152            14.049061             0.320091  
           44.820000            14.341766            13.994797             0.346971  
           44.848831            14.333421            13.977321             0.356106  
           44.877659            14.325135            13.959968             0.365171  
           44.906490            14.316738            13.942733             0.374009  
           44.920898            14.312444            13.934162             0.378288  
           44.935310            14.308065            13.925621             0.382449  
           44.949730            14.303571            13.917101             0.386467  
           44.964142            14.298937            13.908618             0.390323  
           44.978561            14.294154            13.900160             0.393995  
           44.992970            14.289195            13.891738             0.397457  
           45.007389            14.284039            13.883339             0.400701  
           45.021801            14.278671            13.874976             0.403698  
           45.050621            14.267216            13.858329             0.408892  
           45.093868            14.248015            13.833561             0.414448  
           45.115490            14.237405            13.821280             0.416125  
           45.137112            14.226075            13.809052             0.417023  
           45.160530            14.212973            13.795882             0.417093  
           45.177429            14.202975            13.786427             0.416551  
           45.195572            14.191728            13.776307             0.415420  
           45.218811            14.176548            13.763412             0.413137  
           45.234581            14.165766            13.754705             0.411066  
           45.250351            14.154606            13.746023             0.408579  
           45.281891            14.131177            13.728755             0.402423  
           45.295170            14.120899            13.721522             0.399380  
           45.316750            14.103709            13.709805             0.393905  
           45.338329            14.085977            13.698158             0.387818  
           45.359909            14.067737            13.686557             0.381179  
           45.381489            14.049064            13.675013             0.374050  
           45.403069            14.030020            13.663520             0.366496  
           45.424648            14.010682            13.652089             0.358592  
           45.446232            13.991109            13.640707             0.350404  
           45.467812            13.971379            13.629374             0.342004  
           45.489391            13.951561            13.618097             0.333465  
           45.510971            13.931712            13.606866             0.324847  
           45.554131            13.892197            13.584553             0.307645  
           45.640450            13.815423            13.540517             0.274911  
           45.985729            13.566274            13.371291             0.194981  
           46.331009            13.390792            13.211689             0.179106  
           46.503651            13.316602            13.135214             0.181390  
           46.589970            13.281273            13.097804             0.183471  
           46.633129            13.263806            13.079308             0.184497  
           46.676289            13.246346            13.060942             0.185403  
           46.702850            13.235579            13.049710             0.185867  
           46.729408            13.224773            13.038533             0.186236  
           46.755970            13.213898            13.027406             0.186493  
           46.782532            13.202949            13.016324             0.186625  
           46.829010            13.183573            12.997059             0.186512  
           46.852249            13.173762            12.987489             0.186277  
           46.875488            13.163868            12.977952             0.185917  
           46.897388            13.154466            12.969005             0.185462  
           46.900261            13.153222            12.967833             0.185394  
           46.906460            13.150544            12.965301             0.185240  
           46.912659            13.147857            12.962780             0.185076  
           46.925060            13.142457            12.957734             0.184723  
           46.960949            13.126703            12.943206             0.183497  
           46.996841            13.110744            12.928761             0.181980  
           47.032742            13.094601            12.914407             0.180194  
           47.068630            13.078308            12.900138             0.178169  
           47.104530            13.061893            12.885953             0.175942  
           47.140419            13.045406            12.871853             0.173554  
           47.176319            13.028877            12.857829             0.171047  
           47.212212            13.012360            12.843891             0.168467  
           47.283989            12.979520            12.816262             0.163261  
           47.571129            12.854762            12.708674             0.146092  
           48.145420            12.636904            12.505170             0.131732  
           48.719711            12.441502            12.313890             0.127606  
           49.006859            12.364430            12.222213             0.142213  
           49.150429            12.337331            12.177415             0.159917  
           49.222221            12.326444            12.155274             0.171169  
           49.293999            12.316546            12.133307             0.183238  
           49.336540            12.310766            12.120370             0.190401  
           49.357811            12.307818            12.113922             0.193896  
           49.379082            12.304779            12.107483             0.197293  
           49.400349            12.301630            12.101070             0.200558  
           49.421619            12.298328            12.094665             0.203664  
           49.442890            12.294857            12.088273             0.206581  
           49.464161            12.291176            12.081899             0.209279  
           49.480122            12.288261            12.077123             0.211141  
           49.496071            12.285209            12.072356             0.212853  
           49.527969            12.278632            12.062846             0.215784  
           49.559879            12.271365            12.053364             0.218001  
           49.591782            12.263353            12.043911             0.219444  
           49.607738            12.259060            12.039197             0.219862  
           49.623692            12.254567            12.034487             0.220074  
           49.640072            12.249745            12.029666             0.220074  
           49.645821            12.247996            12.027969             0.220021  
           49.662682            12.242723            12.023014             0.219710  
           49.686779            12.234801            12.015942             0.218860  
           49.703510            12.229034            12.011038             0.217995  
           49.720242            12.223056            12.006146             0.216909  
           49.753700            12.210481            11.996378             0.214099  
           49.791180            12.195493            11.985478             0.210016  
           49.809921            12.187678            11.980042             0.207637  
           49.828659            12.179667            11.974610             0.205057  
           49.850079            12.170300            11.968418             0.201883  
           49.871498            12.160730            11.962233             0.198497  
           49.892921            12.150991            11.956060             0.194930  
           49.914330            12.141118            11.949901             0.191215  
           49.935749            12.131132            11.943752             0.187379  
           49.957169            12.121068            11.937617             0.183453  
           50.000000            12.100832            11.925370             0.175460  
           50.047619            12.078392            11.911812             0.166579  
           50.095230            12.056284            11.898309             0.157973  
           50.190449            12.013875            11.871454             0.142419  
           50.380901            11.938969            11.818342             0.120627  
           50.761791            11.820172            11.714324             0.105847  
           51.523579            11.613621            11.512551             0.101069  
           52.285370            11.414433            11.315840             0.098594  
           53.047150            11.220280            11.122690             0.097593  
           54.292992            10.907111            10.808046             0.099069  
           54.915909            10.749244            10.647977             0.101263  
           55.538818            10.588354            10.483588             0.104761  
           56.161739            10.423505            10.314023             0.109482  
           56.784660            10.251891            10.135756             0.116137  
           57.407581            10.078583             9.946810             0.131776  
           57.719040            10.000492             9.847502             0.152988  
           57.796909             9.981409             9.822031             0.159375  
           57.835838             9.971701             9.809189             0.162511  
           57.874771             9.961814             9.796278             0.165534  
           57.913700             9.951675             9.783285             0.168388  
           57.952629             9.941242             9.770223             0.171017  
           57.991562             9.930456             9.757087             0.173370  
           58.030491             9.919267             9.743862             0.175404  
           58.069180             9.907719             9.730643             0.177072  
           58.088520             9.901773             9.724005             0.177767  
           58.107861             9.895715             9.717350             0.178365  
           58.128590             9.889086             9.710189             0.178897  
           58.137211             9.886289             9.707204             0.179085  
           58.153950             9.880793             9.701398             0.179396  
           58.172279             9.874672             9.695020             0.179652  
           58.190609             9.868448             9.688624             0.179820  
           58.232510             9.853827             9.673937             0.179890  
           58.274410             9.838691             9.659142             0.179548  
           58.305840             9.827027             9.647983             0.179046  
           58.337261             9.815125             9.636765             0.178359  
           58.368690             9.802997             9.625484             0.177514  
           58.400108             9.790692             9.614153             0.176539  
           58.426960             9.780046             9.604418             0.175626  
           58.453800             9.769302             9.594643             0.174658  
           58.507481             9.747592             9.574960             0.172631  
           58.614849             9.703753             9.535057             0.168697  
           58.829590             9.616971             9.452988             0.163981  
           59.259060             9.449471             9.279131             0.170341  
           59.688541             9.277051             9.090108             0.186941  
           60.118011             9.090723             8.882313             0.208411  
           60.547489             8.886896             8.651423             0.235466  
           60.976959             8.662148             8.392190             0.269958  
           61.191700             8.540448             8.249532             0.290914  
           61.406429             8.411556             8.096514             0.315043  
           61.621170             8.274748             7.931732             0.343009  
           61.835899             8.129386             7.753676             0.375705  
           62.027069             7.992555             7.582458             0.410095  
           62.218239             7.849854             7.397544             0.452306  
           62.409409             7.706429             7.196933             0.509500  
           62.600571             7.575704             6.978291             0.597413  
           62.791740             7.479479             6.738874             0.740601  
           62.982910             7.433393             6.475368             0.958025  
           63.078499             7.425070             6.333332             1.091737  
           63.126289             7.421893             6.259488             1.162401  
           63.174080             7.417809             6.183663             1.234138  
           63.197979             7.414990             6.144969             1.270015  
           63.221870             7.411434             6.105753             1.305676  
           63.245770             7.406945             6.065971             1.340971  
           63.269661             7.401367             6.025655             1.375700  
           63.293560             7.394487             5.984771             1.409719  
           63.317451             7.386188             5.943336             1.442846  
           63.341351             7.376262             5.901274             1.474974  
           63.365238             7.364586             5.858644             1.505924  
           63.420238             7.330313             5.758113             1.572194  
           63.447739             7.309022             5.706611             1.602410  
           63.475231             7.284813             5.654229             1.630579  
           63.480469             7.279855             5.644134             1.635708  
           63.492908             7.267663             5.620076             1.647577  
           63.505341             7.254845             5.595834             1.659014  
           63.521961             7.236764             5.563124             1.673634  
           63.523392             7.235147             5.560288             1.674861  
           63.529148             7.228591             5.548878             1.679714  
           63.532028             7.225266             5.543147             1.682123  
           63.540710             7.215034             5.525817             1.689219  
           63.549389             7.204515             5.508414             1.696094  
           63.563881             7.186288             5.479132             1.707150  
           63.585621             7.157430             5.434702             1.722720  
           63.607349             7.126810             5.389683             1.737126  
           63.650810             7.060631             5.297765             1.762858  
           63.689442             6.996761             5.213923             1.782834  
           63.716000             6.950479             5.155093             1.795392  
           63.742561             6.902562             5.095254             1.807305  
           63.769119             6.853301             5.034410             1.818887  
           63.795681             6.803010             4.972545             1.830450  
           63.822239             6.751988             4.909645             1.842341  
           63.848801             6.700634             4.845726             1.854912  
           63.901920             6.598361             4.714796             1.883572  
           63.955040             6.499281             4.579813             1.919465  
           64.008163             6.406897             4.441084             1.965796  
           64.114403             6.259280             4.155419             2.103846  
           64.220642             6.203526             3.871275             2.332243  
           64.326881             6.335110             3.626312             2.708785  
           64.433121             6.864452             3.514868             3.349582  
           64.539360             8.250854             3.754153             4.496701  
           64.621460            10.481677             4.456876             6.024801  
           64.703552            14.538705             6.012679             8.526027  
           64.785652            21.625479             9.020988            12.604553  
           64.867737            33.523243            14.377060            19.146116  
           64.949837            52.715855            23.339363            29.376915  
           64.990891            66.023666            29.670353            36.353386  
           65.031929            82.399963            37.540314            44.859558  
           65.072983           102.350510            47.210552            55.140694  
           65.114029           126.372826            58.938023            67.434540  
           65.134560           140.073212            65.658974            74.414238  
           65.155083           154.977417            72.990738            81.985458  
           65.175598           171.132050            80.962601            90.172058  
           65.196121           188.617203            89.611015            99.006866  
           65.215439           206.329788            98.392693           107.937187  
           65.225098           215.646500           103.021477           112.626747  
           65.234756           225.291382           107.817215           117.476028  
           65.244423           235.258133           112.777977           122.482300  
           65.254082           245.545776           117.901840           127.644196  
           65.263741           256.163849           123.198059           132.967072  
           65.273392           267.109741           128.661438           138.446671  
           65.284866           280.551208           135.377884           145.170639  
           65.296341           294.473297           142.345917           152.129425  
           65.303581           303.498840           146.865036           156.635376  
           65.316849           320.525055           155.401688           165.125580  
           65.331337           339.863922           165.109131           174.759079  
           65.345833           359.974152           175.215881           184.761124  
           65.353683           371.186096           180.856674           190.331039  
           65.361526           382.604462           186.603989           196.001328  
           65.369377           394.261261           192.477341           201.784378  
           65.377220           406.121643           198.457779           207.666046  
           65.385071           418.205078           204.553802           213.654175  
           65.392906           430.476227           210.750229           219.729996  
           65.408600           455.707703           223.500671           232.211639  
           65.421883           477.704590           234.628693           243.076614  
           65.435158           500.261993           246.057648           254.209732  
           65.448441           523.391724           257.786224           265.607849  
           65.461723           547.056885           269.801147           277.259033  
           65.474998           571.195190           282.068970           289.130310  
           65.488281           595.840515           294.606293           301.234406  
           65.501556           620.906494           307.377594           313.533356  
           65.514839           646.417236           320.384125           326.037537  
           65.528122           672.303894           333.600250           338.705994  
           65.541397           698.508240           346.994293           351.517273  
           65.554680           725.035278           360.570496           364.467407  
           65.561317           738.377319           367.403717           370.977112  
           65.567963           751.812073           374.291199           377.529999  
           65.574600           765.272888           381.189362           384.080536  
           65.581238           778.767761           388.120270           390.660278  
           65.587883           792.346680           395.087616           397.266663  
           65.594521           805.924805           402.063202           403.869049  
           65.601158           819.543457           409.058777           410.483978  
           65.607803           833.199646           416.082520           417.113892  
           65.614441           846.846985           423.112427           423.741425  
           65.621078           860.480286           430.133789           430.349701  
           65.627724           874.154602           437.183105           436.977997  
           65.634361           887.820435           444.227234           443.590240  
           65.640999           901.451233           451.259979           450.189026  
           65.647636           915.048157           458.284882           456.765198  
           65.654282           928.657532           465.317169           463.341736  
           65.660919           942.202332           472.319397           469.879181  
           65.667557           955.712524           479.316010           476.399170  
           65.674202           969.174255           486.294098           482.893494  
           65.680840           982.576782           493.238556           489.346893  
           65.687477           995.915039           500.150330           495.762604  
           65.694122          1009.178711           507.042145           502.144257  
           65.700760          1022.369507           513.895142           508.481384  
           65.707397          1035.449585           520.698303           514.761230  
           65.714043          1048.459717           527.466858           520.997803  
           65.720680          1061.334106           534.173645           527.160889  
           65.727318          1074.123657           540.841919           533.284912  
           65.733963          1086.772095           547.447632           539.330139  
           65.740601          1099.305664           553.991577           545.317566  
           65.753883          1123.963135           566.894409           557.076111  
           65.767159          1147.993774           579.491455           568.505432  
           65.780441          1171.352417           591.768921           579.587341  
           65.793716          1193.985962           603.690857           590.298584  
           65.806999          1215.823608           615.224487           600.595703  
           65.820282          1236.826050           626.352539           610.476501  
           65.833557          1256.898804           637.021790           619.879700  
           65.855301          1287.683960           653.463806           634.223511  
           65.877029          1315.645386           668.499023           647.141052  
           65.920486          1362.288818           693.961609           668.336975  
           65.947052          1384.241699           706.234314           678.017700  
           65.973602          1400.915161           715.839111           685.070496  
           65.989304          1408.192993           720.222595           687.977173  
           66.004990          1413.537109           723.618652           689.913940  
           66.018097          1416.476685           725.686279           690.790039  
           66.031197          1418.056885           727.065918           690.997925  
           66.048668          1418.008667           727.801941           690.210205  
           66.066139          1415.519531           727.290161           688.231506  
           66.085800          1409.807861           725.228699           684.572876  
           66.105461          1401.058350           721.611328           679.442078  
           66.136353          1381.341675           712.860840           668.483032  
           66.167236          1354.645020           700.505066           654.142456  
           66.198128          1321.399048           684.761108           636.650208  
           66.213577          1302.467773           675.681152           626.789612  
           66.229019          1282.152832           665.881470           616.277344  
           66.244469          1260.479248           655.370667           605.113159  
           66.259911          1237.522461           644.186035           593.346497  
           66.275360          1213.416260           632.383850           581.027588  
           66.290802          1188.227051           620.018005           568.205688  
           66.305550          1163.261108           607.718140           555.536499  
           66.320290          1137.464600           594.975037           542.486816  
           66.335037          1110.916138           581.830933           529.082886  
           66.349777          1083.755127           568.350647           515.408813  
           66.357162          1069.932373           561.472473           508.451599  
           66.364532          1055.998291           554.539673           501.458557  
           66.379272          1027.768433           540.467590           487.302795  
           66.394012           999.176880           526.184326           472.986755  
           66.408752           970.227600           511.698242           458.524994  
           66.423500           941.045959           497.071320           443.970978  
           66.438240           911.716736           482.347168           429.368164  
           66.452980           882.313843           467.563110           414.752777  
           66.467720           852.921997           452.760895           400.162689  
           66.482468           823.577637           437.959076           385.616882  
           66.497208           794.363831           423.202240           371.163910  
           66.511948           765.365845           408.538452           356.829773  
           66.526688           736.644104           393.986267           342.648499  
           66.553368           685.510986           368.047363           317.460907  
           66.580048           635.746704           342.741241           293.003357  
           66.606728           587.628296           318.215210           269.406921  
           66.633400           541.437439           294.623749           246.810608  
           66.660080           497.301483           272.032257           225.265778  
           66.686760           455.379150           250.524994           204.851868  
           66.713440           415.810364           230.182831           185.625351  
           66.740112           378.666595           211.043869           167.620071  
           66.793472           311.694672           176.420547           135.274231  
           66.846817           254.440674           146.678009           107.763191  
           66.900177           206.387955           121.583893            84.803452  
           66.953529           166.794800           100.787979            66.006973  
           67.018120           128.824112            80.698883            48.125359  
           67.082710           100.060043            65.336662            34.723099  
           67.147301            78.711815            53.805199            24.906237  
           67.211884            63.141941            45.277973            17.864182  
           67.276466            51.943798            39.038940            12.904555  
           67.341057            43.955593            34.494614             9.461019  
           67.405647            38.274834            31.179914             7.094965  
           67.470230            34.216228            28.739990             5.476181  
           67.504189            32.557899            27.716757             4.841150  
           67.583557            29.584980            25.825869             3.759112  
           67.662918            27.482550            24.427233             3.055320  
           67.742279            25.922909            23.345148             2.577739  
           67.821640            24.707212            22.471260             2.235946  
           67.907692            23.644360            21.684299             1.960085  
           67.993736            22.759464            21.014248             1.745220  
           68.079788            22.002026            20.430902             1.571144  
           68.165840            21.339039            19.913891             1.425156  
           68.337936            20.228567            19.034218             1.194339  
           68.510033            19.327953            18.308292             1.019658  
           68.682129            18.578367            17.695641             0.882725  
           68.854218            17.943989            17.170742             0.773250  
           69.026321            17.399261            16.715176             0.684075  
           69.198410            16.926071            16.315681             0.610377  
           69.341827            16.576509            16.018229             0.558280  
           69.485237            16.261106            15.748047             0.513057  
           69.772057            15.713518            15.274776             0.438745  
           70.058891            15.253205            14.872591             0.380612  
           70.345711            14.859665            14.525424             0.334242  
           70.632538            14.518419            14.221744             0.296677  
           70.919357            14.219077            13.953054             0.266020  
           71.206192            13.954882            13.712988             0.241900  
           71.493011            13.724073            13.496602             0.227472  
           71.837196            13.494932            13.262606             0.232325  
           72.009300            13.397974            13.154588             0.243381  
           72.052330            13.374822            13.128432             0.246385  
           72.095352            13.351892            13.102619             0.249270  
           72.116859            13.340466            13.089832             0.250633  
           72.138367            13.329042            13.077126             0.251919  
           72.159882            13.317610            13.064494             0.253118  
           72.181389            13.306157            13.051946             0.254212  
           72.210083            13.290812            13.035327             0.255489  
           72.238762            13.275368            13.018845             0.256521  
           72.296120            13.244044            12.986289             0.257752  
           72.334358            13.222756            12.964882             0.257875  
           72.361847            13.207220            12.949636             0.257589  
           72.389328            13.191480            12.934502             0.256980  
           72.410843            13.179008            12.922733             0.256270  
           72.422340            13.172283            12.916479             0.255808  
           72.441948            13.160733            12.905850             0.254883  
           72.470329            13.143813            12.890569             0.253242  
           72.492630            13.130358            12.878651             0.251708  
           72.514923            13.116765            12.866796             0.249963  
           72.563553            13.086670            12.841202             0.245464  
           72.591927            13.068852            12.826424             0.242428  
           72.620300            13.050863            12.811749             0.239116  
           72.648666            13.032750            12.797190             0.235561  
           72.677040            13.014521            12.782734             0.231787  
           72.705421            12.996203            12.768375             0.227827  
           72.733788            12.977848            12.754129             0.223714  
           72.762161            12.959463            12.739981             0.219482  
           72.790527            12.941109            12.725941             0.215166  
           72.847282            12.904529            12.698130             0.206398  
           72.904022            12.868370            12.670702             0.197668  
           73.017509            12.798062            12.616912             0.181148  
           73.471474            12.553808            12.414094             0.139714  
           73.860580            12.379983            12.253394             0.126588  
           74.249687            12.221738            12.102783             0.118956  
           74.638802            12.073617            11.960542             0.113069  
           75.027901            11.933623            11.825172             0.108448  
           75.417007            11.800211            11.695207             0.105001  
           75.806122            11.671860            11.569156             0.102703  
           76.195229            11.547164            11.445544             0.101620  
           76.584328            11.424788            11.322865             0.101924  
           77.200417            11.232165            11.126187             0.105982  
           77.508469            11.134450            11.024008             0.110441  
           77.816513            11.034266            10.916775             0.117491  
           78.124557            10.930098            10.801601             0.128497  
           78.278580            10.875937            10.739682             0.136256  
           78.432602            10.820101            10.673789             0.146313  
           78.586617            10.762774            10.602799             0.159985  
           78.740639            10.705762            10.525137             0.180621  
           78.894661            10.656903            10.438909             0.217995  
           79.048683            10.643239            10.342233             0.301012  
           79.162170            10.698299            10.264135             0.434160  
           79.275658            10.882064            10.182265             0.699806  
           79.389153            11.320661            10.102463             1.218171  
           79.502640            12.223968            10.037265             2.186689  
           79.559387            12.944139            10.016607             2.927526  
           79.616127            13.907179            10.008859             3.898295  
           79.672882            15.169521            10.018695             5.150806  
           79.729622            16.789099            10.051539             6.737512  
           79.786369            18.827097            10.113446             8.713650  
           79.843109            21.341589            10.210859            11.130652  
           79.899857            24.381615            10.350291            14.031142  
           79.956596            27.983652            10.537830            17.445597  
           80.005241            31.531883            10.740895            20.790800  
           80.053879            35.501205            10.985677            24.515131  
           80.078201            37.636032            11.124076            26.511816  
           80.102524            39.867416            11.273338            28.593956  
           80.126839            42.186771            11.433210            30.753517  
           80.151161            44.591217            11.603816            32.987247  
           80.175484            47.071102            11.784863            35.286026  
           80.199799            49.616337            11.975815            37.640381  
           80.211960            50.910542            12.074921            38.835384  
           80.224121            52.215618            12.176210            40.039230  
           80.236282            53.533985            12.279969            41.253700  
           80.248444            54.858547            12.385597            42.472710  
           80.260597            56.192303            12.493429            43.698536  
           80.272758            57.531727            12.603109            44.927769  
           80.284920            58.877590            12.714917            46.162327  
           80.297081            60.222553            12.828187            47.394196  
           80.309242            61.569187            12.943130            48.625591  
           80.321404            62.914406            13.059616            49.854416  
           80.333557            64.254929            13.177347            51.077518  
           80.345711            65.590874            13.296366            52.294258  
           80.356857            66.808800            13.406395            53.401558  
           80.368011            68.019569            13.517199            54.501926  
           80.379158            69.221107            13.628888            55.592026  
           80.390297            70.407249            13.740630            56.666397  
           80.401451            71.586082            13.853247            57.732162  
           80.412590            72.746124            13.965919            58.780132  
           80.423737            73.893951            14.078903            59.814320  
           80.434883            75.020271            14.191700            60.828411  
           80.446030            76.128036            14.304459            61.824135  
           80.457176            77.214478            14.416841            62.797134  
           80.468330            78.278809            14.529030            63.749908  
           80.479469            79.315941            14.640306            64.675667  
           80.490623            80.330917            14.751276            65.579369  
           80.501762            81.314949            14.861074            66.453522  
           80.512909            82.270599            14.969982            67.300606  
           80.524048            83.196465            15.077897            68.118050  
           80.537231            84.248283            15.203583            69.043732  
           80.550400            85.251587            15.327230            69.923790  
           80.576752            87.107994            15.567616            71.539871  
           80.603104            88.749138            15.797132            72.951500  
           80.629440            90.156044            16.013544            74.141891  
           80.656799            91.358337            16.223104            75.135017  
           80.684158            92.286201            16.415453            75.870033  
           80.693283            92.531929            16.475502            76.056297  
           80.704422            92.789207            16.545715            76.242775  
           80.715569            92.997421            16.612770            76.384117  
           80.726707            93.157585            16.676237            76.480888  
           80.739548            93.281265            16.745171            76.535278  
           80.747437            93.324585            16.785234            76.539749  
           80.750603            93.335991            16.800785            76.534721  
           80.762093            93.341515            16.854843            76.486633  
           80.773567            93.295502            16.904694            76.390091  
           80.798286            93.018539            16.998621            76.020203  
           80.821892            92.534164            17.070652            75.462936  
           80.845490            91.836388            17.125116            74.710892  
           80.888199            90.054970            17.178530            72.875153  
           80.909554            88.926254            17.183626            71.742523  
           80.930901            87.645897            17.174446            70.471153  
           80.950012            86.381645            17.154446            69.226967  
           80.969109            85.010529            17.123631            67.886703  
           80.988220            83.540108            17.082260            66.457863  
           80.997772            82.769493            17.057686            65.711281  
           81.007317            81.977837            17.030634            64.946709  
           81.016876            81.161873            17.001060            64.160255  
           81.026428            80.328979            16.969183            63.359737  
           81.035980            79.475006            16.934927            62.539444  
           81.045532            78.603081            16.898367            61.703911  
           81.055092            77.712898            16.859592            60.852608  
           81.064636            76.808220            16.818726            59.989151  
           81.074188            75.887054            16.775770            59.110638  
           81.083740            74.952873            16.730761            58.221672  
           81.090492            74.283852            16.697681            57.585560  
           81.097229            73.608467            16.663776            56.944809  
           81.103973            72.929359            16.628977            56.300041  
           81.110710            72.244194            16.593252            55.650734  
           81.117462            71.553230            16.556650            54.995960  
           81.124199            70.856575            16.519114            54.337811  
           81.130943            70.158127            16.480955            53.677048  
           81.137680            69.454597            16.441887            53.012627  
           81.151169            68.034889            16.361422            51.673313  
           81.164650            66.606369            16.278221            50.327770  
           81.178139            65.164871            16.192232            48.972385  
           81.191620            63.719173            16.103889            47.614548  
           81.205109            62.268047            16.013275            46.254940  
           81.218590            60.815880            15.920629            44.894962  
           81.232079            59.366741            15.826341            43.540298  
           81.245560            57.919987            15.730422            42.189514  
           81.259048            56.480373            15.633110            40.846634  
           81.272530            55.047855            15.534670            39.513260  
           81.286018            53.626289            15.435256            38.190918  
           81.299500            52.217190            15.335090            36.881844  
           81.324226            49.671650            15.150054            34.521473  
           81.348953            47.186436            14.964256            32.221920  
           81.373680            44.771896            14.778886            29.992592  
           81.398399            42.435184            14.594801            27.840031  
           81.423126            40.184341            14.412957            25.771284  
           81.447853            38.024101            14.234075            23.790228  
           81.497299            33.998703            13.888431            20.110125  
           81.546753            30.378887            13.562315            16.816345  
           81.596199            27.176785            13.259511            13.917244  
           81.645653            24.382441            12.981751            11.400515  
           81.695091            21.979403            12.730161             9.249104  
           81.758034            19.440224            12.447199             6.992825  
           81.820961            17.418884            12.204149             5.214700  
           81.883888            15.840810            11.997672             3.843108  
           81.946823            14.629340            11.823520             2.805811  
           82.009758            13.714007            11.677232             2.036768  
           82.072693            13.030787            11.554285             1.476519  
           82.198547            12.156216            11.362657             0.793564  
           82.292953            11.777648            11.253300             0.524345  
           82.387352            11.537360            11.163933             0.373428  
           82.481750            11.380672            11.088667             0.292003  
           82.576149            11.274495            11.023377             0.251115  
           82.670547            11.200387            10.965349             0.235038  
           82.764954            11.148431            10.912742             0.235692  
           82.812149            11.129093            10.888091             0.241011  
           82.859352            11.113619            10.864334             0.249292  
           82.953743            11.093138            10.819260             0.273878  
           82.989700            11.088642            10.802836             0.285797  
           83.061623            11.084552            10.771086             0.313465  
           83.070251            11.084477            10.767372             0.317108  
           83.073120            11.084460            10.766134             0.318321  
           83.075996            11.084447            10.764902             0.319549  
           83.084091            11.084464            10.761437             0.323025  
           83.092178            11.084569            10.757999             0.326571  
           83.108353            11.084917            10.751155             0.333758  
           83.160507            11.087588            10.729512             0.358073  
           83.198463            11.090639            10.714126             0.376514  
           83.236397            11.094399            10.699028             0.395372  
           83.255379            11.096438            10.691583             0.404854  
           83.274353            11.098522            10.684200             0.414314  
           83.293320            11.100608            10.676896             0.423715  
           83.312286            11.102674            10.669636             0.433040  
           83.326523            11.104185            10.664245             0.439951  
           83.340752            11.105649            10.658869             0.446777  
           83.354980            11.107017            10.653538             0.453480  
           83.369209            11.108291            10.648233             0.460056  
           83.383438            11.109459            10.642962             0.466495  
           83.397667            11.110486            10.637727             0.472763  
           83.411903            11.111386            10.632515             0.478868  
           83.426132            11.112105            10.627335             0.484767  
           83.445099            11.112774            10.620472             0.492302  
           83.464073            11.113091            10.613667             0.499424  
           83.482452            11.113008            10.607110             0.505895  
           83.500832            11.112517            10.600600             0.511916  
           83.519211            11.111583            10.594134             0.517445  
           83.537590            11.110184            10.587713             0.522468  
           83.611107            11.099351            10.562429             0.536925  
           83.634827            11.093931            10.554398             0.539532  
           83.658546            11.087518            10.546442             0.541081  
           83.683449            11.079663            10.538130             0.541528  
           83.698936            11.074224            10.533003             0.541215  
           83.703247            11.072614            10.531579             0.541034  
           83.720161            11.066038            10.526022             0.540015  
           83.741722            11.056872            10.518959             0.537901  
           83.760590            11.048142            10.512818             0.535323  
           83.779457            11.038787            10.506712             0.532068  
           83.801033            11.027323            10.499777             0.527545  
           83.822594            11.015054            10.492877             0.522171  
           83.865723            10.988256            10.479201             0.509054  
           83.892677            10.970052            10.470729             0.499327  
           83.919632            10.950851            10.462314             0.488535  
           83.933113            10.940898            10.458130             0.482769  
           83.946587            10.930759            10.453965             0.476793  
           83.960068            10.920374            10.449804             0.470570  
           83.973541            10.909824            10.445664             0.464161  
           83.987701            10.898538            10.441322             0.457211  
           84.001846            10.887082            10.437003             0.450072  
           84.015999            10.875459            10.432697             0.442762  
           84.030151            10.863693            10.428400             0.435287  
           84.044312            10.851769            10.424113             0.427651  
           84.058456            10.839768            10.419856             0.419917  
           84.072609            10.827634            10.415591             0.412035  
           84.086761            10.815446            10.411357             0.404088  
           84.100922            10.803160            10.407123             0.396039  
           84.115067            10.790856            10.402906             0.387943  
           84.143372            10.766140            10.394518             0.371614  
           84.171669            10.741394            10.386173             0.355219  
           84.199966            10.716751            10.377877             0.338876  
           84.256577            10.668195            10.361416             0.306777  
           84.313179            10.621232            10.345133             0.276097  
           84.426392            10.534266            10.313037             0.221230  
           84.652817            10.394825            10.250514             0.144307  
           84.879242            10.296291            10.189810             0.106481  
           85.332092            10.158863            10.072300             0.086566  
           85.784943            10.042189             9.958168             0.084022  
           86.507347             9.863611             9.779383             0.084227  
           87.229752             9.689373             9.601030             0.088344  
           87.590958             9.612060             9.511039             0.101020  
           87.952164             9.612245             9.420299             0.191942  
           88.132759             9.719697             9.374866             0.344829  
           88.313362             9.980906             9.329665             0.651237  
           88.403664            10.189574             9.307225             0.882320  
           88.493958            10.455831             9.284920             1.170871  
           88.539108            10.610074             9.273804             1.336243  
           88.584259            10.777110             9.262721             1.514365  
           88.629410            10.955537             9.251643             1.703867  
           88.651993            11.048371             9.246099             1.802245  
           88.674561            11.143110             9.240576             1.902504  
           88.696129            11.235351             9.235288             2.000030  
           88.717690            11.328638             9.229996             2.098619  
           88.739258            11.422846             9.224696             2.198134  
           88.760818            11.517491             9.219405             2.298058  
           88.771606            11.564874             9.216750             2.348086  
           88.782387            11.612265             9.214095             2.398122  
           88.793167            11.659431             9.211439             2.447945  
           88.803947            11.706552             9.208779             2.497729  
           88.814743            11.753525             9.206114             2.547371  
           88.825523            11.800325             9.203448             2.596819  
           88.836304            11.846557             9.200782             2.645731  
           88.847076            11.892560             9.198116             2.694391  
           88.859894            11.946760             9.194933             2.751806  
           88.872688            12.000179             9.191747             2.808358  
           88.885498            12.052815             9.188560             2.864237  
           88.898300            12.104682             9.185361             2.919271  
           88.911110            12.155469             9.182159             2.973276  
           88.923912            12.205180             9.178952             3.026163  
           88.936707            12.253708             9.175740             3.077932  
           88.949509            12.300979             9.172509             3.128418  
           88.962318            12.347065             9.169267             3.177758  
           88.975121            12.391533             9.166026             3.225494  
           88.987923            12.434502             9.162776             3.271704  
           89.000717            12.475802             9.159511             3.316252  
           89.013527            12.515414             9.156241             3.359146  
           89.026329            12.553246             9.152956             3.400241  
           89.051933            12.623174             9.146352             3.476818  
           89.143578            12.803015             9.122330             3.680646  
           89.167839            12.830323             9.115864             3.714407  
           89.192101            12.848496             9.109341             3.739175  
           89.220398            12.858135             9.101676             3.756415  
           89.235222            12.858051             9.097625             3.760375  
           89.246773            12.855607             9.094461             3.761087  
           89.248222            12.855093             9.094061             3.760998  
           89.253113            12.853302             9.092716             3.760530  
           89.257988            12.851100             9.091372             3.759681  
           89.267754            12.845583             9.088685             3.756865  
           89.275284            12.840329             9.086594             3.753647  
           89.303528            12.812451             9.078734             3.733634  
           89.329903            12.775215             9.071340             3.703827  
           89.356262            12.727372             9.063883             3.663473  
           89.405220            12.611807             9.049880             3.561928  
           89.429703            12.541800             9.042809             3.498968  
           89.454178            12.464217             9.035690             3.428493  
           89.468307            12.416249             9.031569             3.384640  
           89.482430            12.366096             9.027432             3.338631  
           89.496559            12.313799             9.023280             3.290475  
           89.510681            12.259513             9.019113             3.240330  
           89.524811            12.203400             9.014943             3.188426  
           89.538933            12.145364             9.010751             3.134581  
           89.553047            12.085833             9.006552             3.079247  
           89.567169            12.024750             9.002343             3.022387  
           89.581299            11.962385             8.998124             2.964268  
           89.595421            11.898607             8.993891             2.904672  
           89.609543            11.833794             8.989649             2.844109  
           89.623657            11.768066             8.985408             2.782672  
           89.637787            11.701344             8.981147             2.720150  
           89.651909            11.633870             8.976880             2.656966  
           89.666031            11.565849             8.972610             2.593230  
           89.680153            11.497475             8.968336             2.529092  
           89.695221            11.423963             8.963764             2.460173  
           89.710281            11.350146             8.959183             2.390934  
           89.725349            11.276301             8.954600             2.321715  
           89.740410            11.202422             8.950009             2.252401  
           89.755478            11.128788             8.945419             2.183356  
           89.770538            11.055324             8.940815             2.114511  
           89.800667            10.909893             8.931613             1.978242  
           89.830803            10.766912             8.922392             1.844528  
           89.860931            10.627366             8.913162             1.714182  
           89.921188            10.361043             8.894682             1.466350  
           89.981453            10.115672             8.876202             1.239462  
           90.041710             9.894176             8.857722             1.036450  
           90.101967             9.697866             8.839250             0.858612  
           90.222488             9.380103             8.802306             0.577790  
           90.343010             9.151803             8.765319             0.386482  
           90.463531             8.993697             8.728198             0.265501  
           90.704567             8.808459             8.653150             0.155307  
           91.269508             8.592732             8.470859             0.121874  
           91.834450             8.412628             8.277498             0.135128  
           92.116920             8.335560             8.175943             0.159612  
           92.399391             8.283097             8.070606             0.212488  
           92.540627             8.266825             8.016388             0.250438  
           92.611252             8.260038             7.988867             0.271173  
           92.646561             8.256700             7.975001             0.281703  
           92.681862             8.253270             7.961062             0.292204  
           92.717171             8.249633             7.947060             0.302576  
           92.734833             8.247703             7.940023             0.307682  
           92.752480             8.245677             7.932973             0.312705  
           92.770142             8.243547             7.925903             0.317646  
           92.787788             8.241294             7.918828             0.322473  
           92.805450             8.238900             7.911712             0.327191  
           92.823097             8.236359             7.904587             0.331771  
           92.840759             8.233649             7.897441             0.336209  
           92.858414             8.230757             7.890275             0.340481  
           92.876068             8.227679             7.883098             0.344581  
           92.893723             8.224389             7.875902             0.348491  
           92.911377             8.220884             7.868680             0.352205  
           92.929031             8.217139             7.861435             0.355708  
           92.964333             8.208926             7.846902             0.362022  
           93.013298             8.195769             7.826605             0.369165  
           93.037781             8.188380             7.816409             0.371979  
           93.062263             8.180431             7.806164             0.374268  
           93.096161             8.168456             7.791918             0.376540  
           93.116417             8.160759             7.783363             0.377395  
           93.126480             8.156796             7.779113             0.377684  
           93.142761             8.150159             7.772213             0.377947  
           93.166634             8.139951             7.762055             0.377897  
           93.195282             8.126976             7.749825             0.377151  
           93.223923             8.113206             7.737534             0.375673  
           93.252563             8.098680             7.725185             0.373493  
           93.295532             8.075522             7.706561             0.368965  
           93.317009             8.063358             7.697190             0.366166  
           93.338493             8.050843             7.687800             0.363044  
           93.359978             8.037979             7.678371             0.359609  
           93.381462             8.024798             7.668913             0.355889  
           93.402939             8.011317             7.659415             0.351904  
           93.424423             7.997543             7.649874             0.347672  
           93.445908             7.983546             7.640314             0.343233  
           93.467392             7.969309             7.630714             0.338601  
           93.488869             7.954888             7.621083             0.333809  
           93.510353             7.940279             7.611409             0.328873  
           93.531830             7.925550             7.601717             0.323834  
           93.553307             7.910680             7.591980             0.318703  
           93.596268             7.880670             7.572391             0.308278  
           93.655952             7.838697             7.544946             0.293752  
           93.715622             7.796825             7.517228             0.279601  
           93.834969             7.714809             7.460905             0.253907  
           94.073662             7.563466             7.344718             0.218750  
           94.551041             7.304295             7.097361             0.206935  
           95.028419             7.054899             6.828163             0.226738  
           95.505798             6.787915             6.533219             0.254688  
           95.983177             6.496705             6.207241             0.289461  
           96.460564             6.178172             5.844179             0.333988  
           96.937943             5.838005             5.437549             0.400456  
           97.176628             5.667595             5.215302             0.452297  
           97.415321             5.500263             4.978690             0.521573  
           97.558540             5.399047             4.829194             0.569856  
           97.630150             5.347057             4.752190             0.594868  
           97.665947             5.320498             4.713101             0.607396  
           97.701752             5.293477             4.673620             0.619859  
           97.737556             5.265938             4.633748             0.632193  
           97.773361             5.237807             4.593461             0.644342  
           97.809158             5.209034             4.552783             0.656250  
           97.844963             5.179528             4.511653             0.667875  
           97.916573             5.118226             4.428152             0.690079  
           97.952370             5.086358             4.385770             0.700589  
           97.988167             5.053635             4.342957             0.710674  
           98.002502             5.040255             4.325659             0.714598  
           98.027802             5.016342             4.294995             0.721345  
           98.037857             5.006728             4.282768             0.723963  
           98.056976             4.988225             4.259367             0.728856  
           98.064598             4.980786             4.250019             0.730770  
           98.083649             4.962008             4.226531             0.735477  
           98.102699             4.942980             4.202912             0.740067  
           98.140800             4.904221             4.155311             0.748912  
           98.232239             4.807439             4.038861             0.768577  
           98.287491             4.746665             3.967008             0.779656  
           98.342728             4.684448             3.894051             0.790398  
           98.397972             4.620956             3.819867             0.801084  
           98.453209             4.556553             3.744566             0.811984  
           98.563698             4.425954             3.590391             0.835563  
           98.674179             4.294739             3.431447             0.863290  
           98.895149             4.037231             3.099189             0.938045  
           99.116119             3.794135             2.748348             1.045780  
           99.337090             3.573196             2.381171             1.192024  
           99.558060             3.387218             2.003418             1.383793  
           99.779030             3.263221             1.628157             1.635061  
           99.889519             3.240686             1.450005             1.790683  
          100.000000             3.260275             1.287295             1.972983  
          100.171700             3.429053             1.099149             2.329901  
          100.343399             3.929182             1.098380             2.830801  
          100.429298             4.424172             1.251864             3.172314  
          100.472198             4.771974             1.394852             3.377119  
          100.515099             5.210182             1.598875             3.611316  
          100.557999             5.762193             1.880827             3.881351  
          100.600899             6.458113             2.262465             4.195651  
          100.643799             7.334556             2.770491             4.564050  
          100.665298             7.856181             3.083142             4.772997  
          100.686699             8.438901             3.439368             4.999513  
          100.713699             9.274921             3.960565             5.314320  
          100.727203             9.739888             4.254647             5.485123  
          100.740700            10.239702             4.573698             5.665872  
          100.754204            10.777148             4.919713             5.857369  
          100.767700            11.353174             5.293498             6.059659  
          100.781197            11.971811             5.697836             6.273911  
          100.794701            12.636866             6.135583             6.501225  
          100.811897            13.553218             6.743127             6.809919  
          100.829002            14.551051             7.409876             7.141077  
          100.841301            15.323698             7.929376             7.394294  
          100.854797            16.229895             8.541623             7.688349  
          100.868896            17.246367             9.231650             8.014605  
          100.882896            18.329987             9.970906             8.358910  
          100.902603            19.990080            11.109620             8.880198  
          100.922203            21.812212            12.367056             9.445263  
          100.941803            23.820839            13.760162            10.060635  
          100.961403            26.033413            15.302249            10.731008  
          100.983498            28.791817            17.233986            11.557656  
          101.005600            31.861721            19.393759            12.467592  
          101.027702            35.269730            21.801666            13.467731  
          101.049698            39.033924            24.471487            14.562256  
          101.071800            43.217308            27.449121            15.768098  
          101.093803            47.825504            30.738941            17.085613  
          101.115898            52.925167            34.391945            18.533009  
          101.137901            58.527458            38.414764            20.112156  
          101.167397            66.924515            44.463089            22.461161  
          101.196800            76.407158            51.314720            25.093103  
          101.226196            87.105911            59.064629            28.040873  
          101.255600            99.158684            67.817101            31.340219  
          101.285103           112.724297            77.691803            35.031612  
          101.314499           127.850151            88.726036            39.124516  
          101.343903           144.713593           101.049156            43.664043  
          101.373299           163.435043           114.754028            48.679420  
          101.400299           182.405243           128.663788            53.741016  
          101.427299           203.158295           143.901657            59.255978  
          101.454300           225.822388           160.564697            65.258087  
          101.481201           250.375107           178.634567            71.737495  
          101.508202           277.112030           198.336227            78.770576  
          101.535202           306.017944           219.663208            86.351997  
          101.562202           337.175171           242.674942            94.499603  
          101.589104           370.535858           267.333282           103.199173  
          101.616096           406.369385           293.845367           112.517982  
          101.643097           444.601807           322.161285           122.436600  
          101.670097           485.287628           352.319092           132.964996  
          101.696999           528.247375           384.190277           144.051529  
          101.723999           573.746460           417.979797           155.772369  
          101.750999           621.700684           453.612885           168.090897  
          101.778000           671.937561           490.969879           180.964462  
          101.804901           724.262207           529.911865           194.343628  
          101.836800           788.989136           578.121033           210.856354  
          101.868698           856.496948           628.466431           228.031494  
          101.884697           891.260254           654.389465           236.856979  
          101.900597           926.473022           680.679749           245.783737  
          101.916603           962.407776           707.515625           254.884140  
          101.932503           998.581665           734.547363           264.031860  
          101.948502          1035.389771           762.063843           273.325012  
          101.964401          1072.457886           789.777771           282.670349  
          101.980400          1109.984253           817.864563           292.121002  
          101.996300          1147.619629           846.022827           301.577301  
          102.012299          1185.626587           874.499573           311.117340  
          102.028198          1223.625488           902.970276           320.638245  
          102.044098          1261.669189           931.501038           330.156616  
          102.059998          1299.661987           960.013367           339.654175  
          102.074699          1334.860596           986.413940           348.425507  
          102.089401          1369.825439          1012.686584           357.137726  
          102.104103          1404.646362          1038.843506           365.789032  
          102.118797          1439.300049          1064.906494           374.390381  
          102.133499          1473.644775          1090.742188           382.890808  
          102.148201          1507.591187          1116.302368           391.287994  
          102.162903          1541.147461          1141.574219           399.565704  
          102.177597          1574.239868          1166.531372           407.713806  
          102.188103          1597.550659          1184.108521           413.438263  
          102.198502          1620.359985          1201.310181           419.037323  
          102.208900          1642.808838          1218.267212           424.537262  
          102.219299          1664.962524          1234.989502           429.948700  
          102.240196          1708.370972          1267.826782           440.532898  
          102.261002          1750.008667          1299.357544           450.641418  
          102.281898          1789.959229          1329.655884           460.295166  
          102.302696          1827.830566          1358.416138           469.396667  
          102.323502          1863.614014          1385.655640           477.951447  
          102.344299          1897.076904          1411.154907           485.892883  
          102.398300          1972.580322          1469.027710           503.530396  
          102.452202          2029.555054          1513.177124           516.373352  
          102.481598          2052.319092          1531.078857           521.230713  
          102.511002          2068.926514          1544.419434           524.512878  
          102.532799          2077.173828          1551.259766           525.902588  
          102.554497          2081.913818          1555.505737           526.405212  
          102.558998          2082.474121          1556.065308           526.402893  
          102.560501          2082.593018          1556.213013           526.383911  
          102.564796          2082.941406          1556.595825           526.333374  
          102.569000          2083.147949          1556.877808           526.249756  
          102.577400          2083.142822          1557.157104           525.975342  
          102.594299          2081.553711          1556.515015           525.018372  
          102.616203          2076.348877          1553.345459           523.002930  
          102.638000          2067.711670          1547.580811           520.108765  
          102.659798          2055.624268          1539.254028           516.353210  
          102.681602          2040.174805          1528.419189           511.762024  
          102.736198          1987.434448          1490.695923           496.734650  
          102.763496          1953.921753          1466.456909           487.454193  
          102.790802          1915.984253          1438.909424           477.076233  
          102.813904          1880.642212          1413.136353           467.498810  
          102.836998          1842.591675          1385.319336           457.270142  
          102.860100          1801.969971          1355.565674           446.409698  
          102.883202          1759.061890          1324.061157           434.996826  
          102.894798          1736.727905          1307.641479           429.074310  
          102.906303          1714.043457          1290.962769           423.085632  
          102.917900          1690.692505          1273.774170           416.921600  
          102.929398          1667.183960          1256.450073           410.727905  
          102.941002          1642.980591          1238.604370           404.370667  
          102.952499          1618.639893          1220.659302           397.984924  
          102.964104          1593.735474          1202.270508           391.463776  
          102.975601          1568.765259          1183.829468           384.935699  
          102.987198          1543.296265          1164.987671           378.283508  
          102.998703          1517.708496          1146.079956           371.616455  
          103.010300          1491.729370          1126.866577           364.854156  
          103.021797          1465.786621          1107.674683           358.113831  
          103.033401          1439.441650          1088.156372           351.276489  
          103.044899          1413.133301          1068.673584           344.462097  
          103.068001          1360.068359          1029.327393           330.733215  
          103.091103          1306.734131           989.758728           316.966461  
          103.114197          1253.385254           950.138855           303.236450  
          103.137299          1200.205200           910.619080           289.578186  
          103.160400          1147.353882           871.316040           276.034302  
          103.183502          1095.134888           832.452454           262.680603  
          103.206596          1043.559937           794.046143           249.517853  
          103.229698           992.881226           756.268921           236.608124  
          103.252800           943.176025           719.196106           223.972321  
          103.299004           847.349060           647.667053           199.683823  
          103.345200           756.882996           580.036377           176.840439  
          103.387199           679.862793           522.400208           157.463669  
          103.429199           608.137817           468.657684           139.483917  
          103.471199           541.928955           418.983124           122.944946  
          103.513199           481.215302           373.378052           107.834503  
          103.555199           426.065369           331.898529            94.162834  
          103.597198           376.256439           294.391602            81.866463  
          103.639198           331.641541           260.741364            70.898064  
          103.681198           291.931732           230.748734            61.182461  
          103.765198           225.939697           180.783569            45.156075  
          103.849197           175.512619           142.457901            33.054382  
          103.933197           137.775787           113.649261            24.126644  
          104.017097           110.044579            92.363678            17.680796  
          104.096901            90.724007            77.439011            13.284830  
          104.176697            76.557686            66.414246            10.143651  
          104.256500            66.167191            58.256088             7.911201  
          104.336304            58.504829            52.178471             6.326347  
          104.416100            52.783821            47.589165             5.194745  
          104.495903            48.429943            44.054169             4.375804  
          104.655403            42.323425            39.009762             3.313716  
          104.815002            38.207176            35.537064             2.670164  
          104.974503            35.171135            32.935101             2.236072  
          105.134102            32.779659            30.862782             1.916895  
          105.293602            30.820162            29.151060             1.669139  
          105.444801            29.255005            27.774700             1.480328  
          105.596001            27.908052            26.583679             1.324385  
          105.747200            26.733307            25.539951             1.193408  
          105.898399            25.699314            24.616989             1.082320  
          106.049599            24.781544            23.794338             0.987231  
          106.200798            23.960350            23.055250             0.905094  
          106.503098            22.550343            21.779316             0.771026  
          106.805496            21.378506            20.711617             0.666879  
          107.107803            20.387060            19.802568             0.584487  
          107.410202            19.534910            19.016546             0.518357  
          107.712502            18.793148            18.328375             0.464742  
          108.082100            18.003626            17.591385             0.412224  
          108.451599            17.315512            16.944708             0.370799  
          108.821098            16.706377            16.368328             0.338050  
          109.190598            16.159319            15.846922             0.312396  
          109.560204            15.661510            15.367780             0.293738  
          109.929703            15.208613            14.921109             0.287504  
          110.299202            14.809164            14.498971             0.310178  
          110.484001            14.632537            14.295018             0.337509  
          110.668701            14.468300            14.094944             0.373357  
          110.723297            14.421042            14.036386             0.384650  
          110.777901            14.373907            13.978080             0.395826  
          110.805199            14.350282            13.948997             0.401285  
          110.832497            14.326593            13.919981             0.406608  
          110.859802            14.302786            13.891006             0.411768  
          110.887100            14.278810            13.862082             0.416723  
          110.914398            14.254629            13.833192             0.421442  
          110.941704            14.230252            13.804368             0.425882  
          110.969002            14.205579            13.775547             0.430025  
          110.996300            14.180616            13.746789             0.433829  
          111.105499            14.077149            13.631985             0.445162  
          111.139099            14.044001            13.596750             0.447254  
          111.172699            14.010176            13.561530             0.448645  
          111.197899            13.984318            13.535105             0.449213  
          111.217697            13.963775            13.514395             0.449375  
          111.234802            13.945777            13.496467             0.449311  
          111.256798            13.922412            13.473455             0.448955  
          111.287102            13.889695            13.441734             0.447957  
          111.317398            13.856405            13.410021             0.446388  
          111.339500            13.831763            13.386872             0.444886  
          111.391899            13.772225            13.332015             0.440211  
          111.444199            13.711299            13.277211             0.434081  
          111.470398            13.680276            13.249757             0.430520  
          111.496498            13.649050            13.222368             0.426677  
          111.522697            13.617429            13.194866             0.422561  
          111.548798            13.585648            13.167428             0.418217  
          111.574997            13.553537            13.139882             0.413655  
          111.601097            13.521346            13.112412             0.408935  
          111.627296            13.488846            13.084796             0.404054  
          111.653397            13.456326            13.057253             0.399074  
          111.705704            13.390865            13.001973             0.388897  
          111.758003            13.325150            12.946513             0.378632  
          111.923302            13.118062            12.769958             0.348099  
          112.088501            12.915258            12.590957             0.324305  
          112.418900            12.526376            12.222226             0.304152  
          112.749298            12.147562            11.833405             0.314165  
          113.079697            11.758655            11.415699             0.342960  
          113.410202            11.344419            10.957049             0.387365  
          113.575401            11.124156            10.707504             0.416647  
          113.740601            10.893118            10.440980             0.452139  
          113.905800            10.649995            10.154412             0.495579  
          114.070999            10.393811             9.844199             0.549614  
          114.236198            10.125406             9.506615             0.618781  
          114.401398             9.852160             9.140005             0.712153  
          114.544601             9.631729             8.803381             0.828349  
          114.687798             9.478609             8.469147             1.009450  
          114.831001             9.517797             8.193363             1.324424  
          114.974197            10.030562             8.111508             1.919011  
          115.117401            11.596717             8.513856             3.082803  
          115.189003            13.088615             9.057144             4.031451  
          115.260597            15.305350             9.959422             5.345882  
          115.332199            18.505716            11.356190             7.149454  
          115.403801            23.008135            13.415621             9.592435  
          115.475403            29.192989            16.340244            12.852630  
          115.546898            37.493618            20.362837            17.130846  
          115.624001            49.388035            26.239666            23.148048  
          115.701103            64.979012            34.064457            30.913927  
          115.778198            84.905037            44.191307            40.713276  
          115.855301           109.765831            56.957745            52.807606  
          115.893898           124.200531            64.421089            59.778854  
          115.932404           139.990067            72.617783            67.371910  
          115.971001           157.218384            81.596565            75.619919  
          116.009499           175.807388            91.322075            84.485039  
          116.048103           195.830231           101.833710            93.993965  
          116.086601           217.130371           113.056938           104.072548  
          116.125099           239.694107           124.985512           114.707291  
          116.144402           251.446487           131.214310           120.230125  
          116.163597           263.414734           137.568863           125.844635  
          116.186401           277.973297           145.311920           132.659134  
          116.197800           285.371887           149.253098           136.118866  
          116.209099           292.777374           153.202347           139.575882  
          116.220497           300.328705           157.232269           143.096985  
          116.231903           307.954224           161.305603           146.648224  
          116.243301           315.641571           165.417160           150.222366  
          116.254601           323.333466           169.534882           153.796539  
          116.265999           331.125519           173.709015           157.410522  
          116.277397           338.980835           177.926880           161.054123  
          116.288803           346.882050           182.167038           164.710754  
          116.300102           354.756012           186.400208           168.349884  
          116.311501           362.708862           190.681274           172.026016  
          116.322800           370.642456           194.953842           175.683121  
          116.334198           378.644958           199.272797           179.372192  
          116.345497           386.612518           203.575211           183.035416  
          116.352798           391.748383           206.351318           185.396423  
          116.360001           396.830841           209.100525           187.730301  
          116.367203           401.895569           211.839859           190.052628  
          116.374397           406.959473           214.584625           192.372620  
          116.384003           413.725952           218.254517           195.472015  
          116.391602           419.064514           221.147751           197.913727  
          116.399200           424.373871           224.032837           200.339249  
          116.405800           428.998718           226.548828           202.450455  
          116.412300           433.536072           229.017365           204.520676  
          116.418800           438.074615           231.487000           206.587143  
          116.425301           442.579559           233.940918           208.641296  
          116.432602           447.639038           236.695724           210.937912  
          116.439796           452.599335           239.404800           213.194000  
          116.446999           457.536041           242.101776           215.434097  
          116.454201           462.446808           244.785309           217.659149  
          116.461502           467.430237           247.511414           219.916245  
          116.468697           472.289825           250.170059           222.113968  
          116.483101           481.928314           255.458557           226.467880  
          116.495499           490.126495           259.961884           230.162582  
          116.507896           498.215088           264.416931           233.800354  
          116.520302           506.195068           268.814758           237.379059  
          116.532700           514.041809           273.152924           240.887421  
          116.545097           521.750549           277.417023           244.327560  
          116.557503           529.310303           281.611786           247.697052  
          116.569901           536.725037           285.729889           250.986588  
          116.582199           543.894714           289.731689           254.161743  
          116.596001           551.740784           294.113007           257.622070  
          116.609802           559.355591           298.382660           260.970245  
          116.623596           566.719849           302.523590           264.196198  
          116.637299           573.798767           306.516968           267.277863  
          116.664803           587.173218           314.107208           273.064728  
          116.692299           599.394958           321.107025           278.289246  
          116.714401           608.306152           326.262177           282.049957  
          116.730904           614.437622           329.833435           284.599976  
          116.761200           624.403137           335.731354           288.668976  
          116.791496           632.665466           340.734222           291.924500  
          116.816299           638.102966           344.138641           293.963318  
          116.841003           642.288940           346.880493           295.411469  
          116.871498           645.756348           349.362793           296.388306  
          116.892303           647.030762           350.480621           296.547394  
          116.893799           647.080627           350.538910           296.541992  
          116.897202           647.199829           350.672272           296.524048  
          116.900597           647.293762           350.790588           296.493439  
          116.907303           647.397034           350.986237           296.401733  
          116.920799           647.308716           351.229279           296.077911  
          116.941902           646.452698           351.214935           295.233154  
          116.962997           644.663147           350.706116           293.960297  
          116.995796           640.118652           348.960541           291.155731  
          117.028603           633.436035           346.061432           287.367706  
          117.084801           617.257874           338.539886           278.716675  
          117.112900           607.074829           333.636963           273.432983  
          117.140999           595.578796           328.015594           267.563324  
          117.166801           583.968933           322.265503           261.695618  
          117.179703           577.807251           319.196625           258.605682  
          117.192596           571.405762           315.995239           255.409622  
          117.205498           564.789185           312.673828           252.117249  
          117.218399           557.979248           309.241028           248.740097  
          117.231300           550.954102           305.685150           245.264923  
          117.244102           543.813171           302.064331           241.744919  
          117.257004           536.438110           298.315582           238.123093  
          117.269897           528.881287           294.463928           234.420380  
          117.282799           521.188904           290.529510           230.661545  
          117.295601           513.408020           286.539459           226.865891  
          117.308502           505.428864           282.442383           222.982147  
          117.321404           497.335846           278.279755           219.056671  
          117.334297           489.128662           274.048340           215.078705  
          117.347099           480.882385           269.786713           211.095200  
          117.359398           472.883179           265.646851           207.235641  
          117.371696           464.814178           261.464630           203.348846  
          117.384003           456.670929           257.235474           199.433640  
          117.396301           448.487518           252.979721           195.505798  
          117.408600           440.242035           248.686569           191.556168  
          117.420898           431.979797           244.374969           187.602219  
          117.433197           423.689545           240.045090           183.642227  
          117.445503           415.358398           235.687241           179.669449  
          117.457802           407.035583           231.328674           175.706360  
          117.470100           398.723450           226.965820           171.750671  
          117.482399           390.389618           222.592896           167.795227  
          117.494698           382.093079           218.229919           163.860596  
          117.519302           365.569763           209.529938           156.041077  
          117.543800           349.255890           200.917694           148.339325  
          117.568398           333.087402           192.359573           140.726135  
          117.593002           317.175293           183.920792           133.253799  
          117.617599           301.567780           175.627579           125.941284  
          117.642197           286.299530           167.494812           118.802979  
          117.666801           271.418030           159.553574           111.865723  
          117.691399           256.969452           151.822662           105.143707  
          117.740501           229.480576           137.076736            92.403465  
          117.787399           205.044403           123.914207            81.129784  
          117.834198           182.530640           111.739380            70.790817  
          117.881104           161.917236           100.545425            61.370190  
          117.927902           143.270615            90.378647            52.892609  
          117.974800           126.492599            81.187996            45.304276  
          118.021599           111.570259            72.976494            38.593582  
          118.068398            98.388260            65.685867            32.702469  
          118.115196            86.823318            59.254890            27.568123  
          118.208900            68.034866            48.714550            19.320349  
          118.302597            54.172245            40.826546            13.345417  
          118.396301            44.189800            35.046951             9.142765  
          118.489899            37.143711            30.877865             6.265777  
          118.574203            32.646210            28.147209             4.498992  
          118.658501            29.416431            26.127218             3.289192  
          118.742798            27.095861            24.623930             2.471947  
          118.827103            25.412895            23.488981             1.923908  
          118.911400            24.171099            22.614340             1.556752  
          118.953598            23.669899            22.249193             1.420693  
          118.995697            23.231747            21.923010             1.308718  
          119.037903            22.843372            21.627964             1.215393  
          119.080002            22.497803            21.360477             1.137307  
          119.164200            21.905176            20.890408             1.014770  
          119.215797            21.592398            20.636745             0.955651  
          119.267303            21.308556            20.403788             0.904750  
          119.304703            21.117901            20.245928             0.871963  
          119.325500            21.016359            20.161549             0.854793  
          119.342598            20.934862            20.093826             0.841025  
          119.375999            20.782572            19.966574             0.816007  
          119.392601            20.708799            19.904942             0.803843  
          119.444702            20.487747            19.719894             0.767842  
          119.496803            20.280176            19.545834             0.734349  
          119.548897            20.083853            19.381283             0.702565  
          119.600998            19.897390            19.225206             0.672182  
          119.653099            19.719597            19.076700             0.642897  
          119.705200            19.549870            18.935221             0.614646  
          119.757301            19.387419            18.800060             0.587368  
          119.809303            19.232044            18.670954             0.561081  
          119.913498            18.940205            18.428505             0.511698  
          120.017700            18.671484            18.204849             0.466629  
          120.225998            18.194920            17.804756             0.390152  
          120.437202            17.782228            17.451344             0.330884  
          120.648300            17.427452            17.140280             0.287167  
          120.859398            17.118082            16.863432             0.254649  
          121.070503            16.844461            16.614922             0.229538  
          121.281601            16.599411            16.390167             0.209239  
          121.492699            16.377684            16.185472             0.192208  
          121.914902            15.989938            15.825097             0.164838  
          122.337196            15.660066            15.516318             0.143742  
          122.759399            15.374924            15.247667             0.127254  
          123.181602            15.126776            15.010923             0.115860  
          123.603798            14.920163            14.799816             0.120348  
          123.959396            14.803214            14.638496             0.164719  
          124.137199            14.774606            14.562779             0.211831  
          124.314903            14.766650            14.490087             0.276558  
          124.370499            14.767525            14.467933             0.299592  
          124.426102            14.769458            14.446035             0.323423  
          124.453903            14.770700            14.435201             0.335497  
          124.481697            14.772031            14.424421             0.347614  
          124.509499            14.773419            14.413698             0.359717  
          124.537201            14.774763            14.403078             0.371688  
          124.565002            14.776030            14.392492             0.383548  
          124.578903            14.776619            14.387212             0.389391  
          124.592796            14.777136            14.381968             0.395174  
          124.606697            14.777610            14.376723             0.400890  
          124.620598            14.778022            14.371499             0.406523  
          124.634499            14.778353            14.366291             0.412069  
          124.648300            14.778604            14.361126             0.417480  
          124.662201            14.778762            14.355942             0.422817  
          124.676102            14.778827            14.350777             0.428045  
          124.690002            14.778775            14.345634             0.433144  
          124.703903            14.778611            14.340487             0.438120  
          124.717796            14.778320            14.335375             0.442938  
          124.731697            14.777886            14.330274             0.447608  
          124.745598            14.777319            14.325172             0.452156  
          124.759399            14.776600            14.320136             0.456467  
          124.780296            14.775232            14.312530             0.462704  
          124.801102            14.773487            14.304991             0.468491  
          124.842796            14.768755            14.289968             0.478784  
          124.926102            14.753841            14.260348             0.493488  
          124.953903            14.747095            14.250572             0.496527  
          124.981598            14.739459            14.240895             0.498569  
          125.010803            14.730388            14.230726             0.499657  
          125.026001            14.725251            14.225465             0.499780  
          125.037498            14.721172            14.221494             0.499670  
          125.057098            14.713829            14.214742             0.499094  
          125.079300            14.704959            14.207133             0.497820  
          125.100502            14.695897            14.199889             0.496014  
          125.121696            14.686322            14.192688             0.493631  
          125.147903            14.673708            14.183813             0.489896  
          125.174103            14.660310            14.174990             0.485325  
          125.226501            14.631196            14.157463             0.473741  
          125.262802            14.609363            14.145425             0.463937  
          125.280998            14.597950            14.139429             0.458522  
          125.299103            14.586289            14.133472             0.452817  
          125.317299            14.574285            14.127518             0.446775  
          125.335403            14.562073            14.121598             0.440472  
          125.353500            14.549616            14.115708             0.433912  
          125.371597            14.536946            14.109844             0.427108  
          125.390503            14.523489            14.103731             0.419753  
          125.409401            14.509813            14.097646             0.412162  
          125.428299            14.495939            14.091575             0.404362  
          125.447197            14.481921            14.085533             0.396386  
          125.466103            14.467731            14.079503             0.388223  
          125.485001            14.453441            14.073510             0.379933  
          125.503899            14.439034            14.067531             0.371511  
          125.522797            14.424531            14.061557             0.362975  
          125.541702            14.409980            14.055614             0.354364  
          125.560600            14.395407            14.049699             0.345707  
          125.579498            14.380792            14.043797             0.336997  
          125.598396            14.366175            14.037914             0.328263  
          125.636200            14.337032            14.026214             0.310816  
          125.674004            14.308089            14.014581             0.293505  
          125.749603            14.251401            13.991568             0.259837  
          125.825203            14.197006            13.968849             0.228159  
          125.976402            14.097537            13.924299             0.173241  
          126.278801            13.940479            13.838522             0.101961  
          126.581100            13.827936            13.756817             0.071119  
          127.185898            13.659744            13.603948             0.055794  
          127.790604            13.514152            13.462922             0.051226  
          128.395401            13.379354            13.331661             0.047691  
          129.000107            13.254170            13.209470             0.044703  
          130.209503            13.026309            12.986416             0.039892  
          131.241592            12.850965            12.813901             0.037065  
          131.757706            12.773056            12.733034             0.040028  
          132.273697            12.721848            12.655471             0.066375  
          132.531693            12.715393            12.617820             0.097582  
          132.596207            12.715677            12.608501             0.107171  
          132.660706            12.716455            12.599253             0.117210  
          132.692993            12.716973            12.594628             0.122347  
          132.725204            12.717534            12.590026             0.127509  
          132.757507            12.718114            12.585424             0.132692  
          132.789703            12.718678            12.580853             0.137831  
          132.812897            12.719051            12.577559             0.141496  
          132.836105            12.719388            12.574269             0.145117  
          132.859299            12.719662            12.570990             0.148676  
          132.882507            12.719876            12.567709             0.152172  
          132.905701            12.720015            12.564443             0.155575  
          132.928894            12.720058            12.561174             0.158883  
          132.952103            12.719998            12.557912             0.162081  
          132.975204            12.719808            12.554676             0.165143  
          132.998398            12.719493            12.551421             0.168074  
          133.021606            12.719037            12.548175             0.170856  
          133.044800            12.718416            12.544937             0.173477  
          133.067902            12.717617            12.541709             0.175911  
          133.091095            12.716657            12.538478             0.178174  
          133.114304            12.715495            12.535252             0.180242  
          133.160599            12.712581            12.528844             0.183738  
          133.203003            12.709145            12.522966             0.186179  
          133.245300            12.704968            12.517127             0.187830  
          133.281601            12.700750            12.512136             0.188612  
          133.303696            12.697896            12.509098             0.188796  
          133.317200            12.696041            12.507245             0.188798  
          133.334000            12.693624            12.504942             0.188682  
          133.354996            12.690434            12.502069             0.188363  
          133.391693            12.684373            12.497053             0.187321  
          133.433701            12.676712            12.491327             0.185389  
          133.475693            12.668315            12.485613             0.182708  
          133.520294            12.658639            12.479559             0.179077  
          133.564896            12.648232            12.473529             0.174698  
          133.587204            12.642774            12.470519             0.172258  
          133.609497            12.637163            12.467518             0.169653  
          133.631805            12.631405            12.464506             0.166898  
          133.654099            12.625522            12.461501             0.164011  
          133.676407            12.619511            12.458507             0.160991  
          133.698700            12.613378            12.455521             0.157861  
          133.720993            12.607164            12.452532             0.154627  
          133.743301            12.600855            12.449554             0.151302  
          133.765594            12.594475            12.446571             0.147896  
          133.787903            12.588015            12.443593             0.144421  
          133.810196            12.581527            12.440624             0.140896  
          133.832397            12.575011            12.437671             0.137341  
          133.856094            12.568030            12.434522             0.133512  
          133.879700            12.561064            12.431385             0.129675  
          133.926895            12.547127            12.425138             0.121994  
          133.974106            12.533268            12.418896             0.114371  
          134.021301            12.519581            12.412677             0.106901  
          134.210098            12.467977            12.387958             0.080021  
          134.587799            12.386975            12.339239             0.047734  
          134.965500            12.334053            12.291430             0.042625  
          135.343201            12.299392            12.244442             0.054939  
          135.427200            12.292997            12.234111             0.058886  
          135.469193            12.289852            12.228953             0.060900  
          135.511093            12.286723            12.223820             0.062903  
          135.536102            12.284847            12.220759             0.064085  
          135.561005            12.282963            12.217720             0.065246  
          135.585907            12.281055            12.214674             0.066385  
          135.610794            12.279131            12.211638             0.067496  
          135.635803            12.277170            12.208591             0.068577  
          135.660706            12.275178            12.205562             0.069618  
          135.685593            12.273148            12.202532             0.070613  
          135.710495            12.271070            12.199510             0.071561  
          135.735504            12.268937            12.196476             0.072459  
          135.760406            12.266754            12.193457             0.073295  
          135.785294            12.264512            12.190442             0.074067  
          135.810196            12.262204            12.187428             0.074774  
          135.909897            12.252262            12.175401             0.076859  
          135.942703            12.248726            12.171457             0.077265  
          135.975494            12.245041            12.167516             0.077524  
          136.003006            12.241846            12.164218             0.077625  
          136.017593            12.240105            12.162468             0.077636  
          136.026199            12.239067            12.161436             0.077628  
          136.042404            12.237083            12.159499             0.077586  
          136.065903            12.234140            12.156680             0.077457  
          136.087097            12.231423            12.154150             0.077276  
          136.108200            12.228662            12.151629             0.077033  
          136.147003            12.223425            12.146998             0.076430  
          136.185699            12.218014            12.142385             0.075629  
          136.224396            12.212424            12.137782             0.074642  
          136.263107            12.206658            12.133181             0.073479  
          136.291306            12.202365            12.129838             0.072528  
          136.319504            12.197991            12.126494             0.071498  
          136.347702            12.193554            12.123157             0.070395  
          136.375793            12.189062            12.119833             0.069227  
          136.404007            12.184495            12.116500             0.067996  
          136.432205            12.179883            12.113171             0.066711  
          136.460403            12.175228            12.109847             0.065381  
          136.488495            12.170560            12.106540             0.064018  
          136.513199            12.166430            12.103633             0.062795  
          136.537796            12.162301            12.100742             0.061558  
          136.587097            12.153992            12.094953             0.059039  
          136.636398            12.145681            12.089177             0.056504  
          136.685699            12.137393            12.083408             0.053984  
          136.882904            12.105067            12.060435             0.044634  
          137.277206            12.047312            12.014926             0.032388  
          138.065903            11.952000            11.925219             0.026783  
          139.643295            11.774443            11.748024             0.026417  
          140.657394            11.660288            11.633219             0.027064  
          141.164505            11.602189            11.574359             0.027823  
          141.671494            11.542612            11.513541             0.029067  
          142.178604            11.480576            11.449455             0.031123  
          142.432098            11.448170            11.415510             0.032672  
          142.685593            11.414528            11.379687             0.034848  
          142.939102            11.379625            11.341253             0.038369  
          143.192596            11.345143            11.299129             0.046006  
          143.446106            11.320194            11.251633             0.068562  
          143.572906            11.320206            11.225203             0.094998  
          143.699600            11.339475            11.196730             0.142743  
          143.831100            11.396086            11.164945             0.231155  
          143.962494            11.515859            11.131251             0.384610  
          144.093994            11.736577            11.096672             0.639922  
          144.225403            12.107800            11.063267             1.044559  
          144.291199            12.368296            11.047997             1.320329  
          144.356903            12.688715            11.034399             1.654388  
          144.422607            13.076754            11.023100             2.053675  
          144.488297            13.539201            11.014816             2.524388  
          144.554092            14.082541            11.010335             3.072253  
          144.619797            14.709150            11.010452             3.698833  
          144.685501            15.421619            11.015972             4.405727  
          144.751205            16.217907            11.027650             5.190338  
          144.807602            16.964914            11.043116             5.921907  
          144.835800            17.358397            11.052844             6.305635  
          144.863907            17.763126            11.063918             6.699296  
          144.892105            18.180918            11.076442             7.104561  
          144.920303            18.609056            11.090398             7.518660  
          144.948502            19.045691            11.105778             7.939941  
          144.962601            19.267025            11.114007             8.153170  
          144.976593            19.488394            11.122544             8.366021  
          144.990707            19.713083            11.131516             8.581751  
          145.004807            19.939129            11.140822             8.798335  
          145.018906            20.166286            11.150507             9.015916  
          145.033005            20.393862            11.160515             9.233464  
          145.047104            20.622087            11.170877             9.451411  
          145.061203            20.851364            11.181610             9.669838  
          145.075302            21.080202            11.192639             9.887622  
          145.089294            21.307865            11.203954            10.104060  
          145.103394            21.536398            11.215668            10.320832  
          145.117493            21.764158            11.227694            10.536548  
          145.131607            21.991743            11.240051            10.751820  
          145.145599            22.216030            11.252612            10.963730  
          145.159698            22.441303            11.265565            11.175784  
          145.173798            22.664368            11.278798            11.385719  
          145.187897            22.885492            11.292305            11.593383  
          145.201904            23.103647            11.305999            11.797808  
          145.214905            23.303356            11.318933            11.984606  
          145.227798            23.499407            11.331958            12.167686  
          145.240707            23.693043            11.345164            12.347888  
          145.253601            23.884005            11.358582            12.525544  
          145.266495            24.071583            11.372152            12.699621  
          145.279404            24.256857            11.385918            12.871017  
          145.292297            24.438398            11.399802            13.038737  
          145.305206            24.616558            11.413839            13.202857  
          145.318207            24.792135            11.428102            13.364204  
          145.331100            24.962433            11.442383            13.520099  
          145.343994            25.128532            11.456752            13.671900  
          145.356903            25.290588            11.471243            13.819365  
          145.382706            25.600864            11.500424            14.100453  
          145.408493            25.890902            11.529769            14.361270  
          145.436707            26.184391            11.561975            14.622478  
          145.464798            26.449903            11.593997            14.856040  
          145.521103            26.896109            11.657503            15.238655  
          145.554001            27.100222            11.693793            15.406363  
          145.586807            27.259638            11.729034            15.530557  
          145.624405            27.387178            11.768085            15.619061  
          145.631500            27.404400            11.775242            15.629242  
          145.640900            27.423983            11.784661            15.639403  
          145.653305            27.444199            11.796881            15.647349  
          145.664902            27.457037            11.808097            15.648951  
          145.671097            27.461451            11.814004            15.647409  
          145.688995            27.464949            11.830745            15.634222  
          145.713699            27.447319            11.852982            15.594493  
          145.735199            27.410091            11.871435            15.539016  
          145.756699            27.353678            11.889068            15.464712  
          145.796402            27.198359            11.919174            15.279266  
          145.835999            26.979189            11.945855            15.033513  
          145.872406            26.723953            11.967287            14.756598  
          145.908707            26.420523            11.985574            14.434919  
          145.926895            26.251387            11.993541            14.257856  
          145.945099            26.070915            12.000732            14.070373  
          145.963303            25.879974            12.007119            13.872969  
          145.981400            25.680136            12.012653            13.667674  
          145.998795            25.479477            12.017233            13.462272  
          146.016098            25.271542            12.021047            13.250474  
          146.033493            25.054476            12.024154            13.030362  
          146.050797            24.831591            12.026526            12.805018  
          146.068207            24.600449            12.028170            12.572190  
          146.085495            24.364344            12.029117            12.335325  
          146.102905            24.121082            12.029359            12.091760  
          146.120193            23.874018            12.028909            11.845009  
          146.137604            23.620461            12.027781            11.592769  
          146.146301            23.492424            12.026972            11.465425  
          146.154907            23.364157            12.025998            11.338162  
          146.163605            23.234015            12.024865            11.209094  
          146.172302            23.102791            12.023558            11.079329  
          146.181000            22.970520            12.022095            10.948541  
          146.189606            22.839401            12.020506            10.818990  
          146.198303            22.705944            12.018738            10.687264  
          146.207001            22.571911            12.016808            10.555000  
          146.215698            22.437195            12.014746            10.422546  
          146.224304            22.303057            12.012545            10.290583  
          146.241699            22.031420            12.007673            10.023877  
          146.259003            21.759924            12.002284             9.757714  
          146.275604            21.498236            11.996616             9.501652  
          146.292099            21.238178            11.990520             9.247644  
          146.308594            20.978207            11.983969             8.994204  
          146.325104            20.718044            11.976990             8.740983  
          146.341705            20.456793            11.969558             8.487215  
          146.358200            20.198816            11.961789             8.237095  
          146.374695            19.941898            11.953661             7.988304  
          146.391205            19.686661            11.945184             7.741458  
          146.424301            19.181004            11.927220             7.253825  
          146.457306            18.687597            11.908205             6.779487  
          146.490402            18.204775            11.888148             6.316637  
          146.523407            17.737997            11.867367             5.870553  
          146.556503            17.285469            11.845878             5.439624  
          146.589493            16.851383            11.823957             5.027417  
          146.655594            16.037685            11.779151             4.258517  
          146.721695            15.301853            11.733968             3.567877  
          146.787704            14.648278            11.689404             2.958894  
          146.876999            13.890683            11.631189             2.259465  
          146.966202            13.271650            11.576576             1.695084  
          147.055405            12.776612            11.526238             1.250367  
          147.144608            12.389230            11.480550             0.908670  
          147.233902            12.091287            11.439425             0.651867  
          147.323105            11.866439            11.402723             0.463714  
          147.412292            11.698549            11.369979             0.328569  
          147.501495            11.574227            11.340720             0.233509  
          147.679993            11.414046            11.290712             0.123335  
          147.858398            11.323086            11.249201             0.073884  
          148.036804            11.265827            11.213457             0.052370  
          148.215195            11.224442            11.181639             0.042804  
          148.479599            11.175910            11.139268             0.036645  
          148.744003            11.134368            11.100725             0.033640  
          149.008408            11.096498            11.064778             0.031719  
          149.272705            11.061011            11.030611             0.030399  
          149.801407            10.990302            10.961508             0.028794  
          150.330093            10.849260            10.821140             0.028116  
          150.673798            10.536473            10.508803             0.027667  
          151.017502             9.725989             9.699755             0.026231  
          151.189407             9.032116             9.007347             0.024768  
          151.361206             8.124104             8.101431             0.022673  
          151.447098             7.596391             7.575000             0.021390  
          151.533005             7.028098             7.008130             0.019967  
          151.618896             6.428616             6.410190             0.018424  
          151.661896             6.120204             6.102585             0.017617  
          151.704803             5.809021             5.792228             0.016793  
          151.732895             5.604142             5.587894             0.016246  
          151.761002             5.398896             5.383202             0.015694  
