# MT index energy C1 C2 C3 C4 C5 max_error
     1        1   9.9999997473787516E-06   5.4575817108154297E+01   8.4794635772705078E+00  -1.5428593158721924E+00   6.6812954843044281E-02   1.9301738590002060E-02  -1.8418107647448778E-03  -2.6367377722635865E-04   4.7961711970856413E-05  -2.0384418348839972E-06   3.9760398864746094E+01  -4.0997734069824219E+00  -1.1701241493225098E+01   7.2081418037414551E+00   1.5136265754699707E+01  -1.4817559719085693E+00  -1.9379722595214844E+01   1.0141810417175293E+01   1.7634537653066218E-04
     1        2   1.0499999916646630E-05   5.3337028503417969E+01   8.2418413162231445E+00  -1.5058226585388184E+00   6.7213818430900574E-02   1.8741272389888763E-02  -1.8507649656385183E-03  -2.5674639618955553E-04   4.8228655941784382E-05  -2.0985203263990115E-06   3.8833553314208984E+01  -4.1307168006896973E+00  -1.1497430801391602E+01   7.1402349472045898E+00   1.4927146911621094E+01  -1.4581894874572754E+00  -1.9096202850341797E+01   9.9684562683105469E+00   2.5973320589400828E-04
     1        3   1.1000000085914508E-05   5.1865970611572266E+01   8.1377229690551758E+00  -1.4640074968338013E+00   5.9671409428119659E-02   1.8450584262609482E-02  -1.6529413405805826E-03  -2.5050804833881557E-04   4.3027630454162136E-05  -1.7492885717729223E-06   3.7958698272705078E+01  -3.5913600921630859E+00  -1.1154246330261230E+01   6.4384026527404785E+00   1.4116982460021973E+01  -1.0612559318542480E+00  -1.7756956100463867E+01   9.1006870269775391E+00   2.1713806199841201E-04
     1        4   1.1000000085914508E-05   5.1865970611572266E+01   8.1377229690551758E+00  -1.4640074968338013E+00   5.9671409428119659E-02   1.8450584262609482E-02  -1.6529413405805826E-03  -2.5050804833881557E-04   4.3027630454162136E-05  -1.7492885717729223E-06   3.7958698272705078E+01  -3.5913600921630859E+00  -1.1154246330261230E+01   6.4384026527404785E+00   1.4116982460021973E+01  -1.0612559318542480E+00  -1.7756956100463867E+01   9.1006870269775391E+00   2.1713806199841201E-04
     1        5   1.1500000255182385E-05   5.1298389434814453E+01   7.7659592628479004E+00  -1.4480960369110107E+00   7.2245806455612183E-02   1.7707491293549538E-02  -1.9782520830631256E-03  -2.4555501295253634E-04   5.1648938097059727E-05  -2.4174041755031794E-06   3.7078620910644531E+01  -4.5372076034545898E+00  -1.1067485809326172E+01   7.5643811225891113E+00   1.4874330520629883E+01  -1.9364531040191650E+00  -1.9500389099121094E+01   1.0459321975708008E+01   2.0027834398206323E-04
     1        6   1.2000000424450263E-05   4.9690372467041016E+01   7.7794303894042969E+00  -1.4013918638229370E+00   5.7940162718296051E-02   1.7618633806705475E-02  -1.6048374818637967E-03  -2.3948584566824138E-04   4.1802624764386564E-05  -1.7227773696504300E-06   3.6357452392578125E+01  -3.4859697818756104E+00  -1.0704853057861328E+01   6.2083258628845215E+00   1.3570096015930176E+01  -1.0374916791915894E+00  -1.7085037231445312E+01   8.7662715911865234E+00   2.6765209622681141E-04
     1        7   1.2999999853491317E-05   4.7495624542236328E+01   7.5649967193603516E+00  -1.3399360179901123E+00   4.9506738781929016E-02   1.7097856849431992E-02  -1.3812086544930935E-03  -2.3023402900435030E-04   3.5889333958039060E-05  -1.3356955150811700E-06   3.4939517974853516E+01  -2.8997731208801270E+00  -1.0190145492553711E+01   5.4324917793273926E+00   1.2555649757385254E+01  -6.5765756368637085E-01  -1.5522642135620117E+01   7.8186998367309570E+00   1.7281890904996544E-04
     1        8   1.4000000192027073E-05   4.6698589324951172E+01   6.9922180175781250E+00  -1.3210091590881348E+00   6.9820344448089600E-02   1.6032541170716286E-02  -1.9031469710171223E-03  -2.2418436128646135E-04   4.9647926061879843E-05  -2.3883751509856666E-06   3.3542987823486328E+01  -4.4657402038574219E+00  -1.0008546829223633E+01   7.3642611503601074E+00   1.3824232101440430E+01  -2.1896803379058838E+00  -1.8514244079589844E+01   1.0165029525756836E+01   2.1166793885640800E-04
     1        9   1.4999999621068127E-05   4.4330699920654297E+01   7.0030059814453125E+00  -1.2485483884811401E+00   4.8902668058872223E-02   1.5796616673469543E-02  -1.3620714889839292E-03  -2.1363985433708876E-04   3.5480326914694160E-05  -1.4032756325832452E-06   3.2543788909912109E+01  -2.8882327079772949E+00  -9.5399961471557617E+00   5.2738418579101562E+00   1.1894565582275391E+01  -7.5207018852233887E-01  -1.4829907417297363E+01   7.5399680137634277E+00   2.3863800743129104E-04
     1       10   1.5999999959603883E-05   4.3160919189453125E+01   6.6966376304626465E+00  -1.2141225337982178E+00   5.3173262625932693E-02   1.5117719769477844E-02  -1.4714673161506653E-03  -2.0654649415519089E-04   3.8411293644458055E-05  -1.6625867829134222E-06   3.1518243789672852E+01  -3.2161824703216553E+00  -9.3441343307495117E+00   5.5873227119445801E+00   1.1974946975708008E+01  -1.0128942728042603E+00  -1.5166687011718750E+01   7.8230738639831543E+00   1.7114450747612864E-04
     1       11   1.7000000298139639E-05   4.2093708038330078E+01   6.4443836212158203E+00  -1.1884633302688599E+00   5.6355632841587067E-02   1.4676378108561039E-02  -1.5469447243958712E-03  -2.0261199097149074E-04   4.0307226299773902E-05  -1.8201955072072451E-06   3.0493612289428711E+01  -3.5143229961395264E+00  -9.0259609222412109E+00   5.9965476989746094E+00   1.1988055229187012E+01  -1.4957361221313477E+00  -1.5667251586914062E+01   8.3974132537841797E+00   1.7235043924301863E-04
     1       12   1.8000000636675395E-05   4.0826103210449219E+01   6.2877774238586426E+00  -1.1512193679809570E+00   5.2826754748821259E-02   1.4280182309448719E-02  -1.4536526286974549E-03  -1.9644128042273223E-04   3.7859525036765262E-05  -1.6739605825932813E-06   2.9665740966796875E+01  -3.2593147754669189E+00  -8.7817888259887695E+00   5.6037702560424805E+00   1.1500714302062988E+01  -1.2588555812835693E+00  -1.4853756904602051E+01   7.8503131866455078E+00   2.2902499767951667E-04
     1       13   1.8999999156221747E-05   3.9823383331298828E+01   6.0935645103454590E+00  -1.1225975751876831E+00   5.3432021290063858E-02   1.3839900493621826E-02  -1.4683771878480911E-03  -1.9106188847217709E-04   3.8292637327685952E-05  -1.7388701962772757E-06   2.8868581771850586E+01  -3.3223681449890137E+00  -8.5686416625976562E+00   5.6446871757507324E+00   1.1355016708374023E+01  -1.3560671806335449E+00  -1.4774847984313965E+01   7.8616890907287598E+00   2.2203450498636812E-04
     1       14   1.9999999494757503E-05   3.8933280944824219E+01   5.9098744392395020E+00  -1.0991206169128418E+00   5.4673958569765091E-02   1.3473293744027615E-02  -1.4973996439948678E-03  -1.8708051356952637E-04   3.9038182876538485E-05  -1.8153014025301673E-06   2.8101604461669922E+01  -3.4443464279174805E+00  -8.3374853134155273E+00   5.7985510826110840E+00   1.1260810852050781E+01  -1.5904537439346313E+00  -1.4900913238525391E+01   8.0920953750610352E+00   1.5890493523329496E-04
     1       15   2.2000000171829015E-05   3.6694549560546875E+01   5.7615756988525391E+00  -1.0301036834716797E+00   4.2213071137666702E-02   1.2941054999828339E-02  -1.1753903236240149E-03  -1.7577140533830971E-04   3.0651735869469121E-05  -1.2627157275346690E-06   2.6914789199829102E+01  -2.4967288970947266E+00  -7.9435210227966309E+00   4.4538011550903320E+00   9.9559869766235352E+00  -6.5174597501754761E-01  -1.2429334640502930E+01   6.3153648376464844E+00   1.6541592776775360E-04
     1       16   2.4000000848900527E-05   3.5355899810791016E+01   5.4491858482360840E+00  -9.9310743808746338E-01   4.5614209026098251E-02   1.2283525429666042E-02  -1.2605218216776848E-03  -1.6882443742360920E-04   3.2909549190662801E-05  -1.4695100389872096E-06   2.5740156173706055E+01  -2.7800004482269287E+00  -7.6399965286254883E+00   4.7714657783508301E+00   9.9279851913452148E+00  -1.0165001153945923E+00  -1.2755693435668945E+01   6.7056269645690918E+00   1.9560861983336508E-04
     1       17   2.5999999706982635E-05   3.3931472778320312E+01   5.2462458610534668E+00  -9.5124316215515137E-01   4.2898435145616531E-02   1.1787085793912411E-02  -1.1879750527441502E-03  -1.6167803551070392E-04   3.1011895771371201E-05  -1.3697040230908897E-06   2.4765632629394531E+01  -2.5908756256103516E+00  -7.3760566711425781E+00   4.4410290718078613E+00   9.4763078689575195E+00  -8.1498867273330688E-01  -1.2013513565063477E+01   6.1989464759826660E+00   1.4323429786600173E-04
     1       18   2.8000000384054147E-05   3.2754329681396484E+01   5.0508241653442383E+00  -9.2010933160781860E-01   4.2339272797107697E-02   1.1389243416488171E-02  -1.1695786379277706E-03  -1.5671305300202221E-04   3.0504166716127656E-05  -1.3588988849733141E-06   2.3826539993286133E+01  -2.5893893241882324E+00  -7.0610861778259277E+00   4.4520502090454102E+00   9.2046098709106445E+00  -9.7923845052719116E-01  -1.1865142822265625E+01   6.2570047378540039E+00   1.4938286039978266E-04
     1       19   2.9000000722589903E-05   3.2089603424072266E+01   4.9902920722961426E+00  -8.9962124824523926E-01   3.9395574480295181E-02   1.1201982386410236E-02  -1.0932522127404809E-03  -1.5326845459640026E-04   2.8516917154775001E-05  -1.2323122291491018E-06   2.3448932647705078E+01  -2.3657696247100830E+00  -6.9520668983459473E+00   4.1161842346191406E+00   8.8729572296142578E+00  -7.3782253265380859E-01  -1.1230855941772461E+01   5.7945399284362793E+00   1.8235991592518985E-04
     1       20   3.0999999580672011E-05   3.0975057601928711E+01   4.8535680770874023E+00  -8.6823940277099609E-01   3.6447446793317795E-02   1.0875798761844635E-02  -1.0151604656130075E-03  -1.4821282820776105E-04   2.6470854209037498E-05  -1.1096068419647054E-06   2.2681226730346680E+01  -2.1645629405975342E+00  -6.6867418289184570E+00   3.8478074073791504E+00   8.4429597854614258E+00  -6.5329027175903320E-01  -1.0647157669067383E+01   5.4877157211303711E+00   1.6096758190542459E-04
     1       21   3.3000000257743523E-05   3.0032421112060547E+01   4.7057027816772461E+00  -8.4168535470962524E-01   3.5404682159423828E-02   1.0544531978666782E-02  -9.8576804157346487E-04  -1.4378358901012689E-04   2.5690638722153381E-05  -1.0765427305159392E-06   2.1985569000244141E+01  -2.1070415973663330E+00  -6.4850044250488281E+00   3.7378559112548828E+00   8.1944913864135742E+00  -6.3279610872268677E-01  -1.0331076622009277E+01   5.3184509277343750E+00   1.4629322686232626E-04
     1       22   3.5000000934815034E-05   2.9239467620849609E+01   4.5446066856384277E+00  -8.1865233182907104E-01   3.6187004297971725E-02   1.0178122669458389E-02  -1.0051018325611949E-03  -1.3943975500296801E-04   2.6225274268654175E-05  -1.1418528629292268E-06   2.1355150222778320E+01  -2.1746873855590820E+00  -6.3320722579956055E+00   3.7761785984039307E+00   8.0983552932739258E+00  -7.0123219490051270E-01  -1.0280332565307617E+01   5.3248195648193359E+00   1.5785399591550231E-04
     1       23   3.6999997973907739E-05   2.8541120529174805E+01   4.3879761695861816E+00  -7.9860669374465942E-01   3.7625059485435486E-02   9.8297474905848503E-03  -1.0418096790090203E-03  -1.3558505452238023E-04   2.7215286536375061E-05  -1.2376483482512413E-06   2.0767251968383789E+01  -2.2882404327392578E+00  -6.1832180023193359E+00   3.8912267684936523E+00   8.0534200668334961E+00  -8.5124880075454712E-01  -1.0376061439514160E+01   5.4714121818542480E+00   1.8776446813717484E-04
     1       24   3.8999998650979251E-05   2.7989053726196289E+01   4.2165541648864746E+00  -7.8367418050765991E-01   4.1025243699550629E-02   9.4871902838349342E-03  -1.1279614409431815E-03  -1.3257231330499053E-04   2.9479209842975251E-05  -1.4217569059837842E-06   2.0208045959472656E+01  -2.5601828098297119E+00  -6.0660958290100098E+00   4.2063927650451660E+00   8.1881666183471680E+00  -1.1263952255249023E+00  -1.0801280021667480E+01   5.8363819122314453E+00   2.1918430866207927E-04
     1       25   4.0999999328050762E-05   2.7077297210693359E+01   4.1800994873046875E+00  -7.5522065162658691E-01   3.4836769104003906E-02   9.3058021739125252E-03  -9.6874410519376397E-04  -1.2798976968042552E-04   2.5334906240459532E-05  -1.1429880260038772E-06   1.9767372131347656E+01  -2.0868453979492188E+00  -5.9015569686889648E+00   3.5545482635498047E+00   7.5737099647521973E+00  -6.7506176233291626E-01  -9.6319389343261719E+00   5.0004558563232422E+00   1.8302338139619678E-04
     1       26   4.3000000005122274E-05   2.6476476669311523E+01   4.0804147720336914E+00  -7.3975449800491333E-01   3.4586437046527863E-02   9.1122966259717941E-03  -9.5978827448561788E-04  -1.2563052587211132E-04   2.5076007659663446E-05  -1.1358820302120876E-06   1.9277399063110352E+01  -2.0961143970489502E+00  -5.7349715232849121E+00   3.5770754814147949E+00   7.4438591003417969E+00  -7.7088731527328491E-01  -9.5772848129272461E+00   5.0445060729980469E+00   1.8843606812879443E-04
     1       27   4.6000001020729542E-05   2.5608272552490234E+01   3.9447293281555176E+00  -7.1452420949935913E-01   3.3542275428771973E-02   8.7899100035429001E-03  -9.3152659246698022E-04  -1.2122764746891335E-04   2.4347098587895744E-05  -1.1074822623413638E-06   1.8653512954711914E+01  -2.0298187732696533E+00  -5.5642275810241699E+00   3.4460630416870117E+00   7.2087149620056152E+00  -7.1510547399520874E-01  -9.2407369613647461E+00   4.8375301361083984E+00   1.6604844131506979E-04
     1       28   4.9999998736893758E-05   2.4564008712768555E+01   3.7901186943054199E+00  -6.8486988544464111E-01   3.1988278031349182E-02   8.4304688498377800E-03  -8.8963855523616076E-04  -1.1624117178143933E-04   2.3253833205671981E-05  -1.0548887985351030E-06   1.7897871017456055E+01  -1.9300435781478882E+00  -5.3300194740295410E+00   3.2905290126800537E+00   6.8910832405090332E+00  -6.9413655996322632E-01  -8.8481645584106445E+00   4.6534962654113770E+00   1.3219073298387229E-04
     1       29   5.2999999752501026E-05   2.3895769119262695E+01   3.6753835678100586E+00  -6.6629874706268311E-01   3.1731009483337402E-02   8.1844069063663483E-03  -8.8079005945473909E-04  -1.1319331679260358E-04   2.3000664441497065E-05  -1.0520600426389137E-06   1.7383535385131836E+01  -1.9287338256835938E+00  -5.1866326332092285E+00   3.2613716125488281E+00   6.7518954277038574E+00  -7.1304404735565186E-01  -8.6994323730468750E+00   4.5848598480224609E+00   1.7018674407154322E-04
     1       30   5.6000000768108293E-05   2.3123945236206055E+01   3.6203141212463379E+00  -6.4379823207855225E-01   2.7776818722486496E-02   8.0159092321991920E-03  -7.7804096508771181E-04  -1.0964818648062646E-04   2.0321231204434298E-05  -8.7520965053045074E-07   1.6931856155395508E+01  -1.6417281627655029E+00  -5.0141329765319824E+00   2.8807163238525391E+00   6.3227853775024414E+00  -4.9438518285751343E-01  -7.9819235801696777E+00   4.1204962730407715E+00   1.7537595704197884E-04
     1       31   5.9000001783715561E-05   2.2562608718872070E+01   3.5139291286468506E+00  -6.2647169828414917E-01   2.7894591912627220E-02   7.7486140653491020E-03  -7.8156759263947606E-04  -1.0625527647789568E-04   2.0450273950700648E-05  -9.0545682951415074E-07   1.6520050048828125E+01  -1.6467094421386719E+00  -4.9253559112548828E+00   2.8366322517395020E+00   6.2210550308227539E+00  -4.7319692373275757E-01  -7.8358764648437500E+00   4.0265321731567383E+00   1.0468885011505336E-04
     1       32   6.2999999499879777E-05   2.1998550415039062E+01   3.3608491420745850E+00  -6.1267417669296265E-01   3.0491044744849205E-02   7.4708457104861736E-03  -8.4560643881559372E-04  -1.0390549141447991E-04   2.2099882698967122E-05  -1.0386885378466104E-06   1.5948067665100098E+01  -1.8749728202819824E+00  -4.7672481536865234E+00   3.1315238475799561E+00   6.2992987632751465E+00  -7.7060955762863159E-01  -8.2226238250732422E+00   4.3999476432800293E+00   1.8044424359686673E-04
     1       33   6.9000001531094313E-05   2.0898027420043945E+01   3.2533042430877686E+00  -5.7936197519302368E-01   2.6085687801241875E-02   7.1512795984745026E-03  -7.3200324550271034E-04  -9.8235133918933570E-05   1.9161179807269946E-05  -8.5559628359987983E-07   1.5286987304687500E+01  -1.5455870628356934E+00  -4.5573587417602539E+00   2.6553351879119873E+00   5.7750287055969238E+00  -4.7083809971809387E-01  -7.3079853057861328E+00   3.7775804996490479E+00   1.7440582450944930E-04
     1       34   7.5000003562308848E-05   2.0149015426635742E+01   3.0945651531219482E+00  -5.5830013751983643E-01   2.7214583009481430E-02   6.8062716163694859E-03  -7.5995002407580614E-04  -9.4366434495896101E-05   1.9905075532733463E-05  -9.3239322040972183E-07   1.4661392211914062E+01  -1.6484613418579102E+00  -4.3986010551452637E+00   2.7515144348144531E+00   5.7130756378173828E+00  -5.9530216455459595E-01  -7.3544864654541016E+00   3.8715660572052002E+00   1.8715059559326619E-04
     1       35   8.0999998317565769E-05   1.9220079421997070E+01   3.0418968200683594E+00  -5.3149664402008057E-01   2.1843722090125084E-02   6.6368463449180126E-03  -6.2002264894545078E-04  -9.0368819655850530E-05   1.6234689610428177E-05  -6.8391892682484468E-07   1.4133962631225586E+01  -1.2608438730239868E+00  -4.1851100921630859E+00   2.2452776432037354E+00   5.1555724143981934E+00  -2.9979151487350464E-01  -6.4113955497741699E+00   3.2561039924621582E+00   1.2351566692814231E-04
     1       36   8.8000000687316060E-05   1.8626457214355469E+01   2.8655357360839844E+00  -5.1495206356048584E-01   2.5116434320807457E-02   6.2685804441571236E-03  -7.0387445157393813E-04  -8.6933920101728290E-05   1.8458727936376818E-05  -8.6831329326741979E-07   1.3551487922668457E+01  -1.5214649438858032E+00  -4.0626435279846191E+00   2.5415804386138916E+00   5.2709074020385742E+00  -5.6464797258377075E-01  -6.8043804168701172E+00   3.6015529632568359E+00   1.7603472224436700E-04
     1       37   9.4000002718530595E-05   1.7934814453125000E+01   2.8072316646575928E+00  -4.9459460377693176E-01   2.1975215524435043E-02   6.0958191752433777E-03  -6.2253349460661411E-04  -8.3624428953044116E-05   1.6343172319466248E-05  -7.3153978519258089E-07   1.3135832786560059E+01  -1.2938202619552612E+00  -3.9150485992431641E+00   2.2304182052612305E+00   4.9160137176513672E+00  -3.8342511653900146E-01  -6.2093410491943359E+00   3.2124104499816895E+00   1.4053520862944424E-04
     1       38   9.9999997473787516E-05   1.7477458953857422E+01   2.7016973495483398E+00  -4.8225933313369751E-01   2.3089217022061348E-02   5.8828834444284439E-03  -6.4967561047524214E-04  -8.1447535194456577E-05   1.7043334082700312E-05  -7.9470777336609899E-07   1.2730508804321289E+01  -1.3955521583557129E+00  -3.8157944679260254E+00   2.3379769325256348E+00   4.9135808944702148E+00  -4.9307951331138611E-01  -6.3109993934631348E+00   3.3202435970306396E+00   1.5812789206393063E-04
     1       39   1.0599999950500205E-04   1.6931524276733398E+01   2.6445071697235107E+00  -4.6624967455863953E-01   2.1127210929989815E-02   5.7262321934103966E-03  -5.9881480410695076E-04  -7.8749610111117363E-05   1.5727853678981774E-05  -7.1374682875102735E-07   1.2383202552795410E+01  -1.2566200494766235E+00  -3.7023713588714600E+00   2.1398391723632812E+00   4.6725239753723145E+00  -3.8041013479232788E-01  -5.9158234596252441E+00   3.0628399848937988E+00   1.0431862028781325E-04
     1       40   1.1300000187475234E-04   1.6427646636962891E+01   2.5587587356567383E+00  -4.5169490575790405E-01   2.0880214869976044E-02   5.5232387967407703E-03  -5.9230276383459568E-04  -7.6111347880214453E-05   1.5574998542433605E-05  -7.1781539645598968E-07   1.2003473281860352E+01  -1.2470972537994385E+00  -3.5974617004394531E+00   2.1047928333282471E+00   4.5576872825622559E+00  -3.9090165495872498E-01  -5.7902064323425293E+00   3.0104339122772217E+00   1.4576158719137311E-04
     1       41   1.1899999663000926E-04   1.5981472969055176E+01   2.5100469589233398E+00  -4.3911820650100708E-01   1.9408069550991058E-02   5.4026469588279724E-03  -5.5358553072437644E-04  -7.4085110099986196E-05   1.4564453522325493E-05  -6.5493003376104753E-07   1.1705265998840332E+01  -1.1492300033569336E+00  -3.4959595203399658E+00   1.9694775342941284E+00   4.3710813522338867E+00  -3.2721614837646484E-01  -5.5081334114074707E+00   2.8411743640899658E+00   1.2611565762199461E-04
     1       42   1.2500000593718141E-04   1.5682242393493652E+01   2.4264969825744629E+00  -4.3079414963722229E-01   2.0822834223508835E-02   5.2233198657631874E-03  -5.9029541444033384E-04  -7.2301176260225475E-05   1.5554469428025186E-05  -7.3933591693275957E-07   1.1416995048522949E+01  -1.2640297412872314E+00  -3.4283125400543213E+00   2.1041231155395508E+00   4.4111356735229492E+00  -4.5862844586372375E-01  -5.6850266456604004E+00   3.0084011554718018E+00   1.5844030713196844E-04
     1       43   1.3150001177564263E-04   1.5232566833496094E+01   2.3880240917205811E+00  -4.1707217693328857E-01   1.8723158165812492E-02   5.1039597019553185E-03  -5.3579156519845128E-04  -7.0049907662905753E-05   1.4128827388049103E-05  -6.4675037947381497E-07   1.1161680221557617E+01  -1.1095207929611206E+00  -3.3556234836578369E+00   1.8701573610305786E+00   4.1837801933288574E+00  -2.8599211573600769E-01  -5.2422175407409668E+00   2.6791238784790039E+00   1.6504729865118861E-04
     1       44   1.3800000306218863E-04   1.4915374755859375E+01   2.3271040916442871E+00  -4.0905895829200745E-01   1.9000871106982231E-02   4.9853119999170303E-03  -5.4206722415983677E-04  -6.8714005465153605E-05   1.4293249478214420E-05  -6.6630298078962369E-07   1.0883310317993164E+01  -1.1482608318328857E+00  -3.2633020877838135E+00   1.9275896549224854E+00   4.1424980163574219E+00  -3.7942588329315186E-01  -5.2891206741333008E+00   2.7692556381225586E+00   1.5696002810727805E-04
     1       45   1.5000000712461770E-04   1.4276599884033203E+01   2.2537460327148438E+00  -3.9067795872688293E-01   1.7010603100061417E-02   4.7979750670492649E-03  -4.9001374281942844E-04  -6.5645064751151949E-05   1.2941221939399838E-05  -5.8437120742382831E-07   1.0460396766662598E+01  -1.0150910615921021E+00  -3.1317694187164307E+00   1.7289441823959351E+00   3.8869497776031494E+00  -2.6803407073020935E-01  -4.8761968612670898E+00   2.5011329650878906E+00   9.4449686002917588E-05
     1       46   1.6300000424962491E-04   1.3725890159606934E+01   2.1655149459838867E+00  -3.7522515654563904E-01   1.6498517245054245E-02   4.5956699177622795E-03  -4.7617877135053277E-04  -6.2925289967097342E-05   1.2593321116582956E-05  -5.7459487834421452E-07   1.0045293807983398E+01  -9.9444270133972168E-01  -3.0127208232879639E+00   1.6798405647277832E+00   3.7497229576110840E+00  -2.7248433232307434E-01  -4.7177686691284180E+00   2.4287080764770508E+00   1.0549212311161682E-04
     1       47   1.7499999376013875E-04   1.3236999511718750E+01   2.1050980091094971E+00  -3.6139211058616638E-01   1.5193588100373745E-02   4.4486788101494312E-03  -4.4185676961205900E-04  -6.0627000493695959E-05   1.1700295544869732E-05  -5.2182758736307733E-07   9.7093992233276367E+00  -9.1110843420028687E-01  -2.9074873924255371E+00   1.5548901557922363E+00   3.5688023567199707E+00  -2.1349509060382843E-01  -4.4457831382751465E+00   2.2628991603851318E+00   1.1864303814945742E-04
     1       48   1.8800000543706119E-04   1.2819274902343750E+01   2.0278637409210205E+00  -3.4972611069679260E-01   1.5298676677048206E-02   4.2722905054688454E-03  -4.4465702376328409E-04  -5.8391666243551299E-05   1.1804952919192147E-05  -5.4366114454751369E-07   9.3738269805908203E+00  -9.3424284458160400E-01  -2.8141632080078125E+00   1.5691468715667725E+00   3.4988496303558350E+00  -2.6083266735076904E-01  -4.4099092483520508E+00   2.2774240970611572E+00   1.2762661208398640E-04
     1       49   1.9999999494757503E-04   1.2471059799194336E+01   1.9658620357513428E+00  -3.4065169095993042E-01   1.5297544188797474E-02   4.1507049463689327E-03  -4.4313969556242228E-04  -5.6948116252897307E-05   1.1750887097150553E-05  -5.4700700502507971E-07   9.0891160964965820E+00  -9.5316958427429199E-01  -2.7326340675354004E+00   1.5814696550369263E+00   3.4380617141723633E+00  -3.0000266432762146E-01  -4.3757205009460449E+00   2.2853653430938721E+00   1.3348819629754871E-04
     1       50   2.1899999410379678E-04   1.1993372917175293E+01   1.8734546899795532E+00  -3.2797831296920776E-01   1.5642372891306877E-02   3.9582345634698868E-03  -4.5114831300452352E-04  -5.4669297242071480E-05   1.1973706023127306E-05  -5.7679744713823311E-07   8.6866645812988281E+00  -1.0040732622146606E+00  -2.6189782619476318E+00   1.6327242851257324E+00   3.3774077892303467E+00  -3.8437011837959290E-01  -4.3870644569396973E+00   2.3448984622955322E+00   1.1329830158501863E-04
     1       51   2.3799999326001853E-04   1.1454198837280273E+01   1.8269830942153931E+00  -3.1195884943008423E-01   1.3165135867893696E-02   3.8169503677636385E-03  -3.8721889723092318E-04  -5.1927589083788916E-05   1.0324102731829043E-05  -4.7185841367536341E-07   8.3683671951293945E+00  -8.2918363809585571E-01  -2.5216100215911865E+00   1.3732538223266602E+00   3.1076059341430664E+00  -2.0809142291545868E-01  -3.8922715187072754E+00   1.9938826560974121E+00   1.1984700540779158E-04
     1       52   2.5599999935366213E-04   1.1104707717895508E+01   1.7600132226943970E+00  -3.0308157205581665E-01   1.3413017615675926E-02   3.6855014041066170E-03  -3.9260342600755394E-04  -5.0398128223605454E-05   1.0468583241163287E-05  -4.9125446821562946E-07   8.0666465759277344E+00  -8.7073427438735962E-01  -2.4316499233245850E+00   1.4212731122970581E+00   3.0632278919219971E+00  -2.8556096553802490E-01  -3.9170277118682861E+00   2.0592296123504639E+00   1.0223982098978013E-04
     1       53   2.7499999850988388E-04   1.0683167457580566E+01   1.7234456539154053E+00  -2.9121154546737671E-01   1.1525824666023254E-02   3.5917533095926046E-03  -3.4287388552911580E-04  -4.8573339881841093E-05   9.1599522420438007E-06  -4.0461080175191455E-07   7.8057813644409180E+00  -7.4359226226806641E-01  -2.3462586402893066E+00   1.2371399402618408E+00   2.8557937145233154E+00  -1.7166608572006226E-01  -3.5588824748992920E+00   1.8180521726608276E+00   1.0855776781681925E-04
     1       54   2.9399999766610563E-04   1.0392395019531250E+01   1.6621048450469971E+00  -2.8339225053787231E-01   1.1928599327802658E-02   3.4646128769963980E-03  -3.5252084489911795E-04  -4.7114241169765592E-05   9.4206498033599928E-06  -4.3262951976430486E-07   7.5588741302490234E+00  -7.8901553153991699E-01  -2.2881731986999512E+00   1.2741854190826416E+00   2.8345232009887695E+00  -2.1563002467155457E-01  -3.5744783878326416E+00   1.8489533662796021E+00   1.3113726163282990E-04
     1       55   3.1299999682232738E-04   1.0067853927612305E+01   1.6296635866165161E+00  -2.7502748370170593E-01   1.0737341828644276E-02   3.3995348494499922E-03  -3.2038791687227786E-04  -4.5924334699520841E-05   8.5667888924945146E-06  -3.7574406519524928E-07   7.3329529762268066E+00  -7.2048717737197876E-01  -2.2078952789306641E+00   1.1816239356994629E+00   2.6970651149749756E+00  -1.7658795416355133E-01  -3.3742296695709229E+00   1.7306985855102539E+00   1.0192191257374361E-04
     1       56   3.3099998836405575E-04   9.8155260086059570E+00   1.5886191129684448E+00  -2.6780965924263000E-01   1.0493992827832699E-02   3.2985082361847162E-03  -3.1439767917618155E-04  -4.4467145926319063E-05   8.4420526036410592E-06  -3.7659580698345962E-07   7.1453557014465332E+00  -7.1146893501281738E-01  -2.1589546203613281E+00   1.1532434225082397E+00   2.6342122554779053E+00  -1.7151859402656555E-01  -3.2942981719970703E+00   1.6902257204055786E+00   1.1531863128766418E-04
     1       57   3.4999998752027750E-04   9.6173458099365234E+00   1.5387057065963745E+00  -2.6349130272865295E-01   1.1212895624339581E-02   3.2206792384386063E-03  -3.3115220139734447E-04  -4.3845993786817417E-05   8.8588913058629259E-06  -4.0975993442771141E-07   6.9439196586608887E+00  -7.8631889820098877E-01  -2.1048557758331299E+00   1.2444202899932861E+00   2.6533792018890381E+00  -2.6412269473075867E-01  -3.4073436260223389E+00   1.8024244308471680E+00   1.4483860286418349E-04
     1       58   3.6899998667649925E-04   9.3660106658935547E+00   1.5117464065551758E+00  -2.5653061270713806E-01   1.0318934917449951E-02   3.1581979710608721E-03  -3.0724573298357427E-04  -4.2758627387229353E-05   8.2276255852775648E-06  -3.6909256095896126E-07   6.7793898582458496E+00  -7.2968453168869019E-01  -2.0565152168273926E+00   1.1549581289291382E+00   2.5471308231353760E+00  -2.0883721113204956E-01  -3.2259702682495117E+00   1.6801631450653076E+00   1.1889333836734295E-04
     1       59   3.8799998583272099E-04   9.1119203567504883E+00   1.4931944608688354E+00  -2.4912686645984650E-01   8.9913913980126381E-03   3.0989479273557663E-03  -2.7302376111038029E-04  -4.1455627069808543E-05   7.3526439337001648E-06  -3.1328758609561191E-07   6.6320772171020508E+00  -6.3815796375274658E-01  -2.0087316036224365E+00   1.0220571756362915E+00   2.4092147350311279E+00  -1.2144758552312851E-01  -2.9765272140502930E+00   1.5069117546081543E+00   1.2510694796219468E-04
     1       60   4.2500000563450158E-04   8.7776746749877930E+00   1.4293270111083984E+00  -2.4079932272434235E-01   9.1497842222452164E-03   2.9857840854674578E-03  -2.7472674264572561E-04  -4.0192437154473737E-05   7.3702458394109271E-06  -3.2041603503785154E-07   6.3512849807739258E+00  -6.7486149072647095E-01  -1.9399966001510620E+00   1.0436681509017944E+00   2.3677842617034912E+00  -1.5460935235023499E-01  -2.9562234878540039E+00   1.5116685628890991E+00   1.1329579137964174E-04
     1       61   4.6300000394694507E-04   8.4513072967529297E+00   1.3796068429946899E+00  -2.3209704458713531E-01   8.7001211941242218E-03   2.8806356713175774E-03  -2.6214341050945222E-04  -3.8692527596140280E-05   7.0478295128850732E-06  -3.0568213560400181E-07   6.1053290367126465E+00  -6.5853965282440186E-01  -1.8711593151092529E+00   1.0037215948104858E+00   2.2777903079986572E+00  -1.5094336867332458E-01  -2.8459959030151367E+00   1.4591367244720459E+00   1.3084823149256408E-04
     1       62   5.0000002374872565E-04   8.1650533676147461E+00   1.3404330015182495E+00  -2.2478248178958893E-01   8.1130890175700188E-03   2.8058458119630814E-03  -2.4548306828364730E-04  -3.7566329410765320E-05   6.6038719523930922E-06  -2.7925389645133691E-07   5.8915209770202637E+00  -6.3342648744583130E-01  -1.8073147535324097E+00   9.5721179246902466E-01   2.1871037483215332E+00  -1.4094664156436920E-01  -2.7286047935485840E+00   1.4001923799514771E+00   1.7111185297835618E-04
     1       63   5.3100002696737647E-04   7.9769940376281738E+00   1.3026161193847656E+00  -2.2034069895744324E-01   8.2975560799241066E-03   2.7451096102595329E-03  -2.4846542510204017E-04  -3.6945933970855549E-05   6.6597272052604239E-06  -2.8593771617124730E-07   5.7266325950622559E+00  -6.6410648822784424E-01  -1.7672988176345825E+00   9.8191940784454346E-01   2.1714284420013428E+00  -1.7026257514953613E-01  -2.7366061210632324E+00   1.4186346530914307E+00   1.3434834545478225E-04
     1       64   5.6299997959285975E-04   7.7921438217163086E+00   1.2685309648513794E+00  -2.1564339101314545E-01   8.3149056881666183E-03   2.6819759514182806E-03  -2.4775229394435883E-04  -3.6178054870106280E-05   6.6345796767564025E-06  -2.8830524456679996E-07   5.5756306648254395E+00  -6.7819428443908691E-01  -1.7309187650680542E+00   9.8428672552108765E-01   2.1418881416320801E+00  -1.8269969522953033E-01  -2.7123901844024658E+00   1.4128775596618652E+00   1.1963996803388000E-04
     1       65   5.9399998281151056E-04   7.5840568542480469E+00   1.2507301568984985E+00  -2.0964783430099487E-01   7.3381504043936729E-03   2.6342144701629877E-03  -2.2201704268809408E-04  -3.5229622881161049E-05   5.9585099734249525E-06  -2.4364928208342462E-07   5.4529514312744141E+00  -6.1075925827026367E-01  -1.6960252523422241E+00   8.7931919097900391E-01   2.0349929332733154E+00  -1.1179726570844650E-01  -2.5153536796569824E+00   1.2748000621795654E+00   1.3860649778507650E-04
     1       66   6.2499998603016138E-04   7.4726643562316895E+00   1.2109651565551758E+00  -2.0729789137840271E-01   8.2749156281352043E-03   2.5702065322548151E-03  -2.4504362954758108E-04  -3.4795135434251279E-05   6.5540548348508310E-06  -2.8984192113057361E-07   5.3209700584411621E+00  -6.9409573078155518E-01  -1.6701154708862305E+00   9.7625809907913208E-01   2.0828461647033691E+00  -1.9612708687782288E-01  -2.6536738872528076E+00   1.3925791978836060E+00   1.2149590475019068E-04
     1       67   6.8800000008195639E-04   7.1497225761413574E+00   1.1753889322280884E+00  -1.9853626191616058E-01   7.1451114490628242E-03   2.4968138895928860E-03  -2.1392703638412058E-04  -3.3525415346957743E-05   5.7165880207321607E-06  -2.3440703955657227E-07   5.1096262931823730E+00  -6.2478560209274292E-01  -1.6148709058761597E+00   8.5584110021591187E-01   1.9476288557052612E+00  -1.1647975444793701E-01  -2.4126465320587158E+00   1.2252819538116455E+00   1.7987504543270916E-04
     1       68   7.5000000651925802E-04   6.8898015022277832E+00   1.1410812139511108E+00  -1.9164410233497620E-01   6.5404390916228294E-03   2.4242557119578123E-03  -1.9739926210604608E-04  -3.2376861781813204E-05   5.2885411605529953E-06  -2.0992081317672273E-07   4.9216651916503906E+00  -5.9440046548843384E-01  -1.5599914789199829E+00   8.0121058225631714E-01   1.8578648567199707E+00  -9.8704375326633453E-02  -2.2895777225494385E+00   1.1593261957168579E+00   1.8693190941121429E-04
     1       69   8.1300002057105303E-04   6.7080965042114258E+00   1.0931673049926758E+00  -1.8694566190242767E-01   7.2041884995996952E-03   2.3372799623757601E-03  -2.1301218657754362E-04  -3.1587889679940417E-05   5.6788262554618996E-06  -2.4223842842729937E-07   4.7552642822265625E+00  -6.5515261888504028E-01  -1.5351067781448364E+00   8.4958952665328979E-01   1.8721479177474976E+00  -1.3819068670272827E-01  -2.3419446945190430E+00   1.2046575546264648E+00   1.4721312618348747E-04
     1       70   8.7500002700835466E-04   6.5044279098510742E+00   1.0672702789306641E+00  -1.8155689537525177E-01   6.6751083359122276E-03   2.2863314952701330E-03  -1.9815747509710491E-04  -3.0799623345956206E-05   5.2765399232157506E-06  -2.1646549441811658E-07   4.6118307113647461E+00  -6.2676417827606201E-01  -1.4961637258529663E+00   7.9625028371810913E-01   1.7982906103134155E+00  -1.1148840188980103E-01  -2.2278225421905518E+00   1.1342624425888062E+00   1.5932464157231152E-04
     1       71   9.3799998285248876E-04   6.3791384696960449E+00   1.0263935327529907E+00  -1.7901299893856049E-01   7.5549976900219917E-03   2.2274830844253302E-03  -2.1900904539506882E-04  -3.0478971893899143E-05   5.7949309848481789E-06  -2.5527674551995005E-07   4.4691147804260254E+00  -7.0792984962463379E-01  -1.4678531885147095E+00   8.8727217912673950E-01   1.8386089801788330E+00  -1.9363647699356079E-01  -2.3551850318908691E+00   1.2465121746063232E+00   1.7029092123266309E-04
     1       72   1.0000000474974513E-03   6.1876626014709473E+00   1.0118612051010132E+00  -1.7308233678340912E-01   6.5407501533627510E-03   2.1779278758913279E-03  -1.9278455874882638E-04  -2.9464204999385402E-05   5.1142505981260911E-06  -2.1101487845953670E-07   4.3677663803100586E+00  -6.3340169191360474E-01  -1.4440805912017822E+00   7.6694667339324951E-01   1.7299733161926270E+00  -1.0546549409627914E-01  -2.1389501094818115E+00   1.0876100063323975E+00   1.3787038915324956E-04
     1       73   1.0629999451339245E-03   6.0667629241943359E+00   9.8228389024734497E-01  -1.6967409849166870E-01   6.8838824518024921E-03   2.1115290001034737E-03  -2.0176403631921858E-04  -2.8688426027656533E-05   5.3696280701842625E-06  -2.3548727767774835E-07   4.2609539031982422E+00  -6.6516411304473877E-01  -1.4241600036621094E+00   7.9285538196563721E-01   1.7300788164138794E+00  -1.3454601168632507E-01  -2.1676828861236572E+00   1.1206759214401245E+00   1.9254336075391620E-04
     1       74   1.1249999515712261E-03   5.9847407341003418E+00   9.4816529750823975E-01  -1.6770960390567780E-01   7.7881827019155025E-03   2.0503890700638294E-03  -2.2451250697486103E-04  -2.8265161745366640E-05   5.9629537645378150E-06  -2.8151325182079745E-07   4.1603703498840332E+00  -7.4031889438629150E-01  -1.4107730388641357E+00   8.7531805038452148E-01   1.7775566577911377E+00  -2.0345301926136017E-01  -2.2907011508941650E+00   1.2221421003341675E+00   1.7485121497884393E-04
     1       75   1.1869999580085278E-03   5.8340191841125488E+00   9.3989807367324829E-01  -1.6306413710117340E-01   6.8443794734776020E-03   2.0172661170363426E-03  -2.0011892775073647E-04  -2.7471192879602313E-05   5.3318849495553877E-06  -2.4003193743737938E-07   4.0844802856445312E+00  -6.7230057716369629E-01  -1.3916738033294678E+00   7.6892471313476562E-01   1.6833150386810303E+00  -1.2472905218601227E-01  -2.1010003089904785E+00   1.0810521841049194E+00   1.5174098371062428E-04
     1       76   1.2499999720603228E-03   5.7203884124755859E+00   9.2783266305923462E-01  -1.6056874394416809E-01   6.4817294478416443E-03   2.0047407597303391E-03  -1.8949531659018248E-04  -2.7245869205216877E-05   5.0348635340924375E-06  -2.1861090715447062E-07   3.9962713718414307E+00  -6.5848243236541748E-01  -1.3611999750137329E+00   7.4810975790023804E-01   1.6396241188049316E+00  -1.2432760745286942E-01  -2.0494754314422607E+00   1.0592885017395020E+00   1.6501171921845526E-04
     1       77   1.3124999823048711E-03   5.6317510604858398E+00   9.0927654504776001E-01  -1.5820381045341492E-01   6.5952520817518234E-03   1.9681095145642757E-03  -1.9200827227905393E-04  -2.6850359063246287E-05   5.0959051804966293E-06  -2.2501302510136156E-07   3.9216713905334473E+00  -6.7225849628448486E-01  -1.3463343381881714E+00   7.5451922416687012E-01   1.6300768852233887E+00  -1.3595250248908997E-01  -2.0494687557220459E+00   1.0674225091934204E+00   2.0901224343106151E-04
     1       78   1.3749999925494194E-03   5.5216360092163086E+00   8.9651232957839966E-01  -1.5398719906806946E-01   6.1527122743427753E-03   1.9107878906652331E-03  -1.8172562704421580E-04  -2.5838815417955630E-05   4.8616343519825023E-06  -2.1530676974634844E-07   3.8722102642059326E+00  -6.3390219211578369E-01  -1.3497748374938965E+00   6.7533189058303833E-01   1.5775576829910278E+00  -6.1946924775838852E-02  -1.9116590023040771E+00   9.4914114475250244E-01   1.9242122652940452E-04
     1       79   1.5000000130385160E-03   5.3328952789306641E+00   8.8262450695037842E-01  -1.4931990206241608E-01   5.2480218000710011E-03   1.8871255451813340E-03  -1.5726841229479760E-04  -2.5268527679145336E-05   4.2073143049492501E-06  -1.6966365024018160E-07   3.7435448169708252E+00  -5.8259421586990356E-01  -1.3019598722457886E+00   6.0440444946289062E-01   1.4798718690872192E+00  -3.5129539668560028E-02  -1.7721742391586304E+00   8.7271904945373535E-01   2.9461985104717314E-04
     1       80   1.6250000335276127E-03   5.2516965866088867E+00   8.4307962656021118E-01  -1.4785067737102509E-01   6.4478740096092224E-03   1.8273688619956374E-03  -1.8701351655181497E-04  -2.5029421522049233E-05   4.9682757889968343E-06  -2.2615560624217323E-07   3.6240465641021729E+00  -6.8723428249359131E-01  -1.2851684093475342E+00   7.2423136234283447E-01   1.5510319471359253E+00  -1.3493895530700684E-01  -1.9533199071884155E+00   1.0204104185104370E+00   1.9363823230378330E-04
     1       81   1.7500000540167093E-03   5.1244077682495117E+00   8.2633262872695923E-01  -1.4465942978858948E-01   6.1791269108653069E-03   1.7965425504371524E-03  -1.7943973944056779E-04  -2.4593693524366245E-05   4.7599587560398504E-06  -2.1248889936487103E-07   3.5260648727416992E+00  -6.7844408750534058E-01  -1.2566595077514648E+00   7.0384430885314941E-01   1.5078723430633545E+00  -1.3658623397350311E-01  -1.9051177501678467E+00   1.0034244060516357E+00   2.6164986775256693E-04
     1       82   1.8749999580904841E-03   5.0016765594482422E+00   8.1275296211242676E-01  -1.4118027687072754E-01   5.7274671271443367E-03   1.7699026502668858E-03  -1.6657914966344833E-04  -2.4167073206626810E-05   4.3982845454593189E-06  -1.8715240912570152E-07   3.4508614540100098E+00  -6.5169954299926758E-01  -1.2487356662750244E+00   6.4174687862396240E-01   1.4571210145950317E+00  -8.0916762351989746E-02  -1.7866865396499634E+00   9.0559375286102295E-01   2.0699031301774085E-04
     1       83   2.0000000949949026E-03   4.9123234748840332E+00   7.9657787084579468E-01  -1.3905756175518036E-01   5.7591930963099003E-03   1.7376340692862868E-03  -1.6733027587179095E-04  -2.3712211259407923E-05   4.4355592763167806E-06  -1.9375768545160099E-07   3.3690054416656494E+00  -6.6663545370101929E-01  -1.2255610227584839E+00   6.5632963180541992E-01   1.4450449943542480E+00  -1.0650753229856491E-01  -1.7987102270126343E+00   9.3022257089614868E-01   2.4776381906121969E-04
     1       84   2.1879998967051506E-03   4.8112320899963379E+00   7.6729679107666016E-01  -1.3635610044002533E-01   6.2622949481010437E-03   1.6797853168100119E-03  -1.7988744366448373E-04  -2.3168769985204563E-05   4.7653311412432231E-06  -2.2124763177089335E-07   3.2698738574981689E+00  -7.1407717466354370E-01  -1.2153815031051636E+00   6.9375574588775635E-01   1.4616400003433228E+00  -1.3832475244998932E-01  -1.8483260869979858E+00   9.7287809848785400E-01   2.6115230866707861E-04
     1       85   2.3749999236315489E-03   4.6941990852355957E+00   7.5222504138946533E-01  -1.3304142653942108E-01   5.9670344926416874E-03   1.6434630379080772E-03  -1.7207289056386799E-04  -2.2609534426010214E-05   4.5612791836902034E-06  -2.0929130073454871E-07   3.1879978179931641E+00  -7.0083373785018921E-01  -1.1996796131134033E+00   6.5791732072830200E-01   1.4202380180358887E+00  -1.1600567400455475E-01  -1.7767738103866577E+00   9.2452716827392578E-01   2.3552511993329972E-04
     1       86   2.5629999581724405E-03   4.5834469795227051E+00   7.4269938468933105E-01  -1.3011027872562408E-01   5.4803015664219856E-03   1.6239696415141225E-03  -1.5890799113549292E-04  -2.2224578060558997E-05   4.2067367758136243E-06  -1.8479789787306800E-07   3.1146395206451416E+00  -6.7430329322814941E-01  -1.1807419061660767E+00   6.1002635955810547E-01   1.3665814399719238E+00  -8.8028863072395325E-02  -1.6858431100845337E+00   8.6510074138641357E-01   2.5629627634771168E-04
     1       87   2.7499999850988388E-03   4.4742879867553711E+00   7.3708027601242065E-01  -1.2679226696491241E-01   4.7949831932783127E-03   1.5999526949599385E-03  -1.4136417303234339E-04  -2.1638483303831890E-05   3.7570403037534561E-06  -1.5550176613032818E-07   3.0562136173248291E+00  -6.2923473119735718E-01  -1.1677979230880737E+00   5.3497272729873657E-01   1.2993257045745850E+00  -3.3801361918449402E-02  -1.5525457859039307E+00   7.6731479167938232E-01   2.2386114869732410E-04
     1       88   2.9380000196397305E-03   4.3843660354614258E+00   7.3181235790252686E-01  -1.2455813586711884E-01   4.2956494726240635E-03   1.5916364500299096E-03  -1.2784595310222358E-04  -2.1383837520261295E-05   3.3938397336896742E-06  -1.2977335472896812E-07   2.9970476627349854E+00  -6.0249394178390503E-01  -1.1500918865203857E+00   4.9100577831268311E-01   1.2494943141937256E+00  -9.3658771365880966E-03  -1.4698280096054077E+00   7.1487075090408325E-01   3.9694603765383363E-04
     1       89   3.1250000465661287E-03   4.3937602043151855E+00   6.9727581739425659E-01  -1.2518861889839172E-01   6.0173762030899525E-03   1.5315393684431911E-03  -1.7242567264474928E-04  -2.1219851987552829E-05   4.5754400161968078E-06  -2.1854714304936351E-07   2.9347035884857178E+00  -7.3982971906661987E-01  -1.1552466154098511E+00   6.5527069568634033E-01   1.3721461296081543E+00  -1.3573662936687469E-01  -1.7382884025573730E+00   9.2104876041412354E-01   2.3637425329070538E-04
     1       90   3.3120000734925270E-03   4.2995948791503906E+00   6.9912093877792358E-01  -1.2241782248020172E-01   5.1095350645482540E-03   1.5289481962099671E-03  -1.4855440531391650E-04  -2.0879948351648636E-05   3.9414981074514799E-06  -1.7331400670173025E-07   2.8956515789031982E+00  -6.7769515514373779E-01  -1.1450748443603516E+00   5.6001716852188110E-01   1.2935373783111572E+00  -6.2312021851539612E-02  -1.5719971656799316E+00   7.9379820823669434E-01   2.0570830383803695E-04
     1       91   3.5000001080334187E-03   4.2275223731994629E+00   6.9576436281204224E-01  -1.2013678997755051E-01   4.6379831619560719E-03   1.5117276925593615E-03  -1.3659863907378167E-04  -2.0467810827540234E-05   3.6358553643367486E-06  -1.5346977022545616E-07   2.8592271804809570E+00  -6.4540964365005493E-01  -1.1377629041671753E+00   5.0581628084182739E-01   1.2458215951919556E+00  -2.4459451436996460E-02  -1.4785286188125610E+00   7.2729259729385376E-01   2.2851071844343096E-04
     1       92   3.6875000223517418E-03   4.2007331848144531E+00   6.8243306875228882E-01  -1.1977363377809525E-01   5.0639384426176548E-03   1.4925623545423150E-03  -1.4724335051141679E-04  -2.0395771571202204E-05   3.9122469388530590E-06  -1.7416765274447243E-07   2.8144588470458984E+00  -6.8632960319519043E-01  -1.1310720443725586E+00   5.5273514986038208E-01   1.2728075981140137E+00  -6.5105810761451721E-02  -1.5504293441772461E+00   7.8646457195281982E-01   2.5985669344663620E-04
     1       93   3.8749999366700649E-03   4.1595554351806641E+00   6.7212933301925659E-01  -1.1811069399118423E-01   5.1515195518732071E-03   1.4584580203518271E-03  -1.5007934416644275E-04  -1.9942068320233375E-05   4.0028435250860639E-06  -1.8420669789520616E-07   2.7878925800323486E+00  -6.9223827123641968E-01  -1.1379032135009766E+00   5.4099750518798828E-01   1.2701194286346436E+00  -4.9074336886405945E-02  -1.5300042629241943E+00   7.6424777507781982E-01   2.5729922344908118E-04
     1       94   4.0624998509883881E-03   4.1341876983642578E+00   6.6444253921508789E-01  -1.1829167604446411E-01   5.3463708609342575E-03   1.4654172118753195E-03  -1.5363220882136375E-04  -2.0201207007630728E-05   4.0658319448994007E-06  -1.8597020812194387E-07   2.7453269958496094E+00  -7.2116708755493164E-01  -1.1269860267639160E+00   5.7570803165435791E-01   1.2852088212966919E+00  -8.0019488930702209E-02  -1.5774005651473999E+00   8.0454128980636597E-01   2.2798120335210115E-04
     1       95   4.2500002309679985E-03   4.0995841026306152E+00   6.5745866298675537E-01  -1.1724568158388138E-01   5.3854789584875107E-03   1.4463114785030484E-03  -1.5495414845645428E-04  -1.9949293346144259E-05   4.1103471630776767E-06  -1.9114132498998515E-07   2.7163369655609131E+00  -7.2626394033432007E-01  -1.1212618350982666E+00   5.7672065496444702E-01   1.2777527570724487E+00  -8.9560404419898987E-02  -1.5794717073440552E+00   8.1668907403945923E-01   2.5589342112652957E-04
     1       96   4.4375001452863216E-03   4.0079407691955566E+00   6.7137467861175537E-01  -1.1455326527357101E-01   3.9533483795821667E-03   1.4644211623817682E-03  -1.1783929221564904E-04  -1.9658429664559662E-05   3.1358997603092575E-06  -1.2089910228496592E-07   2.6955504417419434E+00  -6.2427109479904175E-01  -1.1035106182098389E+00   4.4136467576026917E-01   1.1623722314834595E+00   6.9552431814372540E-03  -1.3489240407943726E+00   6.4778804779052734E-01   2.4892220972105861E-04
     1       97   4.6250000596046448E-03   3.9993703365325928E+00   6.6034686565399170E-01  -1.1470822989940643E-01   4.4296872802078724E-03   1.4508872991427779E-03  -1.2982798216398805E-04  -1.9679313481901772E-05   3.4467327623133315E-06  -1.4354949939843209E-07   2.6634173393249512E+00  -6.6700398921966553E-01  -1.0984619855880737E+00   4.9422815442085266E-01   1.1944392919540405E+00  -4.0155529975891113E-02  -1.4337717294692993E+00   7.1984660625457764E-01   3.1932641286402941E-04
     1       98   4.9999998882412910E-03   3.9621546268463135E+00   6.4617341756820679E-01  -1.1395797878503799E-01   4.7841304913163185E-03   1.4295926084741950E-03  -1.3839761959388852E-04  -1.9567978597478941E-05   3.6628730413212907E-06  -1.5974343625657639E-07   2.6159644126892090E+00  -7.0369100570678711E-01  -1.0978363752365112E+00   5.2546226978302002E-01   1.2159744501113892E+00  -6.1559882014989853E-02  -1.4785766601562500E+00   7.5147956609725952E-01   2.6288183289580047E-04
     1       99   5.3130001761019230E-03   3.9256620407104492E+00   6.3823556900024414E-01  -1.1297868937253952E-01   4.8454799689352512E-03   1.4134800294414163E-03  -1.3983594544697553E-04  -1.9391507521504536E-05   3.6998847008362645E-06  -1.6343030040388840E-07   2.5836098194122314E+00  -7.1360194683074951E-01  -1.0957341194152832E+00   5.2706801891326904E-01   1.2139919996261597E+00  -6.3746742904186249E-02  -1.4780315160751343E+00   7.5205761194229126E-01   2.8252499760128558E-04
     1      100   5.6250002235174179E-03   3.8850052356719971E+00   6.3294816017150879E-01  -1.1164020746946335E-01   4.7298818826675415E-03   1.3962180819362402E-03  -1.3701949501410127E-04  -1.9109711502096616E-05   3.6325543533166638E-06  -1.6038639216731099E-07   2.5585746765136719E+00  -7.0770788192749023E-01  -1.0960768461227417E+00   5.0612628459930420E-01   1.1977428197860718E+00  -4.6950705349445343E-02  -1.4417273998260498E+00   7.2477871179580688E-01   2.9371556593105197E-04
     1      101   5.9380000457167625E-03   3.8572423458099365E+00   6.2868040800094604E-01  -1.1147811263799667E-01   4.7404780052602291E-03   1.4009077567607164E-03  -1.3645018043462187E-04  -1.9231763872085139E-05   3.6012183954881039E-06  -1.5660798169392365E-07   2.5240354537963867E+00  -7.1941864490509033E-01  -1.0841482877731323E+00   5.2095252275466919E-01   1.1960707902908325E+00  -6.7213580012321472E-02  -1.4603978395462036E+00   7.4771946668624878E-01   3.1945650698617101E-04
     1      102   6.2500000931322575E-03   3.7966904640197754E+00   6.3232803344726562E-01  -1.0927823185920715E-01   4.0205391123890877E-03   1.3924663653597236E-03  -1.1832670134026557E-04  -1.8823784557753243E-05   3.1374245281767799E-06  -1.2525150339115498E-07   2.5101988315582275E+00  -6.6475617885589600E-01  -1.0819234848022461E+00   4.3797290325164795E-01   1.1322515010833740E+00  -3.9838287048041821E-03  -1.3228545188903809E+00   6.4397579431533813E-01   3.1047049560584128E-04
     1      103   6.5625002607703209E-03   3.7946388721466064E+00   6.2029081583023071E-01  -1.0940178483724594E-01   4.5760013163089752E-03   1.3733613304793835E-03  -1.3250777556095272E-04  -1.8790457033901475E-05   3.5083833154203603E-06  -1.5277495890586579E-07   2.4850487709045410E+00  -7.1118313074111938E-01  -1.0844991207122803E+00   4.8993685841560364E-01   1.1715517044067383E+00  -4.3091934174299240E-02  -1.4072377681732178E+00   7.0750403404235840E-01   3.4583680098876357E-04
     1      104   6.8749999627470970E-03   3.7498438358306885E+00   6.2195575237274170E-01  -1.0784418135881424E-01   4.0933028794825077E-03   1.3672501081600785E-03  -1.2023824092466384E-04  -1.8518974684411660E-05   3.1917597880237736E-06  -1.3118720687543828E-07   2.4719862937927246E+00  -6.7581635713577271E-01  -1.0834785699844360E+00   4.3359661102294922E-01   1.1287295818328857E+00   9.5971947303041816E-04  -1.3129794597625732E+00   6.3518500328063965E-01   4.5629838132299483E-04
     1      105   7.1874996647238731E-03   3.7351195812225342E+00   6.2077361345291138E-01  -1.0854090005159378E-01   4.1222185827791691E-03   1.3884309446439147E-03  -1.1978721886407584E-04  -1.8888757040258497E-05   3.1556314752378967E-06  -1.2528968795777473E-07   2.4367499351501465E+00  -6.9246435165405273E-01  -1.0599957704544067E+00   4.6946781873703003E-01   1.1307511329650879E+00  -4.7459714114665985E-02  -1.3659642934799194E+00   6.9605743885040283E-01   3.3869434264488518E-04
     1      106   7.4999998323619366E-03   3.7255053520202637E+00   6.0847246646881104E-01  -1.0712374001741409E-01   4.5033320784568787E-03   1.3395566493272781E-03  -1.3078408665023744E-04  -1.8308115613763221E-05   3.4711406442511361E-06  -1.5314741119709652E-07   2.4383687973022461E+00  -7.1238553524017334E-01  -1.0898911952972412E+00   4.6257844567298889E-01   1.1555888652801514E+00  -1.3855199329555035E-02  -1.3574547767639160E+00   6.6012597084045410E-01   5.0656648818403482E-04
     1      107   7.6562501490116119E-03   3.7659330368041992E+00   5.8931750059127808E-01  -1.0817398875951767E-01   5.7246661745011806E-03   1.3033940922468901E-03  -1.6259805124718696E-04  -1.8267788618686609E-05   4.3138884393556509E-06  -2.1595523946871253E-07   2.4290232658386230E+00  -8.0297011137008667E-01  -1.1073752641677856E+00   5.6769371032714844E-01   1.2483801841735840E+00  -8.3688676357269287E-02  -1.5338346958160400E+00   7.8406298160552979E-01   4.5705446973443031E-04
     1      108   7.8125000000000000E-03   3.6949391365051270E+00   6.0895073413848877E-01  -1.0616245120763779E-01   4.2183119803667068E-03   1.3356913113966584E-03  -1.2354869977571070E-04  -1.8144681234844029E-05   3.2852526601345744E-06  -1.4054390362616687E-07   2.4254486560821533E+00  -6.9248318672180176E-01  -1.0860098600387573E+00   4.3205964565277100E-01   1.1278990507125854E+00   4.7200229018926620E-03  -1.3071669340133667E+00   6.2824213504791260E-01   3.6318492493592203E-04
     1      109   8.1249997019767761E-03   3.7213695049285889E+00   5.9222847223281860E-01  -1.0716450959444046E-01   5.2375867962837219E-03   1.3109778519719839E-03  -1.4971972268540412E-04  -1.8206737877335399E-05   3.9712981561024208E-06  -1.9080648883118556E-07   2.4050531387329102E+00  -7.7320390939712524E-01  -1.0940200090408325E+00   5.2936398983001709E-01   1.2061389684677124E+00  -6.5083205699920654E-02  -1.4671535491943359E+00   7.4435031414031982E-01   4.4069529394619167E-04
     1      110   8.4374994039535522E-03   3.6701595783233643E+00   6.0140794515609741E-01  -1.0567945986986160E-01   4.3743504211306572E-03   1.3244831934571266E-03  -1.2729843729175627E-04  -1.8071938029606827E-05   3.3805101793404901E-06  -1.4786206747885444E-07   2.3953950405120850E+00  -7.1143639087677002E-01  -1.0834350585937500E+00   4.4818326830863953E-01   1.1363919973373413E+00  -8.7451022118330002E-03  -1.3302193880081177E+00   6.4555644989013672E-01   3.5475176991894841E-04
     1      111   8.5937492549419403E-03   3.6805393695831299E+00   5.9505420923233032E-01  -1.0620746016502380E-01   4.7801532782614231E-03   1.3177387882024050E-03  -1.3763754395768046E-04  -1.8144392015528865E-05   3.6498165627563139E-06  -1.6723386409012164E-07   2.3842806816101074E+00  -7.4467623233795166E-01  -1.0826872587203979E+00   4.9179750680923462E-01   1.1664818525314331E+00  -4.5476004481315613E-02  -1.4023334980010986E+00   7.0437318086624146E-01   5.1051424816250801E-04
     1      112   8.7500000372529030E-03   3.6935927867889404E+00   5.8493798971176147E-01  -1.0616222769021988E-01   5.3156935609877110E-03   1.2908349744975567E-03  -1.5186134260147810E-04  -1.7960011973627843E-05   4.0327417991647962E-06  -1.9701593600984779E-07   2.3842754364013672E+00  -7.8171896934509277E-01  -1.1002858877182007E+00   5.2393698692321777E-01   1.2079355716705322E+00  -5.3471662104129791E-02  -1.4562737941741943E+00   7.2736084461212158E-01   5.1837874343618751E-04
     1      113   9.0625006705522537E-03   3.6513528823852539E+00   5.9337002038955688E-01  -1.0520178824663162E-01   4.5908917672932148E-03   1.3090701540932059E-03  -1.3281461724545807E-04  -1.7954687791643664E-05   3.5259856758784736E-06  -1.5930577035305760E-07   2.3713216781616211E+00  -7.3215752840042114E-01  -1.0846983194351196E+00   4.6474647521972656E-01   1.1482431888580322E+00  -2.1421350538730621E-02  -1.3562685251235962E+00   6.6593343019485474E-01   4.5946208410896361E-04
     1      114   9.1406255960464478E-03   3.7318599224090576E+00   5.6654816865921021E-01  -1.0801158100366592E-01   6.5677468664944172E-03   1.2738346122205257E-03  -1.8370870384387672E-04  -1.8236254618386738E-05   4.8608008000883274E-06  -2.5620769861234294E-07   2.3542649745941162E+00  -8.8380777835845947E-01  -1.0974310636520386E+00   6.6047716140747070E-01   1.3017234802246094E+00  -1.6920667886734009E-01  -1.6824423074722290E+00   9.1282671689987183E-01   4.7568554873578250E-04
     1      115   9.2187505215406418E-03   3.6770966053009033E+00   5.8442330360412598E-01  -1.0664004832506180E-01   5.2886116318404675E-03   1.3088918058201671E-03  -1.5022425213828683E-04  -1.8252660083817318E-05   3.9709707380097825E-06  -1.8990647276950767E-07   2.3526916503906250E+00  -7.9175406694412231E-01  -1.0780910253524780E+00   5.5008625984191895E-01   1.2028927803039551E+00  -9.6276968717575073E-02  -1.4957814216613770E+00   7.8200709819793701E-01   5.3248641779646277E-04
     1      116   9.2968754470348358E-03   3.6746318340301514E+00   5.8033281564712524E-01  -1.0584557056427002E-01   5.3904447704553604E-03   1.2851338833570480E-03  -1.5359885583166033E-04  -1.7926558939507231E-05   4.0761478885542601E-06  -2.0031026792821649E-07   2.3615636825561523E+00  -7.9268389940261841E-01  -1.0951855182647705E+00   5.3486400842666626E-01   1.2091985940933228E+00  -6.8194545805454254E-02  -1.4730235338211060E+00   7.4735409021377563E-01   5.1389681175351143E-04
     1      117   9.3359379097819328E-03   3.6515300273895264E+00   5.8659088611602783E-01  -1.0500844568014145E-01   4.8880418762564659E-03   1.2916745617985725E-03  -1.4072665362618864E-04  -1.7818989363149740E-05   3.7401700865302701E-06  -1.7621067627260345E-07   2.3646628856658936E+00  -7.5391399860382080E-01  -1.0926122665405273E+00   4.8333975672721863E-01   1.1692823171615601E+00  -2.9088595882058144E-02  -1.3874734640121460E+00   6.8280303478240967E-01   5.0166324945166707E-04
     1      118   9.3750003725290298E-03   3.7024354934692383E+00   5.7016938924789429E-01  -1.0683837532997131E-01   6.1218445189297199E-03   1.2710393639281392E-03  -1.7251267854589969E-04  -1.8012437067227438E-05   4.5743818191112950E-06  -2.3668636117690767E-07   2.3530571460723877E+00  -8.4879767894744873E-01  -1.0980449914932251E+00   6.0843062400817871E-01   1.2641595602035522E+00  -1.2732219696044922E-01  -1.5966091156005859E+00   8.4540706872940063E-01   4.2138414573855698E-04
     1      119   9.5312502235174179E-03   3.6734876632690430E+00   5.7789367437362671E-01  -1.0623611509799957E-01   5.5342311970889568E-03   1.2892618542537093E-03  -1.5693313616793603E-04  -1.8060694856103510E-05   4.1563521335774567E-06  -2.0512176490683487E-07   2.3467593193054199E+00  -8.0875152349472046E-01  -1.0870556831359863E+00   5.6084692478179932E-01   1.2191008329391479E+00  -9.7204260528087616E-02  -1.5146247148513794E+00   7.8865796327590942E-01   4.7403696225956082E-04
     1      120   9.5703126862645149E-03   3.6930782794952393E+00   5.7047367095947266E-01  -1.0679832100868225E-01   6.0509797185659409E-03   1.2756134383380413E-03  -1.7047119035851210E-04  -1.8061051378026605E-05   4.5168553697294556E-06  -2.3198353460429644E-07   2.3433635234832764E+00  -8.4668093919754028E-01  -1.0913730859756470E+00   6.0872733592987061E-01   1.2568858861923218E+00  -1.3470961153507233E-01  -1.5964279174804688E+00   8.5299116373062134E-01   5.4003868717700243E-04
     1      121   9.5715336501598358E-03   3.5996398925781250E+00   5.9929674863815308E-01  -1.0347217321395874E-01   3.8541159592568874E-03   1.3111127773299813E-03  -1.1393201566534117E-04  -1.7698095689411275E-05   3.0344665447046282E-06  -1.2467687326989108E-07   2.3612008094787598E+00  -6.7810022830963135E-01  -1.0803259611129761E+00   3.8682004809379578E-01   1.0866590738296509E+00   3.7253711372613907E-02  -1.2258728742599487E+00   5.6754046678543091E-01   5.1077740499749780E-04
     1      122   9.5727536827325821E-03   3.5783913135528564E+00   6.0680609941482544E-01  -1.0293257981538773E-01   3.3295978792011738E-03   1.3258596882224083E-03  -1.0018989996751770E-04  -1.7710908650769852E-05   2.6687478111853125E-06  -9.7362310214066383E-08   2.3619012832641602E+00  -6.4002084732055664E-01  -1.0729547739028931E+00   3.4099525213241577E-01   1.0463218688964844E+00   6.8102955818176270E-02  -1.1485478878021240E+00   5.1277089118957520E-01   5.8014516253024340E-04
     1      123   9.5733646303415298E-03   3.6779892444610596E+00   5.7647484540939331E-01  -1.0657099634408951E-01   5.6629693135619164E-03   1.2906057527288795E-03  -1.6017258167266846E-04  -1.8133756384486333E-05   4.2399797166581266E-06  -2.1081388013044489E-07   2.3412103652954102E+00  -8.1992655992507935E-01  -1.0821629762649536E+00   5.8014094829559326E-01   1.2268447875976562E+00  -1.2016880512237549E-01  -1.5478233098983765E+00   8.2367271184921265E-01   4.9648107960820198E-04
     1      124   9.5739746466279030E-03   3.6873614788055420E+00   5.7353109121322632E-01  -1.0689669847488403E-01   5.8828797191381454E-03   1.2870287755504251E-03  -1.6580231022089720E-04  -1.8171262126998045E-05   4.3868421926163137E-06  -2.2139988686831202E-07   2.3397247791290283E+00  -8.3697855472564697E-01  -1.0841757059097290E+00   6.0172784328460693E-01   1.2448116540908813E+00  -1.3490633666515350E-01  -1.5832359790802002E+00   8.4813010692596436E-01   4.7039822675287724E-04
     1      125   9.5751956105232239E-03   3.6186614036560059E+00   5.9550172090530396E-01  -1.0462539643049240E-01   4.2457794770598412E-03   1.3186136493459344E-03  -1.2345561117399484E-04  -1.7981506971409544E-05   3.2720452054491034E-06  -1.4003106230120466E-07   2.3502697944641113E+00  -7.1324753761291504E-01  -1.0725358724594116E+00   4.4191560149192810E-01   1.1186503171920776E+00  -1.3945449143648148E-02  -1.3153818845748901E+00   6.4467793703079224E-01   5.2531249821186066E-04
     1      126   9.5776366069912910E-03   3.6163167953491211E+00   5.9638589620590210E-01  -1.0459040105342865E-01   4.1863732039928436E-03   1.3210853794589639E-03  -1.2184791557956487E-04  -1.7997741451836191E-05   3.2278981052513700E-06  -1.3657189867899433E-07   2.3500332832336426E+00  -7.0925921201705933E-01  -1.0716042518615723E+00   4.3714714050292969E-01   1.1144170761108398E+00  -1.0491875931620598E-02  -1.3069187402725220E+00   6.3854211568832397E-01   4.7957038623280823E-04
     1      127   9.5800776034593582E-03   3.6431865692138672E+00   5.8790147304534912E-01  -1.0551439225673676E-01   4.8248930834233761E-03   1.3096707407385111E-03  -1.3833133562002331E-04  -1.8084836483467370E-05   3.6613523661799263E-06  -1.6812622050110804E-07   2.3452305793762207E+00  -7.5791060924530029E-01  -1.0753237009048462E+00   5.0073313713073730E-01   1.1637207269668579E+00  -5.9382848441600800E-02  -1.4133325815200806E+00   7.1999472379684448E-01   5.5031047668308020E-04
     1      128   9.5898434519767761E-03   3.6185145378112793E+00   5.9521251916885376E-01  -1.0460880398750305E-01   4.2599057778716087E-03   1.3174269115552306E-03  -1.2388853065203875E-04  -1.7968355678021908E-05   3.2848515729710925E-06  -1.4110565871305880E-07   2.3496971130371094E+00  -7.1392762660980225E-01  -1.0719529390335083E+00   4.4324746727943420E-01   1.1184177398681641E+00  -1.7017666250467300E-02  -1.3185268640518188E+00   6.4994364976882935E-01   4.7301061567850411E-04
     1      129   9.5922853797674179E-03   3.6071302890777588E+00   5.9928852319717407E-01  -1.0433875024318695E-01   3.9787190034985542E-03   1.3257601531222463E-03  -1.1651341628748924E-04  -1.7981254131882451E-05   3.0884975785738789E-06  -1.2640661850582546E-07   2.3496539592742920E+00  -6.9365721940994263E-01  -1.0673903226852417E+00   4.1941851377487183E-01   1.0966012477874756E+00  -1.8830490298569202E-03  -1.2783389091491699E+00   6.2272006273269653E-01   4.9759197281673551E-04
     1      130   9.5947263762354851E-03   3.6018741130828857E+00   5.9946298599243164E-01  -1.0384295880794525E-01   3.8915874902158976E-03   1.3185220304876566E-03  -1.1455393541837111E-04  -1.7832433513831347E-05   3.0433266147156246E-06  -1.2422000850165205E-07   2.3556451797485352E+00  -6.8416029214859009E-01  -1.0747280120849609E+00   3.9975059032440186E-01   1.0905220508575439E+00   2.2330151870846748E-02  -1.2459229230880737E+00   5.8726936578750610E-01   5.6601379765197635E-04
     1      131   9.5996093004941940E-03   3.6426792144775391E+00   5.8642631769180298E-01  -1.0521871596574783E-01   4.8662447370588779E-03   1.3002970954403281E-03  -1.3974778994452208E-04  -1.7954016584553756E-05   3.7062970932311146E-06  -1.7255447914976685E-07   2.3487415313720703E+00  -7.5804406404495239E-01  -1.0809282064437866E+00   4.9573597311973572E-01   1.1652873754501343E+00  -5.1486872136592865E-02  -1.4068787097930908E+00   7.1134096384048462E-01   4.7200475819408894E-04
     1      132   9.6044922247529030E-03   3.6575608253479004E+00   5.8085578680038452E-01  -1.0555832087993622E-01   5.2409195341169834E-03   1.2890854850411415E-03  -1.4952513447497040E-04  -1.7938476958079264E-05   3.9653464227740187E-06  -1.9187933730790974E-07   2.3490891456604004E+00  -7.8513109683990479E-01  -1.0882177352905273E+00   5.2624011039733887E-01   1.1949692964553833E+00  -6.8698234856128693E-02  -1.4577740430831909E+00   7.4354511499404907E-01   5.8262987295165658E-04
     1      133   9.6093751490116119E-03   3.6529154777526855E+00   5.8233958482742310E-01  -1.0542473942041397E-01   5.1331203430891037E-03   1.2915313709527254E-03  -1.4673422265332192E-04  -1.7931299225892872E-05   3.8918610698601697E-06  -1.8648245259100804E-07   2.3492307662963867E+00  -7.7710318565368652E-01  -1.0866978168487549E+00   5.1651966571807861E-01   1.1862958669662476E+00  -6.2513425946235657E-02  -1.4416646957397461E+00   7.3272919654846191E-01   5.2580877672880888E-04
     1      134   9.6118170768022537E-03   3.6148030757904053E+00   5.9305405616760254E-01  -1.0384212434291840E-01   4.2680092155933380E-03   1.2985824141651392E-03  -1.2477813288569450E-04  -1.7676091374596581E-05   3.3232672649319284E-06  -1.4632368561251496E-07   2.3596138954162598E+00  -7.0819371938705444E-01  -1.0863381624221802E+00   4.2223581671714783E-01   1.1179213523864746E+00   1.3301989994943142E-02  -1.2859050035476685E+00   6.1012601852416992E-01   5.6230911286547780E-04
     1      135   9.6142580732703209E-03   3.5870954990386963E+00   6.0481584072113037E-01  -1.0357566922903061E-01   3.5355144646018744E-03   1.3307955814525485E-03  -1.0519986244617030E-04  -1.7874624973046593E-05   2.7939652227360057E-06  -1.0537812045186001E-07   2.3533682823181152E+00  -6.5890777111053467E-01  -1.0656983852386475E+00   3.7285795807838440E-01   1.0609258413314819E+00   3.3397018909454346E-02  -1.2015979290008545E+00   5.6517922878265381E-01   5.6629121536388993E-04
     1      136   9.6166990697383881E-03   3.6256399154663086E+00   5.9225630760192871E-01  -1.0481614619493484E-01   4.4562686234712601E-03   1.3125892728567123E-03  -1.2894942483399063E-04  -1.7978438336285762E-05   3.4175584460172104E-06  -1.5083467985732568E-07   2.3484437465667725E+00  -7.2868055105209351E-01  -1.0748196840286255E+00   4.6044799685478210E-01   1.1337431669235229E+00  -2.8092686086893082E-02  -1.3470910787582397E+00   6.6964894533157349E-01   5.0360575551167130E-04
     1      137   9.6179200336337090E-03   3.6368727684020996E+00   5.8676427602767944E-01  -1.0477340221405029E-01   4.7706239856779575E-03   1.2950730742886662E-03  -1.3745643082074821E-04  -1.7835385733633302E-05   3.6499752695817733E-06  -1.6925960721891897E-07   2.3534762859344482E+00  -7.4878394603729248E-01  -1.0874668359756470E+00   4.7670057415962219E-01   1.1589431762695312E+00  -2.8081793338060379E-02  -1.3747634887695312E+00   6.7714738845825195E-01   4.4282322051003575E-04
     1      138   9.6191409975290298E-03   3.6600224971771240E+00   5.8058851957321167E-01  -1.0581649094820023E-01   5.2929497323930264E-03   1.2926099589094520E-03  -1.5071587404236197E-04  -1.8014794477494434E-05   3.9934911910677329E-06  -1.9337730350343918E-07   2.3453087806701660E+00  -7.9076856374740601E-01  -1.0842580795288086E+00   5.3735119104385376E-01   1.1986284255981445E+00  -8.2083895802497864E-02  -1.4760581254959106E+00   7.6292484998703003E-01   4.9609504640102386E-04
     1      139   9.6203619614243507E-03   3.6164882183074951E+00   5.9341472387313843E-01  -1.0413647443056107E-01   4.2830249294638634E-03   1.3054201845079660E-03  -1.2481960584409535E-04  -1.7794131053960882E-05   3.3165983950311784E-06  -1.4479016385848809E-07   2.3558547496795654E+00  -7.1227407455444336E-01  -1.0829193592071533E+00   4.3061813712120056E-01   1.1214200258255005E+00   5.7847886346280575E-03  -1.2974547147750854E+00   6.1885654926300049E-01   4.3582549551501870E-04
     1      140   9.6215829253196716E-03   3.6157059669494629E+00   5.9399837255477905E-01  -1.0418754070997238E-01   4.2588012292981148E-03   1.3077312614768744E-03  -1.2416750541888177E-04  -1.7818285414250568E-05   3.2989664759952575E-06  -1.4332714215470332E-07   2.3544478416442871E+00  -7.1091693639755249E-01  -1.0800946950912476E+00   4.3130391836166382E-01   1.1184446811676025E+00   1.1804434470832348E-03  -1.2990936040878296E+00   6.2556648254394531E-01   5.4890546016395092E-04
     1      141   9.6228029578924179E-03   3.6357591152191162E+00   5.8777928352355957E-01  -1.0490158945322037E-01   4.7294776886701584E-03   1.3003381900489330E-03  -1.3623732957057655E-04  -1.7900603779708035E-05   3.6145013382338220E-06  -1.6610263742222742E-07   2.3507966995239258E+00  -7.4729418754577637E-01  -1.0832448005676270E+00   4.7841337323188782E-01   1.1558433771133423E+00  -3.3453047275543213E-02  -1.3770160675048828E+00   6.8323725461959839E-01   4.0705379797145724E-04
     1      142   9.6240239217877388E-03   3.6185879707336426E+00   5.9360527992248535E-01  -1.0441212356090546E-01   4.3111848644912243E-03   1.3106769183650613E-03  -1.2532183609437197E-04  -1.7888351067085750E-05   3.3250330488954205E-06  -1.4466216669006826E-07   2.3522391319274902E+00  -7.1656113862991333E-01  -1.0787818431854248E+00   4.4011706113815308E-01   1.1241325139999390E+00  -5.4671936668455601E-03  -1.3122417926788330E+00   6.3458657264709473E-01   4.7624253784306347E-04
     1      143   9.6252448856830597E-03   3.6406340599060059E+00   5.8846509456634521E-01  -1.0556752234697342E-01   4.7889114357531071E-03   1.3132728636264801E-03  -1.3727229088544846E-04  -1.8128104784409516E-05   3.6307794744061539E-06  -1.6548953851724946E-07   2.3419151306152344E+00  -7.5672614574432373E-01  -1.0720233917236328E+00   5.0143104791641235E-01   1.1607729196548462E+00  -6.3048951327800751E-02  -1.4139382839202881E+00   7.2373068332672119E-01   5.7336554164066911E-04
     1      144   9.6264649182558060E-03   3.6283473968505859E+00   5.9218853712081909E-01  -1.0512004047632217E-01   4.5044622384011745E-03   1.3173583429306746E-03  -1.2999978207517415E-04  -1.8072469174512662E-05   3.4410738862789003E-06  -1.5185133861450595E-07   2.3441834449768066E+00  -7.3451656103134155E-01  -1.0700823068618774E+00   4.7267103195190430E-01   1.1377233266830444E+00  -4.2404543608427048E-02  -1.3666840791702271E+00   6.8962168693542480E-01   4.6005938202142715E-04
     1      145   9.6289068460464478E-03   3.6033706665039062E+00   5.9930282831192017E-01  -1.0411114245653152E-01   3.9319177158176899E-03   1.3233248610049486E-03  -1.1535796511452645E-04  -1.7927584849530831E-05   3.0591957056458341E-06  -1.2459777565254626E-07   2.3509445190429688E+00  -6.8953758478164673E-01  -1.0704920291900635E+00   4.1036862134933472E-01   1.0937677621841431E+00   9.7965998575091362E-03  -1.2626533508300781E+00   6.0509800910949707E-01   4.4547329889610410E-04
     1      146   9.6484376117587090E-03   3.6713123321533203E+00   5.7750672101974487E-01  -1.0643313825130463E-01   5.5584772489964962E-03   1.2938897125422955E-03  -1.5731080202385783E-04  -1.8148217350244522E-05   4.1612001950852573E-06  -2.0474449513585569E-07   2.3389077186584473E+00  -8.1352114677429199E-01  -1.0812469720840454E+00   5.7089573144912720E-01   1.2198084592819214E+00  -1.1174654215574265E-01  -1.5308364629745483E+00   8.0862420797348022E-01   4.8559225979261100E-04
     1      147   9.6508786082267761E-03   3.6193902492523193E+00   5.9394502639770508E-01  -1.0468392819166183E-01   4.3293028138577938E-03   1.3163127005100250E-03  -1.2561192852444947E-04  -1.7983573343371972E-05   3.3288272334175417E-06  -1.4421223681893025E-07   2.3469944000244141E+00  -7.1999210119247437E-01  -1.0721364021301270E+00   4.5048734545707703E-01   1.1238902807235718E+00  -2.2274691611528397E-02  -1.3300430774688721E+00   6.5824663639068604E-01   4.8570518265478313E-04
     1      148   9.6533205360174179E-03   3.6158194541931152E+00   5.9517043828964233E-01  -1.0459168255329132E-01   4.2463955469429493E-03   1.3182086404412985E-03  -1.2351044279057533E-04  -1.7976448361878283E-05   3.2744860618549865E-06  -1.4027314421127812E-07   2.3466844558715820E+00  -7.1364152431488037E-01  -1.0697588920593262E+00   4.4397389888763428E-01   1.1161983013153076E+00  -2.0667044445872307E-02  -1.3200237751007080E+00   6.5476113557815552E-01   4.8004474956542253E-04
     1      149   9.6557615324854851E-03   3.5852313041687012E+00   6.0293418169021606E-01  -1.0314418375492096E-01   3.5683470778167248E-03   1.3191967736929655E-03  -1.0637502418830991E-04  -1.7709007806843147E-05   2.8323058813839452E-06  -1.0952317808232692E-07   2.3584320545196533E+00  -6.5838015079498291E-01  -1.0756200551986694E+00   3.6262184381484985E-01   1.0644985437393188E+00   5.3087655454874039E-02  -1.1844416856765747E+00   5.3870058059692383E-01   4.9131747800856829E-04
     1      150   9.6569824963808060E-03   3.6246380805969238E+00   5.8941310644149780E-01  -1.0425288975238800E-01   4.5330072753131390E-03   1.2950148666277528E-03  -1.3154168846085668E-04  -1.7733698769006878E-05   3.4993781810044311E-06  -1.5892621263446927E-07   2.3553183078765869E+00  -7.2923743724822998E-01  -1.0865749120712280E+00   4.5026269555091858E-01   1.1380600929260254E+00  -9.7049344331026077E-03  -1.3324793577194214E+00   6.4782494306564331E-01   4.5978720299899578E-04
     1      151   9.6582025289535522E-03   3.5875205993652344E+00   6.0034531354904175E-01  -1.0282281786203384E-01   3.6706589162349701E-03   1.3062184443697333E-03  -1.0939303319901228E-04  -1.7550855773151852E-05   2.9195662136771716E-06  -1.1723496129434352E-07   2.3644602298736572E+00  -6.6234135627746582E-01  -1.0859166383743286E+00   3.5876554250717163E-01   1.0725166797637939E+00   6.6496558487415314E-02  -1.1790598630905151E+00   5.2314060926437378E-01   4.6365006710402668E-04
     1      152   9.6679683774709702E-03   3.6364517211914062E+00   5.8777791261672974E-01  -1.0516499727964401E-01   4.7590532340109348E-03   1.3055189047008753E-03  -1.3677992683369666E-04  -1.7995693269767798E-05   3.6240492136130342E-06  -1.6604121810814831E-07   2.3453118801116943E+00  -7.5198429822921753E-01  -1.0778452157974243E+00   4.8908677697181702E-01   1.1577115058898926E+00  -4.7745097428560257E-02  -1.3943474292755127E+00   7.0267432928085327E-01   4.2932282667607069E-04
     1      153   9.6704103052616119E-03   3.6261234283447266E+00   5.9254091978073120E-01  -1.0515794157981873E-01   4.4782138429582119E-03   1.3201772235333920E-03  -1.2920149310957640E-04  -1.8108386939275078E-05   3.4175061500718584E-06  -1.4978118656472361E-07   2.3414046764373779E+00  -7.3369097709655762E-01  -1.0675848722457886E+00   4.7304925322532654E-01   1.1351183652877808E+00  -4.5594159513711929E-02  -1.3671621084213257E+00   6.9345313310623169E-01   4.8317530308850110E-04
     1      154   9.6728513017296791E-03   3.6602954864501953E+00   5.7857078313827515E-01  -1.0563047975301743E-01   5.3667863830924034E-03   1.2850364437326789E-03  -1.5275471378117800E-04  -1.7932370610651560E-05   4.0499412534700241E-06  -1.9814868323919654E-07   2.3469953536987305E+00  -7.9511451721191406E-01  -1.0908144712448120E+00   5.3661304712295532E-01   1.2055872678756714E+00  -7.3207668960094452E-02  -1.4741246700286865E+00   7.5150448083877563E-01   4.7975633060559630E-04
     1      155   9.6777342259883881E-03   3.6336929798126221E+00   5.8689182996749878E-01  -1.0472461581230164E-01   4.7444473020732403E-03   1.2956509599462152E-03  -1.3678443792741746E-04  -1.7834789105108939E-05   3.6324768188933376E-06  -1.6796448676359432E-07   2.3507933616638184E+00  -7.4735063314437866E-01  -1.0852446556091309E+00   4.7601118683815002E-01   1.1557171344757080E+00  -3.0561808496713638E-02  -1.3738900423049927E+00   6.8020886182785034E-01   4.5671328552998602E-04
     1      156   9.6875000745058060E-03   3.5959198474884033E+00   6.0022538900375366E-01  -1.0379137098789215E-01   3.8163713179528713E-03   1.3221807312220335E-03  -1.1247169459238648E-04  -1.7862932509160601E-05   2.9856721539545106E-06  -1.1963938106873684E-07   2.3512315750122070E+00  -6.8020612001419067E-01  -1.0711899995803833E+00   3.9611056447029114E-01   1.0839924812316895E+00   2.1686073392629623E-02  -1.2392641305923462E+00   5.8638978004455566E-01   5.2261387463659048E-04
     1      157   9.7070317715406418E-03   3.7033071517944336E+00   5.6632500886917114E-01  -1.0752975195646286E-01   6.3711889088153839E-03   1.2778070522472262E-03  -1.7835151811596006E-04  -1.8236150935990736E-05   4.7158705456240568E-06  -2.4530532982680597E-07   2.3311722278594971E+00  -8.7534809112548828E-01  -1.0854799747467041E+00   6.5145719051361084E-01   1.2812789678573608E+00  -1.7523281276226044E-01  -1.6663432121276855E+00   9.1420245170593262E-01   4.5214197598397732E-04
     1      158   9.7265625372529030E-03   3.6135404109954834E+00   5.9268772602081299E-01  -1.0412298142910004E-01   4.2994418181478977E-03   1.3052220456302166E-03  -1.2519033043645322E-04  -1.7802163711166941E-05   3.3254414120165166E-06  -1.4535238790358562E-07   2.3514373302459717E+00  -7.1451020240783691E-01  -1.0810670852661133E+00   4.3378865718841553E-01   1.1210912466049194E+00   2.0391558064147830E-04  -1.3029310703277588E+00   6.2759941816329956E-01   5.2768399473279715E-04
     1      159   9.7363274544477463E-03   3.5948495864868164E+00   6.0047298669815063E-01  -1.0394048690795898E-01   3.8135407958179712E-03   1.3263440923765302E-03  -1.1223505134694278E-04  -1.7928618035512045E-05   2.9760026336589362E-06  -1.1838737634661811E-07   2.3468012809753418E+00  -6.8185758590698242E-01  -1.0667910575866699E+00   4.0163168311119080E-01   1.0830760002136230E+00   1.2334960512816906E-02  -1.2481676340103149E+00   5.9909313917160034E-01   5.4608046775683761E-04
     1      160   9.7387693822383881E-03   3.6266660690307617E+00   5.9054863452911377E-01  -1.0506089031696320E-01   4.5666489750146866E-03   1.3136654160916805E-03  -1.3164883421268314E-04  -1.8044931493932381E-05   3.4856484489864670E-06  -1.5535262321009213E-07   2.3407247066497803E+00  -7.3940908908843994E-01  -1.0705059766769409E+00   4.7745236754417419E-01   1.1410015821456909E+00  -4.6943675726652145E-02  -1.3751913309097290E+00   6.9736605882644653E-01   5.1870069000869989E-04
     1      161   9.7399894148111343E-03   3.6109421253204346E+00   5.9481108188629150E-01  -1.0437348484992981E-01   4.2143636383116245E-03   1.3154585612937808E-03  -1.2275380140636116E-04  -1.7923279301612638E-05   3.2564316825300921E-06  -1.3933397724485985E-07   2.3454973697662354E+00  -7.1094024181365967E-01  -1.0710066556930542E+00   4.3792605400085449E-01   1.1129043102264404E+00  -1.4791016466915607E-02  -1.3101233243942261E+00   6.4603209495544434E-01   5.1845342386513948E-04
     1      162   9.7412103787064552E-03   3.6408565044403076E+00   5.8657062053680420E-01  -1.0566344857215881E-01   4.8908898606896400E-03   1.3110875152051449E-03  -1.3989918807055801E-04  -1.8138951418222860E-05   3.7001505006628577E-06  -1.7057259071862063E-07   2.3363518714904785E+00  -7.6531767845153809E-01  -1.0698788166046143E+00   5.1361578702926636E-01   1.1662967205047607E+00  -7.7138148248195648E-02  -1.4351460933685303E+00   7.4588602781295776E-01   4.7371097025461495E-04
     1      163   9.7436513751745224E-03   3.6794998645782471E+00   5.7327961921691895E-01  -1.0674959421157837E-01   5.8348542079329491E-03   1.2876652181148529E-03  -1.6446926747448742E-04  -1.8168288079323247E-05   4.3502645894477610E-06  -2.1864326527065714E-07   2.3335866928100586E+00  -8.3503460884094238E-01  -1.0817382335662842E+00   5.9880477190017700E-01   1.2397485971450806E+00  -1.3527449965476990E-01  -1.5779514312744141E+00   8.4715652465820312E-01   4.4396039447747171E-04
     1      164   9.7460933029651642E-03   3.5991361141204834E+00   5.9644979238510132E-01  -1.0353622585535049E-01   3.9884396828711033E-03   1.3073283480480313E-03  -1.1732836719602346E-04  -1.7702441255096346E-05   3.1227787076204550E-06  -1.3114348007547960E-07   2.3543872833251953E+00  -6.8979638814926147E-01  -1.0803402662277222E+00   4.0037029981613159E-01   1.0961282253265381E+00   2.6220694184303284E-02  -1.2479121685028076E+00   5.8508735895156860E-01   4.1523994877934456E-04
     1      165   9.7656250000000000E-03   3.6183395385742188E+00   5.9038633108139038E-01  -1.0427550226449966E-01   4.4470052234828472E-03   1.3015698641538620E-03  -1.2898902059532702E-04  -1.7808833945309743E-05   3.4252068417117698E-06  -1.5268962272330100E-07   2.3496878147125244E+00  -7.2602117061614990E-01  -1.0830049514770508E+00   4.4734135270118713E-01   1.1331846714019775E+00  -7.9968106001615524E-03  -1.3249015808105469E+00   6.4139455556869507E-01   4.6093709534034133E-04
     1      166   9.7753908485174179E-03   3.6666834354400635E+00   5.7810181379318237E-01  -1.0661813616752625E-01   5.5238176137208939E-03   1.3012008275836706E-03  -1.5614138101227582E-04  -1.8251737856189720E-05   4.1248872548749205E-06  -2.0120398858125554E-07   2.3298642635345459E+00  -8.1437814235687256E-01  -1.0727134943008423E+00   5.7802784442901611E-01   1.2153732776641846E+00  -1.2715145945549011E-01  -1.5424351692199707E+00   8.2828265428543091E-01   4.3676228960976005E-04
     1      167   9.7802737727761269E-03   3.6007158756256104E+00   5.9581840038299561E-01  -1.0370791703462601E-01   4.0410817600786686E-03   1.3092808658257127E-03  -1.1852680472657084E-04  -1.7759915863280185E-05   3.1504553135164315E-06  -1.3266168252812349E-07   2.3514122962951660E+00  -6.9515973329544067E-01  -1.0787791013717651E+00   4.0856552124023438E-01   1.1005188226699829E+00   1.8507543951272964E-02  -1.2608807086944580E+00   5.9615737199783325E-01   5.0738756544888020E-04
     1      168   9.7851566970348358E-03   3.5864188671112061E+00   6.0028046369552612E-01  -1.0322505235671997E-01   3.7070596590638161E-03   1.3150064041838050E-03  -1.0995315824402496E-04  -1.7706606740830466E-05   2.9265825105539989E-06  -1.1650554654352163E-07   2.3533127307891846E+00  -6.6971230506896973E-01  -1.0758312940597534E+00   3.7624907493591309E-01   1.0741310119628906E+00   4.1715215891599655E-02  -1.2071064710617065E+00   5.5726623535156250E-01   5.2238674834370613E-04
     1      169   9.7949225455522537E-03   3.6503951549530029E+00   5.8093321323394775E-01  -1.0563390702009201E-01   5.2031143568456173E-03   1.2946012429893017E-03  -1.4827761333435774E-04  -1.8015414752881043E-05   3.9273681977647357E-06  -1.8839263304926135E-07   2.3389241695404053E+00  -7.8607720136642456E-01  -1.0811710357666016E+00   5.3124117851257324E-01   1.1909620761871338E+00  -7.9638876020908356E-02  -1.4648874998092651E+00   7.5644308328628540E-01   4.9311737529933453E-04
     1      170   9.7973635420203209E-03   3.6457223892211914E+00   5.8257836103439331E-01  -1.0552119463682175E-01   5.0918897613883018E-03   1.2975556310266256E-03  -1.4541673590429127E-04  -1.8013372027780861E-05   3.8524531191796996E-06  -1.8288100989138911E-07   2.3385987281799316E+00  -7.7772337198257446E-01  -1.0783569812774658E+00   5.2230232954025269E-01   1.1810184717178345E+00  -7.6562978327274323E-02  -1.4507738351821899E+00   7.5053942203521729E-01   5.1680137403309345E-04
     1      171   9.7998045384883881E-03   3.6050519943237305E+00   5.9471780061721802E-01  -1.0399234294891357E-01   4.1457042098045349E-03   1.3106451369822025E-03  -1.2112361582694575E-04  -1.7823829693952575E-05   3.2167076824407559E-06  -1.3710504731534456E-07   2.3477065563201904E+00  -7.0447546243667603E-01  -1.0759159326553345E+00   4.2375123500823975E-01   1.1082947254180908E+00   2.9665925540030003E-03  -1.2859942913055420E+00   6.1966776847839355E-01   4.4833001447841525E-04
     1      172   9.8022464662790298E-03   3.5834991931915283E+00   6.0102546215057373E-01  -1.0315811634063721E-01   3.6499074194580317E-03   1.3165224809199572E-03  -1.0846264194697142E-04  -1.7707021470414475E-05   2.8870681489934213E-06  -1.1356046769606110E-07   2.3526785373687744E+00  -6.6560727357864380E-01  -1.0744984149932861E+00   3.7155291438102722E-01   1.0691084861755371E+00   4.3678972870111465E-02  -1.1995100975036621E+00   5.5354738235473633E-01   4.5375878107734025E-04
     1      173   9.8046874627470970E-03   3.5655698776245117E+00   6.0629135370254517E-01  -1.0247129201889038E-01   3.2327470835298300E-03   1.3221831759437919E-03  -9.7714211733546108E-05  -1.7623147869016975E-05   2.6049747248180211E-06  -9.3222311647878087E-08   2.3571228981018066E+00  -6.3351565599441528E-01  -1.0746667385101318E+00   3.2717555761337280E-01   1.0382128953933716E+00   8.2075752317905426E-02  -1.1244742870330811E+00   4.9054729938507080E-01   4.7897204058244824E-04
     1      174   9.8437499254941940E-03   3.6040074825286865E+00   5.9635895490646362E-01  -1.0442262142896652E-01   4.1083842515945435E-03   1.3229980831965804E-03  -1.1978972179349512E-04  -1.7999296687776223E-05   3.1739696169097442E-06  -1.3258878084343451E-07   2.3385956287384033E+00  -7.0591163635253906E-01  -1.0635193586349487E+00   4.3639734387397766E-01   1.1037144660949707E+00  -2.1290050819516182E-02  -1.3069583177566528E+00   6.5163749456405640E-01   4.8857426736503839E-04
     1      175   9.9999997764825821E-03   3.5733456611633301E+00   6.0189783573150635E-01  -1.0310189425945282E-01   3.5397866740822792E-03   1.3231674674898386E-03  -1.0526570258662105E-04  -1.7776193999452516E-05   2.7957476049778052E-06  -1.0608802369915793E-07   2.3441131114959717E+00  -6.6123557090759277E-01  -1.0695434808731079E+00   3.6715984344482422E-01   1.0613814592361450E+00   4.4663131237030029E-02  -1.1895842552185059E+00   5.4747796058654785E-01   4.3750976328738034E-04
     1      176   1.0004882700741291E-02   3.6275715827941895E+00   5.8559125661849976E-01  -1.0514777898788452E-01   4.8069087788462639E-03   1.3057665200904012E-03  -1.3777543790638447E-04  -1.8033379092230462E-05   3.6459357488638489E-06  -1.6724868601158960E-07   2.3316724300384521E+00  -7.5950151681900024E-01  -1.0729466676712036E+00   4.9917238950729370E-01   1.1591606140136719E+00  -6.1197001487016678E-02  -1.4100295305252075E+00   7.2116607427597046E-01   5.1505625015124679E-04
     1      177   1.0009765625000000E-02   3.6100234985351562E+00   5.9107863903045654E-01  -1.0455478727817535E-01   4.3969862163066864E-03   1.3128345599398017E-03  -1.2725680426228791E-04  -1.7970658518606797E-05   3.3708965929690748E-06  -1.4733632269781083E-07   2.3340411186218262E+00  -7.2810679674148560E-01  -1.0691391229629517E+00   4.5948863029479980E-01   1.1263849735260010E+00  -3.3364981412887573E-02  -1.3445065021514893E+00   6.7388433218002319E-01   4.6475065755657852E-04
     1      178   1.0012207552790642E-02   3.5864949226379395E+00   5.9909820556640625E-01  -1.0389408469200134E-01   3.8262263406068087E-03   1.3269183691591024E-03  -1.1240765161346644E-04  -1.7951399058802053E-05   2.9782127057842445E-06  -1.1832350566010064E-07   2.3355677127838135E+00  -6.8585455417633057E-01  -1.0617583990097046E+00   4.0792185068130493E-01   1.0814108848571777E+00   9.7221153555437922E-04  -1.2583314180374146E+00   6.1464786529541016E-01   4.3222759268246591E-04
     1      179   1.0013427585363388E-02   3.5978529453277588E+00   5.9445148706436157E-01  -1.0405059903860092E-01   4.1236216202378273E-03   1.3149719452485442E-03  -1.2032734957756475E-04  -1.7888509319163859E-05   3.1916376883600606E-06  -1.3469620796513482E-07   2.3372278213500977E+00  -7.0622301101684570E-01  -1.0688509941101074E+00   4.2961055040359497E-01   1.1042557954788208E+00  -1.0117623023688793E-02  -1.2953737974166870E+00   6.3702666759490967E-01   6.0220155864953995E-04
     1      180   1.0014648549258709E-02   3.5809340476989746E+00   5.9803688526153564E-01  -1.0308970510959625E-01   3.7672328762710094E-03   1.3105762191116810E-03  -1.1150936916237697E-04  -1.7670359738986008E-05   2.9682971671718406E-06  -1.1984059256064938E-07   2.3461608886718750E+00  -6.7555320262908936E-01  -1.0756895542144775E+00   3.8137489557266235E-01   1.0772196054458618E+00   3.7076067179441452E-02  -1.2154315710067749E+00   5.6411868333816528E-01   5.3448881953954697E-04
     1      181   1.0019531473517418E-02   3.5294528007507324E+00   6.1486011743545532E-01  -1.0148559510707855E-01   2.5345513131469488E-03   1.3369705993682146E-03  -7.9543977335561067E-05  -1.7569800547789782E-05   2.1247135464363964E-06  -5.7902507677454196E-08   2.3523001670837402E+00  -5.8304250240325928E-01  -1.0641714334487915E+00   2.6433035731315613E-01   9.8121798038482666E-01   1.2160930037498474E-01  -1.0196061134338379E+00   4.2067819833755493E-01   4.9464782932773232E-04
     1      182   1.0029297322034836E-02   3.5981450080871582E+00   5.9314721822738647E-01  -1.0385690629482269E-01   4.1644792072474957E-03   1.3085159007459879E-03  -1.2152966519352049E-04  -1.7807196854846552E-05   3.2264304081763839E-06  -1.3788533692604688E-07   2.3402342796325684E+00  -7.0778882503509521E-01  -1.0749719142913818E+00   4.2604279518127441E-01   1.1087533235549927E+00   5.1117828115820885E-04  -1.2889572381973267E+00   6.2244158983230591E-01   5.8372749481350183E-04
     1      183   1.0031738318502903E-02   3.6297199726104736E+00   5.8261245489120483E-01  -1.0481684654951096E-01   4.9290927127003670E-03   1.2913633836433291E-03  -1.4138984261080623E-04  -1.7858319552033208E-05   3.7510833408305189E-06  -1.7648245886903169E-07   2.3366558551788330E+00  -7.6477825641632080E-01  -1.0824172496795654E+00   4.9771028757095337E-01   1.1675908565521240E+00  -5.1641751080751419E-02  -1.4092549085617065E+00   7.1211099624633789E-01   5.1578367128968239E-04
     1      184   1.0032959282398224E-02   3.6328098773956299E+00   5.8180391788482666E-01  -1.0496410727500916E-01   4.9956245347857475E-03   1.2916154228150845E-03  -1.4301175542641431E-04  -1.7891772586153820E-05   3.7916083783784416E-06  -1.7919457206971856E-07   2.3357081413269043E+00  -7.7059942483901978E-01  -1.0828640460968018E+00   5.0523126125335693E-01   1.1740226745605469E+00  -5.5933836847543716E-02  -1.4208163022994995E+00   7.1841353178024292E-01   5.1350117428228259E-04
     1      185   1.0034179314970970E-02   3.6030278205871582E+00   5.9008425474166870E-01  -1.0370925813913345E-01   4.3184095993638039E-03   1.2971265241503716E-03  -1.2576256995089352E-04  -1.7695989299681969E-05   3.3431788324378431E-06  -1.4740051312855940E-07   2.3445711135864258E+00  -7.1674048900604248E-01  -1.0842548608779907E+00   4.2987230420112610E-01   1.1215782165527344E+00   7.5516290962696075E-03  -1.2954590320587158E+00   6.1647945642471313E-01   4.5556284021586180E-04
     1      186   1.0039062239229679E-02   3.6100575923919678E+00   5.9105479717254639E-01  -1.0466838628053665E-01   4.4093900360167027E-03   1.3151395833119750E-03  -1.2747685832437128E-04  -1.8012318832916208E-05   3.3746759982022922E-06  -1.4729207009622769E-07   2.3313138484954834E+00  -7.3019677400588989E-01  -1.0665825605392456E+00   4.6426549553871155E-01   1.1269994974136353E+00  -4.0027119219303131E-02  -1.3522231578826904E+00   6.8332767486572266E-01   5.7428679428994656E-04
     1      187   1.0078124701976776E-02   3.6294105052947998E+00   5.8432400226593018E-01  -1.0534589737653732E-01   4.8954575322568417E-03   1.3064856175333261E-03  -1.3994386245030910E-04  -1.8084230759995990E-05   3.7005597732786555E-06  -1.7087958781303314E-07   2.3269333839416504E+00  -7.6784050464630127E-01  -1.0705844163894653E+00   5.1184648275375366E-01   1.1657533645629883E+00  -7.3765315115451813E-02  -1.4306607246398926E+00   7.3964989185333252E-01   6.8522099172696471E-04
     1      188   1.0097656399011612E-02   3.6160371303558350E+00   5.8580774068832397E-01  -1.0436133295297623E-01   4.6568512916564941E-03   1.2953659752383828E-03  -1.3434454740490764E-04  -1.7809792552725412E-05   3.5657819807966007E-06  -1.6307123473779939E-07   2.3368785381317139E+00  -7.4453002214431763E-01  -1.0810023546218872E+00   4.7029644250869751E-01   1.1467001438140869E+00  -2.9803257435560226E-02  -1.3630738258361816E+00   6.7473077774047852E-01   4.5994101674295962E-04
     1      189   1.0100098326802254E-02   3.6511206626892090E+00   5.7670819759368896E-01  -1.0600404441356659E-01   5.4388735443353653E-03   1.2939118314534426E-03  -1.5406662714667618E-04  -1.8116154024028219E-05   4.0736708797339816E-06  -1.9834530462503608E-07   2.3238773345947266E+00  -8.0828654766082764E-01  -1.0757616758346558E+00   5.6251299381256104E-01   1.2069863080978394E+00  -1.1129740625619888E-01  -1.5160503387451172E+00   8.0426883697509766E-01   6.4485799521207809E-04
     1      190   1.0101318359375000E-02   3.6096436977386475E+00   5.8877468109130859E-01  -1.0436888039112091E-01   4.4832453131675720E-03   1.3047413667663932E-03  -1.2964806228410453E-04  -1.7884929548017681E-05   3.4374422739347210E-06  -1.5291682586848765E-07   2.3342275619506836E+00  -7.3333001136779785E-01  -1.0744208097457886E+00   4.6065446734428406E-01   1.1325656175613403E+00  -2.9127424582839012E-02  -1.3466362953186035E+00   6.7064327001571655E-01   4.7326847561635077E-04
     1      191   1.0102539323270321E-02   3.5622446537017822E+00   6.0285782814025879E-01  -1.0256376117467880E-01   3.3833752386271954E-03   1.3190490426495671E-03  -1.0147679131478071E-04  -1.7647440472501330E-05   2.7020118977816310E-06  -1.0016758977826612E-07   2.3450469970703125E+00  -6.4774173498153687E-01  -1.0713925361633301E+00   3.4574013948440552E-01   1.0471676588058472E+00   6.2376216053962708E-02  -1.1552919149398804E+00   5.2027016878128052E-01   4.9779296386986971E-04
     1      192   1.0107422247529030E-02   3.5548787117004395E+00   6.0434246063232422E-01  -1.0214516520500183E-01   3.2328863162547350E-03   1.3168291188776493E-03  -9.7782125521916896E-05  -1.7548973119119182E-05   2.6091352083312813E-06  -9.4065420341848949E-08   2.3487014770507812E+00  -6.3461560010910034E-01  -1.0740305185317993E+00   3.2530462741851807E-01   1.0351598262786865E+00   8.1448934972286224E-02  -1.1218005418777466E+00   4.9124586582183838E-01   5.2196148317307234E-04
     1      193   1.0109863243997097E-02   3.5638089179992676E+00   6.0190075635910034E-01  -1.0254196822643280E-01   3.4366233740001917E-03   1.3156518107280135E-03  -1.0295962420059368E-04  -1.7615584511077031E-05   2.7434193725639489E-06  -1.0352432866511663E-07   2.3455884456634521E+00  -6.5092486143112183E-01  -1.0729560852050781E+00   3.4865978360176086E-01   1.0505594015121460E+00   6.0730330646038055E-02  -1.1607825756072998E+00   5.2460467815399170E-01   4.6259409282356501E-04
     1      194   1.0112304240465164E-02   3.6484465599060059E+00   5.7615679502487183E-01  -1.0564947128295898E-01   5.4167979396879673E-03   1.2864405289292336E-03  -1.5379504475276917E-04  -1.7987649698625319E-05   4.0734398680797312E-06  -1.9940368645166018E-07   2.3279612064361572E+00  -8.0406945943832397E-01  -1.0813168287277222E+00   5.5171918869018555E-01   1.2050230503082275E+00  -9.7104981541633606E-02  -1.4989285469055176E+00   7.8444528579711914E-01   5.5288930889219046E-04
     1      195   1.0117187164723873E-02   3.6027069091796875E+00   5.9145891666412354E-01  -1.0430195927619934E-01   4.3117473833262920E-03   1.3122619129717350E-03  -1.2505774793680757E-04  -1.7930975445779040E-05   3.3133640044979984E-06  -1.4332553632812051E-07   2.3321919441223145E+00  -7.2204482555389404E-01  -1.0694369077682495E+00   4.4945529103279114E-01   1.1195207834243774E+00  -2.4409538134932518E-02  -1.3273137807846069E+00   6.5920180082321167E-01   4.9409939674660563E-04
     1      196   1.0119628161191940E-02   3.5560939311981201E+00   6.0633367300033569E-01  -1.0275822132825851E-01   3.2056618947535753E-03   1.3331408845260739E-03  -9.6513336757197976E-05  -1.7793146980693564E-05   2.5634953999542631E-06  -8.8722458713164087E-08   2.3390016555786133E+00  -6.3806903362274170E-01  -1.0605005025863647E+00   3.4197744727134705E-01   1.0328738689422607E+00   5.4261639714241028E-02  -1.1481009721755981E+00   5.2719610929489136E-01   4.9819861305877566E-04
     1      197   1.0122070088982582E-02   3.6201729774475098E+00   5.8461898565292358E-01  -1.0462240129709244E-01   4.7624958679080009E-03   1.2962123146280646E-03  -1.3698355178348720E-04  -1.7867552742245607E-05   3.6332326089905109E-06  -1.6762992061103432E-07   2.3333916664123535E+00  -7.5361198186874390E-01  -1.0784429311752319E+00   4.8477312922477722E-01   1.1539845466613770E+00  -4.5117717236280441E-02  -1.3873548507690430E+00   6.9874584674835205E-01   4.8912252532318234E-04
     1      198   1.0124511085450649E-02   3.6085042953491211E+00   5.8800435066223145E-01  -1.0417134314775467E-01   4.4913431629538536E-03   1.2998995371162891E-03  -1.2997776502743363E-04  -1.7814472812460735E-05   3.4488357414375059E-06  -1.5429166921876458E-07   2.3364672660827637E+00  -7.3278272151947021E-01  -1.0790444612503052E+00   4.5544427633285522E-01   1.1341576576232910E+00  -1.9007371738553047E-02  -1.3375667333602905E+00   6.5622258186340332E-01   4.3820470455102623E-04
     1      199   1.0126952081918716E-02   3.6013171672821045E+00   5.9200704097747803E-01  -1.0431628674268723E-01   4.2799278162419796E-03   1.3143304968252778E-03  -1.2418428377714008E-04  -1.7949842003872618E-05   3.2893676689127460E-06  -1.4139934023660317E-07   2.3311097621917725E+00  -7.2021961212158203E-01  -1.0677160024642944E+00   4.4834727048873901E-01   1.1168256998062134E+00  -2.5382883846759796E-02  -1.3252834081649780E+00   6.6021686792373657E-01   4.6714869677089155E-04
     1      200   1.0136717930436134E-02   3.6435151100158691E+00   5.7752299308776855E-01  -1.0553620010614395E-01   5.3117508068680763E-03   1.2896407861262560E-03  -1.5099160373210907E-04  -1.7996775568462908E-05   3.9976575862965547E-06  -1.9364721026704501E-07   2.3274195194244385E+00  -7.9686987400054932E-01  -1.0801789760589600E+00   5.4242491722106934E-01   1.1974442005157471E+00  -8.9790903031826019E-02  -1.4826580286026001E+00   7.7159523963928223E-01   5.0861138151958585E-04
     1      201   1.0139159858226776E-02   3.5844645500183105E+00   5.9427863359451294E-01  -1.0311704128980637E-01   3.9608282968401909E-03   1.3024661457166076E-03  -1.1653995170490816E-04  -1.7632619346841238E-05   3.1013321404316230E-06  -1.2991952758056868E-07   2.3437240123748779E+00  -6.9020289182662964E-01  -1.0809721946716309E+00   3.9503887295722961E-01   1.0929783582687378E+00   3.2683487981557846E-02  -1.2372438907623291E+00   5.7349246740341187E-01   4.8952328506857157E-04
     1      202   1.0141600854694843E-02   3.6238505840301514E+00   5.8257222175598145E-01  -1.0462791472673416E-01   4.8783179372549057E-03   1.2904634932056069E-03  -1.4007740537635982E-04  -1.7826896510086954E-05   3.7169481856835773E-06  -1.7416577691165003E-07   2.3342106342315674E+00  -7.6146709918975830E-01  -1.0824502706527710E+00   4.9167519807815552E-01   1.1632193326950073E+00  -4.6459611505270004E-02  -1.3988493680953979E+00   7.0345318317413330E-01   5.3935486357659101E-04
     1      203   1.0144041851162910E-02   3.5299556255340576E+00   6.1267316341400146E-01  -1.0154115408658981E-01   2.6429989375174046E-03   1.3337334385141730E-03  -8.2304810348432511E-05  -1.7569089322932996E-05   2.1969037788949208E-06  -6.3232349134523247E-08   2.3479592800140381E+00  -5.9227615594863892E-01  -1.0648928880691528E+00   2.7474108338356018E-01   9.8950707912445068E-01   1.1440379172563553E-01  -1.0362904071807861E+00   4.3223026394844055E-01   5.2205007523298264E-04
     1      204   1.0146483778953552E-02   3.6270031929016113E+00   5.8208036422729492E-01  -1.0486426949501038E-01   4.9426234327256680E-03   1.2927689822390676E-03  -1.4162155275698751E-04  -1.7889809896587394E-05   3.7549839362327475E-06  -1.7649352912485483E-07   2.3313939571380615E+00  -7.6758253574371338E-01  -1.0796341896057129E+00   5.0262045860290527E-01   1.1681149005889893E+00  -5.8291073888540268E-02  -1.4169613122940063E+00   7.2037476301193237E-01   4.9711554311215878E-04
     1      205   1.0156249627470970E-02   3.6632397174835205E+00   5.7084661722183228E-01  -1.0618142783641815E-01   5.8014248497784138E-03   1.2792750494554639E-03  -1.6372946265619248E-04  -1.8037106201518327E-05   4.3347949940653052E-06  -2.1843959530087886E-07   2.3235869407653809E+00  -8.3356368541717529E-01  -1.0828059911727905E+00   5.9038174152374268E-01   1.2337669134140015E+00  -1.2846589088439941E-01  -1.5640152692794800E+00   8.3665436506271362E-01   4.2132590897381306E-04
     1      206   1.0175781324505806E-02   3.5688037872314453E+00   5.9983801841735840E-01  -1.0286150872707367E-01   3.5884019453078508E-03   1.3161875540390611E-03  -1.0667571768863127E-04  -1.7692520486889407E-05   2.8367007871565875E-06  -1.0976810926877079E-07   2.3407495021820068E+00  -6.6446590423583984E-01  -1.0718222856521606E+00   3.6732974648475647E-01   1.0631668567657471E+00   4.5601990073919296E-02  -1.1905784606933594E+00   5.4765534400939941E-01   4.1028246050700545E-04
     1      207   1.0185547173023224E-02   3.5943078994750977E+00   5.9148031473159790E-01  -1.0370004922151566E-01   4.2021679691970348E-03   1.3042887439951301E-03  -1.2250735017005354E-04  -1.7764090443961322E-05   3.2526404538657516E-06  -1.4009472693032876E-07   2.3368604183197021E+00  -7.1120303869247437E-01  -1.0772632360458374E+00   4.2661711573600769E-01   1.1117926836013794E+00   3.4294307697564363E-03  -1.2890616655349731E+00   6.1812728643417358E-01   4.8873689956963062E-04
     1      208   1.0195312090218067E-02   3.5517826080322266E+00   6.0421019792556763E-01  -1.0213399678468704E-01   3.2185649033635855E-03   1.3181775575503707E-03  -9.7305797680746764E-05  -1.7568190742167644E-05   2.5945087145373691E-06  -9.2780688021321112E-08   2.3452355861663818E+00  -6.3489800691604614E-01  -1.0725384950637817E+00   3.2589349150657654E-01   1.0342158079147339E+00   8.0256886780261993E-02  -1.1219662427902222E+00   4.9149426817893982E-01   6.1739451484754682E-04
     1      209   1.0200195014476776E-02   3.5884549617767334E+00   5.9502238035202026E-01  -1.0393075644969940E-01   4.0282299742102623E-03   1.3190028257668018E-03  -1.1763752263505012E-04  -1.7921605831361376E-05   3.1162394407147076E-06  -1.2871016963345028E-07   2.3303084373474121E+00  -7.0180284976959229E-01  -1.0652357339859009E+00   4.2429926991462708E-01   1.0969536304473877E+00  -7.9758400097489357E-03  -1.2848773002624512E+00   6.3006979227066040E-01   4.8030310426838696E-04
     1      210   1.0202636010944843E-02   3.6716494560241699E+00   5.6915718317031860E-01  -1.0685829818248749E-01   5.9915184974670410E-03   1.2860660208389163E-03  -1.6822779434733093E-04  -1.8225393432658166E-05   4.4442040234571323E-06  -2.2503827779019048E-07   2.3146960735321045E+00  -8.5215401649475098E-01  -1.0755758285522461E+00   6.2182766199111938E-01   1.2490370273590088E+00  -1.6054429113864899E-01  -1.6148878335952759E+00   8.8340502977371216E-01   4.7263226588256657E-04
     1      211   1.0205077007412910E-02   3.6036152839660645E+00   5.8932566642761230E-01  -1.0426480323076248E-01   4.4116885401308537E-03   1.3069496490061283E-03  -1.2769982276950032E-04  -1.7893778931465931E-05   3.3843323308246909E-06  -1.4885399934883026E-07   2.3306186199188232E+00  -7.2936517000198364E-01  -1.0723134279251099E+00   4.5580384135246277E-01   1.1270844936370850E+00  -2.6453834027051926E-02  -1.3377770185470581E+00   6.6386878490447998E-01   4.3146390817128122E-04
     1      212   1.0209959931671619E-02   3.5794806480407715E+00   5.9524571895599365E-01  -1.0308769345283508E-01   3.8850973360240459E-03   1.3063373044133186E-03  -1.1447026190580800E-04  -1.7663774997345172E-05   3.0446374239545548E-06  -1.2544570893169293E-07   2.3401789665222168E+00  -6.8578952550888062E-01  -1.0771069526672363E+00   3.9146724343299866E-01   1.0858144760131836E+00   3.0717361718416214E-02  -1.2314059734344482E+00   5.7498288154602051E-01   4.5019743265584111E-04
     1      213   1.0214842855930328E-02   3.5913362503051758E+00   5.9250044822692871E-01  -1.0372988134622574E-01   4.1424366645514965E-03   1.3083103112876415E-03  -1.2087383947800845E-04  -1.7802525690058246E-05   3.2077141440822743E-06  -1.3645919239024806E-07   2.3342413902282715E+00  -7.0769721269607544E-01  -1.0732309818267822E+00   4.2499887943267822E-01   1.1057641506195068E+00  -6.6546455491334200E-04  -1.2867330312728882E+00   6.2348628044128418E-01   4.8621330643072724E-04
     1      214   1.0234374552965164E-02   3.5663816928863525E+00   6.0030049085617065E-01  -1.0293402522802353E-01   3.5616045352071524E-03   1.3196844374760985E-03  -1.0587581346044317E-04  -1.7736472727847286E-05   2.8135946195106953E-06  -1.0771334046921766E-07   2.3367431163787842E+00  -6.6397285461425781E-01  -1.0676060914993286E+00   3.6979982256889343E-01   1.0602675676345825E+00   3.8882620632648468E-02  -1.1946303844451904E+00   5.5580747127532959E-01   4.5568245695903897E-04
     1      215   1.0236816480755806E-02   3.6319632530212402E+00   5.8034741878509521E-01  -1.0534164309501648E-01   5.0957603380084038E-03   1.2970648240298033E-03  -1.4525611186400056E-04  -1.8025082681560889E-05   3.8437992770923302E-06  -1.8197195572611236E-07   2.3231024742126465E+00  -7.8269904851913452E-01  -1.0742318630218506E+00   5.2708959579467773E-01   1.1801905632019043E+00  -8.2952745258808136E-02  -1.4564436674118042E+00   7.5611215829849243E-01   6.0173188103362918E-04
     1      216   1.0239257477223873E-02   3.6401188373565674E+00   5.7862490415573120E-01  -1.0581557452678680E-01   5.2714487537741661E-03   1.2990295654162765E-03  -1.4965519949328154E-04  -1.8127217117580585E-05   3.9565379665873479E-06  -1.8958664327328734E-07   2.3182268142700195E+00  -7.9756861925125122E-01  -1.0696874856948853E+00   5.5160349607467651E-01   1.1922255754470825E+00  -1.0943770408630371E-01  -1.4979102611541748E+00   7.9760050773620605E-01   4.6647049020975828E-04
     1      217   1.0244140401482582E-02   3.6222252845764160E+00   5.8261615037918091E-01  -1.0485973209142685E-01   4.8904526047408581E-03   1.2961725005879998E-03  -1.4015087799634784E-04  -1.7924141502589919E-05   3.7139229789318051E-06  -1.7315184663857508E-07   2.3267054557800293E+00  -7.6535373926162720E-01  -1.0756586790084839E+00   5.0187540054321289E-01   1.1630637645721436E+00  -6.2145832926034927E-02  -1.4154340028762817E+00   7.2447091341018677E-01   6.6730246180668473E-04
     1      218   1.0249023325741291E-02   3.6201417446136475E+00   5.8249270915985107E-01  -1.0463582724332809E-01   4.8608495853841305E-03   1.2924986658617854E-03  -1.3950496213510633E-04  -1.7855158148449846E-05   3.6996102608100045E-06  -1.7262061646761140E-07   2.3295440673828125E+00  -7.6185536384582520E-01  -1.0797077417373657E+00   4.9332910776138306E-01   1.1615263223648071E+00  -5.0221975892782211E-02  -1.4009634256362915E+00   7.0726907253265381E-01   4.8052440979517996E-04
     1      219   1.0250244289636612E-02   3.6365041732788086E+00   5.7724463939666748E-01  -1.0517869889736176E-01   5.2512800320982933E-03   1.2850236380472779E-03  -1.4959670079406351E-04  -1.7901567844091915E-05   3.9651099541515578E-06  -1.9198623135707749E-07   2.3269846439361572E+00  -7.9145288467407227E-01  -1.0825762748718262E+00   5.3146356344223022E-01   1.1918348073959351E+00  -7.8729547560214996E-02  -1.4647163152694702E+00   7.5510323047637939E-01   5.7687878143042326E-04
     1      220   1.0251464322209358E-02   3.5954031944274902E+00   5.9010952711105347E-01  -1.0375994443893433E-01   4.2809825390577316E-03   1.3019050238654017E-03  -1.2458793935365975E-04  -1.7759928596206009E-05   3.3086005259974627E-06  -1.4431533656988904E-07   2.3340749740600586E+00  -7.1732419729232788E-01  -1.0764768123626709E+00   4.3497487902641296E-01   1.1162753105163574E+00  -5.6790299713611603E-03  -1.3037356138229370E+00   6.3327085971832275E-01   5.3053611190989614E-04
     1      221   1.0253906250000000E-02   3.6104624271392822E+00   5.8591455221176147E-01  -1.0440768301486969E-01   4.6244799159467220E-03   1.2995417928323150E-03  -1.3330602087080479E-04  -1.7867985661723651E-05   3.5343159652256873E-06  -1.6020655380089011E-07   2.3293962478637695E+00  -7.4472993612289429E-01  -1.0756751298904419E+00   4.7330468893051147E-01   1.1427955627441406E+00  -3.8145113736391068E-02  -1.3674807548522949E+00   6.8545746803283691E-01   4.6124914661049843E-04
     1      222   1.0273437015712261E-02   3.6061799526214600E+00   5.8895188570022583E-01  -1.0470661520957947E-01   4.4861305505037308E-03   1.3142263051122427E-03  -1.2928454088978469E-04  -1.8040809663943946E-05   3.4188633435405791E-06  -1.5023617550014023E-07   2.3224997520446777E+00  -7.3865848779678345E-01  -1.0646741390228271E+00   4.7456297278404236E-01   1.1323854923248291E+00  -4.9538146704435349E-02  -1.3681108951568604E+00   6.9654780626296997E-01   4.7965583507902920E-04
     1      223   1.0312499478459358E-02   3.6291198730468750E+00   5.8081275224685669E-01  -1.0543667525053024E-01   5.0664567388594151E-03   1.3016043230891228E-03  -1.4431271119974554E-04  -1.8087246644427069E-05   3.8150533328007441E-06  -1.7930793205778173E-07   2.3183834552764893E+00  -7.8247100114822388E-01  -1.0698841810226440E+00   5.2962249517440796E-01   1.1771192550659180E+00  -8.9812561869621277E-02  -1.4601961374282837E+00   7.6518654823303223E-01   4.8837484791874886E-04
     1      224   1.0468749329447746E-02   3.6237263679504395E+00   5.7925558090209961E-01  -1.0510881245136261E-01   5.0748651847243309E-03   1.2946471106261015E-03  -1.4467047003563493E-04  -1.7988331819651648E-05   3.8278958527371287E-06  -1.8098505449870572E-07   2.3172903060913086E+00  -7.8241807222366333E-01  -1.0743908882141113E+00   5.2359032630920410E-01   1.1776268482208252E+00  -7.9613067209720612E-02  -1.4498122930526733E+00   7.5064873695373535E-01   5.0579517846927047E-04
     1      225   1.0546874254941940E-02   3.6046440601348877E+00   5.8483505249023438E-01  -1.0464177280664444E-01   4.6618385240435600E-03   1.3056718744337559E-03  -1.3386685168370605E-04  -1.7989948901231401E-05   3.5410798773227725E-06  -1.5964279498348333E-07   2.3152649402618408E+00  -7.5284320116043091E-01  -1.0672529935836792E+00   4.8840928077697754E-01   1.1446481943130493E+00  -5.8310840278863907E-02  -1.3907897472381592E+00   7.1201074123382568E-01   4.4645258458331227E-04
     1      226   1.0549316182732582E-02   3.5393419265747070E+00   6.0369622707366943E-01  -1.0204091668128967E-01   3.1589837744832039E-03   1.3222263660281897E-03  -9.5446201157756150E-05  -1.7621683582547121E-05   2.5393092073500156E-06  -8.8094864736376621E-08   2.3322217464447021E+00  -6.3486814498901367E-01  -1.0665005445480347E+00   3.2679420709609985E-01   1.0283174514770508E+00   7.4235558509826660E-02  -1.1215339899063110E+00   4.9686518311500549E-01   4.9324415158480406E-04
     1      227   1.0551757179200649E-02   3.6217796802520752E+00   5.7852536439895630E-01  -1.0504459589719772E-01   5.0920052453875542E-03   1.2928301002830267E-03  -1.4513444330077618E-04  -1.7969738109968603E-05   3.8407433748943731E-06  -1.8206711160928535E-07   2.3152289390563965E+00  -7.8391504287719727E-01  -1.0745421648025513E+00   5.2451825141906738E-01   1.1781606674194336E+00  -8.0653317272663116E-02  -1.4514633417129517E+00   7.5267904996871948E-01   5.0337001448497176E-04
     1      228   1.0556640103459358E-02   3.6009933948516846E+00   5.8536499738693237E-01  -1.0441801697015762E-01   4.5918300747871399E-03   1.3042865321040154E-03  -1.3210362521931529E-04  -1.7941440091817640E-05   3.4956474337377585E-06  -1.5660984331589134E-07   2.3175158500671387E+00  -7.4681997299194336E-01  -1.0701220035552979E+00   4.7730687260627747E-01   1.1400413513183594E+00  -4.5392267405986786E-02  -1.3718302249908447E+00   6.9249945878982544E-01   5.0435023149475455E-04
     1      229   1.0566405951976776E-02   3.5625698566436768E+00   5.9610360860824585E-01  -1.0283679515123367E-01   3.7213114555925131E-03   1.3120009098201990E-03  -1.0993958858307451E-04  -1.7697824659990147E-05   2.9198090487625450E-06  -1.1575960456866596E-07   2.3278911113739014E+00  -6.7779338359832764E-01  -1.0703734159469604E+00   3.8206151127815247E-01   1.0718303918838501E+00   3.2501328736543655E-02  -1.2137951850891113E+00   5.6716012954711914E-01   5.2746757864952087E-04
     1      230   1.0585937649011612E-02   3.5535993576049805E+00   5.9902703762054443E-01  -1.0261738300323486E-01   3.5172330681234598E-03   1.3172506587579846E-03  -1.0467807442182675E-04  -1.7691856555757113E-05   2.7818769012810662E-06  -1.0561732466385365E-07   2.3269925117492676E+00  -6.6273093223571777E-01  -1.0655443668365479E+00   3.6565229296684265E-01   1.0543922185897827E+00   3.9558850228786469E-02  -1.1873584985733032E+00   5.5305534601211548E-01   6.1079184524714947E-04
     1      231   1.0588379576802254E-02   3.5510830879211426E+00   5.9911060333251953E-01  -1.0238450020551682E-01   3.4749042242765427E-03   1.3140152441337705E-03  -1.0370097879786044E-04  -1.7624943211558275E-05   2.7586415853875224E-06  -1.0439487141411519E-07   2.3298728466033936E+00  -6.5827202796936035E-01  -1.0692982673645020E+00   3.5607445240020752E-01   1.0517386198043823E+00   5.1862224936485291E-02  -1.1712898015975952E+00   5.3505706787109375E-01   4.4653844088315964E-04
     1      232   1.0590820573270321E-02   3.5905816555023193E+00   5.8705770969390869E-01  -1.0382866114377975E-01   4.4019226916134357E-03   1.2999542523175478E-03  -1.2753874761983752E-04  -1.7791775462683290E-05   3.3832563985924935E-06  -1.4951324089906848E-07   2.3215417861938477E+00  -7.2974836826324463E-01  -1.0728198289871216E+00   4.5120155811309814E-01   1.1233661174774170E+00  -2.3249521851539612E-02  -1.3301436901092529E+00   6.5910398960113525E-01   6.1590800760313869E-04
     1      233   1.0595703497529030E-02   3.5918424129486084E+00   5.8659261465072632E-01  -1.0387711971998215E-01   4.4308141805231571E-03   1.2999915052205324E-03  -1.2819268158636987E-04  -1.7808022676035762E-05   3.3982773857132997E-06  -1.5042895995520666E-07   2.3215692043304443E+00  -7.3249131441116333E-01  -1.0744322538375854E+00   4.5335668325424194E-01   1.1274335384368896E+00  -2.1306864917278290E-02  -1.3323953151702881E+00   6.5570640563964844E-01   4.8511652857996523E-04
     1      234   1.0598145425319672E-02   3.6060225963592529E+00   5.8229964971542358E-01  -1.0440883040428162E-01   4.7636614181101322E-03   1.2952336110174656E-03  -1.3674738875124604E-04  -1.7872005628305487E-05   3.6224048471922288E-06  -1.6659296875332075E-07   2.3182926177978516E+00  -7.5822347402572632E-01  -1.0752557516098022E+00   4.8795595765113831E-01   1.1528403759002686E+00  -4.9448724836111069E-02  -1.3902993202209473E+00   7.0231604576110840E-01   6.4660498173907399E-04
     1      235   1.0600586421787739E-02   3.6023046970367432E+00   5.8332228660583496E-01  -1.0425648093223572E-01   4.6822936274111271E-03   1.2957181315869093E-03  -1.3471345300786197E-04  -1.7844464309746400E-05   3.5704099445865722E-06  -1.6297150295940810E-07   2.3190572261810303E+00  -7.5153911113739014E-01  -1.0746238231658936E+00   4.7932103276252747E-01   1.1455231904983521E+00  -4.4113028794527054E-02  -1.3765685558319092E+00   6.9424003362655640E-01   4.4000774505548179E-04
     1      236   1.0605469346046448E-02   3.5759572982788086E+00   5.9050828218460083E-01  -1.0312636196613312E-01   4.0864357724785805E-03   1.2999814935028553E-03  -1.1953971988987178E-04  -1.7662407117313705E-05   3.1762654089106945E-06  -1.3511726137949154E-07   2.3271903991699219E+00  -7.0421993732452393E-01  -1.0767852067947388E+00   4.1228073835372925E-01   1.1003130674362183E+00   1.4396196231245995E-02  -1.2645077705383301E+00   5.9982299804687500E-01   5.1272218115627766E-04
     1      237   1.0625000111758709E-02   3.5529677867889404E+00   5.9983384609222412E-01  -1.0286758095026016E-01   3.5006757825613022E-03   1.3244147412478924E-03  -1.0400163591839373E-04  -1.7798367480281740E-05   2.7586606847762596E-06  -1.0303030961722470E-07   2.3216249942779541E+00  -6.6409492492675781E-01  -1.0589400529861450E+00   3.7296789884567261E-01   1.0524426698684692E+00   2.6468163356184959E-02  -1.1991155147552490E+00   5.7049804925918579E-01   5.4494838695973158E-04
     1      238   1.0703125968575478E-02   3.5843665599822998E+00   5.8864790201187134E-01  -1.0393074154853821E-01   4.2995554395020008E-03   1.3088583946228027E-03  -1.2456167314667255E-04  -1.7893844415084459E-05   3.2978643957903842E-06  -1.4228189115783607E-07   2.3147549629211426E+00  -7.2550368309020996E-01  -1.0658885240554810E+00   4.5017001032829285E-01   1.1155220270156860E+00  -2.8496462851762772E-02  -1.3269051313400269E+00   6.6285163164138794E-01   5.3543935064226389E-04
     1      239   1.0742188431322575E-02   3.5985171794891357E+00   5.8235973119735718E-01  -1.0414683073759079E-01   4.6927160583436489E-03   1.2937844730913639E-03  -1.3494609447661787E-04  -1.7824304450186901E-05   3.5760972423304338E-06  -1.6349783038549504E-07   2.3157501220703125E+00  -7.5315856933593750E-01  -1.0753402709960938E+00   4.7926312685012817E-01   1.1464619636535645E+00  -4.2392827570438385E-02  -1.3757771253585815E+00   6.9055789709091187E-01   4.8300271737389266E-04
     1      240   1.0747071355581284E-02   3.5958034992218018E+00   5.8367270231246948E-01  -1.0417180508375168E-01   4.6192817389965057E-03   1.2982430635020137E-03  -1.3295109965838492E-04  -1.7863458197098225E-05   3.5214200124755735E-06  -1.5912175399535045E-07   2.3141164779663086E+00  -7.4860119819641113E-01  -1.0718327760696411E+00   4.7608554363250732E-01   1.1403193473815918E+00  -4.3708808720111847E-02  -1.3703757524490356E+00   6.9100749492645264E-01   4.8028089804574847E-04
     1      241   1.0751953348517418E-02   3.5956530570983887E+00   5.8280742168426514E-01  -1.0397925972938538E-01   4.6421559527516365E-03   1.2922545429319143E-03  -1.3376666174735874E-04  -1.7777612811187282E-05   3.5479181406117277E-06  -1.6181073192456097E-07   2.3167953491210938E+00  -7.4843430519104004E-01  -1.0757789611816406E+00   4.7237259149551392E-01   1.1415957212448120E+00  -3.7291046231985092E-02  -1.3651077747344971E+00   6.8300646543502808E-01   4.6876104897819459E-04
     1      242   1.0754395276308060E-02   3.5888001918792725E+00   5.8522909879684448E-01  -1.0381184518337250E-01   4.4745942577719688E-03   1.2970397947356105E-03  -1.2938704458065331E-04  -1.7782489521778189E-05   3.4315796710870927E-06  -1.5312384959997871E-07   2.3167748451232910E+00  -7.3622930049896240E-01  -1.0729488134384155E+00   4.5808711647987366E-01   1.1282461881637573E+00  -2.8721764683723450E-02  -1.3412735462188721E+00   6.6769868135452271E-01   4.8223105841316283E-04
     1      243   1.0756836272776127E-02   3.5493354797363281E+00   5.9844601154327393E-01  -1.0264512896537781E-01   3.5192009527236223E-03   1.3193694176152349E-03  -1.0452816786710173E-04  -1.7733585991663858E-05   2.7738840344682103E-06  -1.0459894639325285E-07   2.3206427097320557E+00  -6.6534638404846191E-01  -1.0630697011947632E+00   3.6935123801231384E-01   1.0546237230300903E+00   3.5107459872961044E-02  -1.1920990943908691E+00   5.5815064907073975E-01   4.3686767457984388E-04
     1      244   1.0761719197034836E-02   3.5256471633911133E+00   6.0510003566741943E-01  -1.0167191177606583E-01   2.9819470364600420E-03   1.3240888947620988E-03  -9.0866291429847479E-05  -1.7581578504177742E-05   2.4193896024371497E-06  -7.9482710191314254E-08   2.3269450664520264E+00  -6.2270939350128174E-01  -1.0628881454467773E+00   3.1089308857917786E-01   1.0123438835144043E+00   8.2382492721080780E-02  -1.0952720642089844E+00   4.8186236619949341E-01   5.1066069863736629E-04
     1      245   1.0766602121293545E-02   3.5481047630310059E+00   5.9795778989791870E-01  -1.0244096070528030E-01   3.5165422596037388E-03   1.3145247939974070E-03  -1.0464867227710783E-04  -1.7655294868745841E-05   2.7813796350528719E-06  -1.0581130283071616E-07   2.3230314254760742E+00  -6.6355788707733154E-01  -1.0664829015731812E+00   3.6380973458290100E-01   1.0541352033615112E+00   4.2777802795171738E-02  -1.1835138797760010E+00   5.4768395423889160E-01   5.9880485059693456E-04
     1      246   1.0771485045552254E-02   3.5829687118530273E+00   5.8684056997299194E-01  -1.0362104326486588E-01   4.3466882780194283E-03   1.2993609998375177E-03  -1.2606299424078315E-04  -1.7766073142411187E-05   3.3438402624597074E-06  -1.4672197323761793E-07   2.3172626495361328E+00  -7.2676682472229004E-01  -1.0723433494567871E+00   4.4541561603546143E-01   1.1187855005264282E+00  -1.8253238871693611E-02  -1.3196555376052856E+00   6.4999467134475708E-01   4.4526622514240444E-04
     1      247   1.0773926973342896E-02   3.5696310997009277E+00   5.9088236093521118E-01  -1.0313944518566132E-01   4.0333061479032040E-03   1.3044612715020776E-03  -1.1795855971286073E-04  -1.7717049558996223E-05   3.1303475225286093E-06  -1.3119611708134471E-07   2.3201162815093994E+00  -7.0290809869766235E-01  -1.0717761516571045E+00   4.1300642490386963E-01   1.0954240560531616E+00   8.9435288682579994E-03  -1.2648715972900391E+00   6.0503482818603516E-01   4.8686002264730632E-04
     1      248   1.0776367969810963E-02   3.6132116317749023E+00   5.7646936178207397E-01  -1.0448768734931946E-01   5.0826850347220898E-03   1.2817906681448221E-03  -1.4515221118927002E-04  -1.7801536159822717E-05   3.8474431676149834E-06  -1.8382111477421859E-07   2.3150506019592285E+00  -7.8160178661346436E-01  -1.0822054147720337E+00   5.1181209087371826E-01   1.1771768331527710E+00  -6.1665311455726624E-02  -1.4300172328948975E+00   7.2579091787338257E-01   6.0921587282791734E-04
     1      249   1.0778808966279030E-02   3.6075632572174072E+00   5.8004039525985718E-01  -1.0469940304756165E-01   4.9062129110097885E-03   1.2961049797013402E-03  -1.4023091353010386E-04  -1.7951046174857765E-05   3.7100783174537355E-06  -1.7243692695956270E-07   2.3093075752258301E+00  -7.7174270153045654E-01  -1.0708802938461304E+00   5.0835758447647095E-01   1.1622939109802246E+00  -7.1372233331203461E-02  -1.4239553213119507E+00   7.3546928167343140E-01   6.3124147709459066E-04
     1      250   1.0781250894069672E-02   3.6041793823242188E+00   5.8120542764663696E-01  -1.0461455583572388E-01   4.8237396404147148E-03   1.2984911445528269E-03  -1.3805847265757620E-04  -1.7954807844944298E-05   3.6519506920740241E-06  -1.6807112501737720E-07   2.3093936443328857E+00  -7.6582872867584229E-01  -1.0698661804199219E+00   5.0109088420867920E-01   1.1561635732650757E+00  -6.6066943109035492E-02  -1.4115430116653442E+00   7.2598701715469360E-01   7.4379425495862961E-04
     1      251   1.0800782591104507E-02   3.5883929729461670E+00   5.8469325304031372E-01  -1.0380921512842178E-01   4.4973278418183327E-03   1.2960716849192977E-03  -1.2998028250876814E-04  -1.7777463654056191E-05   3.4475458505767165E-06  -1.5435306011113425E-07   2.3153858184814453E+00  -7.3817074298858643E-01  -1.0728282928466797E+00   4.6034511923789978E-01   1.1295760869979858E+00  -3.0950389802455902E-02  -1.3451019525527954E+00   6.7133456468582153E-01   5.4481858387589455E-04
     1      252   1.0820313356816769E-02   3.5864601135253906E+00   5.8483994007110596E-01  -1.0370763391256332E-01   4.4681667350232601E-03   1.2953873956575990E-03  -1.2924194743391126E-04  -1.7755910448613577E-05   3.4284953471797053E-06  -1.5308559397908539E-07   2.3158988952636719E+00  -7.3585027456283569E-01  -1.0740274190902710E+00   4.5583793520927429E-01   1.1278952360153198E+00  -2.5284083560109138E-02  -1.3371764421463013E+00   6.6235643625259399E-01   4.7217504470609128E-04
     1      253   1.0839844122529030E-02   3.5298738479614258E+00   6.0234308242797852E-01  -1.0176988691091537E-01   3.1397459097206593E-03   1.3190298341214657E-03  -9.4919370894785970E-05  -1.7573571312823333E-05   2.5255812943214551E-06  -8.7364625755981251E-08   2.3253185749053955E+00  -6.3496232032775879E-01  -1.0666273832321167E+00   3.2341980934143066E-01   1.0258975028991699E+00   7.7702336013317108E-02  -1.1150411367416382E+00   4.9039584398269653E-01   4.6149300760589540E-04
     1      254   1.0859375819563866E-02   3.6086773872375488E+00   5.7724064588546753E-01  -1.0446851700544357E-01   5.0217537209391594E-03   1.2849438935518265E-03  -1.4351341815199703E-04  -1.7825683244154789E-05   3.8032887914596358E-06  -1.8037502513834625E-07   2.3111784458160400E+00  -7.7816557884216309E-01  -1.0778793096542358E+00   5.1009774208068848E-01   1.1707141399383545E+00  -6.6066250205039978E-02  -1.4276893138885498E+00   7.3082864284515381E-01   5.3290766663849354E-04
     1      255   1.0878907516598701E-02   3.6240453720092773E+00   5.7329881191253662E-01  -1.0525845736265182E-01   5.3686164319515228E-03   1.2859079288318753E-03  -1.5219292254187167E-04  -1.7987238607020117E-05   4.0253598854178563E-06  -1.9557000996428542E-07   2.3038935661315918E+00  -8.0723637342453003E-01  -1.0741299390792847E+00   5.5319178104400635E-01   1.1976794004440308E+00  -1.0504736751317978E-01  -1.4988340139389038E+00   7.9150694608688354E-01   4.5578542631119490E-04
     1      256   1.0888673365116119E-02   3.5943856239318848E+00   5.8241778612136841E-01  -1.0422665625810623E-01   4.6744211576879025E-03   1.2976968428120017E-03  -1.3429402315523475E-04  -1.7882077372632921E-05   3.5553687212086516E-06  -1.6146326231591956E-07   2.3089790344238281E+00  -7.5430929660797119E-01  -1.0703129768371582E+00   4.8372605443000793E-01   1.1441539525985718E+00  -5.1212608814239502E-02  -1.3825594186782837E+00   7.0161920785903931E-01   5.6453858269378543E-04
     1      257   1.0893555358052254E-02   3.5758135318756104E+00   5.8715742826461792E-01  -1.0336302965879440E-01   4.2640510946512222E-03   1.2985529610887170E-03  -1.2392817006912082E-04  -1.7724183635436930E-05   3.2879063383006724E-06  -1.4283664029335341E-07   2.3156826496124268E+00  -7.2091203927993774E-01  -1.0731837749481201E+00   4.3518680334091187E-01   1.1125291585922241E+00  -8.1698689609766006E-03  -1.3019459247589111E+00   6.3339179754257202E-01   5.6886253878474236E-04
     1      258   1.0898438282310963E-02   3.5577542781829834E+00   5.9282195568084717E-01  -1.0275635123252869E-01   3.8395589217543602E-03   1.3062518555670977E-03  -1.1298602476017550E-04  -1.7666628991719335E-05   3.0006935958226677E-06  -1.2195809517834277E-07   2.3183524608612061E+00  -6.8853938579559326E-01  -1.0698605775833130E+00   3.9358294010162354E-01   1.0789810419082642E+00   2.2076429799199104E-02  -1.2328044176101685E+00   5.8288532495498657E-01   5.2998849423602223E-04
     1      259   1.0900879278779030E-02   3.6281137466430664E+00   5.7121086120605469E-01  -1.0529297590255737E-01   5.4942248389124870E-03   1.2801820412278175E-03  -1.5557065489701927E-04  -1.7949723769561388E-05   4.1171974771714304E-06  -2.0271723144560383E-07   2.3041505813598633E+00  -8.1565612554550171E-01  -1.0768965482711792E+00   5.6206595897674561E-01   1.2065026760101318E+00  -1.1058056354522705E-01  -1.5145084857940674E+00   8.0270218849182129E-01   5.9278821572661400E-04
     1      260   1.0903321206569672E-02   3.5918340682983398E+00   5.8287745714187622E-01  -1.0411432385444641E-01   4.6298136003315449E-03   1.2973651755601168E-03  -1.3320425932761282E-04  -1.7858177670859732E-05   3.5280290830996819E-06  -1.5963648536398978E-07   2.3092687129974365E+00  -7.5034886598587036E-01  -1.0699133872985840E+00   4.7846016287803650E-01   1.1393043994903564E+00  -4.8818159848451614E-02  -1.3747072219848633E+00   6.9857460260391235E-01   4.9757451051846147E-04
     1      261   1.0908203199505806E-02   3.5332400798797607E+00   5.9957760572433472E-01  -1.0173683613538742E-01   3.2871437724679708E-03   1.3107936829328537E-03  -9.8927077488042414E-05  -1.7506603398942389E-05   2.6356090074841632E-06  -9.6097728885524702E-08   2.3250932693481445E+00  -6.4470088481903076E-01  -1.0704371929168701E+00   3.3270046114921570E-01   1.0359513759613037E+00   7.2604827582836151E-02  -1.1316370964050293E+00   5.0153732299804688E-01   5.4198567522689700E-04
     1      262   1.0910645127296448E-02   3.5856373310089111E+00   5.8334112167358398E-01  -1.0359632968902588E-01   4.5226407237350941E-03   1.2905333423987031E-03  -1.3074351591058075E-04  -1.7705790014588274E-05   3.4702304674283369E-06  -1.5656488017157244E-07   2.3150169849395752E+00  -7.3941522836685181E-01  -1.0765794515609741E+00   4.5743477344512939E-01   1.1315013170242310E+00  -2.4297326803207397E-02  -1.3400743007659912E+00   6.6235125064849854E-01   5.6588236475363374E-04
     1      263   1.0913086123764515E-02   3.5963683128356934E+00   5.8105063438415527E-01  -1.0421225428581238E-01   4.7512040473520756E-03   1.2932886602357030E-03  -1.3641678378917277E-04  -1.7844342437456362E-05   3.6142989756626775E-06  -1.6617167375443387E-07   2.3090441226959229E+00  -7.5903600454330444E-01  -1.0717577934265137E+00   4.8869726061820984E-01   1.1484659910202026E+00  -5.5645763874053955E-02  -1.3920911550521851E+00   7.1090936660766602E-01   4.7924509271979332E-04
     1      264   1.0917969048023224E-02   3.5662996768951416E+00   5.8994406461715698E-01  -1.0307374596595764E-01   4.0510310791432858E-03   1.3030566042289138E-03  -1.1838338832603768E-04  -1.7707152437651530E-05   3.1411702821060317E-06  -1.3204233084707084E-07   2.3161954879760742E+00  -7.0515364408493042E-01  -1.0713537931442261E+00   4.1480687260627747E-01   1.0960319042205811E+00   6.9298269227147102E-03  -1.2675836086273193E+00   6.0801708698272705E-01   4.5085302554070950E-04
     1      265   1.0927734896540642E-02   3.5935180187225342E+00   5.8172231912612915E-01  -1.0411529988050461E-01   4.6909805387258530E-03   1.2944705085828900E-03  -1.3480291818268597E-04  -1.7840024156612344E-05   3.5706063954421552E-06  -1.6291642168653198E-07   2.3094527721405029E+00  -7.5486367940902710E-01  -1.0724943876266479E+00   4.8208805918693542E-01   1.1451692581176758E+00  -4.7811824828386307E-02  -1.3800535202026367E+00   6.9745349884033203E-01   4.5973001397214830E-04
     1      266   1.0930176824331284E-02   3.5425200462341309E+00   5.9741830825805664E-01  -1.0229627043008804E-01   3.4932494163513184E-03   1.3136811321601272E-03  -1.0398391168564558E-04  -1.7639831639826298E-05   2.7627077088254737E-06  -1.0445464937447468E-07   2.3192005157470703E+00  -6.6294491291046143E-01  -1.0665712356567383E+00   3.6098492145538330E-01   1.0523940324783325E+00   4.6177234500646591E-02  -1.1778085231781006E+00   5.4149365425109863E-01   4.9849040806293488E-04
     1      267   1.0932617820799351E-02   3.5537846088409424E+00   5.9407049417495728E-01  -1.0273431241512299E-01   3.7545433733612299E-03   1.3105690013617277E-03  -1.1065159924328327E-04  -1.7700844182400033E-05   2.9363275189098204E-06  -1.1686446299563613E-07   2.3164961338043213E+00  -6.8350028991699219E-01  -1.0673990249633789E+00   3.8846221566200256E-01   1.0731513500213623E+00   2.4959037080407143E-02  -1.2232149839401245E+00   5.7601761817932129E-01   5.8747659204527736E-04
     1      268   1.0935058817267418E-02   3.5785391330718994E+00   5.8717942237854004E-01  -1.0378961265087128E-01   4.3210722506046295E-03   1.3060650089755654E-03  -1.2510117085184902E-04  -1.7866608686745167E-05   3.3122050808742642E-06  -1.4350662524975633E-07   2.3086888790130615E+00  -7.2833871841430664E-01  -1.0653121471405029E+00   4.5198002457618713E-01   1.1158251762390137E+00  -3.0810637399554253E-02  -1.3296006917953491E+00   6.6611325740814209E-01   5.7340343482792377E-04
     1      269   1.0937500745058060E-02   3.5861301422119141E+00   5.8555364608764648E-01  -1.0422547161579132E-01   4.4817053712904453E-03   1.3081093784421682E-03  -1.2906720803584903E-04  -1.7964979633688927E-05   3.4127087928936817E-06  -1.5020549426481011E-07   2.3045370578765869E+00  -7.4234563112258911E-01  -1.0623074769973755E+00   4.7390869259834290E-01   1.1284635066986084E+00  -5.1618952304124832E-02  -1.3656811714172363E+00   6.9766223430633545E-01   6.3292344566434622E-04
     1      270   1.0942383669316769E-02   3.5741853713989258E+00   5.8660709857940674E-01  -1.0323728621006012E-01   4.2659812606871128E-03   1.2959596933797002E-03  -1.2401198910083622E-04  -1.7687410945654847E-05   3.2909365472733043E-06  -1.4331322972793714E-07   2.3160552978515625E+00  -7.2073274850845337E-01  -1.0757491588592529E+00   4.3201377987861633E-01   1.1132041215896606E+00  -2.1703012753278017E-03  -1.2961485385894775E+00   6.2498039007186890E-01   5.6023558136075735E-04
     1      271   1.0947266593575478E-02   3.6024115085601807E+00   5.7846713066101074E-01  -1.0438245534896851E-01   4.9209715798497200E-03   1.2887821067124605E-03  -1.4081191329751164E-04  -1.7845983165898360E-05   3.7303173030522885E-06  -1.7477101721397048E-07   2.3078520298004150E+00  -7.7191245555877686E-01  -1.0743021965026855E+00   5.0373220443725586E-01   1.1621701717376709E+00  -6.4713239669799805E-02  -1.4168106317520142E+00   7.2650605440139771E-01   5.5115565191954374E-04
     1      272   1.0952149517834187E-02   3.5384781360626221E+00   5.9760868549346924E-01  -1.0199267417192459E-01   3.4339535050094128E-03   1.3095347676426172E-03  -1.0265417949995026E-04  -1.7549546100781299E-05   2.7322832920617657E-06  -1.0293508978520549E-07   2.3218014240264893E+00  -6.5664422512054443E-01  -1.0695044994354248E+00   3.4947499632835388E-01   1.0467438697814941E+00   5.7433482259511948E-02  -1.1596807241439819E+00   5.2570378780364990E-01   5.5632746079936624E-04
     1      273   1.0957032442092896E-02   3.5635991096496582E+00   5.8965665102005005E-01  -1.0285697132349014E-01   4.0322942659258842E-03   1.2987515656277537E-03  -1.1811151489382610E-04  -1.7629345165914856E-05   3.1390329695568653E-06  -1.3256750719392585E-07   2.3172006607055664E+00  -7.0224183797836304E-01  -1.0728629827499390E+00   4.0917447209358215E-01   1.0928502082824707E+00   1.1284320615231991E-02  -1.2596735954284668E+00   6.0249775648117065E-01   5.7101761922240257E-04
     1      274   1.0966798290610313E-02   3.5788633823394775E+00   5.8488726615905762E-01  -1.0342300683259964E-01   4.3928115628659725E-03   1.2937920400872827E-03  -1.2730128946714103E-04  -1.7706179278320633E-05   3.3777746466512326E-06  -1.4963443106807972E-07   2.3140239715576172E+00  -7.3046928644180298E-01  -1.0753260850906372E+00   4.4555759429931641E-01   1.1219918727874756E+00  -1.4815632253885269E-02  -1.3193737268447876E+00   6.4570373296737671E-01   6.1071902746334672E-04
     1      275   1.0971680283546448E-02   3.6059875488281250E+00   5.7714462280273438E-01  -1.0454232990741730E-01   5.0185532309114933E-03   1.2876625405624509E-03  -1.4329962141346186E-04  -1.7869948351290077E-05   3.7950671867292840E-06  -1.7938822338692262E-07   2.3060028553009033E+00  -7.7975004911422729E-01  -1.0740494728088379E+00   5.1448160409927368E-01   1.1695313453674316E+00  -7.3911756277084351E-02  -1.4347274303436279E+00   7.4117910861968994E-01   5.9289939235895872E-04
     1      276   1.0976563207805157E-02   3.5811519622802734E+00   5.8548259735107422E-01  -1.0382340848445892E-01   4.4161290861666203E-03   1.3022996718063951E-03  -1.2757793592754751E-04  -1.7849381038104184E-05   3.3779920158849563E-06  -1.4850643026420585E-07   2.3082637786865234E+00  -7.3543602228164673E-01  -1.0680699348449707E+00   4.5878094434738159E-01   1.1239707469940186E+00  -3.2601516693830490E-02  -1.3404687643051147E+00   6.6970753669738770E-01   5.9049390256404877E-04
     1      277   1.0981446132063866E-02   3.5940530300140381E+00   5.8104187250137329E-01  -1.0419580340385437E-01   4.7349170781672001E-03   1.2943121837452054E-03  -1.3591778406407684E-04  -1.7855374608188868E-05   3.5998502880829619E-06  -1.6499652133461495E-07   2.3068180084228516E+00  -7.5884360074996948E-01  -1.0709644556045532E+00   4.8837304115295410E-01   1.1477117538452148E+00  -5.5221561342477798E-02  -1.3907551765441895E+00   7.0890486240386963E-01   6.6751032136380672E-04
     1      278   1.0986328125000000E-02   3.5667078495025635E+00   5.8978796005249023E-01  -1.0330796986818314E-01   4.0822988376021385E-03   1.3076029717922211E-03  -1.1896965588675812E-04  -1.7793976439861581E-05   3.1518900414084783E-06  -1.3211862892603676E-07   2.3109128475189209E+00  -7.0993417501449585E-01  -1.0668262243270874E+00   4.2467507719993591E-01   1.0984210968017578E+00  -5.3192148916423321E-03  -1.2832026481628418E+00   6.2466323375701904E-01   5.6634983047842979E-04
     1      279   1.0996093973517418E-02   3.5770704746246338E+00   5.8553570508956909E-01  -1.0347746312618256E-01   4.3560257181525230E-03   1.2973670382052660E-03  -1.2621324276551604E-04  -1.7748376194504090E-05   3.3462447390775196E-06  -1.4693493710637995E-07   2.3118734359741211E+00  -7.2901815176010132E-01  -1.0729494094848633E+00   4.4533714652061462E-01   1.1195892095565796E+00  -1.6294799745082855E-02  -1.3182249069213867E+00   6.4619940519332886E-01   5.0342793110758066E-04
     1      280   1.1015625670552254E-02   3.5769290924072266E+00   5.8631920814514160E-01  -1.0369817167520523E-01   4.3442999012768269E-03   1.3031442649662495E-03  -1.2577195593621582E-04  -1.7832435332820751E-05   3.3315811833745101E-06  -1.4521074831463920E-07   2.3073706626892090E+00  -7.2984057664871216E-01  -1.0661489963531494E+00   4.5244744420051575E-01   1.1166719198226929E+00  -3.1053761020302773E-02  -1.3308894634246826E+00   6.6697829961776733E-01   6.4934784313663840E-04
     1      281   1.1035157367587090E-02   3.6147241592407227E+00   5.7352727651596069E-01  -1.0486008226871490E-01   5.2644708193838596E-03   1.2830604100599885E-03  -1.4957762323319912E-04  -1.7904614651342854E-05   3.9586511775269173E-06  -1.9122100525237329E-07   2.3029141426086426E+00  -7.9915690422058105E-01  -1.0764031410217285E+00   5.3825676441192627E-01   1.1894040107727051E+00  -8.9920476078987122E-02  -1.4734724760055542E+00   7.6798754930496216E-01   4.5054883230477571E-04
     1      282   1.1040040291845798E-02   3.5814430713653564E+00   5.8416533470153809E-01  -1.0377241671085358E-01   4.4745383784174919E-03   1.2984678614884615E-03  -1.2915824481751770E-04  -1.7815837054513395E-05   3.4212475839012768E-06  -1.5197579728010169E-07   2.3075723648071289E+00  -7.3937636613845825E-01  -1.0699639320373535E+00   4.6176111698150635E-01   1.1277704238891602E+00  -3.3705551177263260E-02  -1.3457434177398682E+00   6.7324709892272949E-01   5.6697143008932471E-04
     1      283   1.1044923216104507E-02   3.5763618946075439E+00   5.8551293611526489E-01  -1.0355911403894424E-01   4.3607125990092754E-03   1.2994586722925305E-03  -1.2623559450730681E-04  -1.7785172531148419E-05   3.3446731322328560E-06  -1.4649751278739132E-07   2.3090808391571045E+00  -7.3051720857620239E-01  -1.0706795454025269E+00   4.4886478781700134E-01   1.1196142435073853E+00  -2.1576322615146637E-02  -1.3238052129745483E+00   6.5352451801300049E-01   5.0195789663121104E-04
     1      284   1.1054688133299351E-02   3.5166933536529541E+00   6.0251241922378540E-01  -1.0115250945091248E-01   2.9976868536323309E-03   1.3131927698850632E-03  -9.1465328296180815E-05  -1.7429603758500889E-05   2.4398668756475672E-06  -8.2088305930483330E-08   2.3246407508850098E+00  -6.2304848432540894E-01  -1.0700830221176147E+00   3.0156472325325012E-01   1.0133661031723022E+00   9.8518125712871552E-02  -1.0790091753005981E+00   4.5898130536079407E-01   5.5544282076880336E-04
     1      285   1.1093750596046448E-02   3.5959892272949219E+00   5.7801020145416260E-01  -1.0409452766180038E-01   4.8765554092824459E-03   1.2853097869083285E-03  -1.3973780733067542E-04  -1.7778094843379222E-05   3.7040083498141030E-06  -1.7330910395685351E-07   2.3064239025115967E+00  -7.6842975616455078E-01  -1.0764669179916382E+00   4.9538159370422363E-01   1.1584775447845459E+00  -5.5209837853908539E-02  -1.4025183916091919E+00   7.1203571557998657E-01   5.3340994054451585E-04
     1      286   1.1098633520305157E-02   3.5347952842712402E+00   5.9676015377044678E-01  -1.0190444439649582E-01   3.4396045375615358E-03   1.3084927340969443E-03  -1.0270693019265309E-04  -1.7543092326377518E-05   2.7318355932948180E-06  -1.0285836538059812E-07   2.3185312747955322E+00  -6.5827524662017822E-01  -1.0705052614212036E+00   3.4909871220588684E-01   1.0480279922485352E+00   6.0475755482912064E-02  -1.1576063632965088E+00   5.2037638425827026E-01   5.1800668006762862E-04
     1      287   1.1099854484200478E-02   3.5684330463409424E+00   5.8629310131072998E-01  -1.0308613628149033E-01   4.2340308427810669E-03   1.2950805248692632E-03  -1.2318618246354163E-04  -1.7664913684711792E-05   3.2695006666472182E-06  -1.4186284147399419E-07   2.3122141361236572E+00  -7.1905839443206787E-01  -1.0746222734451294E+00   4.2902743816375732E-01   1.1094535589218140E+00  -1.4490131288766861E-03  -1.2912517786026001E+00   6.2312769889831543E-01   5.6954013416543603E-04
     1      288   1.1101074516773224E-02   3.5526685714721680E+00   5.9180420637130737E-01  -1.0266968607902527E-01   3.8489450234919786E-03   1.3051539426669478E-03  -1.1316883319523185E-04  -1.7659554941928945E-05   3.0047117434151005E-06  -1.2226145429394819E-07   2.3126876354217529E+00  -6.9071513414382935E-01  -1.0686079263687134E+00   3.9548996090888977E-01   1.0788384675979614E+00   1.9365020096302032E-02  -1.2354642152786255E+00   5.8603817224502563E-01   4.9085851060226560E-04
     1      289   1.1103516444563866E-02   3.5913522243499756E+00   5.8038634061813354E-01  -1.0416911542415619E-01   4.7485283575952053E-03   1.2938153231516480E-03  -1.3623935228679329E-04  -1.7857602870208211E-05   3.6077076401852537E-06  -1.6552708359540702E-07   2.3030443191528320E+00  -7.6069736480712891E-01  -1.0695073604583740E+00   4.9094167351722717E-01   1.1476430892944336E+00  -5.9385020285844803E-02  -1.3951402902603149E+00   7.1475780010223389E-01   5.0936470506712794E-04
     1      290   1.1108399368822575E-02   3.5650012493133545E+00   5.8975183963775635E-01  -1.0351910442113876E-01   4.0992489084601402E-03   1.3123308308422565E-03  -1.1924942373298109E-04  -1.7875367120723240E-05   3.1562349249725230E-06  -1.3183215230583301E-07   2.3033373355865479E+00  -7.1357977390289307E-01  -1.0592974424362183E+00   4.3521931767463684E-01   1.0969187021255493E+00  -2.4013718590140343E-02  -1.3015847206115723E+00   6.5148615837097168E-01   6.1742216348648071E-04
     1      291   1.1113282293081284E-02   3.5629744529724121E+00   5.8950370550155640E-01  -1.0326991975307465E-01   4.0760608389973640E-03   1.3075513998046517E-03  -1.1884221021318808E-04  -1.7791049685911275E-05   3.1496470001002308E-06  -1.3201535864482139E-07   2.3063676357269287E+00  -7.1001964807510376E-01  -1.0631610155105591E+00   4.2684060335159302E-01   1.0948510169982910E+00  -1.3577117584645748E-02  -1.2882499694824219E+00   6.3707119226455688E-01   5.1541207358241081E-04
     1      292   1.1118165217339993E-02   3.5903854370117188E+00   5.7938092947006226E-01  -1.0389468073844910E-01   4.7616804949939251E-03   1.2867124751210213E-03  -1.3679021503776312E-04  -1.7752992789610289E-05   3.6269025258661713E-06  -1.6776772326920764E-07   2.3068737983703613E+00  -7.5962686538696289E-01  -1.0759077072143555E+00   4.8352697491645813E-01   1.1493241786956787E+00  -4.6166136860847473E-02  -1.3828681707382202E+00   6.9686168432235718E-01   4.5636028517037630E-04
     1      293   1.1123048141598701E-02   3.5669019222259521E+00   5.8714538812637329E-01  -1.0319034755229950E-01   4.1950531303882599E-03   1.2998265447095037E-03  -1.2202186917420477E-04  -1.7723441487760283E-05   3.2355726489186054E-06  -1.3887122918276873E-07   2.3094370365142822E+00  -7.1768462657928467E-01  -1.0708860158920288E+00   4.3021202087402344E-01   1.1063846349716187E+00  -6.0626594349741936E-03  -1.2927578687667847E+00   6.2818580865859985E-01   6.0434720944613218E-04
     1      294   1.1132813058793545E-02   3.5181331634521484E+00   6.0239464044570923E-01  -1.0152752697467804E-01   3.0466332100331783E-03   1.3202192494645715E-03  -9.2408918135333806E-05  -1.7562135326443240E-05   2.4579542241554009E-06  -8.2359164821355080E-08   2.3172831535339355E+00  -6.3020360469818115E-01  -1.0631746053695679E+00   3.1671926379203796E-01   1.0169572830200195E+00   7.9388186335563660E-02  -1.1032369136810303E+00   4.8552814126014709E-01   5.1851238822564483E-04
     1      295   1.1142577975988388E-02   3.5737252235412598E+00   5.8517950773239136E-01  -1.0352545976638794E-01   4.3601267971098423E-03   1.2991763651371002E-03  -1.2622523354366422E-04  -1.7781112546799704E-05   3.3449343845859403E-06  -1.4657217661806499E-07   2.3059387207031250E+00  -7.3105555772781372E-01  -1.0688490867614746E+00   4.5026960968971252E-01   1.1181551218032837E+00  -2.5657981634140015E-02  -1.3266373872756958E+00   6.5928727388381958E-01   5.4972851648926735E-04
     1      296   1.1152343824505806E-02   3.5421564579010010E+00   5.9515720605850220E-01  -1.0248258709907532E-01   3.6171383690088987E-03   1.3130374718457460E-03  -1.0707330511650071E-04  -1.7686150385998189E-05   2.8421629849617602E-06  -1.0998294186492785E-07   2.3101801872253418E+00  -6.7456960678100586E-01  -1.0623537302017212E+00   3.7841215729713440E-01   1.0595335960388184E+00   2.6009477674961090E-02  -1.2072089910507202E+00   5.7193797826766968E-01   5.8613735018298030E-04
     1      297   1.1162109673023224E-02   3.5659916400909424E+00   5.8780789375305176E-01  -1.0336522758007050E-01   4.1796425357460976E-03   1.3048639521002769E-03  -1.2149735266575590E-04  -1.7794962332118303E-05   3.2190855563385412E-06  -1.3710767632346688E-07   2.3049426078796387E+00  -7.1818172931671143E-01  -1.0647742748260498E+00   4.3604633212089539E-01   1.1033985614776611E+00  -1.8716488033533096E-02  -1.3030159473419189E+00   6.4599055051803589E-01   5.9570290613919497E-04
     1      298   1.1171875521540642E-02   3.5615284442901611E+00   5.8744037151336670E-01  -1.0285365581512451E-01   4.1198758408427238E-03   1.2958893785253167E-03  -1.2027344200760126E-04  -1.7630454749451019E-05   3.1940276130626444E-06  -1.3653981056904740E-07   2.3114199638366699E+00  -7.1043962240219116E-01  -1.0735943317413330E+00   4.1732418537139893E-01   1.0995746850967407E+00   6.3436087220907211E-03  -1.2720382213592529E+00   6.1049705743789673E-01   4.7939858632162213E-04
     1      299   1.1174317449331284E-02   3.5905156135559082E+00   5.7873523235321045E-01  -1.0394794493913651E-01   4.7938507050275803E-03   1.2869950151070952E-03  -1.3750944344792515E-04  -1.7775404558051378E-05   3.6433536934055155E-06  -1.6874072628070280E-07   2.3050513267517090E+00  -7.6307177543640137E-01  -1.0763628482818604E+00   4.8716935515403748E-01   1.1530032157897949E+00  -4.7054409980773926E-02  -1.3877222537994385E+00   6.9750463962554932E-01   5.5595714366063476E-04
     1      300   1.1176758445799351E-02   3.5648646354675293E+00   5.8709466457366943E-01  -1.0314200818538666E-01   4.1807550005614758E-03   1.2998974416404963E-03  -1.2162734492449090E-04  -1.7721611584420316E-05   3.2245616239379160E-06  -1.3803173715132289E-07   2.3081815242767334E+00  -7.1689361333847046E-01  -1.0705678462982178E+00   4.2878204584121704E-01   1.1048688888549805E+00  -5.3927809931337833E-03  -1.2903115749359131E+00   6.2709915637969971E-01   5.2669487195089459E-04
     1      301   1.1181641370058060E-02   3.6051776409149170E+00   5.7448458671569824E-01  -1.0455358028411865E-01   5.1365979015827179E-03   1.2834359658882022E-03  -1.4629583165515214E-04  -1.7861988453660160E-05   3.8729499465262052E-06  -1.8514663224777905E-07   2.3004903793334961E+00  -7.8985643386840820E-01  -1.0752542018890381E+00   5.2491855621337891E-01   1.1781812906265259E+00  -8.0813176929950714E-02  -1.4513947963714600E+00   7.5275957584381104E-01   4.2155286064371467E-04
     1      302   1.1191407218575478E-02   3.5999009609222412E+00   5.7657760381698608E-01  -1.0449858754873276E-01   5.0029573030769825E-03   1.2892184313386679E-03  -1.4271686086431146E-04  -1.7896369172376581E-05   3.7762351894343738E-06  -1.7768670090845262E-07   2.2991685867309570E+00  -7.8102082014083862E-01  -1.0716600418090820E+00   5.1591670513153076E-01   1.1681952476501465E+00  -7.6451450586318970E-02  -1.4357854127883911E+00   7.4285763502120972E-01   6.0891977045685053E-04
     1      303   1.1210937984287739E-02   3.5432951450347900E+00   5.9203749895095825E-01  -1.0210019350051880E-01   3.7295373622328043E-03   1.2985168723389506E-03  -1.1034870112780482E-04  -1.7509148165117949E-05   2.9365762657107553E-06  -1.1836808511134222E-07   2.3155610561370850E+00  -6.7952573299407959E-01  -1.0740762948989868E+00   3.7401875853538513E-01   1.0690202713012695E+00   4.2355157434940338E-02  -1.2001199722290039E+00   5.5224204063415527E-01   5.7360087521374226E-04
     1      304   1.1213378980755806E-02   3.5784196853637695E+00   5.8294153213500977E-01  -1.0374400764703751E-01   4.5129251666367054E-03   1.2968718074262142E-03  -1.3013149145990610E-04  -1.7810867575462908E-05   3.4469057936803438E-06  -1.5390649821256375E-07   2.3024141788482666E+00  -7.4333220720291138E-01  -1.0684362649917603E+00   4.6676078438758850E-01   1.1292070150375366E+00  -4.0191087871789932E-02  -1.3542389869689941E+00   6.8296122550964355E-01   5.9055228484794497E-04
     1      305   1.1215820908546448E-02   3.5928044319152832E+00   5.7777369022369385E-01  -1.0410410165786743E-01   4.8685739748179913E-03   1.2869919883087277E-03  -1.3940007193014026E-04  -1.7806769392336719E-05   3.6923149764334084E-06  -1.7214459546721628E-07   2.3022267818450928E+00  -7.6940131187438965E-01  -1.0745198726654053E+00   4.9709698557853699E-01   1.1576936244964600E+00  -5.8102611452341080E-02  -1.4046331644058228E+00   7.1507120132446289E-01   5.4257467854768038E-04
     1      306   1.1220702901482582E-02   3.5266385078430176E+00   5.9826397895812988E-01  -1.0177868604660034E-01   3.3122941385954618E-03   1.3128936989232898E-03  -9.9322169262450188E-05  -1.7561067579663359E-05   2.6410675673105288E-06  -9.5962882085132151E-08   2.3142783641815186E+00  -6.5020292997360229E-01  -1.0658959150314331E+00   3.4085434675216675E-01   1.0367877483367920E+00   6.1769898980855942E-02  -1.1438361406326294E+00   5.1585209369659424E-01   5.6224712170660496E-04
     1      307   1.1225585825741291E-02   3.5895934104919434E+00   5.7898193597793579E-01  -1.0406829416751862E-01   4.7907638363540173E-03   1.2902694288641214E-03  -1.3732690422330052E-04  -1.7825614122557454E-05   3.6364394873089623E-06  -1.6784115075552108E-07   2.3013131618499756E+00  -7.6417905092239380E-01  -1.0721950531005859E+00   4.9191892147064209E-01   1.1515113115310669E+00  -5.6244391947984695E-02  -1.3958755731582642E+00   7.1054643392562866E-01   6.0416903579607606E-04
     1      308   1.1230468750000000E-02   3.6110978126525879E+00   5.7243239879608154E-01  -1.0486909747123718E-01   5.2949152886867523E-03   1.2831101194024086E-03  -1.5025257016532123E-04  -1.7924803614732809E-05   3.9742953958921134E-06  -1.9215674740280519E-07   2.2965936660766602E+00  -8.0333322286605835E-01  -1.0742111206054688E+00   5.4387974739074707E-01   1.1909567117691040E+00  -9.6609428524971008E-02  -1.4822584390640259E+00   7.7690023183822632E-01   4.8532642540521920E-04
     1      309   1.1232910677790642E-02   3.5474503040313721E+00   5.9197604656219482E-01  -1.0258866846561432E-01   3.8015919271856546E-03   1.3067859690636396E-03  -1.1183870810782537E-04  -1.7671070963842794E-05   2.9675154564756667E-06  -1.1933819621390285E-07   2.3089399337768555E+00  -6.8849945068359375E-01  -1.0669269561767578E+00   3.9246189594268799E-01   1.0748717784881592E+00   2.0531961694359779E-02  -1.2296957969665527E+00   5.8295184373855591E-01   6.4148154342547059E-04
     1      310   1.1235351674258709E-02   3.6007547378540039E+00   5.7499009370803833E-01  -1.0437729209661484E-01   5.0699664279818535E-03   1.2831204803660512E-03  -1.4459613885264844E-04  -1.7830858269007877E-05   3.8289226722554304E-06  -1.8210292296316766E-07   2.3004012107849121E+00  -7.8474938869476318E-01  -1.0758138895034790E+00   5.1680356264114380E-01   1.1729871034622192E+00  -7.3349684476852417E-02  -1.4376916885375977E+00   7.4079865217208862E-01   4.9404805758967996E-04
     1      311   1.1240234598517418E-02   3.5744824409484863E+00   5.8388841152191162E-01  -1.0362961888313293E-01   4.4345152564346790E-03   1.2984888162463903E-03  -1.2807975872419775E-04  -1.7805270545068197E-05   3.3922840430022916E-06  -1.4985775464992912E-07   2.3021705150604248E+00  -7.3771768808364868E-01  -1.0677903890609741E+00   4.5933988690376282E-01   1.1233779191970825E+00  -3.4282691776752472E-02  -1.3415411710739136E+00   6.7248040437698364E-01   4.9534119898453355E-04
     1      312   1.1250000447034836E-02   3.5215215682983398E+00   5.9962135553359985E-01  -1.0163849592208862E-01   3.2093739137053490E-03   1.3149450533092022E-03  -9.6691081125754863E-05  -1.7549551557749510E-05   2.5725055365910521E-06  -9.0983178324677283E-08   2.3135740756988525E+00  -6.4245223999023438E-01  -1.0634982585906982E+00   3.3213031291961670E-01   1.0274804830551147E+00   6.5243668854236603E-02  -1.1300061941146851E+00   5.0935369729995728E-01   6.3315453007817268E-04
     1      313   1.1289062909781933E-02   3.5120370388031006E+00   6.0233104228973389E-01  -1.0137511044740677E-01   3.0012370552867651E-03   1.3199413660913706E-03  -9.1230795078445226E-05  -1.7542728528496809E-05   2.4271996608149493E-06  -8.0201971286442131E-08   2.3134593963623047E+00  -6.2755662202835083E-01  -1.0615797042846680E+00   3.1290656328201294E-01   1.0120992660522461E+00   8.0226868391036987E-02  -1.0970258712768555E+00   4.8319032788276672E-01   5.2046024939045310E-04
     1      314   1.1298827826976776E-02   3.5713124275207520E+00   5.8354192972183228E-01  -1.0340756177902222E-01   4.4117774814367294E-03   1.2947052018716931E-03  -1.2762562255375087E-04  -1.7738020687829703E-05   3.3833691759355133E-06  -1.4972177098115935E-07   2.3030467033386230E+00  -7.3498165607452393E-01  -1.0702868700027466E+00   4.5274928212165833E-01   1.1210777759552002E+00  -2.6714967563748360E-02  -1.3309770822525024E+00   6.6181778907775879E-01   5.4883415577933192E-04
     1      315   1.1303710751235485E-02   3.5781257152557373E+00   5.8126217126846313E-01  -1.0362705588340759E-01   4.5764669775962830E-03   1.2914483668282628E-03  -1.3186063733883202E-04  -1.7756363376975060E-05   3.4944480375997955E-06  -1.5782504192429769E-07   2.3021390438079834E+00  -7.4758285284042358E-01  -1.0721833705902100E+00   4.6828874945640564E-01   1.1344546079635620E+00  -3.6921449005603790E-02  -1.3565009832382202E+00   6.7919498682022095E-01   5.3988985018804669E-04
     1      316   1.1308593675494194E-02   3.5882520675659180E+00   5.7828104496002197E-01  -1.0403400659561157E-01   4.8122173175215721E-03   1.2888710480183363E-03  -1.3788077922072262E-04  -1.7814341845223680E-05   3.6513538361759856E-06  -1.6903454991279432E-07   2.2993428707122803E+00  -7.6617395877838135E-01  -1.0723277330398560E+00   4.9368575215339661E-01   1.1528289318084717E+00  -5.7566378265619278E-02  -1.3987632989883423E+00   7.1239268779754639E-01   4.8922584392130375E-04
     1      317   1.1318359524011612E-02   3.5954408645629883E+00   5.7603973150253296E-01  -1.0431548207998276E-01   4.9849455244839191E-03   1.2866301694884896E-03  -1.4230560918804258E-04  -1.7852342352853157E-05   3.7668005461455323E-06  -1.7729735191096552E-07   2.2973163127899170E+00  -7.7967375516891479E-01  -1.0725996494293213E+00   5.1187938451766968E-01   1.1660422086715698E+00  -7.2429075837135315E-02  -1.4290653467178345E+00   7.3700994253158569E-01   4.5610178494825959E-04
     1      318   1.1328125372529030E-02   3.5524740219116211E+00   5.8952921628952026E-01  -1.0286742448806763E-01   3.9716251194477081E-03   1.3051900314167142E-03  -1.1614291724981740E-04  -1.7719947209116071E-05   3.0789544780418510E-06  -1.2721186237740767E-07   2.3040285110473633E+00  -7.0264011621475220E-01  -1.0655940771102905E+00   4.1208332777023315E-01   1.0871773958206177E+00   2.5330097414553165E-03  -1.2623251676559448E+00   6.1172670125961304E-01   4.9017783021554351E-04
     1      319   1.1337891221046448E-02   3.5816793441772461E+00   5.8067321777343750E-01  -1.0396979749202728E-01   4.6578515321016312E-03   1.2955706333741546E-03  -1.3376257265917957E-04  -1.7854958059615456E-05   3.5402467801759485E-06  -1.6045171946643677E-07   2.2970790863037109E+00  -7.5597071647644043E-01  -1.0673530101776123E+00   4.8384666442871094E-01   1.1404449939727783E+00  -5.4671362042427063E-02  -1.3820258378982544E+00   7.0482075214385986E-01   5.3638708777725697E-04
     1      320   1.1340333148837090E-02   3.5834345817565918E+00   5.7960098981857300E-01  -1.0392399132251740E-01   4.7142403200268745E-03   1.2915055267512798E-03  -1.3533300079870969E-04  -1.7815238606999628E-05   3.5839316296915058E-06  -1.6401442337610206E-07   2.2983705997467041E+00  -7.5911378860473633E-01  -1.0699634552001953E+00   4.8578438162803650E-01   1.1443026065826416E+00  -5.4273262619972229E-02  -1.3858203887939453E+00   7.0643097162246704E-01   4.6241606469266117E-04
     1      321   1.1342774145305157E-02   3.5185306072235107E+00   5.9994894266128540E-01  -1.0169015079736710E-01   3.1798181589692831E-03   1.3185015413910151E-03  -9.5755502115935087E-05  -1.7596215911908075E-05   2.5444214770686813E-06  -8.8484938487454201E-08   2.3095653057098389E+00  -6.4214366674423218E-01  -1.0605977773666382E+00   3.3330339193344116E-01   1.0255291461944580E+00   6.2267113476991653E-02  -1.1309483051300049E+00   5.1159858703613281E-01   5.1658437587320805E-04
     1      322   1.1347657069563866E-02   3.5789487361907959E+00   5.8100259304046631E-01  -1.0379207879304886E-01   4.6087168157100677E-03   1.2940834276378155E-03  -1.3255457452032715E-04  -1.7813130398280919E-05   3.5096488772978773E-06  -1.5847807333102537E-07   2.2988002300262451E+00  -7.5148302316665649E-01  -1.0694203376770020E+00   4.7565117478370667E-01   1.1367982625961304E+00  -4.5666038990020752E-02  -1.3683594465255737E+00   6.9152945280075073E-01   5.6695187231525779E-04
     1      323   1.1357422918081284E-02   3.5854864120483398E+00   5.7793909311294556E-01  -1.0382348299026489E-01   4.7922781668603420E-03   1.2852342333644629E-03  -1.3748707715421915E-04  -1.7751912309904583E-05   3.6434735193324741E-06  -1.6891014809061744E-07   2.3005027770996094E+00  -7.6362693309783936E-01  -1.0750589370727539E+00   4.8721018433570862E-01   1.1509177684783936E+00  -4.9696724861860275E-02  -1.3882149457931519E+00   7.0162719488143921E-01   6.7290349397808313E-04
     1      324   1.1367187835276127E-02   3.5530829429626465E+00   5.8802092075347900E-01  -1.0271690040826797E-01   4.0300507098436356E-03   1.2987476075068116E-03  -1.1781614011852071E-04  -1.7644122635829262E-05   3.1267945814761333E-06  -1.3136872212271555E-07   2.3057765960693359E+00  -7.0572143793106079E-01  -1.0703791379928589E+00   4.1167861223220825E-01   1.0921611785888672E+00   8.3060683682560921E-03  -1.2617315053939819E+00   6.0447210073471069E-01   4.8493893700651824E-04
     1      325   1.1406250298023224E-02   3.5762212276458740E+00   5.8009123802185059E-01  -1.0348505526781082E-01   4.6080606989562511E-03   1.2869028141722083E-03  -1.3280178245622665E-04  -1.7699447198538110E-05   3.5223429222241975E-06  -1.6036638328387198E-07   2.3010683059692383E+00  -7.4936819076538086E-01  -1.0739386081695557E+00   4.6813851594924927E-01   1.1356965303421021E+00  -3.5962432622909546E-02  -1.3568252325057983E+00   6.7933106422424316E-01   5.5961910402402282E-04
     1      326   1.1445312760770321E-02   3.5560247898101807E+00   5.8641970157623291E-01  -1.0290863364934921E-01   4.1403337381780148E-03   1.2981068575754762E-03  -1.2058733409503475E-04  -1.7682905308902264E-05   3.1980332551029278E-06  -1.3633184892114514E-07   2.3019552230834961E+00  -7.1507215499877930E-01  -1.0690033435821533E+00   4.2492887377738953E-01   1.0998399257659912E+00  -4.5872977934777737E-03  -1.2838398218154907E+00   6.2503099441528320E-01   5.3723488235846162E-04
     1      327   1.1455077677965164E-02   3.5968341827392578E+00   5.7439988851547241E-01  -1.0451701283454895E-01   5.0886706449091434E-03   1.2869439087808132E-03  -1.4485104475170374E-04  -1.7904054402606562E-05   3.8312109609250911E-06  -1.8165350468279939E-07   2.2913589477539062E+00  -7.8938323259353638E-01  -1.0699794292449951E+00   5.2617549896240234E-01   1.1732717752456665E+00  -8.7046667933464050E-02  -1.4525520801544189E+00   7.5895869731903076E-01   4.5280772610567510E-04
     1      328   1.1464843526482582E-02   3.5595769882202148E+00   5.8519339561462402E-01  -1.0306385904550552E-01   4.2340685613453388E-03   1.2969311792403460E-03  -1.2300103844609112E-04  -1.7703190678730607E-05   3.2614350402582204E-06  -1.4090160505020322E-07   2.3002042770385742E+00  -7.2248613834381104E-01  -1.0684200525283813E+00   4.3551594018936157E-01   1.1066209077835083E+00  -1.4329236000776291E-02  -1.3017722368240356E+00   6.4042752981185913E-01   5.1008089212700725E-04
     1      329   1.1474609375000000E-02   3.5586650371551514E+00   5.8550006151199341E-01  -1.0306739807128906E-01   4.2134416289627552E-03   1.2982704211026430E-03  -1.2240972137078643E-04  -1.7716789443511516E-05   3.2445852866658242E-06  -1.3951782307231042E-07   2.2997190952301025E+00  -7.2141849994659424E-01  -1.0679808855056763E+00   4.3428912758827209E-01   1.1055009365081787E+00  -1.3158206827938557E-02  -1.2991939783096313E+00   6.3807851076126099E-01   5.1310629351064563E-04
     1      330   1.1484375223517418E-02   3.5261962413787842E+00   5.9578323364257812E-01  -1.0199980437755585E-01   3.4448211081326008E-03   1.3131933519616723E-03  -1.0251536878058687E-04  -1.7630385627853684E-05   2.7204521302337525E-06  -1.0121966909082403E-07   2.3044326305389404E+00  -6.6339367628097534E-01  -1.0624631643295288E+00   3.5929909348487854E-01   1.0462458133697510E+00   4.3584935367107391E-02  -1.1734473705291748E+00   5.4259574413299561E-01   5.2467419300228357E-04
     1      331   1.1494141072034836E-02   3.6033737659454346E+00   5.7144439220428467E-01  -1.0466120392084122E-01   5.2767423912882805E-03   1.2808518949896097E-03  -1.4977047976572067E-04  -1.7889446098706685E-05   3.9618976188648958E-06  -1.9145871021919447E-07   2.2906932830810547E+00  -8.0316257476806641E-01  -1.0734804868698120E+00   5.4158270359039307E-01   1.1881095170974731E+00  -9.5790922641754150E-02  -1.4781904220581055E+00   7.7484560012817383E-01   4.7416918096132576E-04
     1      332   1.1503906920552254E-02   3.5586297512054443E+00   5.8514064550399780E-01  -1.0307214409112930E-01   4.2300978675484657E-03   1.2977053411304951E-03  -1.2283431715331972E-04  -1.7715710782795213E-05   3.2557197755522793E-06  -1.4034152684416767E-07   2.2989666461944580E+00  -7.2286874055862427E-01  -1.0681186914443970E+00   4.3587794899940491E-01   1.1068332195281982E+00  -1.4146135188639164E-02  -1.3017420768737793E+00   6.3940799236297607E-01   5.1538413390517235E-04
     1      333   1.1513672769069672E-02   3.5553610324859619E+00   5.8669775724411011E-01  -1.0310488194227219E-01   4.1444855742156506E-03   1.3028749963268638E-03  -1.2053093814756721E-04  -1.7759064576239325E-05   3.1932847832649713E-06  -1.3539545307139633E-07   2.2967269420623779E+00  -7.1749192476272583E-01  -1.0633475780487061E+00   4.3272581696510315E-01   1.0991117954254150E+00  -1.7439836636185646E-02  -1.2968083620071411E+00   6.4248532056808472E-01   6.1513524269685149E-04
     1      334   1.1518554762005806E-02   3.5508916378021240E+00   5.8776354789733887E-01  -1.0289240628480911E-01   4.0478180162608624E-03   1.3029628898948431E-03  -1.1807699047494680E-04  -1.7720942196319811E-05   3.1296656288759550E-06  -1.3095490203340887E-07   2.2984366416931152E+00  -7.0964753627777100E-01  -1.0644794702529907E+00   4.2083340883255005E-01   1.0919114351272583E+00  -6.1851670034229755E-03  -1.2768543958663940E+00   6.2480878829956055E-01   7.2468462167307734E-04
     1      335   1.1523437686264515E-02   3.5187592506408691E+00   5.9662061929702759E-01  -1.0152984410524368E-01   3.3184925559908152E-03   1.3087133411318064E-03  -9.9486998806241900E-05  -1.7507665688754059E-05   2.6461407287570182E-06  -9.6679308114744344E-08   2.3081774711608887E+00  -6.5178865194320679E-01  -1.0666950941085815E+00   3.3918821811676025E-01   1.0362004041671753E+00   6.4206138253211975E-02  -1.1404788494110107E+00   5.1171457767486572E-01   6.4196856692433357E-04
     1      336   1.1562500149011612E-02   3.5274941921234131E+00   5.9472060203552246E-01  -1.0213391482830048E-01   3.5152232740074396E-03   1.3131917221471667E-03  -1.0426654625916854E-04  -1.7661626770859584E-05   2.7652051812765421E-06  -1.0428465913037144E-07   2.3009059429168701E+00  -6.6972327232360840E-01  -1.0607905387878418E+00   3.6872300505638123E-01   1.0509510040283203E+00   3.3677954226732254E-02  -1.1891776323318481E+00   5.5775529146194458E-01   6.7483261227607727E-04
     1      337   1.1572265997529030E-02   3.5946872234344482E+00   5.7300329208374023E-01  -1.0433732718229294E-01   5.1234345883131027E-03   1.2815942754969001E-03  -1.4585952158086002E-04  -1.7838314306573011E-05   3.8604293877142482E-06  -1.8431718729061686E-07   2.2907538414001465E+00  -7.9141259193420410E-01  -1.0732672214508057E+00   5.2483862638473511E-01   1.1757513284683228E+00  -8.2379885017871857E-02  -1.4502475261688232E+00   7.5314509868621826E-01   5.7444127742201090E-04
     1      338   1.1582031846046448E-02   3.5400986671447754E+00   5.8936637639999390E-01  -1.0231623798608780E-01   3.8547238800674677E-03   1.2997821904718876E-03  -1.1328352411510423E-04  -1.7593483789823949E-05   3.0078806503297528E-06  -1.2287853223824641E-07   2.3022403717041016E+00  -6.9326996803283691E-01  -1.0687576532363892E+00   3.9382389187812805E-01   1.0772674083709717E+00   2.0966388285160065E-02  -1.2317602634429932E+00   5.8303159475326538E-01   5.2636617328971624E-04
     1      339   1.1601562611758709E-02   3.5622792243957520E+00   5.8437156677246094E-01  -1.0357197374105453E-01   4.3352101929485798E-03   1.3048478867858648E-03  -1.2519514712039381E-04  -1.7874124750960618E-05   3.3102335237344960E-06  -1.4311416407508659E-07   2.2900507450103760E+00  -7.3465228080749512E-01  -1.0600804090499878E+00   4.5830649137496948E-01   1.1142059564590454E+00  -4.0947455912828445E-02  -1.3383361101150513E+00   6.7797547578811646E-01   4.5038262032903731E-04
     1      340   1.1611327528953552E-02   3.5630116462707520E+00   5.8244979381561279E-01  -1.0325171053409576E-01   4.3984553776681423E-03   1.2938163708895445E-03  -1.2717752542812377E-04  -1.7727406884660013E-05   3.3701226129778661E-06  -1.4874881060222833E-07   2.2951905727386475E+00  -7.3618859052658081E-01  -1.0685502290725708E+00   4.5277208089828491E-01   1.1191139221191406E+00  -2.7995400130748749E-02  -1.3300253152847290E+00   6.6206270456314087E-01   5.1757239270955324E-04
     1      341   1.1621093377470970E-02   3.5247647762298584E+00   5.9302657842636108E-01  -1.0165011137723923E-01   3.5309332888573408E-03   1.3011724222451448E-03  -1.0504565580049530E-04  -1.7482387193012983E-05   2.7939588562730933E-06  -1.0782933657083049E-07   2.3063735961914062E+00  -6.6748487949371338E-01  -1.0706405639648438E+00   3.5625272989273071E-01   1.0525707006454468E+00   5.4406091570854187E-02  -1.1689169406890869E+00   5.2957075834274292E-01   4.9011595547199249E-04
     1      342   1.1623535305261612E-02   3.6036012172698975E+00   5.6894856691360474E-01  -1.0451983660459518E-01   5.3811650723218918E-03   1.2727900175377727E-03  -1.5263885143212974E-04  -1.7810689314501360E-05   4.0412755879515316E-06  -1.9795309924575122E-07   2.2900266647338867E+00  -8.0991846323013306E-01  -1.0778568983078003E+00   5.4564923048019409E-01   1.1952328681945801E+00  -9.5322541892528534E-02  -1.4854705333709717E+00   7.7717053890228271E-01   6.1451568035408854E-04
     1      343   1.1624755337834358E-02   3.5607988834381104E+00   5.8166521787643433E-01  -1.0288950800895691E-01   4.3873204849660397E-03   1.2858106056228280E-03  -1.2716936180368066E-04  -1.7598649719730020E-05   3.3759220059437212E-06  -1.5018746069017652E-07   2.2998871803283691E+00  -7.3262786865234375E-01  -1.0753723382949829E+00   4.4159239530563354E-01   1.1182163953781128E+00  -1.2045421637594700E-02  -1.3119919300079346E+00   6.4076608419418335E-01   4.3557106982916594E-04
     1      344   1.1625976301729679E-02   3.5295958518981934E+00   5.9165585041046143E-01  -1.0186130553483963E-01   3.6446927115321159E-03   1.3001266634091735E-03  -1.0797564027598128E-04  -1.7511882106191479E-05   2.8709728212561458E-06  -1.1334969229892522E-07   2.3045003414154053E+00  -6.7641746997833252E-01  -1.0696407556533813E+00   3.6942523717880249E-01   1.0605738162994385E+00   4.1657064110040665E-02  -1.1913286447525024E+00   5.5028325319290161E-01   6.6083739511668682E-04
     1      345   1.1628417298197746E-02   3.5523793697357178E+00   5.8557468652725220E-01  -1.0289146751165390E-01   4.1572516784071922E-03   1.2980345636606216E-03  -1.2094557314412668E-04  -1.7694648704491556E-05   3.2059685963758966E-06  -1.3677372123765963E-07   2.2966082096099854E+00  -7.1781021356582642E-01  -1.0670462846755981E+00   4.2859622836112976E-01   1.1000577211380005E+00  -9.9045075476169586E-03  -1.2896409034729004E+00   6.3255089521408081E-01   5.1760504720732570E-04
     1      346   1.1630859225988388E-02   3.5527648925781250E+00   5.8547270298004150E-01  -1.0291601717472076E-01   4.1652796790003777E-03   1.2983041815459728E-03  -1.2111753312638029E-04  -1.7702746845316142E-05   3.2097727853397373E-06  -1.3698571876830101E-07   2.2964220046997070E+00  -7.1869951486587524E-01  -1.0672644376754761E+00   4.2959070205688477E-01   1.1012916564941406E+00  -9.7938245162367821E-03  -1.2908831834793091E+00   6.3188183307647705E-01   5.4984522284939885E-04
     1      347   1.1640625074505806E-02   3.5407161712646484E+00   5.8908122777938843E-01  -1.0249091684818268E-01   3.8878496270626783E-03   1.3026975793763995E-03  -1.1398333299439400E-04  -1.7655560441198759E-05   3.0228632112994092E-06  -1.2346744426849909E-07   2.2983937263488770E+00  -6.9743520021438599E-01  -1.0656675100326538E+00   4.0172362327575684E-01   1.0796602964401245E+00   1.1503385379910469E-02  -1.2444279193878174E+00   5.9628725051879883E-01   5.1445880671963096E-04
     1      348   1.1645507998764515E-02   3.5489223003387451E+00   5.8736759424209595E-01  -1.0297716408967972E-01   4.0617384947836399E-03   1.3052134308964014E-03  -1.1827854905277491E-04  -1.7766706150723621E-05   3.1316837976191891E-06  -1.3068645898783871E-07   2.2935445308685303E+00  -7.1264106035232544E-01  -1.0617871284484863E+00   4.2608258128166199E-01   1.0929515361785889E+00  -1.2585643678903580E-02  -1.2847378253936768E+00   6.3288289308547974E-01   4.8051113844849169E-04
     1      349   1.1650390923023224E-02   3.5471262931823730E+00   5.8774805068969727E-01  -1.0288810729980469E-01   4.0250751189887524E-03   1.3050014385953546E-03  -1.1736189480870962E-04  -1.7747664969647303E-05   3.1083450267033186E-06  -1.2911269209325837E-07   2.2941696643829346E+00  -7.0965099334716797E-01  -1.0622493028640747E+00   4.2152884602546692E-01   1.0902599096298218E+00  -8.1888316199183464E-03  -1.2771240472793579E+00   6.2577217817306519E-01   6.0395867330953479E-04
     1      350   1.1660156771540642E-02   3.5684077739715576E+00   5.8082050085067749E-01  -1.0359618812799454E-01   4.5380913652479649E-03   1.2951127719134092E-03  -1.3062420475762337E-04  -1.7807944459491409E-05   3.4572908589325380E-06  -1.5456446078587760E-07   2.2906363010406494E+00  -7.4846708774566650E-01  -1.0658743381500244E+00   4.7153803706169128E-01   1.1296217441558838E+00  -4.6219814568758011E-02  -1.3609151840209961E+00   6.9015151262283325E-01   5.0552492029964924E-04
     1      351   1.1665039695799351E-02   3.5388848781585693E+00   5.8890002965927124E-01  -1.0233264416456223E-01   3.8704320322722197E-03   1.2999455211684108E-03  -1.1363218800397590E-04  -1.7605390894459561E-05   3.0159449124766979E-06  -1.2335732435531099E-07   2.2997014522552490E+00  -6.9524192810058594E-01  -1.0679059028625488E+00   3.9642065763473511E-01   1.0780864953994751E+00   1.7894094809889793E-02  -1.2358390092849731E+00   5.8762806653976440E-01   5.0430913688614964E-04
     1      352   1.1669922620058060E-02   3.5318686962127686E+00   5.9019637107849121E-01  -1.0190575569868088E-01   3.7269503809511662E-03   1.2973741395398974E-03  -1.1008140427293256E-04  -1.7506385120213963E-05   2.9259613256726880E-06  -1.1743131267394347E-07   2.3039488792419434E+00  -6.8277060985565186E-01  -1.0720500946044922E+00   3.7549585103988647E-01   1.0678933858871460E+00   4.0307514369487762E-02  -1.2007380723953247E+00   5.5307465791702271E-01   5.7086098240688443E-04
     1      353   1.1679687537252903E-02   3.5439367294311523E+00   5.8766126632690430E-01  -1.0262446850538254E-01   3.9857407100498676E-03   1.3008998939767480E-03  -1.1650812666630372E-04  -1.7667551219346933E-05   3.0895416784915142E-06  -1.2835320717385912E-07   2.2965128421783447E+00  -7.0518136024475098E-01  -1.0656317472457886E+00   4.1204044222831726E-01   1.0868306159973145E+00   2.6440937072038651E-03  -1.2617695331573486E+00   6.1073553562164307E-01   5.4743909277021885E-04
     1      354   1.1689452454447746E-02   3.5375566482543945E+00   5.8976781368255615E-01  -1.0245551168918610E-01   3.8361537735909224E-03   1.3046938693150878E-03  -1.1262411135248840E-04  -1.7664435290498659E-05   2.9868872388760792E-06  -1.2074698929609440E-07   2.2964580059051514E+00  -6.9415324926376343E-01  -1.0631238222122192E+00   3.9908131957054138E-01   1.0747443437576294E+00   1.0350242257118225E-02  -1.2403287887573242E+00   5.9679579734802246E-01   5.3039455087855458E-04
     1      355   1.1699218302965164E-02   3.5834774971008301E+00   5.7588368654251099E-01  -1.0418381541967392E-01   4.9105728976428509E-03   1.2899435823783278E-03  -1.4016208297107369E-04  -1.7884140106616542E-05   3.7063452964503085E-06  -1.7245801586796006E-07   2.2860646247863770E+00  -7.7764683961868286E-01  -1.0667191743850708E+00   5.1054537296295166E-01   1.1584228277206421E+00  -7.7398799359798431E-02  -1.4258683919906616E+00   7.4079340696334839E-01   5.8646721299737692E-04
     1      356   1.1708984151482582E-02   3.5462248325347900E+00   5.8660936355590820E-01  -1.0271588712930679E-01   4.0560355409979820E-03   1.2996692676097155E-03  -1.1829946015495807E-04  -1.7679692973615602E-05   3.1360148113890318E-06  -1.3168028090149164E-07   2.2953319549560547E+00  -7.1075934171676636E-01  -1.0660611391067505E+00   4.1899091005325317E-01   1.0922369956970215E+00  -2.5658870581537485E-03  -1.2731715440750122E+00   6.1964654922485352E-01   6.6000589868053794E-04
     1      357   1.1713867075741291E-02   3.5162391662597656E+00   5.9530186653137207E-01  -1.0154013335704803E-01   3.3646300435066223E-03   1.3079480268061161E-03  -1.0057305189548060E-04  -1.7522104826639406E-05   2.6726288524514530E-06  -9.8455096519955987E-08   2.3029053211212158E+00  -6.5684008598327637E-01  -1.0658249855041504E+00   3.4496521949768066E-01   1.0393818616867065E+00   5.9035249054431915E-02  -1.1493477821350098E+00   5.1909786462783813E-01   5.5431976215913892E-04
     1      358   1.1718750000000000E-02   3.5835285186767578E+00   5.7417094707489014E-01  -1.0386896133422852E-01   4.9599437043070793E-03   1.2799572432413697E-03  -1.4173977251630276E-04  -1.7750015103956684E-05   3.7543641155934893E-06  -1.7707760946450435E-07   2.2907552719116211E+00  -7.7844190597534180E-01  -1.0747435092926025E+00   5.0420165061950684E-01   1.1622548103332520E+00  -6.4178213477134705E-02  -1.4159195423126221E+00   7.2471481561660767E-01   4.8009387683123350E-04
     1      359   1.1757812462747097E-02   3.5452020168304443E+00   5.8582180738449097E-01  -1.0257748514413834E-01   4.0729348547756672E-03   1.2958220904693007E-03  -1.1883084516739473E-04  -1.7628566638450138E-05   3.1521033179160440E-06  -1.3326138059710502E-07   2.2961299419403076E+00  -7.1124935150146484E-01  -1.0689584016799927E+00   4.1660228371620178E-01   1.0936567783355713E+00   2.6188401971012354E-03  -1.2692329883575439E+00   6.1257320642471313E-01   5.1460252143442631E-04
     1      360   1.1767577379941940E-02   3.5893390178680420E+00   5.7156759500503540E-01  -1.0403738170862198E-01   5.1290285773575306E-03   1.2755043571814895E-03  -1.4611260849051178E-04  -1.7752907297108322E-05   3.8696148294548038E-06  -1.8559336467660614E-07   2.2892980575561523E+00  -7.9137402772903442E-01  -1.0771965980529785E+00   5.1931929588317871E-01   1.1759700775146484E+00  -7.3282651603221893E-02  -1.4407205581665039E+00   7.4006819725036621E-01   6.3119310652837157E-04
     1      361   1.1777343228459358E-02   3.5549514293670654E+00   5.8398443460464478E-01  -1.0323747247457504E-01   4.2789257131516933E-03   1.3008716050535440E-03  -1.2385111767798662E-04  -1.7792852304410189E-05   3.2777159049146576E-06  -1.4130783654309198E-07   2.2886681556701660E+00  -7.3003530502319336E-01  -1.0622098445892334E+00   4.4836056232452393E-01   1.1091492176055908E+00  -3.0628513544797897E-02  -1.3217675685882568E+00   6.6216439008712769E-01   5.1913427887484431E-04
     1      362   1.1796874925494194E-02   3.5406439304351807E+00   5.8683681488037109E-01  -1.0243982076644897E-01   3.9867502637207508E-03   1.2972513213753700E-03  -1.1660395102808252E-04  -1.7615762772038579E-05   3.0935802897147369E-06  -1.2900598278520192E-07   2.2956883907318115E+00  -7.0493847131729126E-01  -1.0679441690444946E+00   4.0849515795707703E-01   1.0867397785186768E+00   8.2207238301634789E-03  -1.2556847333908081E+00   6.0270696878433228E-01   4.5624663471244276E-04
     1      363   1.1874999850988388E-02   3.5383601188659668E+00   5.8774346113204956E-01  -1.0262398421764374E-01   3.9497991092503071E-03   1.3040460180491209E-03  -1.1541781714186072E-04  -1.7707681763567962E-05   3.0575968139601173E-06  -1.2560180095988471E-07   2.2900726795196533E+00  -7.0475560426712036E-01  -1.0614640712738037E+00   4.1333726048469543E-01   1.0831867456436157E+00  -2.5920195039361715E-03  -1.2633100748062134E+00   6.1614876985549927E-01   7.0509617216885090E-04
     1      364   1.1884765699505806E-02   3.5321624279022217E+00   5.8876579999923706E-01  -1.0223468393087387E-01   3.8280133157968521E-03   1.3012392446398735E-03  -1.1242820619372651E-04  -1.7614056559978053E-05   2.9823611384927062E-06  -1.2073279265223391E-07   2.2938754558563232E+00  -6.9394993782043457E-01  -1.0653322935104370E+00   3.9489293098449707E-01   1.0742909908294678E+00   1.7080992460250854E-02  -1.2325266599655151E+00   5.8631581068038940E-01   4.5360618969425559E-04
     1      365   1.1894531548023224E-02   3.5719437599182129E+00   5.7605344057083130E-01  -1.0358253121376038E-01   4.7782813198864460E-03   1.2836724054068327E-03  -1.3697346730623394E-04  -1.7735519577399828E-05   3.6280121094023343E-06  -1.6778597000666196E-07   2.2870428562164307E+00  -7.6613712310791016E-01  -1.0714415311813354E+00   4.8859760165214539E-01   1.1474779844284058E+00  -5.4580856114625931E-02  -1.3894315958023071E+00   7.0658797025680542E-01   5.4649665253236890E-04
     1      366   1.1904297396540642E-02   3.5049221515655518E+00   5.9662955999374390E-01  -1.0120093822479248E-01   3.2064863480627537E-03   1.3092008884996176E-03  -9.6496245532762259E-05  -1.7479545931564644E-05   2.5660608571342891E-06  -9.0853717438221793E-08   2.2997198104858398E+00  -6.4560651779174805E-01  -1.0637989044189453E+00   3.2954552769660950E-01   1.0257561206817627E+00   6.9038249552249908E-02  -1.1236699819564819E+00   5.0178653001785278E-01   6.1616813763976097E-04
     1      367   1.1914062313735485E-02   3.5979037284851074E+00   5.6779778003692627E-01  -1.0450986027717590E-01   5.3982203826308250E-03   1.2737010838463902E-03  -1.5288482245523483E-04  -1.7841510270955041E-05   4.0440618249704130E-06  -1.9781991511536035E-07   2.2818341255187988E+00  -8.1400567293167114E-01  -1.0753200054168701E+00   5.5068093538284302E-01   1.1962845325469971E+00  -1.0094031691551208E-01  -1.4924306869506836E+00   7.8361546993255615E-01   4.9278483493253589E-04
     1      368   1.1923827230930328E-02   3.5475637912750244E+00   5.8433300256729126E-01  -1.0296253114938736E-01   4.1939066722989082E-03   1.2996501754969358E-03  -1.2169912224635482E-04  -1.7742000636644661E-05   3.2223917969531612E-06  -1.3757595240804221E-07   2.2870643138885498E+00  -7.2369760274887085E-01  -1.0625865459442139E+00   4.3791291117668152E-01   1.1018520593643188E+00  -2.1807262673974037E-02  -1.3043037652969360E+00   6.4797902107238770E-01   5.2688567666336894E-04
     1      369   1.1933593079447746E-02   3.5426754951477051E+00   5.8622264862060547E-01  -1.0290067642927170E-01   4.0712323971092701E-03   1.3047445099800825E-03  -1.1841769446618855E-04  -1.7771604689187370E-05   3.1335562198364642E-06  -1.3071186799606949E-07   2.2860739231109619E+00  -7.1543645858764648E-01  -1.0595793724060059E+00   4.2912077903747559E-01   1.0924881696701050E+00  -1.7317740246653557E-02  -1.2891470193862915E+00   6.3882446289062500E-01   6.3010840676724911E-04
     1      370   1.1953124776482582E-02   3.5869076251983643E+00   5.7086527347564697E-01  -1.0415495187044144E-01   5.1583671011030674E-03   1.2780177639797330E-03  -1.4668282528873533E-04  -1.7809996279538609E-05   3.8808420868008398E-06  -1.8592498918224010E-07   2.2824969291687012E+00  -7.9603826999664307E-01  -1.0733630657196045E+00   5.2738714218139648E-01   1.1775691509246826E+00  -8.3636060357093811E-02  -1.4534214735031128E+00   7.5412237644195557E-01   4.4160507968626916E-04
     1      371   1.1962890625000000E-02   3.5958497524261475E+00   5.6737190485000610E-01  -1.0433949530124664E-01   5.3898571059107780E-03   1.2703501852229238E-03  -1.5277358761522919E-04  -1.7787131582736038E-05   4.0434765651298221E-06  -1.9819229635231750E-07   2.2827363014221191E+00  -8.1252402067184448E-01  -1.0777680873870850E+00   5.4600292444229126E-01   1.1954554319381714E+00  -9.4659358263015747E-02  -1.4848439693450928E+00   7.7480590343475342E-01   5.1374867325648665E-04
     1      372   1.1972656473517418E-02   3.5134122371673584E+00   5.9452772140502930E-01  -1.0180683434009552E-01   3.4117633476853371E-03   1.3133403845131397E-03  -1.0150308662559837E-04  -1.7631155060371384E-05   2.6914742647932144E-06  -9.8966928874233417E-08   2.2916729450225830E+00  -6.6440230607986450E-01  -1.0576438903808594E+00   3.6030852794647217E-01   1.0411795377731323E+00   3.7393271923065186E-02  -1.1743714809417725E+00   5.4904514551162720E-01   5.5178022012114525E-04
     1      373   1.1977539397776127E-02   3.5046448707580566E+00   5.9765821695327759E-01  -1.0160227119922638E-01   3.1970907002687454E-03   1.3196644140407443E-03  -9.5891031378414482E-05  -1.7639569705352187E-05   2.5425144940527389E-06  -8.7840710705222591E-08   2.2914319038391113E+00  -6.4883095026016235E-01  -1.0536694526672363E+00   3.4241941571235657E-01   1.0239572525024414E+00   4.7554526478052139E-02  -1.1445906162261963E+00   5.3059941530227661E-01   4.5722891809418797E-04
     1      374   1.1982422322034836E-02   3.4937369823455811E+00   6.0008978843688965E-01  -1.0102079808712006E-01   2.9653208330273628E-03   1.3179085217416286E-03  -9.0114452177658677E-05  -1.7515780200483277E-05   2.3951283765200060E-06  -7.7862424063823710E-08   2.2965333461761475E+00  -6.2922912836074829E-01  -1.0572037696838379E+00   3.1225320696830750E-01   1.0061479806900024E+00   7.6084762811660767E-02  -1.0946034193038940E+00   4.8647522926330566E-01   5.4066732991486788E-04
     1      375   1.1987304314970970E-02   3.5396165847778320E+00   5.8558529615402222E-01  -1.0259367525577545E-01   4.0521984919905663E-03   1.2988054659217596E-03  -1.1810236901510507E-04  -1.7672897229203954E-05   3.1292629500967450E-06  -1.3115409558395186E-07   2.2888464927673340E+00  -7.1233236789703369E-01  -1.0649172067642212E+00   4.1951912641525269E-01   1.0914002656936646E+00  -3.4831685479730368E-03  -1.2731603384017944E+00   6.1930650472640991E-01   4.8917881213128567E-04
     1      376   1.1992187239229679E-02   3.5920608043670654E+00   5.6901872158050537E-01  -1.0439012944698334E-01   5.2969031967222691E-03   1.2765905121341348E-03  -1.5021330909803510E-04  -1.7846272385213524E-05   3.9727246985421516E-06  -1.9246387239491014E-07   2.2797935009002686E+00  -8.0719709396362305E-01  -1.0728007555007935E+00   5.4288744926452637E-01   1.1879256963729858E+00  -9.7220271825790405E-02  -1.4793030023574829E+00   7.7582877874374390E-01   5.9675425291061401E-04
     1      377   1.2001952156424522E-02   3.5460543632507324E+00   5.8320677280426025E-01  -1.0277678072452545E-01   4.2175198905169964E-03   1.2946107890456915E-03  -1.2240625801496208E-04  -1.7677035430097021E-05   3.2431446470582159E-06  -1.3957971134459513E-07   2.2880327701568604E+00  -7.2459924221038818E-01  -1.0668741464614868E+00   4.3450555205345154E-01   1.1041502952575684E+00  -1.3900185003876686E-02  -1.2983046770095825E+00   6.3733297586441040E-01   6.0546986060217023E-04
     1      378   1.2011718004941940E-02   3.5406529903411865E+00   5.8511972427368164E-01  -1.0266550630331039E-01   4.0873796679079533E-03   1.2987897498533130E-03  -1.1899016681127250E-04  -1.7687892977846786E-05   3.1521396977041150E-06  -1.3273050569750922E-07   2.2875082492828369E+00  -7.1533268690109253E-01  -1.0641319751739502E+00   4.2411619424819946E-01   1.0936588048934937E+00  -8.4770917892456055E-03  -1.2809356451034546E+00   6.2730956077575684E-01   5.0153705524280667E-04
     1      379   1.2014159932732582E-02   3.5289170742034912E+00   5.8988648653030396E-01  -1.0250835865736008E-01   3.7835186813026667E-03   1.3110244181007147E-03  -1.1091429041698575E-04  -1.7752530766301788E-05   2.9347522740863496E-06  -1.1605529692815253E-07   2.2855069637298584E+00  -6.9442164897918701E-01  -1.0562658309936523E+00   4.0237486362457275E-01   1.0697011947631836E+00   1.2304801493883133E-03  -1.2441955804824829E+00   6.0702872276306152E-01   7.6516997069120407E-04
     1      380   1.2016600929200649E-02   3.5345311164855957E+00   5.8774179220199585E-01  -1.0262341052293777E-01   3.9266035892069340E-03   1.3062641955912113E-03  -1.1468367301858962E-04  -1.7737895177560858E-05   3.0354824502865085E-06  -1.2365646284706600E-07   2.2857275009155273E+00  -7.0461839437484741E-01  -1.0590114593505859E+00   4.1392922401428223E-01   1.0808857679367065E+00  -5.4636690765619278E-03  -1.2636746168136597E+00   6.1937773227691650E-01   6.4767617732286453E-04
     1      381   1.2021483853459358E-02   3.4915716648101807E+00   6.0111081600189209E-01  -1.0113029927015305E-01   2.9155137017369270E-03   1.3234623475000262E-03  -8.8644381321500987E-05  -1.7583621229277924E-05   2.3524344214820303E-06  -7.4127754601249762E-08   2.2931745052337646E+00  -6.2728279829025269E-01  -1.0527694225311279E+00   3.1315967440605164E-01   1.0020997524261475E+00   7.0923328399658203E-02  -1.0955985784530640E+00   4.9207672476768494E-01   5.0216325325891376E-04
     1      382   1.2026366777718067E-02   3.5267746448516846E+00   5.8923923969268799E-01  -1.0217469930648804E-01   3.7701285909861326E-03   1.3036553282290697E-03  -1.1084750440204516E-04  -1.7630663933232427E-05   2.9392529086180730E-06  -1.1738031702179796E-07   2.2896733283996582E+00  -6.9092452526092529E-01  -1.0620949268341064E+00   3.9228957891464233E-01   1.0685484409332275E+00   1.5201993286609650E-02  -1.2281324863433838E+00   5.8787906169891357E-01   4.4688329217024148E-04
     1      383   1.2031249701976776E-02   3.5629253387451172E+00   5.7732290029525757E-01  -1.0330808907747269E-01   4.6397428959608078E-03   1.2853234075009823E-03  -1.3335747644305229E-04  -1.7708736777422018E-05   3.5321720588399330E-06  -1.6081024512004660E-07   2.2852184772491455E+00  -7.5637233257293701E-01  -1.0705690383911133E+00   4.7466024756431580E-01   1.1366908550262451E+00  -4.3396249413490295E-02  -1.3656032085418701E+00   6.8720644712448120E-01   5.8293523034080863E-04
     1      384   1.2050781399011612E-02   3.5305213928222656E+00   5.8795541524887085E-01  -1.0234855860471725E-01   3.8664308376610279E-03   1.3030674308538437E-03  -1.1325798550387844E-04  -1.7664047845755704E-05   3.0008566227479605E-06  -1.2165503449068638E-07   2.2879645824432373E+00  -6.9889634847640991E-01  -1.0622503757476807E+00   4.0281611680984497E-01   1.0764341354370117E+00   7.2712055407464504E-03  -1.2451460361480713E+00   6.0065746307373047E-01   5.5319414241239429E-04
     1      385   1.2070312164723873E-02   3.5602684020996094E+00   5.7798469066619873E-01  -1.0328456759452820E-01   4.5912885107100010E-03   1.2875209795311093E-03  -1.3204713468439877E-04  -1.7723481505527161E-05   3.4965703434863826E-06  -1.5804354802639864E-07   2.2837615013122559E+00  -7.5345712900161743E-01  -1.0688158273696899E+00   4.7185233235359192E-01   1.1328182220458984E+00  -4.2783882468938828E-02  -1.3606346845626831E+00   6.8517798185348511E-01   6.0419464716687799E-04
     1      386   1.2109374627470970E-02   3.5819551944732666E+00   5.7087886333465576E-01  -1.0407356172800064E-01   5.1207817159593105E-03   1.2790230102837086E-03  -1.4563607692252845E-04  -1.7814229067880660E-05   3.8519879126397427E-06  -1.8370785426213843E-07   2.2786636352539062E+00  -7.9445546865463257E-01  -1.0716713666915894E+00   5.2526104450225830E-01   1.1741616725921631E+00  -8.3442844450473785E-02  -1.4493811130523682E+00   7.5252121686935425E-01   5.2347371820360422E-04
     1      387   1.2114257551729679E-02   3.5578076839447021E+00   5.7894426584243774E-01  -1.0336233675479889E-01   4.5395120978355408E-03   1.2924586189910769E-03  -1.3054594455752522E-04  -1.7781405404093675E-05   3.4534275528130820E-06  -1.5434071087838674E-07   2.2807185649871826E+00  -7.5116586685180664E-01  -1.0649187564849854E+00   4.7177121043205261E-01   1.1286530494689941E+00  -4.6531479805707932E-02  -1.3600107431411743E+00   6.8870437145233154E-01   5.3433451103046536E-04
     1      388   1.2119140475988388E-02   3.5606586933135986E+00   5.7805114984512329E-01  -1.0347347706556320E-01   4.6084718778729439E-03   1.2914979597553611E-03  -1.3231887714937329E-04  -1.7794514860725030E-05   3.5000032312382245E-06  -1.5772101846778241E-07   2.2798824310302734E+00  -7.5651586055755615E-01  -1.0649274587631226E+00   4.7906109690666199E-01   1.1337449550628662E+00  -5.2814926952123642E-02  -1.3722800016403198E+00   6.9922119379043579E-01   6.0025131097063422E-04
     1      389   1.2128906324505806E-02   3.5337283611297607E+00   5.8657979965209961E-01  -1.0258986800909042E-01   3.9733923040330410E-03   1.3036371674388647E-03  -1.1592113150982186E-04  -1.7718737581162713E-05   3.0689147934026551E-06  -1.2628402146219742E-07   2.2835383415222168E+00  -7.0831423997879028E-01  -1.0595623254776001E+00   4.1748821735382080E-01   1.0837116241455078E+00  -8.2873953506350517E-03  -1.2697578668594360E+00   6.2450540065765381E-01   4.9313675845041871E-04
     1      390   1.2138672173023224E-02   3.4892489910125732E+00   5.9988242387771606E-01  -1.0093753039836884E-01   2.9404202941805124E-03   1.3182372786104679E-03  -8.9407185441814363E-05  -1.7515241779619828E-05   2.3753807454340858E-06  -7.6354538691703056E-08   2.2929456233978271E+00  -6.2842464447021484E-01  -1.0560501813888550E+00   3.1070911884307861E-01   1.0037077665328979E+00   7.6310291886329651E-02  -1.0915900468826294E+00   4.8518443107604980E-01   5.4881803225725889E-04
     1      391   1.2148437090218067E-02   3.5273451805114746E+00   5.8672684431076050E-01  -1.0201337933540344E-01   3.8723493926227093E-03   1.2953609693795443E-03  -1.1362753866706043E-04  -1.7549364201840945E-05   3.0154174055496696E-06  -1.2361677192984644E-07   2.2901568412780762E+00  -6.9753319025039673E-01  -1.0682036876678467E+00   3.9474597573280334E-01   1.0770620107650757E+00   2.0429383963346481E-02  -1.2318723201751709E+00   5.8216983079910278E-01   5.5656494805589318E-04
     1      392   1.2167967855930328E-02   3.5187668800354004E+00   5.9044009447097778E-01  -1.0199745744466782E-01   3.6485793534666300E-03   1.3069141423329711E-03  -1.0757875134004280E-04  -1.7637730707065202E-05   2.8504173315013759E-06  -1.1062831362096404E-07   2.2868018150329590E+00  -6.8311917781829834E-01  -1.0603075027465820E+00   3.8174915313720703E-01   1.0592991113662720E+00   2.2934267297387123E-02  -1.2095201015472412E+00   5.7382905483245850E-01   5.1275530131533742E-04
     1      393   1.2177733704447746E-02   3.5208489894866943E+00   5.8946108818054199E-01  -1.0202126204967499E-01   3.7091276608407497E-03   1.3042355421930552E-03  -1.0920882778009400E-04  -1.7619635400478728E-05   2.8949780244147405E-06  -1.1411552947038217E-07   2.2869040966033936E+00  -6.8727648258209229E-01  -1.0615763664245605E+00   3.8627487421035767E-01   1.0637646913528442E+00   2.0220823585987091E-02  -1.2173629999160767E+00   5.7909560203552246E-01   5.3386786021292210E-04
     1      394   1.2187499552965164E-02   3.5483422279357910E+00   5.7981008291244507E-01  -1.0276626050472260E-01   4.3888506479561329E-03   1.2863305164501071E-03  -1.2696362682618201E-04  -1.7622553059482016E-05   3.3663266094663413E-06  -1.4915532631221140E-07   2.2850141525268555E+00  -7.3719644546508789E-01  -1.0701864957809448E+00   4.4723963737487793E-01   1.1164129972457886E+00  -2.1469149738550186E-02  -1.3199000358581543E+00   6.5141952037811279E-01   5.8505247579887509E-04
     1      395   1.2207031250000000E-02   3.5263175964355469E+00   5.8810341358184814E-01  -1.0236836224794388E-01   3.8361724000424147E-03   1.3061835197731853E-03  -1.1231270764255896E-04  -1.7705304344417527E-05   2.9726156753895339E-06  -1.1917409636907905E-07   2.2829022407531738E+00  -6.9862055778503418E-01  -1.0589777231216431E+00   4.0391781926155090E-01   1.0737713575363159E+00   3.4514805302023888E-03  -1.2462053298950195E+00   6.0433661937713623E-01   5.5217737099155784E-04
     1      396   1.2216797098517418E-02   3.5501408576965332E+00   5.8103519678115845E-01  -1.0330574214458466E-01   4.3918583542108536E-03   1.2995882425457239E-03  -1.2652618170250207E-04  -1.7834843674791045E-05   3.3433352655265480E-06  -1.4569718587154057E-07   2.2767043113708496E+00  -7.4214631319046021E-01  -1.0596815347671509E+00   4.6304681897163391E-01   1.1167834997177124E+00  -4.4570397585630417E-02  -1.3446838855743408E+00   6.8258041143417358E-01   5.3214217768982053E-04
     1      397   1.2221679091453552E-02   3.5393095016479492E+00   5.8273959159851074E-01  -1.0257006436586380E-01   4.1802092455327511E-03   1.2929496588185430E-03  -1.2144074571551755E-04  -1.7641297745285556E-05   3.2181305869016796E-06  -1.3795234110602905E-07   2.2842164039611816E+00  -7.2254908084869385E-01  -1.0667965412139893E+00   4.2973676323890686E-01   1.1004377603530884E+00  -1.0027608834207058E-02  -1.2899672985076904E+00   6.3090372085571289E-01   5.8612978318706155E-04
     1      398   1.2226562015712261E-02   3.5779652595520020E+00   5.7003051042556763E-01  -1.0378693044185638E-01   5.1096794195473194E-03   1.2734101619571447E-03  -1.4551010099239647E-04  -1.7724696590448730E-05   3.8524290175701026E-06  -1.8443233784637414E-07   2.2793152332305908E+00  -7.9248118400573730E-01  -1.0755046606063843E+00   5.1807498931884766E-01   1.1729685068130493E+00  -7.3622547090053558E-02  -1.4376294612884521E+00   7.3858124017715454E-01   4.7979940427467227E-04
     1      399   1.2236326932907104E-02   3.5206573009490967E+00   5.8823412656784058E-01  -1.0188538581132889E-01   3.7539144977927208E-03   1.2988100061193109E-03  -1.1053361231461167E-04  -1.7553564248373732E-05   2.9336645184230292E-06  -1.1753266448977229E-07   2.2875986099243164E+00  -6.8944001197814941E-01  -1.0644690990447998E+00   3.8622838258743286E-01   1.0664826631546021E+00   2.2522561252117157E-02  -1.2180204391479492E+00   5.7716393470764160E-01   5.8157846797257662E-04
     1      400   1.2241209857165813E-02   3.5292077064514160E+00   5.8638131618499756E-01  -1.0237735509872437E-01   3.9355414919555187E-03   1.3012174749746919E-03  -1.1500417167553678E-04  -1.7668351574684493E-05   3.0463093025900889E-06  -1.2497103796249576E-07   2.2829592227935791E+00  -7.0525503158569336E-01  -1.0612343549728394E+00   4.1078034043312073E-01   1.0807352066040039E+00  -6.7453132942318916E-04  -1.2583520412445068E+00   6.1266875267028809E-01   5.1151687512174249E-04
     1      401   1.2246092781424522E-02   3.4894502162933350E+00   5.9869837760925293E-01  -1.0098687559366226E-01   2.9997401870787144E-03   1.3171206228435040E-03  -9.0873028966598213E-05  -1.7527274394524284E-05   2.4124992705765180E-06  -7.8958379390314803E-08   2.2901935577392578E+00  -6.3371872901916504E-01  -1.0562573671340942E+00   3.1679040193557739E-01   1.0083898305892944E+00   7.2070896625518799E-02  -1.1011900901794434E+00   4.9163952469825745E-01   7.5957726221531630E-04
     1      402   1.2265624478459358E-02   3.5908110141754150E+00   5.6519007682800293E-01  -1.0415416210889816E-01   5.4438002407550812E-03   1.2648857664316893E-03  -1.5420526324305683E-04  -1.7731625121086836E-05   4.0826612348610070E-06  -2.0148736723513139E-07   2.2774949073791504E+00  -8.1737321615219116E-01  -1.0794937610626221E+00   5.4838901758193970E-01   1.1988370418548584E+00  -9.4521939754486084E-02  -1.4883487224578857E+00   7.7483189105987549E-01   5.3587567526847124E-04
     1      403   1.2285156175494194E-02   3.5054543018341064E+00   5.9335345029830933E-01  -1.0157007724046707E-01   3.3959131687879562E-03   1.3105541002005339E-03  -1.0105733963428065E-04  -1.7591130017535761E-05   2.6793609322339762E-06  -9.8276196069946309E-08   2.2861397266387939E+00  -6.6439747810363770E-01  -1.0581923723220825E+00   3.5688400268554688E-01   1.0391284227371216E+00   4.1154455393552780E-02  -1.1679151058197021E+00   5.4281884431838989E-01   7.8422867227345705E-04
     1      404   1.2304686941206455E-02   3.5562951564788818E+00   5.7628059387207031E-01  -1.0312519222497940E-01   4.6324031427502632E-03   1.2829505139961839E-03  -1.3315695105120540E-04  -1.7675523849902675E-05   3.5271793876745505E-06  -1.6064690555595007E-07   2.2799713611602783E+00  -7.5686192512512207E-01  -1.0702447891235352E+00   4.7313550114631653E-01   1.1348702907562256E+00  -4.2732197791337967E-02  -1.3627864122390747E+00   6.8582558631896973E-01   6.1588548123836517E-04
     1      405   1.2324217706918716E-02   3.5770943164825439E+00   5.7045471668243408E-01  -1.0404907912015915E-01   5.1106652244925499E-03   1.2802361743524671E-03  -1.4526832092087716E-04  -1.7834499885793775E-05   3.8403354665206280E-06  -1.8263654055772349E-07   2.2727591991424561E+00  -7.9543143510818481E-01  -1.0686624050140381E+00   5.2734392881393433E-01   1.1720075607299805E+00  -8.8794589042663574E-02  -1.4526087045669556E+00   7.5963389873504639E-01   7.3339045047760010E-04
     1      406   1.2343749403953552E-02   3.5278346538543701E+00   5.8543843030929565E-01  -1.0229558497667313E-01   3.9641689509153366E-03   1.2982828775420785E-03  -1.1580057616811246E-04  -1.7636179109103978E-05   3.0687735943502048E-06  -1.2689081074768183E-07   2.2815861701965332E+00  -7.0733255147933960E-01  -1.0623302459716797E+00   4.1181534528732300E-01   1.0825331211090088E+00  -4.7331993118859828E-04  -1.2601763010025024E+00   6.1260789632797241E-01   5.7093560462817550E-04
     1      407   1.2353515252470970E-02   3.5455389022827148E+00   5.8055520057678223E-01  -1.0308056324720383E-01   4.3677226640284061E-03   1.2960711028426886E-03  -1.2602141941897571E-04  -1.7771219063433819E-05   3.3330859423585935E-06  -1.4544805537752836E-07   2.2755963802337646E+00  -7.3985308408737183E-01  -1.0609328746795654E+00   4.5764687657356262E-01   1.1138679981231689E+00  -3.9503891021013260E-02  -1.3361541032791138E+00   6.7510336637496948E-01   5.2577257156372070E-04
     1      408   1.2363281100988388E-02   3.5638413429260254E+00   5.7477223873138428E-01  -1.0372977703809738E-01   4.8041306436061859E-03   1.2888527708128095E-03  -1.3725104508921504E-04  -1.7841641238192096E-05   3.6273938803788042E-06  -1.6675497249707405E-07   2.2719664573669434E+00  -7.7329230308532715E-01  -1.0632466077804565E+00   5.0142830610275269E-01   1.1474970579147339E+00  -7.3474690318107605E-02  -1.4093099832534790E+00   7.3185896873474121E-01   6.9670914672315121E-04
     1      409   1.2373046949505806E-02   3.5293557643890381E+00   5.8454298973083496E-01  -1.0233474522829056E-01   4.0157525800168514E-03   1.2968895025551319E-03  -1.1709835962392390E-04  -1.7638512872508727E-05   3.1021318136481568E-06  -1.2931064929944114E-07   2.2812268733978271E+00  -7.1140134334564209E-01  -1.0638829469680786E+00   4.1562834382057190E-01   1.0871236324310303E+00  -1.3228144962340593E-03  -1.2659548521041870E+00   6.1487340927124023E-01   6.5301888389512897E-04
     1      410   1.2377928942441940E-02   3.5328519344329834E+00   5.8292347192764282E-01  -1.0235338658094406E-01   4.1113789193332195E-03   1.2924638576805592E-03  -1.1963435827055946E-04  -1.7610791473998688E-05   3.1701681564300088E-06  -1.3455918690397084E-07   2.2823085784912109E+00  -7.1792173385620117E-01  -1.0674434900283813E+00   4.2134296894073486E-01   1.0952979326248169E+00  -1.6116579063236713E-03  -1.2752453088760376E+00   6.1688214540481567E-01   5.4002291290089488E-04
     1      411   1.2382811866700649E-02   3.5269954204559326E+00   5.8440327644348145E-01  -1.0208402574062347E-01   3.9838789962232113E-03   1.2926292838528752E-03  -1.1643217294476926E-04  -1.7559405023348518E-05   3.0880032682034653E-06  -1.2887234390746016E-07   2.2842092514038086E+00  -7.0750910043716431E-01  -1.0679929256439209E+00   4.0653583407402039E-01   1.0852000713348389E+00   1.0906171053647995E-02  -1.2508542537689209E+00   5.9695160388946533E-01   5.5176939349621534E-04
     1      412   1.2392576783895493E-02   3.5366153717041016E+00   5.8310532569885254E-01  -1.0281914472579956E-01   4.1740871965885162E-03   1.3001086190342903E-03  -1.2101217726012692E-04  -1.7753889551386237E-05   3.2012167139328085E-06  -1.3578680579939828E-07   2.2754955291748047E+00  -7.2543734312057495E-01  -1.0582991838455200E+00   4.3986240029335022E-01   1.0980423688888550E+00  -2.8228173032402992E-02  -1.3067399263381958E+00   6.5566533803939819E-01   5.7376531185582280E-04
     1      413   1.2402342632412910E-02   3.5600867271423340E+00   5.7576286792755127E-01  -1.0365784168243408E-01   4.7305840998888016E-03   1.2910674558952451E-03  -1.3532926095649600E-04  -1.7844760805019177E-05   3.5766338442044798E-06  -1.6297722993385833E-07   2.2707817554473877E+00  -7.6826471090316772E-01  -1.0611838102340698E+00   4.9606075882911682E-01   1.1413040161132812E+00  -7.1507811546325684E-02  -1.4004247188568115E+00   7.2753775119781494E-01   7.0103321922942996E-04
     1      414   1.2407225556671619E-02   3.5359599590301514E+00   5.8225786685943604E-01  -1.0260333120822906E-01   4.1860719211399555E-03   1.2945689959451556E-03  -1.2145902292104438E-04  -1.7674077753326856E-05   3.2160232876776718E-06  -1.3748876881436445E-07   2.2786941528320312E+00  -7.2487419843673706E-01  -1.0639693737030029E+00   4.3383097648620605E-01   1.1002606153488159E+00  -1.6135482117533684E-02  -1.2962566614151001E+00   6.3851958513259888E-01   5.1561970030888915E-04
     1      415   1.2412108480930328E-02   3.5194101333618164E+00   5.8816128969192505E-01  -1.0220342874526978E-01   3.7777419202029705E-03   1.3064985396340489E-03  -1.1075678776251152E-04  -1.7690988897811621E-05   2.9310597255971516E-06  -1.1615314576829405E-07   2.2787768840789795E+00  -6.9533193111419678E-01  -1.0574948787689209E+00   3.9892822504043579E-01   1.0684409141540527E+00   6.0503208078444004E-03  -1.2375341653823853E+00   5.9882956743240356E-01   5.5485276971012354E-04
     1      416   1.2416991405189037E-02   3.4873437881469727E+00   5.9667026996612549E-01  -1.0076836496591568E-01   3.0578661244362593E-03   1.3099800562486053E-03  -9.2483001935761422E-05  -1.7445167031837627E-05   2.4576345367677277E-06  -8.2907952503319393E-08   2.2897229194641113E+00  -6.3750976324081421E-01  -1.0615658760070801E+00   3.1568595767021179E-01   1.0135782957077026E+00   7.9698912799358368E-02  -1.0986547470092773E+00   4.8143169283866882E-01   5.9750600485131145E-04
     1      417   1.2421874329447746E-02   3.5380454063415527E+00   5.8099824190139771E-01  -1.0258053243160248E-01   4.2525385506451130E-03   1.2907504569739103E-03  -1.2323271948844194E-04  -1.7643935279920697E-05   3.2638547509122873E-06  -1.4125156155841978E-07   2.2797551155090332E+00  -7.2925710678100586E-01  -1.0672919750213623E+00   4.3669524788856506E-01   1.1060878038406372E+00  -1.4399198815226555E-02  -1.3007586002349854E+00   6.3730746507644653E-01   5.2404450252652168E-04
     1      418   1.2441406026482582E-02   3.5513908863067627E+00   5.7760751247406006E-01  -1.0326468199491501E-01   4.5573986135423183E-03   1.2909794459119439E-03  -1.3096071779727936E-04  -1.7772968931240030E-05   3.4638992474356201E-06  -1.5514500262270303E-07   2.2729997634887695E+00  -7.5417661666870117E-01  -1.0623474121093750E+00   4.7532397508621216E-01   1.1275981664657593E+00  -5.3417745977640152E-02  -1.3660962581634521E+00   6.9890820980072021E-01   4.6244735131040215E-04
     1      419   1.2460937723517418E-02   3.5335495471954346E+00   5.8280199766159058E-01  -1.0261249542236328E-01   4.1474229656159878E-03   1.2971849646419287E-03  -1.2036947737215087E-04  -1.7700978787615895E-05   3.1853583095653448E-06  -1.3496972428583831E-07   2.2766158580780029E+00  -7.2292560338973999E-01  -1.0618097782135010E+00   4.3259358406066895E-01   1.0970474481582642E+00  -1.7275128513574600E-02  -1.2938832044601440E+00   6.3904356956481934E-01   6.8119680508971214E-04
     1      420   1.2465820647776127E-02   3.5907382965087891E+00   5.6448870897293091E-01  -1.0451313853263855E-01   5.5111576803028584E-03   1.2711154995486140E-03  -1.5562277985736728E-04  -1.7862112144939601E-05   4.1132011574518401E-06  -2.0268085165753291E-07   2.2676298618316650E+00  -8.2627689838409424E-01  -1.0716409683227539E+00   5.6589412689208984E-01   1.2026075124740601E+00  -1.1752355098724365E-01  -1.5169042348861694E+00   8.0758339166641235E-01   5.6914478773251176E-04
     1      421   1.2470703572034836E-02   3.6121752262115479E+00   5.5755293369293213E-01  -1.0521861165761948E-01   6.0256463475525379E-03   1.2610174017027020E-03  -1.6893770953174680E-04  -1.7919108358910307E-05   4.4638782128458843E-06  -2.2830178636468190E-07   2.2642683982849121E+00  -8.6509859561920166E-01  -1.0753204822540283E+00   6.1592942476272583E-01   1.2420113086700439E+00  -1.5562753379344940E-01  -1.6008337736129761E+00   8.7218159437179565E-01   5.3462223149836063E-04
     1      422   1.2480469420552254E-02   3.5355296134948730E+00   5.8179432153701782E-01  -1.0264515131711960E-01   4.2093400843441486E-03   1.2947780778631568E-03  -1.2201422941870987E-04  -1.7689022570266388E-05   3.2297145935444860E-06  -1.3837271239935944E-07   2.2764124870300293E+00  -7.2727435827255249E-01  -1.0629148483276367E+00   4.3737617135047913E-01   1.1013902425765991E+00  -2.0595688372850418E-02  -1.3021191358566284E+00   6.4578461647033691E-01   6.1291101155802608E-04
     1      423   1.2490235269069672E-02   3.4921798706054688E+00   5.9476488828659058E-01  -1.0103581100702286E-01   3.2010653521865606E-03   1.3091994915157557E-03  -9.6108175057452172E-05  -1.7493623090558685E-05   2.5515435027045896E-06  -8.9505796552202810E-08   2.2856931686401367E+00  -6.4946454763412476E-01  -1.0598856210708618E+00   3.3303946256637573E-01   1.0239681005477905E+00   6.3237719237804413E-02  -1.1276553869247437E+00   5.0715792179107666E-01   6.0535944066941738E-04
     1      424   1.2500000186264515E-02   3.4995791912078857E+00   5.9300899505615234E-01  -1.0143905133008957E-01   3.3667730167508125E-03   1.3100492069497705E-03  -1.0028789984062314E-04  -1.7575073798070662E-05   2.6592388167046010E-06  -9.6888520317861548E-08   2.2815656661987305E+00  -6.6325318813323975E-01  -1.0565021038055420E+00   3.5502132773399353E-01   1.0356329679489136E+00   4.0496874600648880E-02  -1.1648111343383789E+00   5.4255998134613037E-01   6.5187260042876005E-04
     1      425   1.2539062649011612E-02   3.5235822200775146E+00   5.8438521623611450E-01  -1.0212662070989609E-01   3.9690788835287094E-03   1.2953352415934205E-03  -1.1591013026190922E-04  -1.7599331840756349E-05   3.0715173124917783E-06  -1.2729918807963259E-07   2.2791562080383301E+00  -7.0822447538375854E-01  -1.0645503997802734E+00   4.0920966863632202E-01   1.0832021236419678E+00   4.9483794718980789E-03  -1.2548867464065552E+00   6.0471808910369873E-01   5.0759158330038190E-04
     1      426   1.2558594346046448E-02   3.5240280628204346E+00   5.8523297309875488E-01  -1.0240740329027176E-01   3.9628087542951107E-03   1.3022681232541800E-03  -1.1555680976016447E-04  -1.7703103367239237E-05   3.0581861665268661E-06  -1.2552931138998247E-07   2.2740797996520996E+00  -7.0993280410766602E-01  -1.0570520162582397E+00   4.1820490360260010E-01   1.0810726881027222E+00  -1.1643234640359879E-02  -1.2703111171722412E+00   6.2793171405792236E-01   5.5599259212613106E-04
     1      427   1.2568360194563866E-02   3.4891862869262695E+00   5.9480845928192139E-01  -1.0093359649181366E-01   3.1714574433863163E-03   1.3087972765788436E-03  -9.5341994892805815E-05  -1.7477806977694854E-05   2.5313695459772134E-06  -8.8096562933515088E-08   2.2847268581390381E+00  -6.4743113517761230E-01  -1.0600839853286743E+00   3.2938024401664734E-01   1.0215564966201782E+00   6.6635452210903168E-02  -1.1213320493698120E+00   5.0160855054855347E-01   5.0283188465982676E-04
     1      428   1.2578126043081284E-02   3.5133779048919678E+00   5.8742719888687134E-01  -1.0183824598789215E-01   3.7408035714179277E-03   1.3006638037040830E-03  -1.0995615593856201E-04  -1.7588337868801318E-05   2.9137822821212467E-06  -1.1565480662056871E-07   2.2791929244995117E+00  -6.9154345989227295E-01  -1.0618925094604492E+00   3.8831862807273865E-01   1.0655211210250854E+00   1.9714949652552605E-02  -1.2196717262268066E+00   5.7895255088806152E-01   6.0210534138604999E-04
     1      429   1.2587891891598701E-02   3.5702993869781494E+00   5.6908005475997925E-01  -1.0371809452772141E-01   5.1017329096794128E-03   1.2744079576805234E-03  -1.4512667257804424E-04  -1.7747672245604917E-05   3.8389221117540728E-06  -1.8313819794002484E-07   2.2704565525054932E+00  -7.9462379217147827E-01  -1.0722993612289429E+00   5.2066802978515625E-01   1.1711457967758179E+00  -7.8810133039951324E-02  -1.4409105777740479E+00   7.4479156732559204E-01   5.5691931629553437E-04
     1      430   1.2592774815857410E-02   3.5993816852569580E+00   5.6193959712982178E-01  -1.0517221689224243E-01   5.7425289414823055E-03   1.2756327632814646E-03  -1.6123753448482603E-04  -1.8034063032246195E-05   4.2529491111054085E-06  -2.1164937891171576E-07   2.2579143047332764E+00  -8.4753149747848511E-01  -1.0648758411407471E+00   6.0002994537353516E-01   1.2195649147033691E+00  -1.5291534364223480E-01  -1.5731488466262817E+00   8.6114364862442017E-01   5.5887841153889894E-04
     1      431   1.2597657740116119E-02   3.5346906185150146E+00   5.8198487758636475E-01  -1.0289593040943146E-01   4.2206146754324436E-03   1.3008055975660682E-03  -1.2206199608044699E-04  -1.7790238416637294E-05   3.2258633382298285E-06  -1.3726646841405454E-07   2.2696824073791504E+00  -7.3096799850463867E-01  -1.0563520193099976E+00   4.4737574458122253E-01   1.1013667583465576E+00  -3.5851858556270599E-02  -1.3183662891387939E+00   6.6637587547302246E-01   5.4457579972222447E-04
     1      432   1.2602540664374828E-02   3.5075240135192871E+00   5.8950692415237427E-01  -1.0175030678510666E-01   3.6047380417585373E-03   1.3056672178208828E-03  -1.0638801177265123E-04  -1.7609330825507641E-05   2.8187171210447559E-06  -1.0843589137721210E-07   2.2776467800140381E+00  -6.8199658393859863E-01  -1.0575137138366699E+00   3.7898269295692444E-01   1.0537242889404297E+00   2.1767545491456985E-02  -1.2046000957489014E+00   5.7352960109710693E-01   4.5098384725861251E-04
     1      433   1.2607423588633537E-02   3.5031180381774902E+00   5.8984297513961792E-01  -1.0138009488582611E-01   3.5270655062049627E-03   1.3009489048272371E-03  -1.0457877942826599E-04  -1.7503616618341766E-05   2.7754927032219712E-06  -1.0605626243886945E-07   2.2819290161132812E+00  -6.7413610219955444E-01  -1.0626140832901001E+00   3.6355599761009216E-01   1.0483050346374512E+00   4.0208872407674789E-02  -1.1790062189102173E+00   5.4626667499542236E-01   5.7872949400916696E-04
     1      434   1.2612305581569672E-02   3.5160131454467773E+00   5.8613204956054688E-01  -1.0191033035516739E-01   3.8263474125415087E-03   1.2978876475244761E-03  -1.1224186891922727E-04  -1.7580192434252240E-05   2.9755285595456371E-06  -1.2033042651182768E-07   2.2780644893646240E+00  -6.9761240482330322E-01  -1.0618982315063477E+00   3.9646187424659729E-01   1.0707455873489380E+00   1.1560959741473198E-02  -1.2342282533645630E+00   5.9288430213928223E-01   5.1389954751357436E-04
     1      435   1.2617188505828381E-02   3.4798154830932617E+00   5.9743183851242065E-01  -1.0066163539886475E-01   2.9712482355535030E-03   1.3129153521731496E-03  -9.0169225586578250E-05  -1.7458365618949756E-05   2.3954551124916179E-06  -7.8166713990412973E-08   2.2844078540802002E+00  -6.3257056474685669E-01  -1.0571835041046143E+00   3.1117203831672668E-01   1.0051047801971436E+00   7.7892951667308807E-02  -1.0912666320800781E+00   4.8204386234283447E-01   6.1275972984731197E-04
     1      436   1.2626953423023224E-02   3.5440907478332520E+00   5.7724368572235107E-01  -1.0289801657199860E-01   4.4934675097465515E-03   1.2867776677012444E-03  -1.2938496365677565E-04  -1.7686443243292160E-05   3.4245247206854401E-06  -1.5283369236840372E-07   2.2728128433227539E+00  -7.4902838468551636E-01  -1.0663806200027466E+00   4.6297636628150940E-01   1.1234905719757080E+00  -3.7566252052783966E-02  -1.3445439338684082E+00   6.7444938421249390E-01   6.1325338901951909E-04
     1      437   1.2636719271540642E-02   3.5623586177825928E+00   5.7169526815414429E-01  -1.0359319299459457E-01   4.9230149015784264E-03   1.2810166226699948E-03  -1.4039018424227834E-04  -1.7776794265955687E-05   3.7118934415047988E-06  -1.7346637548598665E-07   2.2684512138366699E+00  -7.8243911266326904E-01  -1.0676050186157227E+00   5.0768548250198364E-01   1.1566797494888306E+00  -7.3281057178974152E-02  -1.4190424680709839E+00   7.3337203264236450E-01   4.9318699166178703E-04
     1      438   1.2656250968575478E-02   3.4875140190124512E+00   5.9482234716415405E-01  -1.0098238289356232E-01   3.1677463557571173E-03   1.3105433899909258E-03  -9.5184681413229555E-05  -1.7504869902040809E-05   2.5260055735998321E-06  -8.7482760591228725E-08   2.2814366817474365E+00  -6.4813590049743652E-01  -1.0571614503860474E+00   3.3226126432418823E-01   1.0200704336166382E+00   6.0362219810485840E-02  -1.1263967752456665E+00   5.1048445701599121E-01   5.8746751165017486E-04
     1      439   1.2675782665610313E-02   3.5567860603332520E+00   5.7332754135131836E-01  -1.0347314924001694E-01   4.8049879260361195E-03   1.2844854500144720E-03  -1.3730389764532447E-04  -1.7782271243049763E-05   3.6299156818131451E-06  -1.6732835206312302E-07   2.2673826217651367E+00  -7.7401280403137207E-01  -1.0647761821746826E+00   4.9836072325706482E-01   1.1467311382293701E+00  -6.9134697318077087E-02  -1.4037659168243408E+00   7.2504150867462158E-01   4.7818029997870326E-04
     1      440   1.2695313431322575E-02   3.5194008350372314E+00   5.8444291353225708E-01  -1.0209599882364273E-01   3.9390944875776768E-03   1.2970500392839313E-03  -1.1503978748805821E-04  -1.7617086996324360E-05   3.0468838758679340E-06  -1.2529874027222832E-07   2.2750649452209473E+00  -7.0738494396209717E-01  -1.0621714591979980E+00   4.0886819362640381E-01   1.0803191661834717E+00   2.8654816560447216E-03  -1.2538669109344482E+00   6.0644727945327759E-01   5.5618438636884093E-04
     1      441   1.2705078348517418E-02   3.5369594097137451E+00   5.7916247844696045E-01  -1.0277534276247025E-01   4.3524373322725296E-03   1.2916349805891514E-03  -1.2565193173941225E-04  -1.7705242498777807E-05   3.3244346013816539E-06  -1.4523367042329483E-07   2.2704937458038330E+00  -7.3948287963867188E-01  -1.0624828338623047E+00   4.5270040631294250E-01   1.1117415428161621E+00  -3.3569071441888809E-02  -1.3273411989212036E+00   6.6586941480636597E-01   5.4622284369543195E-04
     1      442   1.2714844197034836E-02   3.5188941955566406E+00   5.8492487668991089E-01  -1.0219790786504745E-01   3.9259260520339012E-03   1.3001915067434311E-03  -1.1462363909231499E-04  -1.7660893718129955E-05   3.0341332148964284E-06  -1.2400786886246351E-07   2.2726523876190186E+00  -7.0727777481079102E-01  -1.0585391521453857E+00   4.1188156604766846E-01   1.0782153606414795E+00  -4.3354253284633160E-03  -1.2593293190002441E+00   6.1629933118820190E-01   6.0784578090533614E-04
     1      443   1.2734375894069672E-02   3.5165419578552246E+00   5.8454579114913940E-01  -1.0191859304904938E-01   3.9014643989503384E-03   1.2949432712048292E-03  -1.1416188499424607E-04  -1.7569165720487945E-05   3.0258911465352867E-06  -1.2411661032274424E-07   2.2760267257690430E+00  -7.0376223325729370E-01  -1.0637003183364868E+00   4.0221866965293884E-01   1.0770133733749390E+00   9.5582706853747368E-03  -1.2431546449661255E+00   5.9653091430664062E-01   5.3486257093027234E-04
     1      444   1.2773438356816769E-02   3.5213820934295654E+00   5.8322674036026001E-01  -1.0222460329532623E-01   4.0205842815339565E-03   1.2962321052327752E-03  -1.1710909893736243E-04  -1.7639851648709737E-05   3.1006127301225206E-06  -1.2910669511256856E-07   2.2721593379974365E+00  -7.1420925855636597E-01  -1.0610580444335938E+00   4.1865789890289307E-01   1.0858880281448364E+00  -6.8268324248492718E-03  -1.2703971862792969E+00   6.2140351533889771E-01   4.7546823043376207E-04
     1      445   1.2783203274011612E-02   3.5629117488861084E+00   5.7084500789642334E-01  -1.0382334887981415E-01   4.9894372932612896E-03   1.2837500544264913E-03  -1.4194221876095980E-04  -1.7849522919277661E-05   3.7494555726880208E-06  -1.7567342069924052E-07   2.2620198726654053E+00  -7.8963756561279297E-01  -1.0628303289413452E+00   5.2069133520126343E-01   1.1604751348495483E+00  -8.9670576155185699E-02  -1.4406956434249878E+00   7.5726133584976196E-01   5.7110912166535854E-04
     1      446   1.2792969122529030E-02   3.5567932128906250E+00   5.7177096605300903E-01  -1.0341645777225494E-01   4.8717018216848373E-03   1.2802253477275372E-03  -1.3909337576478720E-04  -1.7745662262313999E-05   3.6787394037673948E-06  -1.7123758766501851E-07   2.2660820484161377E+00  -7.7886700630187988E-01  -1.0669343471527100E+00   5.0211530923843384E-01   1.1515878438949585E+00  -7.0019230246543884E-02  -1.4099704027175903E+00   7.2783613204956055E-01   5.2497995784506202E-04
     1      447   1.2812500819563866E-02   3.5354287624359131E+00   5.7861638069152832E-01  -1.0276017338037491E-01   4.3656872585415840E-03   1.2913080863654613E-03  -1.2593324936460704E-04  -1.7709604435367510E-05   3.3306089335383149E-06  -1.4560868066837429E-07   2.2683207988739014E+00  -7.4124646186828613E-01  -1.0625672340393066E+00   4.5410791039466858E-01   1.1130020618438721E+00  -3.3974513411521912E-02  -1.3290855884552002E+00   6.6599208116531372E-01   5.6073383893817663E-04
     1      448   1.2851563282310963E-02   3.5485432147979736E+00   5.7388621568679810E-01  -1.0317021608352661E-01   4.7007654793560505E-03   1.2837125686928630E-03  -1.3462733477354050E-04  -1.7730999388732016E-05   3.5602699881565059E-06  -1.6251652823484619E-07   2.2659440040588379E+00  -7.6647567749023438E-01  -1.0656082630157471E+00   4.8577812314033508E-01   1.1387674808502197E+00  -5.7146258652210236E-02  -1.3821393251419067E+00   7.0540207624435425E-01   5.8182841166853905E-04
     1      449   1.2871094048023224E-02   3.5129578113555908E+00   5.8500236272811890E-01  -1.0197961330413818E-01   3.8665938191115856E-03   1.2989619281142950E-03  -1.1311189882690087E-04  -1.7620748621993698E-05   2.9951206670375541E-06  -1.2139710747760546E-07   2.2710328102111816E+00  -7.0299541950225830E-01  -1.0591142177581787E+00   4.0416660904884338E-01   1.0731893777847290E+00   2.6929997839033604E-03  -1.2462254762649536E+00   6.0513466596603394E-01   6.5870094113051891E-04
     1      450   1.2880859896540642E-02   3.4837055206298828E+00   5.9335434436798096E-01  -1.0081183165311813E-01   3.1964262016117573E-03   1.3062272919341922E-03  -9.5966723165474832E-05  -1.7455042325309478E-05   2.5478873340034625E-06  -8.9452527163302875E-08   2.2786087989807129E+00  -6.5056067705154419E-01  -1.0592745542526245E+00   3.3182799816131592E-01   1.0219509601593018E+00   6.3271194696426392E-02  -1.1252806186676025E+00   5.0650703907012939E-01   6.1815447406843305E-04
     1      451   1.2890625745058060E-02   3.5169720649719238E+00   5.8355808258056641E-01  -1.0212484002113342E-01   3.9696670137345791E-03   1.2972324620932341E-03  -1.1574383097467944E-04  -1.7638392819208093E-05   3.0635908387921518E-06  -1.2631802803753089E-07   2.2699759006500244E+00  -7.1108472347259521E-01  -1.0600166320800781E+00   4.1430115699768066E-01   1.0815856456756592E+00  -4.2160474695265293E-03  -1.2627935409545898E+00   6.1649566888809204E-01   5.9718324337154627E-04
     1      452   1.2929688207805157E-02   3.4764916896820068E+00   5.9521466493606567E-01  -1.0059132426977158E-01   3.0471186619251966E-03   1.3090526917949319E-03  -9.2090915131848305E-05  -1.7437956557841972E-05   2.4456489882140886E-06  -8.1980481070331734E-08   2.2785303592681885E+00  -6.3952732086181641E-01  -1.0578560829162598E+00   3.1750553846359253E-01   1.0101200342178345E+00   7.3547452688217163E-02  -1.1012547016143799E+00   4.8915651440620422E-01   5.3188652964308858E-04
     1      453   1.2949218973517418E-02   3.5674626827239990E+00   5.6730353832244873E-01  -1.0391251742839813E-01   5.1880953833460808E-03   1.2763857375830412E-03  -1.4713662676513195E-04  -1.7821716028265655E-05   3.8876751204952598E-06  -1.8612873020629195E-07   2.2592990398406982E+00  -8.0459326505661011E-01  -1.0663552284240723E+00   5.3674340248107910E-01   1.1756403446197510E+00  -9.9048748612403870E-02  -1.4673262834548950E+00   7.7418333292007446E-01   5.4500729311257601E-04
     1      454   1.2958984822034836E-02   3.5152745246887207E+00   5.8355742692947388E-01  -1.0211106389760971E-01   3.9575649425387383E-03   1.2979408493265510E-03  -1.1537948012119159E-04  -1.7646008927840739E-05   3.0530791264027357E-06  -1.2545972083444212E-07   2.2683851718902588E+00  -7.1085411310195923E-01  -1.0593917369842529E+00   4.1395726799964905E-01   1.0807726383209229E+00  -4.1671157814562321E-03  -1.2617713212966919E+00   6.1580818891525269E-01   5.2476010750979185E-04
     1      455   1.2968750670552254E-02   3.5161533355712891E+00   5.8291667699813843E-01  -1.0208342224359512E-01   3.9899763651192188E-03   1.2955786660313606E-03  -1.1627950880210847E-04  -1.7621985534788109E-05   3.0782766771153547E-06  -1.2753783096286497E-07   2.2689518928527832E+00  -7.1278262138366699E-01  -1.0609024763107300E+00   4.1519182920455933E-01   1.0832018852233887E+00  -3.7580402567982674E-03  -1.2640184164047241E+00   6.1612176895141602E-01   5.3209369070827961E-04
     1      456   1.3046875596046448E-02   3.5267839431762695E+00   5.7919400930404663E-01  -1.0254867374897003E-01   4.2693894356489182E-03   1.2924842303618789E-03  -1.2340275861788541E-04  -1.7692595065454952E-05   3.2635348361509386E-06  -1.4072378462515189E-07   2.2640657424926758E+00  -7.3511952161788940E-01  -1.0603148937225342E+00   4.4581836462020874E-01   1.1042766571044922E+00  -2.9930660501122475E-02  -1.3150933980941772E+00   6.5824115276336670E-01   5.7422037934884429E-04
     1      457   1.3066407293081284E-02   3.5496199131011963E+00   5.7175290584564209E-01  -1.0332079976797104E-01   4.8209596425294876E-03   1.2821535347029567E-03  -1.3764353934675455E-04  -1.7762064089765772E-05   3.6379080938786501E-06  -1.6799673119294312E-07   2.2599883079528809E+00  -7.7707648277282715E-01  -1.0640900135040283E+00   4.9996697902679443E-01   1.1468944549560547E+00  -7.0894055068492889E-02  -1.4056247472763062E+00   7.2704112529754639E-01   5.5330747272819281E-04
     1      458   1.3076173141598701E-02   3.5290560722351074E+00   5.7756751775741577E-01  -1.0249356925487518E-01   4.3509365059435368E-03   1.2871025828644633E-03  -1.2561076437123120E-04  -1.7643556930124760E-05   3.3239621188840829E-06  -1.4558685279553174E-07   2.2654397487640381E+00  -7.4037200212478638E-01  -1.0646626949310303E+00   4.4888973236083984E-01   1.1114081144332886E+00  -2.7148574590682983E-02  -1.3199442625045776E+00   6.5571153163909912E-01   7.0578663144260645E-04
     1      459   1.3085938058793545E-02   3.5367763042449951E+00   5.7560622692108154E-01  -1.0288358479738235E-01   4.5263320207595825E-03   1.2871864018961787E-03  -1.3005180517211556E-04  -1.7717635273584165E-05   3.4387282994430279E-06  -1.5354750360074831E-07   2.2617232799530029E+00  -7.5468176603317261E-01  -1.0620623826980591E+00   4.7087696194648743E-01   1.1239521503448486E+00  -4.8971638083457947E-02  -1.3570731878280640E+00   6.9005584716796875E-01   5.7613936951383948E-04
     1      460   1.3090820983052254E-02   3.5122802257537842E+00   5.8328402042388916E-01  -1.0204860568046570E-01   3.9482577703893185E-03   1.2975101126357913E-03  -1.1513895879033953E-04  -1.7637414202908985E-05   3.0469989269477082E-06  -1.2506545488122356E-07   2.2657308578491211E+00  -7.1068149805068970E-01  -1.0582841634750366E+00   4.1372191905975342E-01   1.0791091918945312E+00  -5.6471531279385090E-03  -1.2615554332733154E+00   6.1755639314651489E-01   5.5796158267185092E-04
     1      461   1.3095702975988388E-02   3.5054700374603271E+00   5.8540922403335571E-01  -1.0182355344295502E-01   3.7874386180192232E-03   1.3006796361878514E-03  -1.1095846275566146E-04  -1.7620526705286466E-05   2.9365112368395785E-06  -1.1697660085019379E-07   2.2667958736419678E+00  -6.9862669706344604E-01  -1.0574781894683838E+00   3.9778938889503479E-01   1.0670543909072876E+00   7.1640899404883385E-03  -1.2345863580703735E+00   5.9606349468231201E-01   5.8177037863060832E-04
     1      462   1.3105468824505806E-02   3.5580086708068848E+00   5.6910276412963867E-01  -1.0369591414928436E-01   5.0290343351662159E-03   1.2803681893274188E-03  -1.4294173161033541E-04  -1.7820992070483044E-05   3.7757533846161095E-06  -1.7778413052838005E-07   2.2563765048980713E+00  -7.9381328821182251E-01  -1.0632208585739136E+00   5.2348762750625610E-01   1.1626961231231689E+00  -9.1346837580204010E-02  -1.4448268413543701E+00   7.5962466001510620E-01   5.3940678481012583E-04
     1      463   1.3110351748764515E-02   3.5251064300537109E+00   5.7882523536682129E-01  -1.0244186222553253E-01   4.2664445936679840E-03   1.2904407922178507E-03  -1.2337570660747588E-04  -1.7661368474364281E-05   3.2639240998832975E-06  -1.4098118583660835E-07   2.2640323638916016E+00  -7.3455041646957397E-01  -1.0616923570632935E+00   4.4328510761260986E-01   1.1038404703140259E+00  -2.6488233357667923E-02  -1.3109093904495239E+00   6.5353626012802124E-01   5.3445971570909023E-04
     1      464   1.3115234673023224E-02   3.5115308761596680E+00   5.8305233716964722E-01  -1.0197681933641434E-01   3.9465273730456829E-03   1.2960954336449504E-03  -1.1511746561154723E-04  -1.7615828255657107E-05   3.0469827834167518E-06  -1.2521819314770255E-07   2.2662897109985352E+00  -7.1029901504516602E-01  -1.0598630905151367E+00   4.1155087947845459E-01   1.0794157981872559E+00  -1.7135491361841559E-03  -1.2576442956924438E+00   6.1185061931610107E-01   6.7420920822769403E-04
     1      465   1.3125000521540642E-02   3.5595595836639404E+00   5.6777840852737427E-01  -1.0361146926879883E-01   5.0899339839816093E-03   1.2753759510815144E-03  -1.4461846149060875E-04  -1.7770129488781095E-05   3.8220669011934660E-06  -1.8160561410240916E-07   2.2581315040588379E+00  -7.9731208086013794E-01  -1.0674183368682861E+00   5.2434039115905762E-01   1.1679358482360840E+00  -8.7242349982261658E-02  -1.4461749792098999E+00   7.5521105527877808E-01   6.2036764575168490E-04
     1      466   1.3144532218575478E-02   3.5276360511779785E+00   5.7841026782989502E-01  -1.0269162803888321E-01   4.3244315311312675E-03   1.2935644481331110E-03  -1.2471742229536176E-04  -1.7734857465256937E-05   3.2959078453131951E-06  -1.4277759419201175E-07   2.2603580951690674E+00  -7.4056375026702881E-01  -1.0581996440887451E+00   4.5442974567413330E-01   1.1080665588378906E+00  -3.9292089641094208E-02  -1.3292158842086792E+00   6.7203551530838013E-01   5.1497435197234154E-04
     1      467   1.3164062984287739E-02   3.5295162200927734E+00   5.7718569040298462E-01  -1.0265982151031494E-01   4.3884976767003536E-03   1.2895282125100493E-03  -1.2645925744436681E-04  -1.7698775991448201E-05   3.3437154343118891E-06  -1.4661195280041284E-07   2.2612705230712891E+00  -7.4470436573028564E-01  -1.0611625909805298E+00   4.5732074975967407E-01   1.1134310960769653E+00  -3.8226839154958725E-02  -1.3339709043502808E+00   6.7179036140441895E-01   6.3189479988068342E-04
     1      468   1.3203125447034836E-02   3.5319314002990723E+00   5.7600963115692139E-01  -1.0273976624011993E-01   4.4661262072622776E-03   1.2874561361968517E-03  -1.2849572522100061E-04  -1.7698661395115778E-05   3.3980629723373568E-06  -1.5066302694322076E-07   2.2600758075714111E+00  -7.5051730871200562E-01  -1.0613455772399902E+00   4.6487569808959961E-01   1.1187028884887695E+00  -4.4984795153141022E-02  -1.3469941616058350E+00   6.8329989910125732E-01   6.1866990290582180E-04
     1      469   1.3222657144069672E-02   3.5126545429229736E+00   5.8205687999725342E-01  -1.0212135314941406E-01   4.0135225281119347E-03   1.2966101057827473E-03  -1.1675597488647327E-04  -1.7654401744948700E-05   3.0881842576491181E-06  -1.2795634063422767E-07   2.2624804973602295E+00  -7.1652603149414062E-01  -1.0578991174697876E+00   4.2100918292999268E-01   1.0837980508804321E+00  -1.1990301311016083E-02  -1.2733497619628906E+00   6.2767440080642700E-01   5.4657232249155641E-04
     1      470   1.3242187909781933E-02   3.5253477096557617E+00   5.7761055231094360E-01  -1.0250178724527359E-01   4.3283118866384029E-03   1.2894101673737168E-03  -1.2490458902902901E-04  -1.7674912669463083E-05   3.3028197776729940E-06  -1.4371950385339005E-07   2.2609918117523193E+00  -7.4020212888717651E-01  -1.0617270469665527E+00   4.4997191429138184E-01   1.1088240146636963E+00  -3.1276222318410873E-02  -1.3214329481124878E+00   6.6063731908798218E-01   5.7473097695037723E-04
     1      471   1.3251952826976776E-02   3.5260624885559082E+00   5.7704377174377441E-01  -1.0247278213500977E-01   4.3566571548581123E-03   1.2872396036982536E-03  -1.2570008402690291E-04  -1.7653048416832462E-05   3.3250657907046843E-06  -1.4554420602053142E-07   2.2614941596984863E+00  -7.4180573225021362E-01  -1.0629879236221313E+00   4.5100826025009155E-01   1.1108052730560303E+00  -3.1082199886441231E-02  -1.3234617710113525E+00   6.6107612848281860E-01   6.2027346575632691E-04
     1      472   1.3256835751235485E-02   3.4958600997924805E+00   5.8554428815841675E-01  -1.0122577100992203E-01   3.6678484175354242E-03   1.2934528058394790E-03  -1.0814287816174328E-04  -1.7461716197431087E-05   2.8686192763416329E-06  -1.1314983083821062E-07   2.2699408531188965E+00  -6.8737280368804932E-01  -1.0636941194534302E+00   3.7551277875900269E-01   1.0576759576797485E+00   3.2110694795846939E-02  -1.1976890563964844E+00   5.5890440940856934E-01   6.1968731461092830E-04
     1      473   1.3261718675494194E-02   3.5211443901062012E+00   5.7907456159591675E-01  -1.0243168473243713E-01   4.2310319840908051E-03   1.2928076321259141E-03  -1.2235672329552472E-04  -1.7686568753561005E-05   3.2351356367144035E-06  -1.3861783543234196E-07   2.2600080966949463E+00  -7.3336690664291382E-01  -1.0588477849960327E+00   4.4304001331329346E-01   1.1005163192749023E+00  -2.9215849936008453E-02  -1.3101234436035156E+00   6.5601223707199097E-01   6.2388466903939843E-04
     1      474   1.3281250372529030E-02   3.5393137931823730E+00   5.7261425256729126E-01  -1.0293591022491455E-01   4.6830475330352783E-03   1.2813510838896036E-03  -1.3411161489784718E-04  -1.7697535440674983E-05   3.5460097933537327E-06  -1.6161520477453450E-07   2.2585973739624023E+00  -7.6685243844985962E-01  -1.0649868249893188E+00   4.8341092467308044E-01   1.1360427141189575E+00  -5.5781479924917221E-02  -1.3774973154067993E+00   7.0246183872222900E-01   5.7762255892157555E-04
     1      475   1.3286133296787739E-02   3.5727572441101074E+00   5.6260997056961060E-01  -1.0420733690261841E-01   5.4635852575302124E-03   1.2708763824775815E-03  -1.5413583605550230E-04  -1.7859789295471273E-05   4.0695808820601087E-06  -1.9925170136048109E-07   2.2507209777832031E+00  -8.2744681835174561E-01  -1.0667033195495605E+00   5.6517976522445679E-01   1.1961560249328613E+00  -1.2184861302375793E-01  -1.5140668153762817E+00   8.1075030565261841E-01   5.5269809672608972E-04
     1      476   1.3288574293255806E-02   3.5625877380371094E+00   5.6600183248519897E-01  -1.0390585660934448E-01   5.2185817621648312E-03   1.2764814309775829E-03  -1.4777606702409685E-04  -1.7844569811131805E-05   3.9017254493955988E-06  -1.8690482761485328E-07   2.2516369819641113E+00  -8.0921596288681030E-01  -1.0639767646789551E+00   5.4252368211746216E-01   1.1770235300064087E+00  -1.0605274140834808E-01  -1.4761614799499512E+00   7.8364968299865723E-01   5.5503443581983447E-04
     1      477   1.3291016221046448E-02   3.5088720321655273E+00   5.8192968368530273E-01  -1.0185547918081284E-01   3.9703957736492157E-03   1.2929002987220883E-03  -1.1575685493880883E-04  -1.7580125131644309E-05   3.0646301638626028E-06  -1.2677156746576657E-07   2.2642562389373779E+00  -7.1231877803802490E-01  -1.0615888833999634E+00   4.1138601303100586E-01   1.0811321735382080E+00   5.9204327408224344E-04  -1.2569835186004639E+00   6.0876297950744629E-01   6.4588559325784445E-04
     1      478   1.3295899145305157E-02   3.5108370780944824E+00   5.8112967014312744E-01  -1.0189411789178848E-01   4.0219002403318882E-03   1.2912086676806211E-03  -1.1710031685652211E-04  -1.7576248865225352E-05   3.1001375191408442E-06  -1.2942358296186285E-07   2.2643709182739258E+00  -7.1605354547500610E-01  -1.0628463029861450E+00   4.1535493731498718E-01   1.0854432582855225E+00  -1.0468343971297145E-03  -1.2634868621826172E+00   6.1182218790054321E-01   6.5132207237184048E-04
     1      479   1.3300782069563866E-02   3.5067021846771240E+00   5.8262807130813599E-01  -1.0180714726448059E-01   3.9209737442433834E-03   1.2944182381033897E-03  -1.1445688869571313E-04  -1.7584337911102921E-05   3.0297587727545761E-06  -1.2412965588737279E-07   2.2640376091003418E+00  -7.0877873897552490E-01  -1.0606380701065063E+00   4.0730577707290649E-01   1.0771837234497070E+00   2.9369967523962259E-03  -1.2501544952392578E+00   6.0434532165527344E-01   5.2323797717690468E-04
     1      480   1.3320312835276127E-02   3.4818971157073975E+00   5.9090882539749146E-01  -1.0110490024089813E-01   3.3275273162871599E-03   1.3087012339383364E-03  -9.9038647022098303E-05  -1.7558815670781769E-05   2.6224386147077894E-06  -9.4075666368098609E-08   2.2653856277465820E+00  -6.6481107473373413E-01  -1.0528404712677002E+00   3.5370910167694092E-01   1.0302950143814087E+00   3.8435991853475571E-02  -1.1607326269149780E+00   5.4266363382339478E-01   9.1121962759643793E-04
     1      481   1.3359375298023224E-02   3.4772255420684814E+00   5.9106969833374023E-01  -1.0074494779109955E-01   3.2572024501860142E-03   1.3040647609159350E-03  -9.7395895863883197E-05  -1.7458953152527101E-05   2.5830286176642403E-06  -9.1913683775146637E-08   2.2688710689544678E+00  -6.5772861242294312E-01  -1.0576852560043335E+00   3.3928599953651428E-01   1.0252230167388916E+00   5.5654454976320267E-02  -1.1367651224136353E+00   5.1746225357055664E-01   7.7015400165691972E-04
     1      482   1.3398437760770321E-02   3.5013120174407959E+00   5.8323514461517334E-01  -1.0160059481859207E-01   3.8421140052378178E-03   1.2940980959683657E-03  -1.1245529458392411E-04  -1.7548867617733777E-05   2.9779530450468883E-06  -1.2053865816596954E-07   2.2636203765869141E+00  -7.0269399881362915E-01  -1.0608255863189697E+00   3.9800921082496643E-01   1.0705111026763916E+00   1.0472264140844345E-02  -1.2347322702407837E+00   5.9248888492584229E-01   6.3789967680349946E-04
     1      483   1.3437500223517418E-02   3.5033187866210938E+00   5.8224564790725708E-01  -1.0167683660984039E-01   3.9067352190613747E-03   1.2927167117595673E-03  -1.1411699961172417E-04  -1.7554713849676773E-05   3.0216417599149281E-06  -1.2373601521176170E-07   2.2625060081481934E+00  -7.0779228210449219E-01  -1.0612027645111084E+00   4.0439340472221375E-01   1.0754728317260742E+00   5.6620496325194836E-03  -1.2453165054321289E+00   6.0037028789520264E-01   5.9761106967926025E-04
     1      484   1.3457031920552254E-02   3.5138115882873535E+00   5.7904011011123657E-01  -1.0210048407316208E-01   4.1573806665837765E-03   1.2897847918793559E-03  -1.2053109821863472E-04  -1.7613590898690745E-05   3.1890660920907976E-06  -1.3572015689078398E-07   2.2593016624450684E+00  -7.2748237848281860E-01  -1.0611351728439331E+00   4.3139350414276123E-01   1.0945768356323242E+00  -1.6943437978625298E-02  -1.2904253005981445E+00   6.3713413476943970E-01   5.6245608720928431E-04
     1      485   1.3476562686264515E-02   3.4935715198516846E+00   5.8569884300231934E-01  -1.0151281952857971E-01   3.6747739650309086E-03   1.3011130504310131E-03  -1.0797922732308507E-04  -1.7589050912647508E-05   2.8572128485393478E-06  -1.1125280963142359E-07   2.2607192993164062E+00  -6.9179236888885498E-01  -1.0556451082229614E+00   3.8710361719131470E-01   1.0571926832199097E+00   1.4217662625014782E-02  -1.2160853147506714E+00   5.8305144309997559E-01   5.6671217316761613E-04
     1      486   1.3496093451976776E-02   3.5117349624633789E+00   5.7929068803787231E-01  -1.0202635824680328E-01   4.1269413195550442E-03   1.2897839769721031E-03  -1.1975674715358764E-04  -1.7601538274902850E-05   3.1690290143160382E-06  -1.3432327250484377E-07   2.2590229511260986E+00  -7.2515630722045898E-01  -1.0610018968582153E+00   4.2802378535270691E-01   1.0918968915939331E+00  -1.4533892273902893E-02  -1.2849004268646240E+00   6.3329148292541504E-01   6.1556807486340404E-04
     1      487   1.3515625149011612E-02   3.5251791477203369E+00   5.7510316371917725E-01  -1.0253924876451492E-01   4.4478867202997208E-03   1.2853508815169334E-03  -1.2798047100659460E-04  -1.7666601706878282E-05   3.3839398838608759E-06  -1.4978134288412548E-07   2.2555935382843018E+00  -7.5019353628158569E-01  -1.0619517564773560E+00   4.6145454049110413E-01   1.1168483495712280E+00  -4.0983829647302628E-02  -1.3405396938323975E+00   6.7653858661651611E-01   5.4480979451909661E-04
     1      488   1.3554687611758709E-02   3.5230734348297119E+00   5.7479470968246460E-01  -1.0233823955059052E-01   4.4299717992544174E-03   1.2817294336855412E-03  -1.2763166159857064E-04  -1.7604688764549792E-05   3.3771259495551931E-06  -1.4973122119954496E-07   2.2574477195739746E+00  -7.4777805805206299E-01  -1.0652860403060913E+00   4.5486155152320862E-01   1.1158225536346436E+00  -3.1693413853645325E-02  -1.3295170068740845E+00   6.6305387020111084E-01   5.0011329585686326E-04
     1      489   1.3574218377470970E-02   3.5299808979034424E+00   5.7365959882736206E-01  -1.0284557938575745E-01   4.5720012858510017E-03   1.2864657910540700E-03  -1.3105011021252722E-04  -1.7737189409672283E-05   3.4617485198396025E-06  -1.5498775951527932E-07   2.2515153884887695E+00  -7.6112383604049683E-01  -1.0595149993896484E+00   4.7823628783226013E-01   1.1262284517288208E+00  -5.7283520698547363E-02  -1.3681992292404175E+00   7.0140522718429565E-01   4.9975671572610736E-04
     1      490   1.3583984225988388E-02   3.4988365173339844E+00   5.8323752880096436E-01  -1.0175076127052307E-01   3.8418991025537252E-03   1.2986335204914212E-03  -1.1223378533031791E-04  -1.7623360690777190E-05   2.9677623842871981E-06  -1.1915709308141231E-07   2.2571539878845215E+00  -7.0528703927993774E-01  -1.0557312965393066E+00   4.0476825833320618E-01   1.0698240995407104E+00  -2.4510524235665798E-04  -1.2453471422195435E+00   6.0644155740737915E-01   5.5202923249453306E-04
     1      491   1.3593750074505806E-02   3.4991912841796875E+00   5.8190250396728516E-01  -1.0151299089193344E-01   3.8830549456179142E-03   1.2907866621389985E-03  -1.1354083835612983E-04  -1.7518055756227113E-05   3.0074747883190867E-06  -1.2294397322420991E-07   2.2609388828277588E+00  -7.0612388849258423E-01  -1.0620050430297852E+00   4.0025353431701660E-01   1.0733033418655396E+00   1.0034095495939255E-02  -1.2382653951644897E+00   5.9335613250732422E-01   5.6834856513887644E-04
     1      492   1.3632812537252903E-02   3.5119502544403076E+00   5.7850694656372070E-01  -1.0217073559761047E-01   4.1780374012887478E-03   1.2912270613014698E-03  -1.2094894918845966E-04  -1.7648169887252152E-05   3.1978395327314502E-06  -1.3607090920686460E-07   2.2545220851898193E+00  -7.3070251941680908E-01  -1.0585222244262695E+00   4.3689143657684326E-01   1.0956445932388306E+00  -2.4051632732152939E-02  -1.2991491556167603E+00   6.4668327569961548E-01   6.7263667006045580E-04
     1      493   1.3652343302965164E-02   3.5741405487060547E+00   5.5857658386230469E-01  -1.0426618903875351E-01   5.6640906259417534E-03   1.2636068277060986E-03  -1.5931951929815114E-04  -1.7838186977314763E-05   4.2065157686010934E-06  -2.0952883517111331E-07   2.2441630363464355E+00  -8.4355205297470093E-01  -1.0687206983566284E+00   5.8278590440750122E-01   1.2105206251144409E+00  -1.3443677127361298E-01  -1.5431958436965942E+00   8.3200848102569580E-01   4.4318137224763632E-04
     1      494   1.3671875000000000E-02   3.5308356285095215E+00   5.7224977016448975E-01  -1.0283337533473969E-01   4.6406988985836506E-03   1.2830937048420310E-03  -1.3285795284900814E-04  -1.7715659851091914E-05   3.5101525099889841E-06  -1.5873527559051581E-07   2.2504820823669434E+00  -7.6619923114776611E-01  -1.0613616704940796E+00   4.8283696174621582E-01   1.1314604282379150E+00  -5.9021316468715668E-02  -1.3757704496383667E+00   7.0513445138931274E-01   6.1792344786226749E-04
     1      495   1.3710937462747097E-02   3.5110819339752197E+00   5.7762676477432251E-01  -1.0205315053462982E-01   4.2015169747173786E-03   1.2876144610345364E-03  -1.2162745406385511E-04  -1.7603802916710265E-05   3.2173459203477250E-06  -1.3784499230951042E-07   2.2549097537994385E+00  -7.3192185163497925E-01  -1.0613195896148682E+00   4.3545511364936829E-01   1.0976554155349731E+00  -1.9644716754555702E-02  -1.2965971231460571E+00   6.4102900028228760E-01   6.0078536625951529E-04
     1      496   1.3749999925494194E-02   3.5459623336791992E+00   5.6673943996429443E-01  -1.0335027426481247E-01   5.0346497446298599E-03   1.2750731548294425E-03  -1.4305206423159689E-04  -1.7755610315361992E-05   3.7787738165206974E-06  -1.7838557653249154E-07   2.2465262413024902E+00  -7.9626995325088501E-01  -1.0637019872665405E+00   5.2158594131469727E-01   1.1614153385162354E+00  -8.9021049439907074E-02  -1.4407500028610229E+00   7.5519514083862305E-01   5.4417061619460583E-04
     1      497   1.3769531622529030E-02   3.5242242813110352E+00   5.7269978523254395E-01  -1.0245434939861298E-01   4.5447442680597305E-03   1.2795234797522426E-03  -1.3053156726527959E-04  -1.7622118321014568E-05   3.4524193779361667E-06  -1.5516179985297640E-07   2.2525246143341064E+00  -7.5765019655227661E-01  -1.0647596120834351E+00   4.6732592582702637E-01   1.1239132881164551E+00  -4.2701300233602524E-02  -1.3500579595565796E+00   6.8059134483337402E-01   5.5855838581919670E-04
     1      498   1.3789062388241291E-02   3.5520808696746826E+00   5.6469231843948364E-01  -1.0361596941947937E-01   5.1895892247557640E-03   1.2735608033835888E-03  -1.4697997539769858E-04  -1.7797578038880602E-05   3.8805992517154664E-06  -1.8561482306722610E-07   2.2440483570098877E+00  -8.0875909328460693E-01  -1.0637371540069580E+00   5.3840732574462891E-01   1.1735382080078125E+00  -1.0260435938835144E-01  -1.4685074090957642E+00   7.7710711956024170E-01   5.6798767764121294E-04
     1      499   1.3828124850988388E-02   3.5343043804168701E+00   5.6960237026214600E-01  -1.0293887555599213E-01   4.7927359119057655E-03   1.2784542050212622E-03  -1.3678688264917582E-04  -1.7710626707412302E-05   3.6136939343123231E-06  -1.6642911759845447E-07   2.2476782798767090E+00  -7.7804583311080933E-01  -1.0633443593978882E+00   4.9621790647506714E-01   1.1431388854980469E+00  -6.7693434655666351E-02  -1.3978224992752075E+00   7.1990829706192017E-01   5.1008810987696052E-04
     1      500   1.3906249776482582E-02   3.5369455814361572E+00   5.6837242841720581E-01  -1.0310219228267670E-01   4.8822765238583088E-03   1.2779160169884562E-03  -1.3906201638747007E-04  -1.7740327166393399E-05   3.6728056329593528E-06  -1.7058678736248112E-07   2.2446615695953369E+00  -7.8554815053939819E-01  -1.0618574619293213E+00   5.0735276937484741E-01   1.1491761207580566E+00  -7.9108946025371552E-02  -1.4166414737701416E+00   7.3790276050567627E-01   5.3070805734023452E-04
     1      501   1.3984374701976776E-02   3.5059635639190674E+00   5.7718491554260254E-01  -1.0199480503797531E-01   4.1867941617965698E-03   1.2883269228041172E-03  -1.2114937999285758E-04  -1.7615349861443974E-05   3.2028592613642104E-06  -1.3661164643963275E-07   2.2495613098144531E+00  -7.3236155509948730E-01  -1.0590964555740356E+00   4.3612262606620789E-01   1.0954898595809937E+00  -2.2643398493528366E-02  -1.2973427772521973E+00   6.4433914422988892E-01   5.6847033556550741E-04
     1      502   1.4023437164723873E-02   3.5483767986297607E+00   5.6369525194168091E-01  -1.0349506884813309E-01   5.2031548693776131E-03   1.2710302835330367E-03  -1.4734653814230114E-04  -1.7768839825293981E-05   3.8908037822693586E-06  -1.8655204314654839E-07   2.2408473491668701E+00  -8.1023776531219482E-01  -1.0641391277313232E+00   5.3846329450607300E-01   1.1737447977066040E+00  -1.0244116932153702E-01  -1.4685267210006714E+00   7.7690911293029785E-01   4.6792512875981629E-04
     1      503   1.4062499627470970E-02   3.5376408100128174E+00   5.6674700975418091E-01  -1.0313501954078674E-01   4.9637560732662678E-03   1.2752338079735637E-03  -1.4114451187197119E-04  -1.7736258087097667E-05   3.7272968711477006E-06  -1.7463283086271986E-07   2.2420682907104492E+00  -7.9222851991653442E-01  -1.0628950595855713E+00   5.1449871063232422E-01   1.1554112434387207E+00  -8.3563998341560364E-02  -1.4281797409057617E+00   7.4535882472991943E-01   5.4163951426744461E-04
     1      504   1.4218749478459358E-02   3.5044050216674805E+00   5.7548952102661133E-01  -1.0192993283271790E-01   4.2496221140027046E-03   1.2845650780946016E-03  -1.2278868234716356E-04  -1.7587686670594849E-05   3.2466548418597085E-06  -1.4004118042976188E-07   2.2464706897735596E+00  -7.3748427629470825E-01  -1.0604858398437500E+00   4.4029694795608521E-01   1.0997482538223267E+00  -2.4689188227057457E-02  -1.3041223287582397E+00   6.4835584163665771E-01   4.9969065003097057E-04
     1      505   1.4374999329447746E-02   3.5258364677429199E+00   5.6743031740188599E-01  -1.0267808288335800E-01   4.8196464776992798E-03   1.2732401955872774E-03  -1.3749660865869373E-04  -1.7651444068178535E-05   3.6333312891656533E-06  -1.6825804038944625E-07   2.2402186393737793E+00  -7.8132313489913940E-01  -1.0640335083007812E+00   4.9639999866485596E-01   1.1434600353240967E+00  -6.7448295652866364E-02  -1.3977929353713989E+00   7.1955567598342896E-01   4.9978634342551231E-04
     1      506   1.4531249180436134E-02   3.5105061531066895E+00   5.7079762220382690E-01  -1.0212968289852142E-01   4.5215007849037647E-03   1.2764330022037029E-03  -1.2983061606064439E-04  -1.7580076018930413E-05   3.4326828881603433E-06  -1.5387608698347321E-07   2.2409665584564209E+00  -7.5870931148529053E-01  -1.0632222890853882E+00   4.6500429511070251E-01   1.1201230287551880E+00  -4.2185023427009583E-02  -1.3451358079910278E+00   6.7788654565811157E-01   5.7802099036052823E-04
     1      507   1.4687499031424522E-02   3.5259604454040527E+00   5.6496417522430420E-01  -1.0273734480142593E-01   4.9401763826608658E-03   1.2696667108684778E-03  -1.4057067164685577E-04  -1.7651631424087100E-05   3.7137590425118105E-06  -1.7418456366158352E-07   2.2348132133483887E+00  -7.9156088829040527E-01  -1.0642386674880981E+00   5.0827807188034058E-01   1.1518895626068115E+00  -7.7158384025096893E-02  -1.4173285961151123E+00   7.3523646593093872E-01   5.1366514526307583E-04
     1      508   1.4765623956918716E-02   3.5410368442535400E+00   5.5934393405914307E-01  -1.0320352017879486E-01   5.3327162750065327E-03   1.2605438241735101E-03  -1.5074989642016590E-04  -1.7673983165877871E-05   3.9825085877964739E-06  -1.9398196116071631E-07   2.2319557666778564E+00  -8.2118058204650879E-01  -1.0681587457656860E+00   5.4502522945404053E-01   1.1823128461837769E+00  -1.0333815962076187E-01  -1.4787108898162842E+00   7.7976965904235840E-01   5.4468301823362708E-04
     1      509   1.4843748882412910E-02   3.5309662818908691E+00   5.6232035160064697E-01  -1.0295775532722473E-01   5.1131900399923325E-03   1.2664617970585823E-03  -1.4500392717309296E-04  -1.7675758499535732E-05   3.8298812796710990E-06  -1.8261994227941614E-07   2.2309384346008301E+00  -8.0547279119491577E-01  -1.0644143819808960E+00   5.2630728483200073E-01   1.1648353338241577E+00  -9.1920383274555206E-02  -1.4473001956939697E+00   7.5905197858810425E-01   4.9363286234438419E-04
     1      510   1.4999999664723873E-02   3.5354878902435303E+00   5.5926787853240967E-01  -1.0303370654582977E-01   5.2881981246173382E-03   1.2597308959811926E-03  -1.4960463158786297E-04  -1.7646745618549176E-05   3.9527517401438672E-06  -1.9195181266695727E-07   2.2293043136596680E+00  -8.1829315423965454E-01  -1.0677437782287598E+00   5.4000455141067505E-01   1.1779960393905640E+00  -9.9938839673995972E-02  -1.4703032970428467E+00   7.7398627996444702E-01   5.3220323752611876E-04
     1      511   1.5078125521540642E-02   3.5501747131347656E+00   5.5392408370971680E-01  -1.0351470112800598E-01   5.6676245294511318E-03   1.2516243150457740E-03  -1.5942618483677506E-04  -1.7679605662124231E-05   4.2115957512578461E-06  -2.1092469637551403E-07   2.2260601520538330E+00  -8.4710621833801270E-01  -1.0707323551177979E+00   5.7650411128997803E-01   1.2071554660797119E+00  -1.2711630761623383E-01  -1.5313633680343628E+00   8.1976723670959473E-01   5.6010240223258734E-04
     1      512   1.5117187984287739E-02   3.5509729385375977E+00   5.5379569530487061E-01  -1.0363892465829849E-01   5.6895087473094463E-03   1.2536864960566163E-03  -1.5988474478945136E-04  -1.7722359189065173E-05   4.2213164306303952E-06  -2.1129096694494365E-07   2.2239146232604980E+00  -8.4977942705154419E-01  -1.0688343048095703E+00   5.8162176609039307E-01   1.2088391780853271E+00  -1.3310857117176056E-01  -1.5395613908767700E+00   8.2822579145431519E-01   5.1518384134396911E-04
     1      513   1.5156250447034836E-02   3.5131151676177979E+00   5.6458508968353271E-01  -1.0216099768877029E-01   4.8277257010340691E-03   1.2636139290407300E-03  -1.3783051690552384E-04  -1.7518173990538344E-05   3.6458977774600498E-06  -1.7012960995543835E-07   2.2327740192413330E+00  -7.8250008821487427E-01  -1.0678557157516479E+00   4.8974674940109253E-01   1.1421750783920288E+00  -5.8151040226221085E-02  -1.3863173723220825E+00   7.0606482028961182E-01   5.0517637282609940E-04
     1      514   1.5234375372529030E-02   3.5133612155914307E+00   5.6401437520980835E-01  -1.0219553112983704E-01   4.8582004383206367E-03   1.2631559511646628E-03  -1.3858691090717912E-04  -1.7524684153613634E-05   3.6653459574154112E-06  -1.7151661779735150E-07   2.2313344478607178E+00  -7.8527486324310303E-01  -1.0677927732467651E+00   4.9314934015274048E-01   1.1446019411087036E+00  -6.0744915157556534E-02  -1.3917222023010254E+00   7.0996266603469849E-01   5.3102098172530532E-04
     1      515   1.5253907069563866E-02   3.5117707252502441E+00   5.6459283828735352E-01  -1.0219188034534454E-01   4.8226290382444859E-03   1.2649907730519772E-03  -1.3763243623543531E-04  -1.7538901374791749E-05   3.6393994378158823E-06  -1.6947730330230115E-07   2.2304606437683105E+00  -7.8297698497772217E-01  -1.0661385059356689E+00   4.9138054251670837E-01   1.1414405107498169E+00  -6.1311326920986176E-02  -1.3888673782348633E+00   7.1004462242126465E-01   5.0665449816733599E-04
     1      516   1.5273437835276127E-02   3.5098409652709961E+00   5.6496852636337280E-01  -1.0210839658975601E-01   4.7846464440226555E-03   1.2651480501517653E-03  -1.3664610742125660E-04  -1.7526632291264832E-05   3.6133494631940266E-06  -1.6761907772888662E-07   2.2309424877166748E+00  -7.8010523319244385E-01  -1.0668081045150757E+00   4.8668801784515381E-01   1.1390399932861328E+00  -5.6120116263628006E-02  -1.3806685209274292E+00   7.0155107975006104E-01   5.3184927674010396E-04
     1      517   1.5312500298023224E-02   3.4924573898315430E+00   5.7034194469451904E-01  -1.0155823081731796E-01   4.3829046189785004E-03   1.2731453170999885E-03  -1.2625705858226866E-04  -1.7484202544437721E-05   3.3398823688912671E-06  -1.4762919420263643E-07   2.2325823307037354E+00  -7.4984693527221680E-01  -1.0629404783248901E+00   4.4831639528274536E-01   1.1072663068771362E+00  -2.8951188549399376E-02  -1.3167246580123901E+00   6.5567433834075928E-01   5.7629885850474238E-04
     1      518   1.5625000000000000E-02   3.5310103893280029E+00   5.5553138256072998E-01  -1.0280930995941162E-01   5.4136924445629120E-03   1.2501574819907546E-03  -1.5294479089789093E-04  -1.7560087144374847E-05   4.0434715629089624E-06  -1.9929284178488160E-07   2.2230818271636963E+00  -8.2815295457839966E-01  -1.0715644359588623E+00   5.4655265808105469E-01   1.1862978935241699E+00  -1.0151501744985580E-01  -1.4810357093811035E+00   7.7818608283996582E-01   5.6944083189591765E-04
     1      519   1.5781249850988388E-02   3.4974346160888672E+00   5.6470185518264771E-01  -1.0160406678915024E-01   4.6774777583777905E-03   1.2604944640770555E-03  -1.3400487659964710E-04  -1.7416878108633682E-05   3.5472498893796001E-06  -1.6351270915038185E-07   2.2278175354003906E+00  -7.7182847261428833E-01  -1.0687342882156372E+00   4.7075667977333069E-01   1.1291375160217285E+00  -4.1600354015827179E-02  -1.3542345762252808E+00   6.7912691831588745E-01   4.8682367196306586E-04
     1      520   1.5937499701976776E-02   3.5005607604980469E+00   5.6279581785202026E-01  -1.0175592452287674E-01   4.7992533072829247E-03   1.2582789640873671E-03  -1.3712250802200288E-04  -1.7435748304706067E-05   3.6286896829551551E-06  -1.6939264924076269E-07   2.2246038913726807E+00  -7.8166556358337402E-01  -1.0685113668441772E+00   4.8365971446037292E-01   1.1378843784332275E+00  -5.2834562957286835E-02  -1.3758150339126587E+00   6.9731014966964722E-01   5.9670326299965382E-04
     1      521   1.6249999403953552E-02   3.5643389225006104E+00   5.4034811258316040E-01  -1.0389740765094757E-01   6.4166835509240627E-03   1.2256902409717441E-03  -1.7893326003104448E-04  -1.7605310858925804E-05   4.7293819989135955E-06  -2.4985234858831973E-07   2.2105951309204102E+00  -9.0481388568878174E-01  -1.0798989534378052E+00   6.4123904705047607E-01   1.2621171474456787E+00  -1.7192240059375763E-01  -1.6394668817520142E+00   8.9716148376464844E-01   4.9550319090485573E-04
     1      522   1.6874998807907104E-02   3.4347829818725586E+00   5.7584142684936523E-01  -9.9204674363136292E-02   3.5674606915563345E-03   1.2648446718230844E-03  -1.0567814024398103E-04  -1.7036853023455478E-05   2.8110437142458977E-06  -1.1167311697590776E-07   2.2299897670745850E+00  -6.8632894754409790E-01  -1.0696612596511841E+00   3.4686821699142456E-01   1.0409610271453857E+00   6.1513941735029221E-02  -1.1472327709197998E+00   5.1145106554031372E-01   4.9616250908002257E-04
     1      523   1.7500000074505806E-02   3.3745908737182617E+00   5.9241628646850586E-01  -9.7467154264450073E-02   2.2828406654298306E-03   1.2925912160426378E-03  -7.2243507020175457E-05  -1.6943180526141077E-05   1.9267095012764912E-06  -4.6594124114562874E-08   2.2286193370819092E+00  -5.9221744537353516E-01  -1.0548845529556274E+00   2.2777095437049866E-01   9.3978410959243774E-01   1.4451889693737030E-01  -9.4724655151367188E-01   3.6794412136077881E-01   4.2545591713860631E-04
     1      524   1.8750000745058060E-02   3.4557323455810547E+00   5.6164354085922241E-01  -1.0061240196228027E-01   4.4843130744993687E-03   1.2556890724226832E-03  -1.2878092820756137E-04  -1.7298576494795270E-05   3.4076099382218672E-06  -1.5376633655250771E-07   2.1969943046569824E+00  -7.6453429460525513E-01  -1.0610587596893311E+00   4.5412793755531311E-01   1.1069548130035400E+00  -3.7384010851383209E-02  -1.3249406814575195E+00   6.6647452116012573E-01   1.1027914297301322E-04
     1      525   1.9999999552965164E-02   3.4467434883117676E+00   5.5873787403106689E-01  -1.0037221759557724E-01   4.5434096828103065E-03   1.2498752912506461E-03  -1.3027631212025881E-04  -1.7246247807634063E-05   3.4470704122213647E-06  -1.5698581989909144E-07   2.1872804164886475E+00  -7.7090191841125488E-01  -1.0615447759628296E+00   4.5795452594757080E-01   1.1097298860549927E+00  -3.9997700601816177E-02  -1.3306468725204468E+00   6.7012572288513184E-01   6.9593363150488585E-05
     1      526   2.1324999630451202E-02   3.4375524520874023E+00   5.5633771419525146E-01  -1.0013246536254883E-01   4.5780315995216370E-03   1.2451671063899994E-03  -1.3112963642925024E-04  -1.7200252841576003E-05   3.4693384804995731E-06  -1.5888446114331600E-07   2.1781795024871826E+00  -7.7535879611968994E-01  -1.0615653991699219E+00   4.5985850691795349E-01   1.1106085777282715E+00  -4.1639491915702820E-02  -1.3332306146621704E+00   6.7211121320724487E-01   7.9247154644690454E-05
     1      527   2.2649999707937241E-02   3.4199674129486084E+00   5.5732059478759766E-01  -9.9621199071407318E-02   4.3812384828925133E-03   1.2456864351406693E-03  -1.2600247282534838E-04  -1.7136695532826707E-05   3.3343396808049874E-06  -1.4926315827779035E-07   2.1713180541992188E+00  -7.6224744319915771E-01  -1.0595036745071411E+00   4.3996888399124146E-01   1.0937893390655518E+00  -2.7361596003174782E-02  -1.2993829250335693E+00   6.4711344242095947E-01   5.7666173233883455E-05
     1      528   2.3974999785423279E-02   3.4138214588165283E+00   5.5515593290328979E-01  -9.9480777978897095E-02   4.4325920753180981E-03   1.2417931575328112E-03  -1.2729651643894613E-04  -1.7106533050537109E-05   3.3683763831504621E-06  -1.5195664104794560E-07   2.1637494564056396E+00  -7.6770031452178955E-01  -1.0592782497406006E+00   4.4438368082046509E-01   1.0962837934494019E+00  -3.1384009867906570E-02  -1.3063222169876099E+00   6.5298610925674438E-01   5.6857894378481433E-05
     1      529   2.5299999862909317E-02   3.4057750701904297E+00   5.5400073528289795E-01  -9.9264748394489288E-02   4.4186119921505451E-03   1.2393308570608497E-03  -1.2690466246567667E-04  -1.7070984540623613E-05   3.3579792670934694E-06  -1.5138884634779970E-07   2.1574933528900146E+00  -7.6798158884048462E-01  -1.0588487386703491E+00   4.4220259785652161E-01   1.0939080715179443E+00  -3.0109319835901260E-02  -1.3022576570510864E+00   6.5019422769546509E-01   5.7469918829156086E-05
     1      530   2.6844000443816185E-02   3.3974454402923584E+00   5.5281740427017212E-01  -9.9047273397445679E-02   4.4041029177606106E-03   1.2368895113468170E-03  -1.2649715063162148E-04  -1.7035097698681056E-05   3.3472781524324091E-06  -1.5081059245858341E-07   2.1508679389953613E+00  -7.6836931705474854E-01  -1.0582650899887085E+00   4.4017773866653442E-01   1.0914676189422607E+00  -2.9117057099938393E-02  -1.2984145879745483E+00   6.4775341749191284E-01   5.7036741054616868E-05
     1      531   2.8387000784277916E-02   3.3902788162231445E+00   5.5168193578720093E-01  -9.8862320184707642E-02   4.3972204439342022E-03   1.2346578296273947E-03  -1.2628494005184621E-04  -1.7005779227474704E-05   3.3414219160476932E-06  -1.5052754065436602E-07   2.1449501514434814E+00  -7.6915371417999268E-01  -1.0578206777572632E+00   4.3889945745468140E-01   1.0897356271743774E+00  -2.8615402057766914E-02  -1.2958849668502808E+00   6.4625060558319092E-01   5.6775515986373648E-05
     1      532   2.9930999502539635E-02   3.3838458061218262E+00   5.5069684982299805E-01  -9.8702497780323029E-02   4.3900897726416588E-03   1.2328375596553087E-03  -1.2606495874933898E-04  -1.6981593944365159E-05   3.3353378512401832E-06  -1.5020302157608967E-07   2.1395246982574463E+00  -7.6987820863723755E-01  -1.0572786331176758E+00   4.3790507316589355E-01   1.0881625413894653E+00  -2.8377458453178406E-02  -1.2938108444213867E+00   6.4514696598052979E-01   5.6496930483262986E-05
     1      533   3.1475000083446503E-02   3.3781175613403320E+00   5.4974198341369629E-01  -9.8550386726856232E-02   4.3867807835340500E-03   1.2308134464547038E-03  -1.2596380838658661E-04  -1.6954927559709176E-05   3.3327626169921132E-06  -1.5016722443306207E-07   2.1347467899322510E+00  -7.7065902948379517E-01  -1.0569612979888916E+00   4.3704396486282349E-01   1.0869266986846924E+00  -2.8085300698876381E-02  -1.2920728921890259E+00   6.4414721727371216E-01   5.6598033552290872E-05
     1      534   3.4563001245260239E-02   3.3681924343109131E+00   5.4812335968017578E-01  -9.8297178745269775E-02   4.3800035491585732E-03   1.2276597553864121E-03  -1.2574210995808244E-04  -1.6913974832277745E-05   3.3266912851104280E-06  -1.4994716934779717E-07   2.1263446807861328E+00  -7.7201819419860840E-01  -1.0562449693679810E+00   4.3570208549499512E-01   1.0847388505935669E+00  -2.7814716100692749E-02  -1.2892489433288574E+00   6.4268624782562256E-01   5.7069282775046304E-05
     1      535   3.7650000303983688E-02   3.3595771789550781E+00   5.4685741662979126E-01  -9.8074935376644135E-02   4.3671741150319576E-03   1.2251529842615128E-03  -1.2537119619082659E-04  -1.6879172108019702E-05   3.3166529647132847E-06  -1.4938524373064865E-07   2.1193926334381104E+00  -7.7257323265075684E-01  -1.0555998086929321E+00   4.3383163213729858E-01   1.0823161602020264E+00  -2.7044164016842842E-02  -1.2856602668762207E+00   6.4056223630905151E-01   5.6437358580296859E-05
     1      536   4.0738001465797424E-02   3.3525421619415283E+00   5.4567486047744751E-01  -9.7892045974731445E-02   4.3635531328618526E-03   1.2227603001520038E-03  -1.2524941121228039E-04  -1.6847672668518499E-05   3.3134961086034309E-06  -1.4934401804111985E-07   2.1134791374206543E+00  -7.7355879545211792E-01  -1.0551367998123169E+00   4.3288981914520264E-01   1.0808136463165283E+00  -2.6841273531317711E-02  -1.2837103605270386E+00   6.3953566551208496E-01   5.7345940149389207E-05
     1      537   4.3825000524520874E-02   3.3464815616607666E+00   5.4468274116516113E-01  -9.7739189863204956E-02   4.3595568276941776E-03   1.2208963744342327E-03  -1.2511313252616674E-04  -1.6824313206598163E-05   3.3095616345235612E-06  -1.4916369650563865E-07   2.1083457469940186E+00  -7.7438318729400635E-01  -1.0546790361404419E+00   4.3208900094032288E-01   1.0794736146926880E+00  -2.6703389361500740E-02  -1.2820081710815430E+00   6.3868343830108643E-01   5.6865275837481022E-05
     1      538   4.6913001686334610E-02   3.3411202430725098E+00   5.4384601116180420E-01  -9.7601465880870819E-02   4.3539158068597317E-03   1.2192419962957501E-03  -1.2494293332565576E-04  -1.6801805031718686E-05   3.3050159800041001E-06  -1.4895886124577373E-07   2.1039140224456787E+00  -7.7492755651473999E-01  -1.0542776584625244E+00   4.3116813898086548E-01   1.0781471729278564E+00  -2.6401903480291367E-02  -1.2801624536514282E+00   6.3763397932052612E-01   5.6471373682143167E-05
     1      539   5.0000000745058060E-02   3.3366401195526123E+00   5.4303377866744995E-01  -9.7485087811946869E-02   4.3545472435653210E-03   1.2175762094557285E-03  -1.2494620750658214E-04  -1.6780946680228226E-05   3.3052040180336917E-06  -1.4909532808360382E-07   2.1000132560729980E+00  -7.7580612897872925E-01  -1.0539808273315430E+00   4.3087244033813477E-01   1.0774042606353760E+00  -2.6518858969211578E-02  -1.2794160842895508E+00   6.3737350702285767E-01   5.6554021284682676E-05
     1      540   5.3125001490116119E-02   3.3322014808654785E+00   5.4243433475494385E-01  -9.7365662455558777E-02   4.3450901284813881E-03   1.2162864441052079E-03  -1.2468523345887661E-04  -1.6761630831751972E-05   3.2982811717374716E-06  -1.4869198139422224E-07   2.0966386795043945E+00  -7.7579146623611450E-01  -1.0536956787109375E+00   4.2952069640159607E-01   1.0759282112121582E+00  -2.5776987895369530E-02  -1.2769565582275391E+00   6.3576424121856689E-01   5.5838398111518472E-05
     1      541   5.6249998509883881E-02   3.3286690711975098E+00   5.4177606105804443E-01  -9.7272932529449463E-02   4.3462379835546017E-03   1.2149338144809008E-03  -1.2470310321077704E-04  -1.6744877939345315E-05   3.2988132261380088E-06  -1.4883453047787043E-07   2.0935716629028320E+00  -7.7652227878570557E-01  -1.0535162687301636E+00   4.2927253246307373E-01   1.0753754377365112E+00  -2.5826366618275642E-02  -1.2763605117797852E+00   6.3552606105804443E-01   5.7086726883426309E-05
     1      542   5.9374999254941940E-02   3.3255136013031006E+00   5.4119062423706055E-01  -9.7191199660301208E-02   4.3472643010318279E-03   1.2137523153796792E-03  -1.2471913942135870E-04  -1.6730618881410919E-05   3.2992290925903944E-06  -1.4894060029746470E-07   2.0908069610595703E+00  -7.7719229459762573E-01  -1.0533354282379150E+00   4.2908814549446106E-01   1.0748920440673828E+00  -2.5909073650836945E-02  -1.2758769989013672E+00   6.3536357879638672E-01   5.5667500419076532E-05
     1      543   6.2500000000000000E-02   3.3222701549530029E+00   5.4083234071731567E-01  -9.7111754119396210E-02   4.3373815715312958E-03   1.2131369439885020E-03  -1.2444243475329131E-04  -1.6720337953302078E-05   3.2916912005021004E-06  -1.4843388385088474E-07   2.0882749557495117E+00  -7.7707576751708984E-01  -1.0529808998107910E+00   4.2808783054351807E-01   1.0736771821975708E+00  -2.5431737303733826E-02  -1.2739852666854858E+00   6.3418358564376831E-01   5.6608743761898950E-05
     1      544   6.8750001490116119E-02   3.3171980381011963E+00   5.3998351097106934E-01  -9.6981294453144073E-02   4.3346951715648174E-03   1.2114571873098612E-03  -1.2435097596608102E-04  -1.6698688341421075E-05   3.2892075978452340E-06  -1.4836749073765532E-07   2.0839829444885254E+00  -7.7782148122787476E-01  -1.0526639223098755E+00   4.2741447687149048E-01   1.0726133584976196E+00  -2.5263829156756401E-02  -1.2725691795349121E+00   6.3342577219009399E-01   5.5018448620103300E-05
     1      545   7.5000002980232239E-02   3.3129014968872070E+00   5.3929460048675537E-01  -9.6871905028820038E-02   4.3310779146850109E-03   1.2101148022338748E-03  -1.2423694715835154E-04  -1.6680580301908776E-05   3.2861871659406461E-06  -1.4825445759925060E-07   2.0803835391998291E+00  -7.7832812070846558E-01  -1.0523165464401245E+00   4.2678707838058472E-01   1.0715953111648560E+00  -2.5155875831842422E-02  -1.2712839841842651E+00   6.3278949260711670E-01   5.5985256040003151E-05
     1      546   8.1249997019767761E-02   3.3092362880706787E+00   5.3870666027069092E-01  -9.6776150166988373E-02   4.3279351666569710E-03   1.2089374940842390E-03  -1.2414035154506564E-04  -1.6665662769810297E-05   3.2834504963830113E-06  -1.4811629966970941E-07   2.0773696899414062E+00  -7.7871453762054443E-01  -1.0520646572113037E+00   4.2616057395935059E-01   1.0707086324691772E+00  -2.4945098906755447E-02  -1.2700400352478027E+00   6.3209342956542969E-01   5.5752330808900297E-05
     1      547   8.7499998509883881E-02   3.3059473037719727E+00   5.3828799724578857E-01  -9.6698038280010223E-02   4.3204296380281448E-03   1.2083005858585238E-03  -1.2391743075568229E-04  -1.6656538718962111E-05   3.2771463338576723E-06  -1.4768401968012768E-07   2.0747065544128418E+00  -7.7878570556640625E-01  -1.0517104864120483E+00   4.2536854743957520E-01   1.0696396827697754E+00  -2.4634206667542458E-02  -1.2684841156005859E+00   6.3117170333862305E-01   5.5806482123443857E-05
     1      548   9.3750000000000000E-02   3.3036093711853027E+00   5.3770822286605835E-01  -9.6634402871131897E-02   4.3277237564325333E-03   1.2070551747456193E-03  -1.2410289491526783E-04  -1.6642356058582664E-05   3.2823143101268215E-06  -1.4817192095506471E-07   2.0724699497222900E+00  -7.7977406978607178E-01  -1.0516866445541382E+00   4.2572346329689026E-01   1.0697370767593384E+00  -2.4999519810080528E-02  -1.2689511775970459E+00   6.3160496950149536E-01   5.7048298913286999E-05
     1      549   1.0000000149011612E-01   3.3009681701660156E+00   5.3742074966430664E-01  -9.6565894782543182E-02   4.3191993609070778E-03   1.2064614566043019E-03  -1.2387236347422004E-04  -1.6632360711810179E-05   3.2761588499852223E-06  -1.4776469470234588E-07   2.0705032348632812E+00  -7.7956932783126831E-01  -1.0514143705368042E+00   4.2478573322296143E-01   1.0686706304550171E+00  -2.4526363238692284E-02  -1.2672454118728638E+00   6.3053143024444580E-01   5.6493496231269091E-05
     1      550   1.0625000298023224E-01   3.2988665103912354E+00   5.3710842132568359E-01  -9.6516460180282593E-02   4.3166223913431168E-03   1.2059574946761131E-03  -1.2379013060126454E-04  -1.6626021533738822E-05   3.2737696074036648E-06  -1.4761099009774625E-07   2.0686972141265869E+00  -7.7980291843414307E-01  -1.0511790513992310E+00   4.2451336979866028E-01   1.0681393146514893E+00  -2.4535749107599258E-02  -1.2666391134262085E+00   6.3027942180633545E-01   5.6034463341347873E-05
     1      551   1.1249999701976776E-01   3.2969858646392822E+00   5.3679704666137695E-01  -9.6464604139328003E-02   4.3151420541107655E-03   1.2052753008902073E-03  -1.2374520883895457E-04  -1.6616570064797997E-05   3.2726566132623702E-06  -1.4759154964849586E-07   2.0672075748443604E+00  -7.7996957302093506E-01  -1.0510981082916260E+00   4.2411670088768005E-01   1.0676746368408203E+00  -2.4339888244867325E-02  -1.2659029960632324E+00   6.2981009483337402E-01   5.6465971283614635E-05
     1      552   1.1874999850988388E-01   3.2955427169799805E+00   5.3644502162933350E-01  -9.6424482762813568E-02   4.3194149620831013E-03   1.2044837931171060E-03  -1.2385820446070284E-04  -1.6607797078904696E-05   3.2757809549366357E-06  -1.4787667623750167E-07   2.0658388137817383E+00  -7.8055971860885620E-01  -1.0510841608047485E+00   4.2431062459945679E-01   1.0677133798599243E+00  -2.4554889649152756E-02  -1.2661591768264771E+00   6.3005971908569336E-01   5.6595497881062329E-05
     1      553   1.2500000000000000E-01   3.2940714359283447E+00   5.3618854284286499E-01  -9.6383735537528992E-02   4.3189050629734993E-03   1.2038835557177663E-03  -1.2384488945826888E-04  -1.6599307855358347E-05   3.2756358905317029E-06  -1.4792767899507453E-07   2.0646235942840576E+00  -7.8077608346939087E-01  -1.0510287284851074E+00   4.2408654093742371E-01   1.0674154758453369E+00  -2.4466728791594505E-02  -1.2657220363616943E+00   6.2980699539184570E-01   5.5824810260673985E-05
     1      554   1.3750000298023224E-01   3.2913348674774170E+00   5.3583413362503052E-01  -9.6314527094364166E-02   4.3127620592713356E-03   1.2032361701130867E-03  -1.2366862210910767E-04  -1.6589983715675771E-05   3.2707382615626557E-06  -1.4760739475150331E-07   2.0624697208404541E+00  -7.8080576658248901E-01  -1.0507985353469849E+00   4.2333635687828064E-01   1.0665217638015747E+00  -2.4088013917207718E-02  -1.2642978429794312E+00   6.2889415025711060E-01   5.6767901696730405E-05
     1      555   1.5000000596046448E-01   3.2891752719879150E+00   5.3548222780227661E-01  -9.6258871257305145E-02   4.3111834675073624E-03   1.2025356991216540E-03  -1.2361837434582412E-04  -1.6580615920247510E-05   3.2694199489924358E-06  -1.4756530219983688E-07   2.0606653690338135E+00  -7.8106379508972168E-01  -1.0506244897842407E+00   4.2303341627120972E-01   1.0660250186920166E+00  -2.4034556001424789E-02  -1.2636693716049194E+00   6.2857651710510254E-01   5.7006851420737803E-05
     1      556   1.6249999403953552E-01   3.2873888015747070E+00   5.3517729043960571E-01  -9.6214197576045990E-02   4.3105869553983212E-03   1.2019583955407143E-03  -1.2359458196442574E-04  -1.6573483662796207E-05   3.2687312341295183E-06  -1.4754849075870879E-07   2.0591216087341309E+00  -7.8135859966278076E-01  -1.0504833459854126E+00   4.2286545038223267E-01   1.0656689405441284E+00  -2.4062022566795349E-02  -1.2632827758789062E+00   6.2843614816665649E-01   5.5542430345667526E-05
     1      557   1.7499999701976776E-01   3.2856647968292236E+00   5.3500002622604370E-01  -9.6175372600555420E-02   4.3048504739999771E-03   1.2017781846225262E-03  -1.2342559057287872E-04  -1.6570591469644569E-05   3.2638890843372792E-06  -1.4718671081936918E-07   2.0577628612518311E+00  -7.8126490116119385E-01  -1.0502488613128662E+00   4.2233955860137939E-01   1.0649908781051636E+00  -2.3831577971577644E-02  -1.2622627019882202E+00   6.2781095504760742E-01   5.7169461797457188E-05
     1      558   1.8750000000000000E-01   3.2844104766845703E+00   5.3473508358001709E-01  -9.6141412854194641E-02   4.3065929785370827E-03   1.2012207880616188E-03  -1.2346726725809276E-04  -1.6564174075028859E-05   3.2650057164573809E-06  -1.4730679254171264E-07   2.0566523075103760E+00  -7.8161025047302246E-01  -1.0502178668975830E+00   4.2232659459114075E-01   1.0648798942565918E+00  -2.3883529007434845E-02  -1.2621824741363525E+00   6.2780129909515381E-01   5.6794378906488419E-05
     1      559   2.0000000298023224E-01   3.2831399440765381E+00   5.3457403182983398E-01  -9.6107989549636841E-02   4.3035568669438362E-03   1.2008468620479107E-03  -1.2338858505245298E-04  -1.6558069546590559E-05   3.2630541682010517E-06  -1.4720164642767486E-07   2.0556569099426270E+00  -7.8160810470581055E-01  -1.0500893592834473E+00   4.2198768258094788E-01   1.0644433498382568E+00  -2.3757345974445343E-02  -1.2615534067153931E+00   6.2746065855026245E-01   5.5715623602736741E-05
     1      560   2.1875000000000000E-01   3.2816839218139648E+00   5.3428918123245239E-01  -9.6067205071449280E-02   4.3045482598245144E-03   1.2001809664070606E-03  -1.2341488036327064E-04  -1.6549236534046941E-05   3.2639684377500089E-06  -1.4733683428858058E-07   2.0544066429138184E+00  -7.8192615509033203E-01  -1.0500335693359375E+00   4.2190313339233398E-01   1.0642510652542114E+00  -2.3772334679961205E-02  -1.2613456249237061E+00   6.2736064195632935E-01   5.6042648793663830E-05
     1      561   2.3749999701976776E-01   3.2803432941436768E+00   5.3407788276672363E-01  -9.6028178930282593E-02   4.3030357919633389E-03   1.1996311368420720E-03  -1.2337922817096114E-04  -1.6541298464289866E-05   3.2632078728056513E-06  -1.4733231523678114E-07   2.0533738136291504E+00  -7.8199189901351929E-01  -1.0499562025070190E+00   4.2158746719360352E-01   1.0638746023178101E+00  -2.3638879880309105E-02  -1.2607816457748413E+00   6.2703496217727661E-01   5.5765980505384505E-05
     1      562   2.5624999403953552E-01   3.2792382240295410E+00   5.3394371271133423E-01  -9.6010819077491760E-02   4.3006232008337975E-03   1.1997036635875702E-03  -1.2328685261309147E-04  -1.6543348465347663E-05   3.2601610655547120E-06  -1.4706954232224234E-07   2.0523498058319092E+00  -7.8212022781372070E-01  -1.0497756004333496E+00   4.2147532105445862E-01   1.0635831356048584E+00  -2.3644998669624329E-02  -1.2604323625564575E+00   6.2684655189514160E-01   5.7588080380810425E-05
     1      563   2.7500000596046448E-01   3.2781689167022705E+00   5.3381288051605225E-01  -9.5978617668151855E-02   4.2976248078048229E-03   1.1992894578725100E-03  -1.2321595568209887E-04  -1.6536234397790395E-05   3.2585587632638635E-06  -1.4700573558457108E-07   2.0515952110290527E+00  -7.8203195333480835E-01  -1.0497006177902222E+00   4.2107176780700684E-01   1.0631636381149292E+00  -2.3427564650774002E-02  -1.2597346305847168E+00   6.2640506029129028E-01   5.6503711675759405E-05
     1      564   2.9374998807907104E-01   3.2773468494415283E+00   5.3367644548416138E-01  -9.5958530902862549E-02   4.2971661314368248E-03   1.1990682687610388E-03  -1.2319681991357356E-04  -1.6533962480025366E-05   3.2578875561739551E-06  -1.4695650918383762E-07   2.0508992671966553E+00  -7.8214240074157715E-01  -1.0496371984481812E+00   4.2096248269081116E-01   1.0629800558090210E+00  -2.3409213870763779E-02  -1.2595022916793823E+00   6.2628489732742310E-01   5.6318411225220188E-05
     1      565   3.1250000000000000E-01   3.2766630649566650E+00   5.3354579210281372E-01  -9.5941990613937378E-02   4.2976159602403641E-03   1.1988338083028793E-03  -1.2320409587118775E-04  -1.6531212168047205E-05   3.2580649076408008E-06  -1.4698477457386616E-07   2.0502705574035645E+00  -7.8232413530349731E-01  -1.0495893955230713E+00   4.2097419500350952E-01   1.0629142522811890E+00  -2.3448972031474113E-02  -1.2594577074050903E+00   6.2627816200256348E-01   5.6832865084288642E-05
     1      566   3.3125001192092896E-01   3.2761535644531250E+00   5.3337436914443970E-01  -9.5925174653530121E-02   4.3011587113142014E-03   1.1983980657532811E-03  -1.2330105528235435E-04  -1.6526668332517147E-05   3.2607490538794082E-06  -1.4721240404469427E-07   2.0497660636901855E+00  -7.8264486789703369E-01  -1.0496225357055664E+00   4.2115056514739990E-01   1.0630269050598145E+00  -2.3620137944817543E-02  -1.2597669363021851E+00   6.2655156850814819E-01   5.5741940741427243E-05
     1      567   3.4999999403953552E-01   3.2754211425781250E+00   5.3333604335784912E-01  -9.5906689763069153E-02   4.2968266643583775E-03   1.1983541771769524E-03  -1.2318108929321170E-04  -1.6524927559657954E-05   3.2574650958849816E-06  -1.4697818073727831E-07   2.0492994785308838E+00  -7.8243041038513184E-01  -1.0495458841323853E+00   4.2069870233535767E-01   1.0625983476638794E+00  -2.3322466760873795E-02  -1.2589682340621948E+00   6.2598520517349243E-01   5.7256384025095031E-05
     1      568   3.8749998807907104E-01   3.2745614051818848E+00   5.3314363956451416E-01  -9.5888637006282806E-02   4.2987205088138580E-03   1.1980980634689331E-03  -1.2321727990638465E-04  -1.6522859368706122E-05   3.2582504445599625E-06  -1.4704122008879494E-07   2.0484359264373779E+00  -7.8278082609176636E-01  -1.0494877099990845E+00   4.2084506154060364E-01   1.0626043081283569E+00  -2.3484073579311371E-02  -1.2591274976730347E+00   6.2614959478378296E-01   5.7274646678706631E-05
     1      569   4.2500001192092896E-01   3.2737815380096436E+00   5.3297448158264160E-01  -9.5862463116645813E-02   4.2997756972908974E-03   1.1975879315286875E-03  -1.2325434363447130E-04  -1.6516154573764652E-05   3.2594712138234172E-06  -1.4717625163029879E-07   2.0478200912475586E+00  -7.8293609619140625E-01  -1.0495028495788574E+00   4.2075482010841370E-01   1.0625075101852417E+00  -2.3441692814230919E-02  -1.2589768171310425E+00   6.2605220079421997E-01   5.5784716096241027E-05
     1      570   4.6250000596046448E-01   3.2730631828308105E+00   5.3290861845016479E-01  -9.5847427845001221E-02   4.2972490191459656E-03   1.1975078377872705E-03  -1.2318385415710509E-04  -1.6514100934728049E-05   3.2576419926044764E-06  -1.4705958051308698E-07   2.0471928119659424E+00  -7.8295409679412842E-01  -1.0493825674057007E+00   4.2061060667037964E-01   1.0622572898864746E+00  -2.3414706811308861E-02  -1.2586541175842285E+00   6.2589085102081299E-01   5.6198150559794158E-05
     1      571   5.0000000000000000E-01   3.2724072933197021E+00   5.3281182050704956E-01  -9.5827609300613403E-02   4.2959540151059628E-03   1.1972466018050909E-03  -1.2315095227677375E-04  -1.6509911802131683E-05   3.2568839287705487E-06  -1.4703702788665396E-07   2.0467529296875000E+00  -7.8288942575454712E-01  -1.0493311882019043E+00   4.2037561535835266E-01   1.0620065927505493E+00  -2.3300966247916222E-02  -1.2582616806030273E+00   6.2564152479171753E-01   5.5807475291658193E-05
     1      572   5.3125000000000000E-01   3.2720320224761963E+00   5.3275281190872192E-01  -9.5819942653179169E-02   4.2958897538483143E-03   1.1971831554546952E-03  -1.2314517516642809E-04  -1.6509791748831049E-05   3.2565783385507530E-06  -1.4700160022584896E-07   2.0463771820068359E+00  -7.8300195932388306E-01  -1.0492951869964600E+00   4.2038446664810181E-01   1.0619492530822754E+00  -2.3351803421974182E-02  -1.2582416534423828E+00   6.2568235397338867E-01   5.5714051995892078E-05
     1      573   5.6250000000000000E-01   3.2716071605682373E+00   5.3272920846939087E-01  -9.5812387764453888E-02   4.2937053367495537E-03   1.1972470674663782E-03  -1.2307899305596948E-04  -1.6511014109710231E-05   3.2545278827456059E-06  -1.4682333926430147E-07   2.0460395812988281E+00  -7.8294336795806885E-01  -1.0492235422134399E+00   4.2021036148071289E-01   1.0617343187332153E+00  -2.3268660530447960E-02  -1.2579064369201660E+00   6.2547475099563599E-01   5.5820961279096082E-05
     1      574   6.2500000000000000E-01   3.2707993984222412E+00   5.3264933824539185E-01  -9.5790229737758636E-02   4.2905253358185291E-03   1.1970329796895385E-03  -1.2299700756557286E-04  -1.6506603060406633E-05   3.2525215374334948E-06  -1.4671093140350422E-07   2.0454936027526855E+00  -7.8278225660324097E-01  -1.0490928888320923E+00   4.1988888382911682E-01   1.0613524913787842E+00  -2.3123662918806076E-02  -1.2573282718658447E+00   6.2512421607971191E-01   5.6235254305647686E-05
     1      575   6.8750000000000000E-01   3.2705011367797852E+00   5.3247916698455811E-01  -9.5779195427894592E-02   4.2957705445587635E-03   1.1966072488576174E-03  -1.2313734623603523E-04  -1.6502301150467247E-05   3.2564300909143640E-06  -1.4703748263400485E-07   2.0450882911682129E+00  -7.8324627876281738E-01  -1.0492011308670044E+00   4.2022052407264709E-01   1.0616635084152222E+00  -2.3328317329287529E-02  -1.2578850984573364E+00   6.2550038099288940E-01   5.5842789151938632E-05
     1      576   7.5000000000000000E-01   3.2698931694030762E+00   5.3248012065887451E-01  -9.5771238207817078E-02   4.2909746989607811E-03   1.1968676699325442E-03  -1.2299056106712669E-04  -1.6505942767253146E-05   3.2519692467758432E-06  -1.4665783965028822E-07   2.0446555614471436E+00  -7.8301727771759033E-01  -1.0490386486053467E+00   4.1987240314483643E-01   1.0612492561340332E+00  -2.3136854171752930E-02  -1.2572059631347656E+00   6.2504708766937256E-01   5.6755172408884391E-05
     1      577   8.1250000000000000E-01   3.2695820331573486E+00   5.3239005804061890E-01  -9.5758758485317230E-02   4.2925113812088966E-03   1.1965144658461213E-03  -1.2304348638281226E-04  -1.6500618585268967E-05   3.2537918741581962E-06  -1.4684266602671414E-07   2.0443615913391113E+00  -7.8317940235137939E-01  -1.0490462779998779E+00   4.1995647549629211E-01   1.0612879991531372E+00  -2.3240864276885986E-02  -1.2573630809783936E+00   6.2521362304687500E-01   5.6560947996331379E-05
     1      578   8.7500000000000000E-01   3.2691252231597900E+00   5.3238707780838013E-01  -9.5750071108341217E-02   4.2889933101832867E-03   1.1966237798333168E-03  -1.2294120097067207E-04  -1.6501959180459380E-05   3.2507630294276169E-06  -1.4659512714843004E-07   2.0440726280212402E+00  -7.8298109769821167E-01  -1.0489405393600464E+00   4.1965869069099426E-01   1.0609619617462158E+00  -2.3073488846421242E-02  -1.2568188905715942E+00   6.2484413385391235E-01   5.6165088608395308E-05
     1      579   9.3750000000000000E-01   3.2688686847686768E+00   5.3231787681579590E-01  -9.5737926661968231E-02   4.2897677049040794E-03   1.1963143479079008E-03  -1.2297229841351509E-04  -1.6497100659762509E-05   3.2519355954718776E-06  -1.4672677650651167E-07   2.0438950061798096E+00  -7.8305327892303467E-01  -1.0490009784698486E+00   4.1960325837135315E-01   1.0609619617462158E+00  -2.3001058027148247E-02  -1.2567429542541504E+00   6.2476569414138794E-01   5.6370940001215786E-05
     1      580   1.0000000000000000E+00   3.2688271999359131E+00   5.3218770027160645E-01  -9.5734186470508575E-02   4.2951297946274281E-03   1.1960283154621720E-03  -1.2311154569033533E-04  -1.6495549061801285E-05   3.2555685720581096E-06  -1.4699999439926614E-07   2.0437405109405518E+00  -7.8343707323074341E-01  -1.0491243600845337E+00   4.1993361711502075E-01   1.0613132715225220E+00  -2.3162472993135452E-02  -1.2572995424270630E+00   6.2509959936141968E-01   5.6174565543187782E-05
     1      581   1.0625000000000000E+00   3.2684645652770996E+00   5.3221923112869263E-01  -9.5725223422050476E-02   4.2908033356070518E-03   1.1960887350142002E-03  -1.2299885565880686E-04  -1.6495154341100715E-05   3.2525351798540214E-06  -1.4676908222099883E-07   2.0435640811920166E+00  -7.8317439556121826E-01  -1.0490422248840332E+00   4.1956171393394470E-01   1.0609486103057861E+00  -2.2944487631320953E-02  -1.2566630840301514E+00   6.2467914819717407E-01   5.5675562180113047E-05
     1      582   1.1250000000000000E+00   3.2685368061065674E+00   5.3212046623229980E-01  -9.5731906592845917E-02   4.2963228188455105E-03   1.1960045667365193E-03  -1.2313626939430833E-04  -1.6496043826919049E-05   3.2561215448367875E-06  -1.4703557837947301E-07   2.0433337688446045E+00  -7.8366225957870483E-01  -1.0490293502807617E+00   4.2016792297363281E-01   1.0613640546798706E+00  -2.3446079343557358E-02  -1.2576506137847900E+00   6.2546610832214355E-01   5.5377357057295740E-05
     1      583   1.2500000000000000E+00   3.2680995464324951E+00   5.3208839893341064E-01  -9.5721706748008728E-02   4.2940722778439522E-03   1.1960216797888279E-03  -1.2306794815231115E-04  -1.6496513126185164E-05   3.2540331176278414E-06  -1.4685736005048966E-07   2.0430655479431152E+00  -7.8353071212768555E-01  -1.0489861965179443E+00   4.1990029811859131E-01   1.0611213445663452E+00  -2.3249287158250809E-02  -1.2571649551391602E+00   6.2510305643081665E-01   5.6187884183600545E-05
     1      584   1.3750000000000000E+00   3.2674863338470459E+00   5.3217095136642456E-01  -9.5704205334186554E-02   4.2851576581597328E-03   1.1960881529375911E-03  -1.2284086551517248E-04  -1.6493137081852183E-05   3.2483162613061722E-06  -1.4647579860138649E-07   2.0428569316864014E+00  -7.8293615579605103E-01  -1.0488355159759521E+00   4.1912227869033813E-01   1.0603924989700317E+00  -2.2771546617150307E-02  -1.2558548450469971E+00   6.2421625852584839E-01   5.6896231399150565E-05
     1      585   1.5000000000000000E+00   3.2672412395477295E+00   5.3214734792709351E-01  -9.5700420439243317E-02   4.2844736017286777E-03   1.1960881529375911E-03  -1.2282040552236140E-04  -1.6493049770360813E-05   3.2477394142915728E-06  -1.4643508450262743E-07   2.0426156520843506E+00  -7.8295141458511353E-01  -1.0487415790557861E+00   4.1914832592010498E-01   1.0603169202804565E+00  -2.2857096046209335E-02  -1.2558573484420776E+00   6.2427830696105957E-01   5.7403238315600902E-05
     1      586   1.6250000000000000E+00   3.2673261165618896E+00   5.3199720382690430E-01  -9.5695458352565765E-02   4.2917784303426743E-03   1.1955685913562775E-03  -1.2302737741265446E-04  -1.6487500033690594E-05   3.2536684102524305E-06  -1.4692714955799602E-07   2.0425169467926025E+00  -7.8346395492553711E-01  -1.0489002466201782E+00   4.1965386271476746E-01   1.0608208179473877E+00  -2.3165877908468246E-02  -1.2567497491836548E+00   6.2488150596618652E-01   5.6501845392631367E-05
     1      587   1.7500000000000000E+00   3.2671494483947754E+00   5.3196495771408081E-01  -9.5690399408340454E-02   4.2916764505207539E-03   1.1955128284171224E-03  -1.2302210961934179E-04  -1.6486974345752969E-05   3.2534653655602597E-06  -1.4691072180994524E-07   2.0423955917358398E+00  -7.8346717357635498E-01  -1.0489094257354736E+00   4.1958841681480408E-01   1.0607786178588867E+00  -2.3098837584257126E-02  -1.2566275596618652E+00   6.2477427721023560E-01   5.6203367421403527E-05
     1      588   1.8750000000000000E+00   3.2669470310211182E+00   5.3198325634002686E-01  -9.5690250396728516E-02   4.2894631624221802E-03   1.1957108508795500E-03  -1.2295262422412634E-04  -1.6490157577209175E-05   3.2512473353563109E-06  -1.4670152381768276E-07   2.0422320365905762E+00  -7.8336787223815918E-01  -1.0488196611404419E+00   4.1946789622306824E-01   1.0605996847152710E+00  -2.3062376305460930E-02  -1.2563823461532593E+00   6.2464368343353271E-01   5.5803655413910747E-05
     1      589   2.0000000000000000E+00   3.2668960094451904E+00   5.3191971778869629E-01  -9.5686204731464386E-02   4.2916056700050831E-03   1.1955562513321638E-03  -1.2300733942538500E-04  -1.6489040717715397E-05   3.2526488666917430E-06  -1.4681074844702380E-07   2.0421884059906006E+00  -7.8350514173507690E-01  -1.0489288568496704E+00   4.1950729489326477E-01   1.0607298612594604E+00  -2.3000974208116531E-02  -1.2564589977264404E+00   6.2461000680923462E-01   5.5906508350744843E-05
     1      590   2.1875000000000000E+00   3.2668130397796631E+00   5.3187793493270874E-01  -9.5685496926307678E-02   4.2930059134960175E-03   1.1954940855503082E-03  -1.2304290430620313E-04  -1.6488578694406897E-05   3.2536274829908507E-06  -1.4689000238377048E-07   2.0420298576354980E+00  -7.8365647792816162E-01  -1.0489059686660767E+00   4.1967633366584778E-01   1.0608212947845459E+00  -2.3160126060247421E-02  -1.2567266225814819E+00   6.2484538555145264E-01   5.5808679462643340E-05
     1      591   2.3750000000000000E+00   3.2664608955383301E+00   5.3192931413650513E-01  -9.5676183700561523E-02   4.2877090163528919E-03   1.1955696390941739E-03  -1.2290527229197323E-04  -1.6487227185280062E-05   3.2500922770850593E-06  -1.4664887260096293E-07   2.0419127941131592E+00  -7.8329861164093018E-01  -1.0488070249557495E+00   4.1922622919082642E-01   1.0603966712951660E+00  -2.2875694558024406E-02  -1.2559542655944824E+00   6.2431162595748901E-01   5.7219156587962061E-05
     1      592   2.5625000000000000E+00   3.2666263580322266E+00   5.3180271387100220E-01  -9.5678336918354034E-02   4.2948303744196892E-03   1.1952847708016634E-03  -1.2309319572523236E-04  -1.6486201275256462E-05   3.2550606192671694E-06  -1.4701788586535258E-07   2.0418393611907959E+00  -7.8380805253982544E-01  -1.0489344596862793E+00   4.1977229714393616E-01   1.0609090328216553E+00  -2.3217547684907913E-02  -1.2568840980529785E+00   6.2494277954101562E-01   5.7020082749659196E-05
     1      593   2.7500000000000000E+00   3.2664792537689209E+00   5.3181052207946777E-01  -9.5677174627780914E-02   4.2934841476380825E-03   1.1953630018979311E-03  -1.2305454583838582E-04  -1.6487238099216484E-05   3.2539173844270408E-06  -1.4691849514747446E-07   2.0417144298553467E+00  -7.8374749422073364E-01  -1.0488506555557251E+00   4.1972795128822327E-01   1.0607930421829224E+00  -2.3247517645359039E-02  -1.2567851543426514E+00   6.2492871284484863E-01   5.5915836128406227E-05
     1      594   2.9375000000000000E+00   3.2663235664367676E+00   5.3181874752044678E-01  -9.5672637224197388E-02   4.2916452512145042E-03   1.1953588109463453E-03  -1.2300668458919972E-04  -1.6486077583977021E-05   3.2527470921195345E-06  -1.4684641769235895E-07   2.0416600704193115E+00  -7.8363108634948730E-01  -1.0488475561141968E+00   4.1953483223915100E-01   1.0606467723846436E+00  -2.3091588169336319E-02  -1.2564560174942017E+00   6.2466961145401001E-01   5.5515054555144161E-05
     1      595   3.1250000000000000E+00   3.2662813663482666E+00   5.3179681301116943E-01  -9.5672443509101868E-02   4.2924410663545132E-03   1.1953301727771759E-03  -1.2302740651648492E-04  -1.6486181266373023E-05   3.2532680052099749E-06  -1.4687979899008496E-07   2.0415728092193604E+00  -7.8371071815490723E-01  -1.0488228797912598E+00   4.1963925957679749E-01   1.0606943368911743E+00  -2.3199461400508881E-02  -1.2566229104995728E+00   6.2482267618179321E-01   5.5516560678370297E-05
     1      596   3.5000000000000000E+00   3.2660772800445557E+00   5.3178006410598755E-01  -9.5662817358970642E-02   4.2912159115076065E-03   1.1952088680118322E-03  -1.2299892841838300E-04  -1.6484185834997334E-05   3.2525449569220655E-06  -1.4683659799175075E-07   2.0415313243865967E+00  -7.8358584642410278E-01  -1.0488668680191040E+00   4.1938450932502747E-01   1.0605409145355225E+00  -2.2976735606789589E-02  -1.2562181949615479E+00   6.2450021505355835E-01   5.6021810451056808E-05
     1      597   3.8750000000000000E+00   3.2658855915069580E+00   5.3182667493820190E-01  -9.5664829015731812E-02   4.2879823595285416E-03   1.1954709189012647E-03  -1.2290393351577222E-04  -1.6487212633364834E-05   3.2497894153493689E-06  -1.4660443525826850E-07   2.0413565635681152E+00  -7.8344404697418213E-01  -1.0487109422683716E+00   4.1928237676620483E-01   1.0603197813034058E+00  -2.2995781153440475E-02  -1.2559857368469238E+00   6.2440663576126099E-01   5.6325323384953663E-05
     1      598   4.2500000000000000E+00   3.2658770084381104E+00   5.3173959255218506E-01  -9.5654934644699097E-02   4.2912750504910946E-03   1.1950349435210228E-03  -1.2300645175855607E-04  -1.6481200873386115E-05   3.2529653708479600E-06  -1.4689878469198447E-07   2.0413918495178223E+00  -7.8359997272491455E-01  -1.0488661527633667E+00   4.1934365034103394E-01   1.0605018138885498E+00  -2.2956045344471931E-02  -1.2561563253402710E+00   6.2445515394210815E-01   5.5723605328239501E-05
     1      599   4.6250000000000000E+00   3.2658267021179199E+00   5.3174930810928345E-01  -9.5660798251628876E-02   4.2908261530101299E-03   1.1952591594308615E-03  -1.2298063666094095E-04  -1.6485064406879246E-05   3.2519355954718776E-06  -1.4678226989417453E-07   2.0412540435791016E+00  -7.8364890813827515E-01  -1.0487817525863647E+00   4.1944375634193420E-01   1.0604969263076782E+00  -2.3074982687830925E-02  -1.2562652826309204E+00   6.2458014488220215E-01   5.6127220886992291E-05
     1      600   5.0000000000000000E+00   3.2658529281616211E+00   5.3170245885848999E-01  -9.5660343766212463E-02   4.2931544594466686E-03   1.1951146880164742E-03  -1.2304558185860515E-04  -1.6483401850564405E-05   3.2538252980884863E-06  -1.4694278149818274E-07   2.0411989688873291E+00  -7.8382861614227295E-01  -1.0488117933273315E+00   4.1964444518089294E-01   1.0606706142425537E+00  -2.3210734128952026E-02  -1.2566014528274536E+00   6.2481737136840820E-01   5.6027867685770616E-05
     1      601   5.6250000000000000E+00   3.2656264305114746E+00   5.3174597024917603E-01  -9.5656059682369232E-02   4.2894240468740463E-03   1.1952265631407499E-03  -1.2294655607547611E-04  -1.6483541912748478E-05   3.2512000416318187E-06  -1.4674782278234488E-07   2.0411067008972168E+00  -7.8358036279678345E-01  -1.0487021207809448E+00   4.1937574744224548E-01   1.0603600740432739E+00  -2.3101661354303360E-02  -1.2561450004577637E+00   6.2456494569778442E-01   5.5928761867107823E-05
     1      602   6.2500000000000000E+00   3.2656643390655518E+00   5.3171098232269287E-01  -9.5662295818328857E-02   4.2916703969240189E-03   1.1953557841479778E-03  -1.2299054651521146E-04  -1.6487936591147445E-05   3.2518323678232264E-06  -1.4673894099814788E-07   2.0409984588623047E+00  -7.8378939628601074E-01  -1.0486991405487061E+00   4.1962140798568726E-01   1.0605404376983643E+00  -2.3268878459930420E-02  -1.2565095424652100E+00   6.2482064962387085E-01   5.6734923418844119E-05
     1      603   6.8750000000000000E+00   3.2656440734863281E+00   5.3167694807052612E-01  -9.5659121870994568E-02   4.2928699404001236E-03   1.1952080531045794E-03  -1.2302664981689304E-04  -1.6485662854393013E-05   3.2529958389204694E-06  -1.4685130622638098E-07   2.0409796237945557E+00  -7.8386187553405762E-01  -1.0487401485443115E+00   4.1967076063156128E-01   1.0606118440628052E+00  -2.3284465074539185E-02  -1.2566084861755371E+00   6.2487429380416870E-01   5.6132383178919554E-05
     1      604   7.5000000000000000E+00   3.2653522491455078E+00   5.3171664476394653E-01  -9.5642685890197754E-02   4.2880624532699585E-03   1.1950228363275528E-03  -1.2291820894461125E-04  -1.6480131307616830E-05   3.2505749913980253E-06  -1.4672539805360429E-07   2.0410413742065430E+00  -7.8343623876571655E-01  -1.0487598180770874E+00   4.1907018423080444E-01   1.0601876974105835E+00  -2.2817526012659073E-02  -1.2556557655334473E+00   6.2414193153381348E-01   5.5932192481122911E-05
     1      605   8.7500000000000000E+00   3.2652435302734375E+00   5.3173267841339111E-01  -9.5644235610961914E-02   4.2866845615208149E-03   1.1951660271733999E-03  -1.2287519348319620E-04  -1.6482088540215045E-05   3.2492612263013143E-06  -1.4660808744793030E-07   2.0409238338470459E+00  -7.8339540958404541E-01  -1.0486804246902466E+00   4.1904830932617188E-01   1.0600965023040771E+00  -2.2847156971693039E-02  -1.2555795907974243E+00   6.2412714958190918E-01   5.5631826398894191E-05
     1      606   1.0000000000000000E+01   3.2652280330657959E+00   5.3169864416122437E-01  -9.5642670989036560E-02   4.2880293913185596E-03   1.1950886109843850E-03  -1.2290978338569403E-04  -1.6481755665154196E-05   3.2501327495992882E-06  -1.4667074310636963E-07   2.0408935546875000E+00  -7.8347992897033691E-01  -1.0487177371978760E+00   4.1911178827285767E-01   1.0601766109466553E+00  -2.2867621853947639E-02  -1.2556890249252319E+00   6.2418472766876221E-01   5.5532349506393075E-05
     1      607   1.2500000000000000E+01   3.2652235031127930E+00   5.3167331218719482E-01  -9.5646433532238007E-02   4.2894883081316948E-03   1.1951162014156580E-03  -1.2294373300392181E-04  -1.6482508726767264E-05   3.2510329219803680E-06  -1.4673690884592361E-07   2.0407552719116211E+00  -7.8364837169647217E-01  -1.0486550331115723E+00   4.1936701536178589E-01   1.0603014230728149E+00  -2.3112289607524872E-02  -1.2560812234878540E+00   6.2453496456146240E-01   5.6942422816064209E-05
     1      608   1.5000000000000000E+01   3.2651925086975098E+00   5.3163754940032959E-01  -9.5642812550067902E-02   4.2906505987048149E-03   1.1949933832511306E-03  -1.2297643115743995E-04  -1.6481471902807243E-05   3.2518883017473854E-06  -1.4680244930787012E-07   2.0407500267028809E+00  -7.8370100259780884E-01  -1.0487140417098999E+00   4.1937100887298584E-01   1.0603609085083008E+00  -2.3068042472004890E-02  -1.2561030387878418E+00   6.2449455261230469E-01   5.5836899264249951E-05
     1      609   1.7500000000000000E+01   3.2649238109588623E+00   5.3169816732406616E-01  -9.5633849501609802E-02   4.2854864150285721E-03   1.1950623011216521E-03  -1.2284412514418364E-04  -1.6480596968904138E-05   3.2484015264344634E-06  -1.4654588653684186E-07   2.0407469272613525E+00  -7.8330224752426147E-01  -1.0486594438552856E+00   4.1885966062545776E-01   1.0599288940429688E+00  -2.2721314802765846E-02  -1.2552602291107178E+00   6.2390673160552979E-01   5.5535918363602832E-05
     1      610   2.0000000000000000E+01   3.2651202678680420E+00   5.3161644935607910E-01  -9.5640294253826141E-02   4.2910277843475342E-03   1.1949369218200445E-03  -1.2298632645979524E-04  -1.6480695194331929E-05   3.2521916182304267E-06  -1.4683644167234888E-07   2.0406851768493652E+00  -7.8372913599014282E-01  -1.0487074851989746E+00   4.1939201951026917E-01   1.0603660345077515E+00  -2.3094516247510910E-02  -1.2561366558074951E+00   6.2453514337539673E-01   5.7045755966100842E-05
     1      611   2.3750000000000000E+01   3.2650516033172607E+00   5.3162145614624023E-01  -9.5639526844024658E-02   4.2902049608528614E-03   1.1949775507673621E-03  -1.2296233035158366E-04  -1.6481089915032499E-05   3.2514994927623775E-06  -1.4678052195904456E-07   2.0406479835510254E+00  -7.8368431329727173E-01  -1.0486942529678345E+00   4.1932320594787598E-01   1.0603039264678955E+00  -2.3042509332299232E-02  -1.2560101747512817E+00   6.2443870306015015E-01   5.6744753237580881E-05
     1      612   2.7500000000000000E+01   3.2650110721588135E+00   5.3161388635635376E-01  -9.5637813210487366E-02   4.2901770211756229E-03   1.1949439067393541E-03  -1.2296304339542985E-04  -1.6480711565236561E-05   3.2515247312403517E-06  -1.4677988247058238E-07   2.0406260490417480E+00  -7.8367936611175537E-01  -1.0486959218978882E+00   4.1930657625198364E-01   1.0602966547012329E+00  -2.3019259795546532E-02  -1.2559757232666016E+00   6.2440460920333862E-01   5.6342963944189250E-05
     1      613   3.1250000000000000E+01   3.2650201320648193E+00   5.3157836198806763E-01  -9.5634289085865021E-02   4.2917677201330662E-03   1.1947765015065670E-03  -1.2301137030590326E-04  -1.6478914403705858E-05   3.2529073905607220E-06  -1.4689362615172286E-07   2.0406363010406494E+00  -7.8375178575515747E-01  -1.0487363338470459E+00   4.1937482357025146E-01   1.0603817701339722E+00  -2.3056995123624802E-02  -1.2561165094375610E+00   6.2449389696121216E-01   5.6242919526994228E-05
     1      614   3.5000000000000000E+01   3.2649636268615723E+00   5.3163051605224609E-01  -9.5643371343612671E-02   4.2894883081316948E-03   1.1951519409194589E-03  -1.2293367763049901E-04  -1.6483792933286168E-05   3.2505236049473751E-06  -1.4668253811578325E-07   2.0404942035675049E+00  -7.8370004892349243E-01  -1.0485745668411255E+00   4.1942170262336731E-01   1.0602672100067139E+00  -2.3189082741737366E-02  -1.2561160326004028E+00   6.2458747625350952E-01   5.7853227190207690E-05
     1      615   4.2500000000000000E+01   3.2648088932037354E+00   5.3164649009704590E-01  -9.5635965466499329E-02   4.2872102931141853E-03   1.1950855841860175E-03  -1.2288062134757638E-04  -1.6481750208185986E-05   3.2492569062014809E-06  -1.4660449210168736E-07   2.0405037403106689E+00  -7.8350156545639038E-01  -1.0485734939575195E+00   4.1914531588554382E-01   1.0600628852844238E+00  -2.2979030385613441E-02  -1.2556715011596680E+00   6.2425124645233154E-01   5.5640521168243140E-05
     1      616   5.0000000000000000E+01   3.2648925781250000E+00   5.3156930208206177E-01  -9.5631659030914307E-02   4.2910799384117126E-03   1.1947717284783721E-03  -1.2299163790885359E-04  -1.6478390534757636E-05   3.2524183097848436E-06  -1.4686685290143942E-07   2.0405480861663818E+00  -7.8371745347976685E-01  -1.0487036705017090E+00   4.1932901740074158E-01   1.0603225231170654E+00  -2.3027246817946434E-02  -1.2560150623321533E+00   6.2442100048065186E-01   5.6446173402946442E-05
     1      617   6.2500000000000000E+01   3.2646389007568359E+00   5.3163886070251465E-01  -9.5627844333648682E-02   4.2858780361711979E-03   1.1949870968237519E-03  -1.2284964032005519E-04  -1.6479794794577174E-05   3.2485174870089395E-06  -1.4656217217634548E-07   2.0404856204986572E+00  -7.8335648775100708E-01  -1.0485810041427612E+00   4.1892799735069275E-01   1.0599131584167480E+00  -2.2799968719482422E-02  -1.2553166151046753E+00   6.2398046255111694E-01   5.6447199312970042E-05
     1      618   7.5000000000000000E+01   3.2646479606628418E+00   5.3162705898284912E-01  -9.5631964504718781E-02   4.2867353186011314E-03   1.1950656771659851E-03  -1.2286601122468710E-04  -1.6481688362546265E-05   3.2487857879459625E-06  -1.4656342273156042E-07   2.0404002666473389E+00  -7.8345799446105957E-01  -1.0485301017761230E+00   4.1909727454185486E-01   1.0599912405014038E+00  -2.2960662841796875E-02  -1.2555692195892334E+00   6.2419641017913818E-01   5.5743767006788403E-05
     1      619   8.7500000000000000E+01   3.2647633552551270E+00   5.3153395652770996E-01  -9.5628403127193451E-02   4.2916904203593731E-03   1.1947100283578038E-03  -1.2300636444706470E-04  -1.6477937606396154E-05   3.2527818802918773E-06  -1.4689761940189783E-07   2.0404276847839355E+00  -7.8374469280242920E-01  -1.0486418008804321E+00   4.1940218210220337E-01   1.0603160858154297E+00  -2.3137481883168221E-02  -1.2561253309249878E+00   6.2456542253494263E-01   5.6851484259823337E-05
     1      620   1.0000000000000000E+02   3.2645912170410156E+00   5.3156000375747681E-01  -9.5620706677436829E-02   4.2888033203780651E-03   1.1946402955800295E-03  -1.2293981853872538E-04  -1.6475034499308094E-05   3.2513087262486806E-06  -1.4681735649446637E-07   2.0404272079467773E+00  -7.8351885080337524E-01  -1.0486208200454712E+00   4.1911169886589050E-01   1.0600926876068115E+00  -2.2909156978130341E-02  -1.2556366920471191E+00   6.2418842315673828E-01   5.5644813983235508E-05
     1      621   1.1250000000000000E+02   3.2645998001098633E+00   5.3153485059738159E-01  -9.5622673630714417E-02   4.2900163680315018E-03   1.1947044404223561E-03  -1.2296054046601057E-04  -1.6477477402077056E-05   3.2515040402358864E-06  -1.4680117033094575E-07   2.0404069423675537E+00  -7.8359156847000122E-01  -1.0486469268798828E+00   4.1917154192924500E-01   1.0601617097854614E+00  -2.2927472367882729E-02  -1.2557287216186523E+00   6.2423390150070190E-01   5.5947461078176275E-05
     1      622   1.1875000000000000E+02   3.2647223472595215E+00   5.3149396181106567E-01  -9.5627687871456146E-02   4.2932024225592613E-03   1.1946236481890082E-03  -1.2304712436161935E-04  -1.6477093595312908E-05   3.2539419407839887E-06  -1.4698991890327306E-07   2.0403330326080322E+00  -7.8385925292968750E-01  -1.0486100912094116E+00   4.1957750916481018E-01   1.0604248046875000E+00  -2.3276569321751595E-02  -1.2563900947570801E+00   6.2477087974548340E-01   5.6249726185342297E-05
     1      623   1.2187500000000000E+02   3.2645177841186523E+00   5.3157824277877808E-01  -9.5627442002296448E-02   4.2878477834165096E-03   1.1949529871344566E-03  -1.2289492588024586E-04  -1.6480689737363718E-05   3.2495486266270746E-06  -1.4662388991837361E-07   2.0402889251708984E+00  -7.8350555896759033E-01  -1.0484926700592041E+00   4.1918069124221802E-01   1.0600260496139526E+00  -2.3037245497107506E-02  -1.2556875944137573E+00   6.2430322170257568E-01   5.6551798479631543E-05
     1      624   1.2343750000000000E+02   3.2782688140869141E+00   5.2803391218185425E-01  -9.6264965832233429E-02   4.5896726660430431E-03   1.1944724246859550E-03  -1.3046932872384787E-04  -1.6599418813711964E-05   3.4440870422258740E-06  -1.6011942705063120E-07   2.0353951454162598E+00  -8.0888414382934570E-01  -1.0474402904510498E+00   4.5556053519248962E-01   1.0869094133377075E+00  -4.9996040761470795E-02  -1.3153873682022095E+00   6.5841573476791382E-01   5.3935615142108873E-05
     1      625   1.2363281250000000E+02   3.2870728969573975E+00   5.2851319313049316E-01  -9.7271122038364410E-02   4.7324951738119125E-03   1.2098196893930435E-03  -1.3379179290495813E-04  -1.6886842786334455E-05   3.5238913369539659E-06  -1.6401004643284978E-07   2.0206892490386963E+00  -8.2480561733245850E-01  -1.0253148078918457E+00   4.9856305122375488E-01   1.0924161672592163E+00  -1.1420232802629471E-01  -1.3944036960601807E+00   7.3580378293991089E-01   5.4640007874695584E-05
     1      626   1.2382812500000000E+02   3.2293446063995361E+00   5.4797738790512085E-01  -9.5620304346084595E-02   3.4054066054522991E-03   1.2367613380774856E-03  -1.0034665319835767E-04  -1.6731259165680967E-05   2.6608363441482652E-06  -1.0171113018486722E-07   2.0199038982391357E+00  -7.1593689918518066E-01  -9.8523271083831787E-01   3.8479450345039368E-01   9.4869148731231689E-01  -1.1246772855520248E-01  -1.2483015060424805E+00   6.9164907932281494E-01   7.4463379860389978E-05
     1      627   1.2392578125000000E+02   3.1609981060028076E+00   5.6331962347030640E-01  -9.2026159167289734E-02   1.9964331295341253E-03   1.2241572840139270E-03  -6.5794825786724687E-05  -1.5951172827044502E-05   1.7887526837512269E-06  -4.3232354585143185E-08   2.0501368045806885E+00  -5.8552294969558716E-01  -9.9127650260925293E-01   1.9480517506599426E-01   7.9239600896835327E-01  -1.4113697223365307E-02  -9.8377794027328491E-01   5.3203845024108887E-01   8.7444168457295746E-05
     1      628   1.2402343750000000E+02   3.0968031883239746E+00   5.6871783733367920E-01  -8.6779169738292694E-02   8.6781632853671908E-04   1.1618969729170203E-03  -3.9290513086598366E-05  -1.4555972484231461E-05   1.1435041642471333E-06  -5.7508016126917028E-09   2.1154618263244629E+00  -4.5914572477340698E-01  -1.0591257810592651E+00  -5.6538749486207962E-02   6.4127671718597412E-01   1.6425085067749023E-01  -6.4168918132781982E-01   2.8850969672203064E-01   8.7142296251840889E-05
     1      629   1.2412109375000000E+02   3.1028308868408203E+00   5.4564207792282104E-01  -8.2607515156269073E-02   1.4308176469057798E-03   1.0456448653712869E-03  -5.5338281526928768E-05  -1.3094942005409393E-05   1.5929881556075998E-06  -4.8660290019597596E-08   2.2056126594543457E+00  -4.6145421266555786E-01  -1.2228429317474365E+00  -2.3999120295047760E-01   6.2629830837249756E-01   3.6398902535438538E-01  -4.2299327254295349E-01   7.8411869704723358E-02   6.0878868680447340E-05
     1      630   1.2421875000000000E+02   3.2472720146179199E+00   4.8609724640846252E-01  -8.4522910416126251E-02   4.8354356549680233E-03   9.3435222515836358E-04  -1.3996103371027857E-04  -1.2935270206071436E-05   3.7527693166339304E-06  -2.0689870439127844E-07   2.2700014114379883E+00  -7.3237419128417969E-01  -1.4722859859466553E+00  -1.6795295476913452E-01   8.8504588603973389E-01   4.6293228864669800E-01  -5.9894376993179321E-01   8.9046686887741089E-02   8.8853099441621453E-05
     1      631   1.2426757812500000E+02   3.3744761943817139E+00   4.4921913743019104E-01  -8.9321658015251160E-02   7.4667986482381821E-03   9.2100439360365272E-04  -2.0340875198598951E-04  -1.3872871932107955E-05   5.3363851293397602E-06  -3.1541281941827037E-07   2.2645063400268555E+00  -9.8393481969833374E-01  -1.6022318601608276E+00   6.2823016196489334E-03   1.1270774602890015E+00   4.3362540006637573E-01  -8.8579505681991577E-01   2.2361072897911072E-01   1.1924280988750979E-04
     1      632   1.2431640625000000E+02   3.5224103927612305E+00   4.1674518585205078E-01  -9.6889317035675049E-02   1.0258737020194530E-02   9.6024177037179470E-04  -2.6919355150312185E-04  -1.5637386240996420E-05   6.9510824687313288E-06  -4.2034150737890741E-07   2.2173523902893066E+00  -1.2913994789123535E+00  -1.7098757028579712E+00   2.6695403456687927E-01   1.4181164503097534E+00   3.4232768416404724E-01  -1.2852126359939575E+00   4.4158670306205750E-01   1.4178552373778075E-04
     1      633   1.2436523437500000E+02   3.6671390533447266E+00   3.9785426855087280E-01  -1.0666760057210922E-01   1.2654495425522327E-02   1.0633384808897972E-03  -3.2375115551985800E-04  -1.8139951862394810E-05   8.2572778410394676E-06  -4.9778526545196655E-07   2.1192886829376221E+00  -1.6175994873046875E+00  -1.7723929882049561E+00   5.8625030517578125E-01   1.7176361083984375E+00   1.9522166252136230E-01  -1.7460236549377441E+00   7.1751683950424194E-01   1.4279929746408015E-04
     1      634   1.2441406250000000E+02   3.7763180732727051E+00   4.0168267488479614E-01  -1.1730412393808365E-01   1.4001130126416683E-02   1.2281705858185887E-03  -3.5174447111785412E-04  -2.1056426703580655E-05   8.8804199549485929E-06  -5.2299651542853098E-07   1.9681998491287231E+00  -1.9095959663391113E+00  -1.7699066400527954E+00   9.1423159837722778E-01   1.9709602594375610E+00   1.4829797670245171E-02  -2.1853840351104736E+00   1.0021092891693115E+00   1.2661721848417073E-04
     1      635   1.2446289062500000E+02   3.8217566013336182E+00   4.3251645565032959E-01  -1.2697431445121765E-01   1.3865182176232338E-02   1.4320174232125282E-03  -3.4404391772113740E-04  -2.3860437067924067E-05   8.6162808656808920E-06  -4.8518853645873605E-07   1.7704447507858276E+00  -2.1202456951141357E+00  -1.6919549703598022E+00   1.2024499177932739E+00   2.1322026252746582E+00  -1.7457737028598785E-01  -2.5297167301177979E+00   1.2501932382583618E+00   8.8207467342726886E-05
     1      636   1.2451171875000000E+02   3.7806997299194336E+00   4.8924899101257324E-01  -1.3349986076354980E-01   1.2048972770571709E-02   1.6357779968529940E-03  -2.9758017626591027E-04  -2.5906349037541077E-05   7.4162971941404976E-06  -3.8557070070055488E-07   1.5429505109786987E+00  -2.2092568874359131E+00  -1.5417954921722412E+00   1.4004958868026733E+00   2.1659750938415527E+00  -3.3991536498069763E-01  -2.7087175846099854E+00   1.4120532274246216E+00   7.2671202360652387E-05
     1      637   1.2456054687500000E+02   3.6462628841400146E+00   5.6372886896133423E-01  -1.3513636589050293E-01   8.7675126269459724E-03   1.7950651235878468E-03  -2.1901118452660739E-04  -2.6682935640565120E-05   5.4662655202264432E-06  -2.4097533923850278E-07   1.3085175752639771E+00  -2.1613538265228271E+00  -1.3357025384902954E+00   1.4800223112106323E+00   2.0643219947814941E+00  -4.5749258995056152E-01  -2.6926097869873047E+00   1.4619268178939819E+00   9.2255133495200425E-05
     1      638   1.2460937500000000E+02   3.4298224449157715E+00   6.4107757806777954E-01  -1.3087308406829834E-01   4.6482584439218044E-03   1.8654118757694960E-03  -1.2447364861145616E-04  -2.5858420485747047E-05   3.1821045922697522E-06  -8.3621813473655493E-08   1.0941061973571777E+00  -1.9902942180633545E+00  -1.1032476425170898E+00   1.4387624263763428E+00   1.8501863479614258E+00  -5.1453006267547607E-01  -2.4969835281372070E+00   1.4005148410797119E+00   1.1375246685929596E-04
     1      639   1.2463378906250000E+02   3.2960832118988037E+00   6.7629367113113403E-01  -1.2648220360279083E-01   2.4723706301301718E-03   1.8603648059070110E-03  -7.5789175753016025E-05  -2.4850167392287403E-05   2.0237976059434004E-06  -7.7698265599224214E-09   1.0021871328353882E+00  -1.8651087284088135E+00  -9.8709321022033691E-01   1.3735611438751221E+00   1.7099686861038208E+00  -5.1591753959655762E-01  -2.3378825187683105E+00   1.3278068304061890E+00   1.3134234177414328E-04
     1      640   1.2465820312500000E+02   3.1523265838623047E+00   7.0625501871109009E-01  -1.2090215831995010E-01   3.8994924398139119E-04   1.8298672512173653E-03  -2.9930890377727337E-05  -2.3553126084152609E-05   9.4104547088136314E-07   6.0962690895394189E-08   9.2242062091827393E-01  -1.7242833375930786E+00  -8.7568658590316772E-01   1.2889300584793091E+00   1.5591341257095337E+00  -5.0458264350891113E-01  -2.1563520431518555E+00   1.2388747930526733E+00   1.3732830120716244E-04
     1      641   1.2468261718750000E+02   3.0044851303100586E+00   7.2794777154922485E-01  -1.1423105746507645E-01  -1.4400336658582091E-03   1.7681982135400176E-03   9.0978601292590611E-06  -2.1933439711574465E-05   4.0999122319362868E-08   1.1421265355693322E-07   8.5799229145050049E-01  -1.5771168470382690E+00  -7.7496320009231567E-01   1.1923383474349976E+00   1.4083946943283081E+00  -4.8276883363723755E-01  -1.9668327569961548E+00   1.1413729190826416E+00   1.4352425932884216E-04
     1      642   1.2470703125000000E+02   2.8553094863891602E+00   7.4116885662078857E-01  -1.0687559098005295E-01  -2.9927594587206841E-03   1.6853265697136521E-03   4.1420575144002214E-05  -2.0164998204563744E-05  -6.9437436422958854E-07   1.5495874094995088E-07   8.0773597955703735E-01  -1.4273155927658081E+00  -6.8464243412017822E-01   1.0882455110549927E+00   1.2605117559432983E+00  -4.5407015085220337E-01  -1.7758513689041138E+00   1.0407422780990601E+00   1.4868500875309110E-04
     1      643   1.2473144531250000E+02   2.7066667079925537E+00   7.4505847692489624E-01  -9.8977059125900269E-02  -4.2431149631738663E-03   1.5837480314075947E-03   6.6807675466407090E-05  -1.8289307263330556E-05  -1.2639098940780968E-06   1.8342335295074008E-07   7.7411115169525146E-01  -1.2767796516418457E+00  -6.0949778556823730E-01   9.7407978773117065E-01   1.1182934045791626E+00  -4.1181251406669617E-01  -1.5791330337524414E+00   9.2913848161697388E-01   1.4550772903021425E-04
     1      644   1.2475585937500000E+02   2.5592565536499023E+00   7.4138802289962769E-01  -9.1088749468326569E-02  -5.2534709684550762E-03   1.4796806499361992E-03   8.7623018771409988E-05  -1.6524216334801167E-05  -1.7425647911295528E-06   2.0690764301889430E-07   7.5200086832046509E-01  -1.1262283325195312E+00  -5.4325377941131592E-01   8.5548883676528931E-01   9.7966068983078003E-01  -3.6508876085281372E-01  -1.3835307359695435E+00   8.1683737039566040E-01   1.4531148190144449E-04
     1      645   1.2478027343750000E+02   2.4247946739196777E+00   7.2501808404922485E-01  -8.3342075347900391E-02  -5.7289265096187592E-03   1.3591181486845016E-03   9.5963172498159111E-05  -1.4752468814549502E-05  -1.9119934222544543E-06   2.0801326172659174E-07   7.4584174156188965E-01  -9.9531739950180054E-01  -4.9686115980148315E-01   7.4923825263977051E-01   8.6714977025985718E-01  -3.1876832246780396E-01  -1.2191762924194336E+00   7.1904397010803223E-01   1.3546881382353604E-04
     1      646   1.2480468750000000E+02   2.2984709739685059E+00   7.0026803016662598E-01  -7.6222218573093414E-02  -5.8880154974758625E-03   1.2448719935491681E-03   9.8356722446624190E-05  -1.3234081961854827E-05  -1.9606238765845774E-06   2.0287698987431213E-07   7.4953889846801758E-01  -8.7515532970428467E-01  -4.6152898669242859E-01   6.4952272176742554E-01   7.6834952831268311E-01  -2.7350383996963501E-01  -1.0722097158432007E+00   6.3053858280181885E-01   1.3338646385818720E-04
     1      647   1.2482910156250000E+02   2.1822249889373779E+00   6.6606199741363525E-01  -6.9620922207832336E-02  -5.6870020925998688E-03   1.1283919448032975E-03   9.3140377430245280E-05  -1.1811986041720957E-05  -1.8272219222126296E-06   1.8510334598431655E-07   7.6535290479660034E-01  -7.6885932683944702E-01  -4.4141042232513428E-01   5.5680960416793823E-01   6.8766057491302490E-01  -2.2622805833816528E-01  -9.4430100917816162E-01   5.4915153980255127E-01   1.3725229655392468E-04
     1      648   1.2485351562500000E+02   2.0825350284576416E+00   6.2185007333755493E-01  -6.4018622040748596E-02  -5.0297002308070660E-03   1.0148426517844200E-03   7.8033888712525368E-05  -1.0602027032291517E-05  -1.4560458794221631E-06   1.5154186883137299E-07   7.8911387920379639E-01  -6.8805795907974243E-01  -4.3440958857536316E-01   4.8806098103523254E-01   6.3548076152801514E-01  -1.9130244851112366E-01  -8.6170023679733276E-01   4.9651381373405457E-01   1.0284381278324872E-04
     1      649   1.2487792968750000E+02   1.9891270399093628E+00   5.7299375534057617E-01  -5.9470545500516891E-02  -4.2321812361478806E-03   9.2329690232872963E-04   6.1858365370426327E-05  -9.7879219538299367E-06  -1.0958460734400433E-06   1.2234838209224108E-07   8.1792110204696655E-01  -6.1412382125854492E-01  -4.3424868583679199E-01   4.2195966839790344E-01   5.9079182147979736E-01  -1.5457445383071899E-01  -7.8542214632034302E-01   4.4513583183288574E-01   9.5858391432557255E-05
     1      650   1.2490234375000000E+02   1.9057039022445679E+00   5.1780003309249878E-01  -5.5749073624610901E-02  -3.1859518494457006E-03   8.3799462299793959E-04   4.0720766264712438E-05  -9.1296851678634994E-06  -6.1805070572518161E-07   8.5503813807008555E-08   8.5281395912170410E-01  -5.5439704656600952E-01  -4.4359296560287476E-01   3.6685186624526978E-01   5.6215906143188477E-01  -1.2129327654838562E-01  -7.3085492849349976E-01   4.0560671687126160E-01   1.1190383520442992E-04
     1      651   1.2492675781250000E+02   1.8298910856246948E+00   4.5839756727218628E-01  -5.2929889410734177E-02  -1.9844521302729845E-03   7.6688401168212295E-04   1.7280062820645981E-05  -8.7373327914974652E-06  -1.0296676578036568E-07   4.8245958339521167E-08   8.9128464460372925E-01  -5.0482821464538574E-01  -4.5930105447769165E-01   3.1921049952507019E-01   5.4432880878448486E-01  -8.9841291308403015E-02  -6.9002962112426758E-01   3.7297955155372620E-01   1.0196891525993124E-04
     1      652   1.2495117187500000E+02   1.7567937374114990E+00   3.9769163727760315E-01  -5.0870753824710846E-02  -7.6956849079579115E-04   7.1181543171405792E-04  -5.2025784498255234E-06  -8.5548526840284467E-06   3.7412337405839935E-07   1.5112867401967378E-08   9.2995071411132812E-01  -4.5792007446289062E-01  -4.7535225749015808E-01   2.7426883578300476E-01   5.2834051847457886E-01  -6.0657918453216553E-02  -6.5341979265213013E-01   3.4392994642257690E-01   9.7051473858300596E-05
     1      653   1.2497558593750000E+02   1.6854065656661987E+00   3.3534684777259827E-01  -4.9140539020299911E-02   4.7246151370927691E-04   6.6126865567639470E-04  -2.7809030143544078E-05  -8.4125294961268082E-06   8.5385528336701100E-07  -1.8232675813578680E-08   9.7130453586578369E-01  -4.1234207153320312E-01  -4.9483990669250488E-01   2.2786760330200195E-01   5.1423746347427368E-01  -2.8172060847282410E-02  -6.1543381214141846E-01   3.1171819567680359E-01   7.0871727075427771E-05
     1      654   1.2500000000000000E+02   1.6303442716598511E+00   2.6585978269577026E-01  -4.7806866466999054E-02   2.1371545735746622E-03   5.9774663532152772E-04  -6.1312828620430082E-05  -8.2417609519325197E-06   1.6218815517277108E-06  -7.3109490017486678E-08   1.0161281824111938E+00  -3.9473903179168701E-01  -5.2468198537826538E-01   2.1072120964527130E-01   5.3088021278381348E-01  -1.1927231214940548E-02  -6.2890750169754028E-01   3.1276178359985352E-01   5.6614440836710855E-05
     2        1   9.9999997473787516E-06   5.4460693359375000E+01   8.4597110748291016E+00  -1.5393915176391602E+00   6.6723190248012543E-02   1.9255276769399643E-02  -1.8392603378742933E-03  -2.6307126972824335E-04   4.7893783630570397E-05  -2.0366280750749866E-06   3.9686367034912109E+01  -4.0761189460754395E+00  -1.1663585662841797E+01   7.1994171142578125E+00   1.5102901458740234E+01  -1.4858863353729248E+00  -1.9345098495483398E+01   1.0127474784851074E+01   1.7788595869205892E-04
     2        2   1.0499999916646630E-05   5.3221313476562500E+01   8.2232427597045898E+00  -1.5022369623184204E+00   6.7059628665447235E-02   1.8694538623094559E-02  -1.8466762267053127E-03  -2.5610820739530027E-04   4.8122816224349663E-05  -2.0942868559359340E-06   3.8762931823730469E+01  -4.1014776229858398E+00  -1.1461380958557129E+01   7.1228065490722656E+00   1.4888707160949707E+01  -1.4548494815826416E+00  -1.9048225402832031E+01   9.9431676864624023E+00   2.5946335517801344E-04
     2        3   1.1000000085914508E-05   5.1749847412109375E+01   8.1222476959228516E+00  -1.4607942104339600E+00   5.9394545853137970E-02   1.8419241532683372E-02  -1.6451117116957903E-03  -2.5005853967741132E-04   4.2811421735677868E-05  -1.7353443126921775E-06   3.7885059356689453E+01  -3.5576455593109131E+00  -1.1112126350402832E+01   6.4198999404907227E+00   1.4071949958801270E+01  -1.0612913370132446E+00  -1.7704908370971680E+01   9.0762758255004883E+00   2.1870306227356195E-04
     2        4   1.1000000085914508E-05   5.1749847412109375E+01   8.1222476959228516E+00  -1.4607942104339600E+00   5.9394545853137970E-02   1.8419241532683372E-02  -1.6451117116957903E-03  -2.5005853967741132E-04   4.2811421735677868E-05  -1.7353443126921775E-06   3.7885059356689453E+01  -3.5576455593109131E+00  -1.1112126350402832E+01   6.4198999404907227E+00   1.4071949958801270E+01  -1.0612913370132446E+00  -1.7704908370971680E+01   9.0762758255004883E+00   2.1870306227356195E-04
     2        5   1.1500000255182385E-05   5.1192237854003906E+01   7.7469568252563477E+00  -1.4448503255844116E+00   7.2196565568447113E-02   1.7661601305007935E-02  -1.9768755882978439E-03  -2.4496001424267888E-04   5.1615559641504660E-05  -2.4183225377782946E-06   3.7009956359863281E+01  -4.5172848701477051E+00  -1.1033191680908203E+01   7.5585608482360840E+00   1.4845562934875488E+01  -1.9418760538101196E+00  -1.9472475051879883E+01   1.0449077606201172E+01   2.0037846115883440E-04
     2        6   1.2000000424450263E-05   4.9584945678710938E+01   7.7613639831542969E+00  -1.3981716632843018E+00   5.7852979749441147E-02   1.7574565485119820E-02  -1.6024835640564561E-03  -2.3889858857728541E-04   4.1743733163457364E-05  -1.7218201264768140E-06   3.6290386199951172E+01  -3.4638383388519287E+00  -1.0671154022216797E+01   6.1990480422973633E+00   1.3539389610290527E+01  -1.0395706892013550E+00  -1.7051389694213867E+01   8.7508668899536133E+00   2.6708780205808580E-04
     2        7   1.2999999853491317E-05   4.7390148162841797E+01   7.5490288734436035E+00  -1.3367183208465576E+00   4.9323171377182007E-02   1.7057862132787704E-02  -1.3763402821496129E-03  -2.2966110554989427E-04   3.5764496715273708E-05  -1.3298492831381736E-06   3.4875411987304688E+01  -2.8709552288055420E+00  -1.0156384468078613E+01   5.4145250320434570E+00   1.2518201828002930E+01  -6.5367376804351807E-01  -1.5475220680236816E+01   7.7934288978576660E+00   1.7147432663477957E-04
     2        8   1.4000000192027073E-05   4.6598865509033203E+01   6.9759588241577148E+00  -1.3179144859313965E+00   6.9696001708507538E-02   1.5991382300853729E-02  -1.8998748855665326E-03  -2.2361439187079668E-04   4.9566016969038174E-05  -2.3857385258452268E-06   3.3481822967529297E+01  -4.4413700103759766E+00  -9.9776725769042969E+00   7.3501577377319336E+00   1.3792160034179688E+01  -2.1869003772735596E+00  -1.8474142074584961E+01   1.0143341064453125E+01   2.1241200738586485E-04
     2        9   1.4999999621068127E-05   4.4239562988281250E+01   6.9863076210021973E+00  -1.2458826303482056E+00   4.8883438110351562E-02   1.5759389847517014E-02  -1.3613032642751932E-03  -2.1316891070455313E-04   3.5460325307212770E-05  -1.4044920817468665E-06   3.2482028961181641E+01  -2.8742811679840088E+00  -9.5090589523315430E+00   5.2740545272827148E+00   1.1872696876525879E+01  -7.6075303554534912E-01  -1.4813052177429199E+01   7.5364661216735840E+00   2.3993573267944157E-04
     2       10   1.5999999959603883E-05   4.3071945190429688E+01   6.6806659698486328E+00  -1.2115070819854736E+00   5.3142741322517395E-02   1.5081504359841347E-02  -1.4704749919474125E-03  -2.0608805061783642E-04   3.8385300285881385E-05  -1.6631903463348863E-06   3.1458309173583984E+01  -3.2013428211212158E+00  -9.3131675720214844E+00   5.5868473052978516E+00   1.1952046394348145E+01  -1.0223393440246582E+00  -1.5149708747863770E+01   7.8209195137023926E+00   1.7137019312940538E-04
     2       11   1.7000000298139639E-05   4.2012523651123047E+01   6.4267592430114746E+00  -1.1860116720199585E+00   5.6459221988916397E-02   1.4637202024459839E-02  -1.5493780374526978E-03  -2.0217114069964737E-04   4.0368810005020350E-05  -1.8270720829605125E-06   3.0436733245849609E+01  -3.5088284015655518E+00  -9.0000238418579102E+00   6.0044174194335938E+00   1.1975914955139160E+01  -1.5079391002655029E+00  -1.5665081024169922E+01   8.4028234481811523E+00   1.7255081911571324E-04
     2       12   1.8000000636675395E-05   4.0741882324218750E+01   6.2717790603637695E+00  -1.1484934091567993E+00   5.2820421755313873E-02   1.4237740077078342E-02  -1.4536838280037045E-03  -1.9587739370763302E-04   3.7870202504564077E-05  -1.6784534864200396E-06   2.9612504959106445E+01  -3.2445504665374756E+00  -8.7567186355590820E+00   5.5989007949829102E+00   1.1479899406433105E+01  -1.2611677646636963E+00  -1.4831860542297363E+01   7.8404145240783691E+00   2.2762360458727926E-04
     2       13   1.8999999156221747E-05   3.9739345550537109E+01   6.0797281265258789E+00  -1.1201418638229370E+00   5.3343538194894791E-02   1.3808749616146088E-02  -1.4658245490863919E-03  -1.9064931257162243E-04   3.8224123272811994E-05  -1.7360212041239720E-06   2.8813955307006836E+01  -3.3043367862701416E+00  -8.5399551391601562E+00   5.6382799148559570E+00   1.1329401969909668E+01  -1.3600790500640869E+00  -1.4749186515808105E+01   7.8520488739013672E+00   2.2142357192933559E-04
     2       14   1.9999999494757503E-05   3.8852367401123047E+01   5.8956646919250488E+00  -1.0966837406158447E+00   5.4621152579784393E-02   1.3440676033496857E-02  -1.4957813546061516E-03  -1.8666536197997630E-04   3.8993137422949076E-05  -1.8141098507840070E-06   2.8049789428710938E+01  -3.4283735752105713E+00  -8.3121576309204102E+00   5.7920479774475098E+00   1.1238410949707031E+01  -1.5914797782897949E+00  -1.4875626564025879E+01   8.0796213150024414E+00   1.5884912863839418E-04
     2       15   2.2000000171829015E-05   3.6613742828369141E+01   5.7491497993469238E+00  -1.0276267528533936E+00   4.2078908532857895E-02   1.2909771874547005E-02  -1.1718394234776497E-03  -1.7532451602164656E-04   3.0561222956748679E-05  -1.2587189530677279E-06   2.6865768432617188E+01  -2.4750509262084961E+00  -7.9181618690490723E+00   4.4400610923767090E+00   9.9278898239135742E+00  -6.4808219671249390E-01  -1.2392984390258789E+01   6.2952971458435059E+00   1.6512234287802130E-04
     2       16   2.4000000848900527E-05   3.5282726287841797E+01   5.4360136985778809E+00  -9.9088466167449951E-01   4.5583408325910568E-02   1.2251641601324081E-02  -1.2596773449331522E-03  -1.6840173339005560E-04   3.2891672162804753E-05  -1.4708238040839205E-06   2.5692316055297852E+01  -2.7668485641479492E+00  -7.6160073280334473E+00   4.7685303688049316E+00   9.9086608886718750E+00  -1.0212491750717163E+00  -1.2738052368164062E+01   6.6999955177307129E+00   1.9490832346491516E-04
     2       17   2.5999999706982635E-05   3.3858127593994141E+01   5.2345781326293945E+00  -9.4902169704437256E-01   4.2796712368726730E-02   1.1758613400161266E-02  -1.1852362658828497E-03  -1.6128193237818778E-04   3.0941679142415524E-05  -1.3668378642250900E-06   2.4720079421997070E+01  -2.5726790428161621E+00  -7.3523287773132324E+00   4.4311776161193848E+00   9.4520101547241211E+00  -8.1439995765686035E-01  -1.1984753608703613E+01   6.1847610473632812E+00   1.4336429012473673E-04
     2       18   2.8000000384054147E-05   3.2683090209960938E+01   5.0395207405090332E+00  -9.1787445545196533E-01   4.2232479900121689E-02   1.1359102092683315E-02  -1.1668800143525004E-03  -1.5627020911779255E-04   3.0441118724411353E-05  -1.3572138186646043E-06   2.3783588409423828E+01  -2.5709075927734375E+00  -7.0394663810729980E+00   4.4401683807373047E+00   9.1807670593261719E+00  -9.7555774450302124E-01  -1.1833669662475586E+01   6.2391319274902344E+00   1.5037159027997404E-04
     2       19   2.9000000722589903E-05   3.2020725250244141E+01   4.9791765213012695E+00  -8.9755344390869141E-01   3.9309032261371613E-02   1.1175021529197693E-02  -1.0909294942393899E-03  -1.5289196744561195E-04   2.8458827728172764E-05  -1.2303269159019692E-06   2.3405334472656250E+01  -2.3496348857879639E+00  -6.9291849136352539E+00   4.1087265014648438E+00   8.8508586883544922E+00  -7.3919570446014404E-01  -1.1206681251525879E+01   5.7839746475219727E+00   1.8227593682240695E-04
     2       20   3.0999999580672011E-05   3.0909206390380859E+01   4.8427653312683105E+00  -8.6632347106933594E-01   3.6375410854816437E-02   1.0851922444999218E-02  -1.0130517184734344E-03  -1.4790147542953491E-04   2.6412615625304170E-05  -1.1068858611906762E-06   2.2638580322265625E+01  -2.1502633094787598E+00  -6.6645159721374512E+00   3.8422474861145020E+00   8.4227647781372070E+00  -6.5568202733993530E-01  -1.0626079559326172E+01   5.4790558815002441E+00   1.6041392518673092E-04
     2       21   3.3000000257743523E-05   2.9965351104736328E+01   4.6960277557373047E+00  -8.3965271711349487E-01   3.5266190767288208E-02   1.0519802570343018E-02  -9.8215334583073854E-04  -1.4341369387693703E-04   2.5599461878300644E-05  -1.0720900718297344E-06   2.1945129394531250E+01  -2.0874168872833252E+00  -6.4630212783813477E+00   3.7252531051635742E+00   8.1691741943359375E+00  -6.3013029098510742E-01  -1.0299192428588867E+01   5.3018093109130859E+00   1.4676533464808017E-04
     2       22   3.5000000934815034E-05   2.9174932479858398E+01   4.5354743003845215E+00  -8.1680601835250854E-01   3.6051943898200989E-02   1.0157790035009384E-02  -1.0013761930167675E-03  -1.3914746523369104E-04   2.6125264412257820E-05  -1.1359846894265502E-06   2.1314620971679688E+01  -2.1567656993865967E+00  -6.3096375465393066E+00   3.7661890983581543E+00   8.0744981765747070E+00  -7.0075279474258423E-01  -1.0252216339111328E+01   5.3112096786499023E+00   1.5716897905804217E-04
     2       23   3.6999997973907739E-05   2.8481559753417969E+01   4.3779854774475098E+00  -7.9691582918167114E-01   3.7571888417005539E-02   9.8089333623647690E-03  -1.0401363251730800E-03  -1.3532485172618181E-04   2.7166790459887125E-05  -1.2352008980087703E-06   2.0727725982666016E+01  -2.2764546871185303E+00  -6.1625604629516602E+00   3.8881325721740723E+00   8.0361070632934570E+00  -8.5515922307968140E-01  -1.0359825134277344E+01   5.4660844802856445E+00   1.8695466860663146E-04
     2       24   3.8999998650979251E-05   2.7930717468261719E+01   4.2065243721008301E+00  -7.8191310167312622E-01   4.0977675467729568E-02   9.4633623957633972E-03  -1.1266310466453433E-03  -1.3225714792497456E-04   2.9444971005432308E-05  -1.4210177141649183E-06   2.0170776367187500E+01  -2.5481121540069580E+00  -6.0474176406860352E+00   4.2014594078063965E+00   8.1713256835937500E+00  -1.1276042461395264E+00  -1.0782858848571777E+01   5.8278923034667969E+00   2.1871498029213399E-04
     2       25   4.0999999328050762E-05   2.7018722534179688E+01   4.1710410118103027E+00  -7.5348567962646484E-01   3.4744877368211746E-02   9.2844329774379730E-03  -9.6623052377253771E-04  -1.2768789019901305E-04   2.5269657271564938E-05  -1.1399432651160168E-06   1.9730669021606445E+01  -2.0721089839935303E+00  -5.8822107315063477E+00   3.5466518402099609E+00   7.5539464950561523E+00  -6.7468196153640747E-01  -9.6086015701293945E+00   4.9889407157897949E+00   1.8183377687819302E-04
     2       26   4.3000000005122274E-05   2.6418886184692383E+01   4.0716466903686523E+00  -7.3803669214248657E-01   3.4488379955291748E-02   9.0910587459802628E-03  -9.5715094357728958E-04  -1.2532141408883035E-04   2.5009097953443415E-05  -1.1328777418384561E-06   1.9241727828979492E+01  -2.0809993743896484E+00  -5.7160735130310059E+00   3.5684120655059814E+00   7.4238085746765137E+00  -7.6992273330688477E-01  -9.5530691146850586E+00   5.0323624610900879E+00   1.8844068108592182E-04
     2       27   4.6000001020729542E-05   2.5554037094116211E+01   3.9358518123626709E+00  -7.1292901039123535E-01   3.3479075878858566E-02   8.7696928530931473E-03  -9.2972401762381196E-04  -1.2095476267859340E-04   2.4299244614667259E-05  -1.1054829656131915E-06   1.8618818283081055E+01  -2.0177595615386963E+00  -5.5464434623718262E+00   3.4406385421752930E+00   7.1920475959777832E+00  -7.1579110622406006E-01  -9.2219734191894531E+00   4.8285851478576660E+00   1.6608741134405136E-04
     2       28   4.9999998736893758E-05   2.4509334564208984E+01   3.7822263240814209E+00  -6.8319588899612427E-01   3.1872540712356567E-02   8.4098875522613525E-03  -8.8663311908021569E-04  -1.1592824739636853E-04   2.3179010895546526E-05  -1.0513664392419741E-06   1.7865398406982422E+01  -1.9137498140335083E+00  -5.3127202987670898E+00   3.2792696952819824E+00   6.8703708648681641E+00  -6.9055426120758057E-01  -8.8205728530883789E+00   4.6380772590637207E+00   1.3206787116359919E-04
     2       29   5.2999999752501026E-05   2.3844421386718750E+01   3.6674244403839111E+00  -6.6480332612991333E-01   3.1652219593524933E-02   8.1665795296430588E-03  -8.7856786558404565E-04  -1.1295109288766980E-04   2.2940306735108607E-05  -1.0488464567970368E-06   1.7351093292236328E+01  -1.9160110950469971E+00  -5.1694798469543457E+00   3.2548058032989502E+00   6.7346343994140625E+00  -7.1312522888183594E-01  -8.6794528961181641E+00   4.5753197669982910E+00   1.6990191943477839E-04
     2       30   5.6000000768108293E-05   2.3073003768920898E+01   3.6130018234252930E+00  -6.4234000444412231E-01   2.7672819793224335E-02   7.9999389126896858E-03  -7.7513454016298056E-04  -1.0942349763354287E-04   2.0242014215909876E-05  -8.7040774587876513E-07   1.6900100708007812E+01  -1.6275929212570190E+00  -4.9968442916870117E+00   2.8724091053009033E+00   6.3040485382080078E+00  -4.9330624938011169E-01  -7.9590716361999512E+00   4.1089358329772949E+00   1.7521706467960030E-04
     2       31   5.9000001783715561E-05   2.2512910842895508E+01   3.5066566467285156E+00  -6.2499511241912842E-01   2.7796279639005661E-02   7.7308784238994122E-03  -7.7895011054351926E-04  -1.0599332017591223E-04   2.0383262381074019E-05  -9.0206253844371531E-07   1.6489576339721680E+01  -1.6328860521316528E+00  -4.9090790748596191E+00   2.8280756473541260E+00   6.2030425071716309E+00  -4.7134470939636230E-01  -7.8130869865417480E+00   4.0143570899963379E+00   1.0437583841849118E-04
     2       32   6.2999999499879777E-05   2.1949478149414062E+01   3.3543348312377930E+00  -6.1126905679702759E-01   3.0367830768227577E-02   7.4563589878380299E-03  -8.4222288569435477E-04  -1.0369152005296201E-04   2.2008394807926379E-05  -1.0329982842449681E-06   1.5918081283569336E+01  -1.8597716093063354E+00  -4.7503557205200195E+00   3.1217012405395508E+00   6.2795758247375488E+00  -7.6861238479614258E-01  -8.1978025436401367E+00   4.3870620727539062E+00   1.8125066708307713E-04
     2       33   6.9000001531094313E-05   2.0853412628173828E+01   3.2461688518524170E+00  -5.7805156707763672E-01   2.6026137173175812E-02   7.1346326731145382E-03  -7.3037284892052412E-04  -9.8003605671692640E-05   1.9119312128168531E-05  -8.5383726400323212E-07   1.5258535385131836E+01  -1.5351690053939819E+00  -4.5423707962036133E+00   2.6506230831146240E+00   5.7606706619262695E+00  -4.7182953357696533E-01  -7.2923474311828613E+00   3.7707209587097168E+00   1.7482055409345776E-04
     2       34   7.5000003562308848E-05   2.0104934692382812E+01   3.0881545543670654E+00  -5.5700761079788208E-01   2.7126193046569824E-02   6.7912423983216286E-03  -7.5754441786557436E-04  -9.4145456387195736E-05   1.9842313122353517E-05  -9.2907924909013673E-07   1.4634258270263672E+01  -1.6361160278320312E+00  -4.3839330673217773E+00   2.7440040111541748E+00   5.6968574523925781E+00  -5.9407186508178711E-01  -7.3344597816467285E+00   3.8612895011901855E+00   1.8694129539653659E-04
     2       35   8.0999998317565769E-05   1.9180255889892578E+01   3.0346341133117676E+00  -5.3027558326721191E-01   2.1827993914484978E-02   6.6189491190016270E-03  -6.1961985193192959E-04  -9.0130481112282723E-05   1.6227053492912091E-05  -6.8480790105240885E-07   1.4108250617980957E+01  -1.2536406517028809E+00  -4.1725273132324219E+00   2.2431895732879639E+00   5.1451797485351562E+00  -3.0153867602348328E-01  -6.4010472297668457E+00   3.2519769668579102E+00   1.2350852193776518E-04
     2       36   8.8000000687316060E-05   1.8584659576416016E+01   2.8598072528839111E+00  -5.1368540525436401E-01   2.5013105943799019E-02   6.2538771890103817E-03  -7.0115900598466396E-04  -8.6705833382438868E-05   1.8389453543932177E-05  -8.6462580384250032E-07   1.3527106285095215E+01  -1.5080312490463257E+00  -4.0495076179504395E+00   2.5315389633178711E+00   5.2540383338928223E+00  -5.6082373857498169E-01  -6.7809987068176270E+00   3.5880365371704102E+00   1.7564449808560312E-04
     2       37   9.4000002718530595E-05   1.7895957946777344E+01   2.8013095855712891E+00  -4.9345359206199646E-01   2.1908586844801903E-02   6.0820165090262890E-03  -6.2071252614259720E-04  -8.3427963545545936E-05   1.6295547538902611E-05  -7.2913542226160644E-07   1.3111664772033691E+01  -1.2837219238281250E+00  -3.9023230075836182E+00   2.2246165275573730E+00   4.9025917053222656E+00  -3.8262328505516052E-01  -6.1929326057434082E+00   3.2039000988006592E+00   1.4187752094585449E-04
     2       38   9.9999997473787516E-05   1.7438110351562500E+01   2.6965384483337402E+00  -4.8110800981521606E-01   2.2983614355325699E-02   5.8706076815724373E-03  -6.4683635719120502E-04  -8.1257450801786035E-05   1.6968577256193385E-05  -7.9024874821698177E-07   1.2707161903381348E+01  -1.3827480077743530E+00  -3.8029038906097412E+00   2.3287055492401123E+00   4.8973917961120605E+00  -4.8982182145118713E-01  -6.2889399528503418E+00   3.3076529502868652E+00   1.5803280984982848E-04
     2       39   1.0599999950500205E-04   1.6894563674926758E+01   2.6392710208892822E+00  -4.6522507071495056E-01   2.1048828959465027E-02   5.7157650589942932E-03  -5.9655628865584731E-04  -7.8602839494124055E-05   1.5665133105358109E-05  -7.0976699362290674E-07   1.2359891891479492E+01  -1.2463948726654053E+00  -3.6895568370819092E+00   2.1340169906616211E+00   4.6588239669799805E+00  -3.7993592023849487E-01  -5.8994183540344238E+00   3.0547349452972412E+00   1.0373485565651208E-04
     2       40   1.1300000187475234E-04   1.6392904281616211E+01   2.5530519485473633E+00  -4.5066279172897339E-01   2.0837593823671341E-02   5.5097937583923340E-03  -5.9112551389262080E-04  -7.5922369433101267E-05   1.5545463611488231E-05  -7.1680119617667515E-07   1.1981593132019043E+01  -1.2391262054443359E+00  -3.5863699913024902E+00   2.1007385253906250E+00   4.5468378067016602E+00  -3.9075821638107300E-01  -5.7773962020874023E+00   3.0040132999420166E+00   1.4668637595605105E-04
     2       41   1.1899999663000926E-04   1.5947041511535645E+01   2.5047435760498047E+00  -4.3811193108558655E-01   1.9351603463292122E-02   5.3905267268419266E-03  -5.5201660143211484E-04  -7.3913950473070145E-05   1.4523086974804755E-05  -6.5285985328955576E-07   1.1683769226074219E+01  -1.1404126882553101E+00  -3.4846212863922119E+00   1.9645681381225586E+00   4.3592753410339355E+00  -3.2679250836372375E-01  -5.4939942359924316E+00   2.8341054916381836E+00   1.2647296534851193E-04
     2       42   1.2500000593718141E-04   1.5649890899658203E+01   2.4209492206573486E+00  -4.2985785007476807E-01   2.0795499905943871E-02   5.2110869437456131E-03  -5.8947229990735650E-04  -7.2138580435421318E-05   1.5532714314758778E-05  -7.3866846150849597E-07   1.1395860671997070E+01  -1.2576508522033691E+00  -3.4176077842712402E+00   2.1020197868347168E+00   4.4019527435302734E+00  -4.5994952321052551E-01  -5.6756234169006348E+00   3.0044779777526855E+00   1.5837051614653319E-04
     2       43   1.3150001177564263E-04   1.5198350906372070E+01   2.3835198879241943E+00  -4.1608473658561707E-01   1.8632886931300163E-02   5.0937593914568424E-03  -5.3332792595028877E-04  -6.9896705099381506E-05   1.4062548871152103E-05  -6.4261035959134460E-07   1.1141219139099121E+01  -1.0984878540039062E+00  -3.3442361354827881E+00   1.8623769283294678E+00   4.1697087287902832E+00  -2.8357991576194763E-01  -5.2234878540039062E+00   2.6687521934509277E+00   1.6540470824111253E-04
     2       44   1.3800000306218863E-04   1.4883115768432617E+01   2.3223617076873779E+00  -4.0813753008842468E-01   1.8938062712550163E-02   4.9749715253710747E-03  -5.4030201863497496E-04  -6.8565641413442791E-05   1.4245839338400401E-05  -6.6360161099510151E-07   1.0863187789916992E+01  -1.1395570039749146E+00  -3.2525482177734375E+00   1.9224500656127930E+00   4.1309399604797363E+00  -3.7859585881233215E-01  -5.2748241424560547E+00   2.7618048191070557E+00   1.5694346802774817E-04
     2       45   1.5000000712461770E-04   1.4245291709899902E+01   2.2492320537567139E+00  -3.8975939154624939E-01   1.6944844275712967E-02   4.7873123548924923E-03  -4.8823744873516262E-04  -6.5487140091136098E-05   1.2894949577457737E-05  -5.8187356444250327E-07   1.0441311836242676E+01  -1.0060861110687256E+00  -3.1214616298675537E+00   1.7232128381729126E+00   3.8752565383911133E+00  -2.6673868298530579E-01  -4.8613448143005371E+00   2.4931840896606445E+00   9.3111266323830932E-05
     2       46   1.6300000424962491E-04   1.3695849418640137E+01   2.1612124443054199E+00  -3.7435379624366760E-01   1.6434270888566971E-02   4.5858412049710751E-03  -4.7441598144359887E-04  -6.2780083680991083E-05   1.2546793186629657E-05  -5.7198451486328850E-07   1.0026928901672363E+01  -9.8577129840850830E-01  -3.0027706623077393E+00   1.6743184328079224E+00   3.7384119033813477E+00  -2.7128711342811584E-01  -4.7034497261047363E+00   2.4211418628692627E+00   1.0551842569839209E-04
     2       47   1.7499999376013875E-04   1.3209740638732910E+01   2.1005089282989502E+00  -3.6064180731773376E-01   1.5168410725891590E-02   4.4396435841917992E-03  -4.4103272375650704E-04  -6.0511090850923210E-05   1.1676777830871288E-05  -5.2066712896703393E-07   9.6911449432373047E+00  -9.0584301948547363E-01  -2.8979408740997314E+00   1.5536755323410034E+00   3.5609402656555176E+00  -2.1547727286815643E-01  -4.4386096000671387E+00   2.2606682777404785E+00   1.1933520727325231E-04
     2       48   1.8800000543706119E-04   1.2791249275207520E+01   2.0238878726959229E+00  -3.4892019629478455E-01   1.5236132778227329E-02   4.2634592391550541E-03  -4.4292106758803129E-04  -5.8260699006495997E-05   1.1758672371797729E-05  -5.4095113455332466E-07   9.3567714691162109E+00  -9.2606455087661743E-01  -2.8050513267517090E+00   1.5636690855026245E+00   3.4882946014404297E+00  -2.5911548733711243E-01  -4.3958706855773926E+00   2.2694535255432129E+00   1.2802121636923403E-04
     2       49   1.9999999494757503E-04   1.2444009780883789E+01   1.9619803428649902E+00  -3.3987557888031006E-01   1.5239791944622993E-02   4.1420087218284607E-03  -4.4154372881166637E-04  -5.6817800214048475E-05   1.1708986676239874E-05  -5.4468404186991393E-07   9.0724639892578125E+00  -9.4546222686767578E-01  -2.7235934734344482E+00   1.5766832828521729E+00   3.4279375076293945E+00  -2.9911950230598450E-01  -4.3630900382995605E+00   2.2788159847259521E+00   1.3345922343432903E-04
     2       50   2.1899999410379678E-04   1.1968034744262695E+01   1.8693169355392456E+00  -3.2719314098358154E-01   1.5607184730470181E-02   3.9476230740547180E-03  -4.5023646089248359E-04  -5.4515458032255992E-05   1.1952025488426443E-05  -5.7618649407231715E-07   8.6714639663696289E+00  -9.9759095907211304E-01  -2.6114397048950195E+00   1.6284651756286621E+00   3.3690133094787598E+00  -3.8299065828323364E-01  -4.3759059906005859E+00   2.3385248184204102E+00   1.1283710773568600E-04
     2       51   2.3799999326001853E-04   1.1429294586181641E+01   1.8235352039337158E+00  -3.1126466393470764E-01   1.3107215985655785E-02   3.8097889628261328E-03  -3.8558710366487503E-04  -5.1821269153151661E-05   1.0279993148287758E-05  -4.6914325935176748E-07   8.3529109954833984E+00  -8.2193070650100708E-01  -2.5130763053894043E+00   1.3687833547592163E+00   3.0980577468872070E+00  -2.0730696618556976E-01  -3.8803880214691162E+00   1.9877380132675171E+00   1.1938680836465210E-04
     2       52   2.5599999935366213E-04   1.1080375671386719E+01   1.7567845582962036E+00  -3.0240210890769958E-01   1.3349269516766071E-02   3.6787586286664009E-03  -3.9081930299289525E-04  -5.0293572712689638E-05   1.0420691069157328E-05  -4.8827575938048540E-07   8.0518388748168945E+00  -8.6314141750335693E-01  -2.4234321117401123E+00   1.4161225557327271E+00   3.0534303188323975E+00  -2.8409677743911743E-01  -3.9041604995727539E+00   2.0521664619445801E+00   1.0367690265411511E-04
     2       53   2.7499999850988388E-04   1.0661202430725098E+01   1.7197458744049072E+00  -2.9057973623275757E-01   1.1503527872264385E-02   3.5835725720971823E-03  -3.4222239628434181E-04  -4.8460944526595995E-05   9.1432693807291798E-06  -4.0404864876109059E-07   7.7915325164794922E+00  -7.3900520801544189E-01  -2.3389194011688232E+00   1.2354625463485718E+00   2.8492693901062012E+00  -1.7252396047115326E-01  -3.5521488189697266E+00   1.8153170347213745E+00   1.0833048872882500E-04
     2       54   2.9399999766610563E-04   1.0369930267333984E+01   1.6589443683624268E+00  -2.8274828195571899E-01   1.1877113953232765E-02   3.4575790632516146E-03  -3.5109542659483850E-04  -4.7007481043692678E-05   9.3830503828939982E-06  -4.3047668896178948E-07   7.5452237129211426E+00  -7.8234088420867920E-01  -2.2807645797729492E+00   1.2697501182556152E+00   2.8258664608001709E+00  -2.1446515619754791E-01  -3.5632588863372803E+00   1.8428654670715332E+00   1.3125744590070099E-04
     2       55   3.1299999682232738E-04   1.0046810150146484E+01   1.6262434720993042E+00  -2.7440148591995239E-01   1.0708914138376713E-02   3.3915576059371233E-03  -3.1959582702256739E-04  -4.5812881580786780E-05   8.5462943388847634E-06  -3.7488641169147741E-07   7.3199567794799805E+00  -7.1531552076339722E-01  -2.2012674808502197E+00   1.1786568164825439E+00   2.6901538372039795E+00  -1.7616139352321625E-01  -3.3657636642456055E+00   1.7263307571411133E+00   1.0132544412044808E-04
     2       56   3.3099998836405575E-04   9.7949876785278320E+00   1.5853972434997559E+00  -2.6721730828285217E-01   1.0462034493684769E-02   3.2914136536419392E-03  -3.1348795164376497E-04  -4.4368021917762235E-05   8.4177754615666345E-06  -3.7534286434492969E-07   7.1324882507324219E+00  -7.0633316040039062E-01  -2.1522212028503418E+00   1.1504369974136353E+00   2.6272990703582764E+00  -1.7130345106124878E-01  -3.2860367298126221E+00   1.6860818862915039E+00   1.1485662253107876E-04
     2       57   3.4999998752027750E-04   9.5977182388305664E+00   1.5353978872299194E+00  -2.6291358470916748E-01   1.1191463097929955E-02   3.2132002525031567E-03  -3.3052885555662215E-04  -4.3743108108174056E-05   8.8427232185495086E-06  -4.0918217791841016E-07   6.9315843582153320E+00  -7.8192210197448730E-01  -2.0986998081207275E+00   1.2421590089797974E+00   2.6473760604858398E+00  -2.6397168636322021E-01  -3.4001767635345459E+00   1.7987318038940430E+00   1.4589130296371877E-04
     2       58   3.6899998667649925E-04   9.3466711044311523E+00   1.5086529254913330E+00  -2.5597399473190308E-01   1.0291315615177155E-02   3.1514842994511127E-03  -3.0644176877103746E-04  -4.2665167711675167E-05   8.2061460489057936E-06  -3.6804050296268542E-07   6.7672262191772461E+00  -7.2498857975006104E-01  -2.0501918792724609E+00   1.1524779796600342E+00   2.5407445430755615E+00  -2.0877844095230103E-01  -3.2184829711914062E+00   1.6765161752700806E+00   1.1897949298145249E-04
     2       59   3.8799998583272099E-04   9.0933942794799805E+00   1.4900645017623901E+00  -2.4859486520290375E-01   8.9724687859416008E-03   3.0922638252377510E-03  -2.7244427474215627E-04  -4.1366551158716902E-05   7.3368705670873169E-06  -3.1260651667253114E-07   6.6201944351196289E+00  -6.3417726755142212E-01  -2.0026862621307373E+00   1.0203479528427124E+00   2.4036333560943604E+00  -1.2181871384382248E-01  -2.9703872203826904E+00   1.5041086673736572E+00   1.2543743650894612E-04
     2       60   4.2500000563450158E-04   8.7587671279907227E+00   1.4267416000366211E+00  -2.4025641381740570E-01   9.1022979468107224E-03   2.9801779892295599E-03  -2.7339681400917470E-04  -4.0107650420395657E-05   7.3343767326150555E-06  -3.1821991797187366E-07   6.3400831222534180E+00  -6.6887098550796509E-01  -1.9339778423309326E+00   1.0392225980758667E+00   2.3601851463317871E+00  -1.5287309885025024E-01  -2.9456245899200439E+00   1.5054630041122437E+00   1.1242248729104176E-04
     2       61   4.6300000394694507E-04   8.4343585968017578E+00   1.3767023086547852E+00  -2.3160724341869354E-01   8.6839618161320686E-03   2.8745685704052448E-03  -2.6162402355112135E-04  -3.8614925870206207E-05   7.0328733272617683E-06  -3.0494595648633549E-07   6.0946049690246582E+00  -6.5487396717071533E-01  -1.8658707141876221E+00   1.0018770694732666E+00   2.2727208137512207E+00  -1.5082804858684540E-01  -2.8399269580841064E+00   1.4559968709945679E+00   1.3139862858224660E-04
     2       62   5.0000002374872565E-04   8.1489858627319336E+00   1.3376073837280273E+00  -2.2432398796081543E-01   8.1022214144468307E-03   2.7997882571071386E-03  -2.4513347307220101E-04  -3.7485726352315396E-05   6.5947670009336434E-06  -2.7905812771678029E-07   5.8809280395507812E+00  -6.3040286302566528E-01  -1.8018797636032104E+00   9.5649081468582153E-01   2.1826295852661133E+00  -1.4205355942249298E-01  -2.7245225906372070E+00   1.3989341259002686E+00   1.7093162750825286E-04
     2       63   5.3100002696737647E-04   7.9613580703735352E+00   1.2997426986694336E+00  -2.1986179053783417E-01   8.2904119044542313E-03   2.7382133994251490E-03  -2.4825675063766539E-04  -3.6853474739473313E-05   6.6551392592373304E-06  -2.8617469638447801E-07   5.7168102264404297E+00  -6.6104561090469360E-01  -1.7625783681869507E+00   9.8059207201004028E-01   2.1671469211578369E+00  -1.7047068476676941E-01  -2.7318294048309326E+00   1.4164056777954102E+00   1.3416160072665662E-04
     2       64   5.6299997959285975E-04   7.7764310836791992E+00   1.2660410404205322E+00  -2.1519444882869720E-01   8.2914810627698898E-03   2.6767810340970755E-03  -2.4705746909603477E-04  -3.6109064240008593E-05   6.6150701059086714E-06  -2.8717866484839760E-07   5.5658068656921387E+00  -6.7426919937133789E-01  -1.7258080244064331E+00   9.8208934068679810E-01   2.1365821361541748E+00  -1.8249738216400146E-01  -2.7060120105743408E+00   1.4096664190292358E+00   1.2040415458614007E-04
     2       65   5.9399998281151056E-04   7.5684041976928711E+00   1.2484810352325439E+00  -2.0920889079570770E-01   7.3051480576395988E-03   2.6295094285160303E-03  -2.2108104894869030E-04  -3.5161039704689756E-05   5.9332401178835426E-06  -2.4213971983044758E-07   5.4432148933410645E+00  -6.0634213685989380E-01  -1.6906640529632568E+00   8.7672048807144165E-01   2.0291278362274170E+00  -1.1153671890497208E-01  -2.5083010196685791E+00   1.2713270187377930E+00   1.3840571045875549E-04
     2       66   6.2499998603016138E-04   7.4574356079101562E+00   1.2086890935897827E+00  -2.0685699582099915E-01   8.2456618547439575E-03   2.5652179028838873E-03  -2.4421542184427381E-04  -3.4724289434961975E-05   6.5316394284309354E-06  -2.8855512823611207E-07   5.3117094039916992E+00  -6.8981701135635376E-01  -1.6652153730392456E+00   9.7347497940063477E-01   2.0772581100463867E+00  -1.9542576372623444E-01  -2.6464750766754150E+00   1.3886954784393311E+00   1.2080213491572067E-04
     2       67   6.8800000008195639E-04   7.1356391906738281E+00   1.1730690002441406E+00  -1.9812653958797455E-01   7.1280431002378464E-03   2.4917377158999443E-03  -2.1342601394280791E-04  -3.3458174584666267E-05   5.7027973525691777E-06  -2.3372392377041251E-07   5.1007699966430664E+00  -6.2148380279541016E-01  -1.6103110313415527E+00   8.5417079925537109E-01   1.9431207180023193E+00  -1.1651957035064697E-01  -2.4074492454528809E+00   1.2227820158004761E+00   1.7917684454005212E-04
     2       68   7.5000000651925802E-04   6.8761730194091797E+00   1.1389361619949341E+00  -1.9125230610370636E-01   6.5196785144507885E-03   2.4195362348109484E-03  -1.9680692639667541E-04  -3.2309984817402437E-05   5.2729565140907653E-06  -2.0916472465160041E-07   4.9130835533142090E+00  -5.9101873636245728E-01  -1.5554412603378296E+00   7.9947686195373535E-01   1.8532811403274536E+00  -9.8767518997192383E-02  -2.2843272686004639E+00   1.1568558216094971E+00   1.8732296302914619E-04
     2       69   8.1300002057105303E-04   6.6948628425598145E+00   1.0910743474960327E+00  -1.8654514849185944E-01   7.1830088272690773E-03   2.3320957552641630E-03  -2.1244862000457942E-04  -3.1511146517004818E-05   5.6650746955710929E-06  -2.4172425128199393E-07   4.7472786903381348E+00  -6.5163874626159668E-01  -1.5310096740722656E+00   8.4734404087066650E-01   1.8675833940505981E+00  -1.3760192692279816E-01  -2.3360557556152344E+00   1.2014358043670654E+00   1.4687166549265385E-04
     2       70   8.7500002700835466E-04   6.4919276237487793E+00   1.0652030706405640E+00  -1.8119052052497864E-01   6.6601647995412350E-03   2.2817547433078289E-03  -1.9772013183683157E-04  -3.0738709028810263E-05   5.2645832511188928E-06  -2.1589511334241251E-07   4.6040143966674805E+00  -6.2380659580230713E-01  -1.4921489953994751E+00   7.9470944404602051E-01   1.7942686080932617E+00  -1.1148058623075485E-01  -2.2231464385986328E+00   1.1320105791091919E+00   1.5941719175316393E-04
     2       71   9.3799998285248876E-04   6.3674683570861816E+00   1.0242929458618164E+00  -1.7867760360240936E-01   7.5489883311092854E-03   2.2230336908251047E-03  -2.1879545238334686E-04  -3.0421806513913907E-05   5.7890106290869880E-06  -2.5515151946819969E-07   4.4614567756652832E+00  -7.0581161975860596E-01  -1.4640299081802368E+00   8.8673239946365356E-01   1.8354945182800293E+00  -1.9425897300243378E-01  -2.3521692752838135E+00   1.2453678846359253E+00   1.7126514285337180E-04
     2       72   1.0000000474974513E-03   6.1759548187255859E+00   1.0099273920059204E+00  -1.7273724079132080E-01   6.5263696014881134E-03   2.1735506597906351E-03  -1.9237052765674889E-04  -2.9403978260233998E-05   5.1033607633144129E-06  -2.1056078480796714E-07   4.3604745864868164E+00  -6.3061535358428955E-01  -1.4403550624847412E+00   7.6545286178588867E-01   1.7262066602706909E+00  -1.0538132488727570E-01  -2.1344885826110840E+00   1.0854016542434692E+00   1.3791321543976665E-04
     2       73   1.0629999451339245E-03   6.0555753707885742E+00   9.8032653331756592E-01  -1.6933938860893250E-01   6.8747689947485924E-03   2.1070812363177538E-03  -2.0148945623077452E-04  -2.8630231099668890E-05   5.3621888582711108E-06  -2.3524900427673856E-07   4.2539606094360352E+00  -6.6274827718734741E-01  -1.4207291603088379E+00   7.9163229465484619E-01   1.7267683744430542E+00  -1.3448879122734070E-01  -2.1637594699859619E+00   1.1186925172805786E+00   1.9257541862316430E-04
     2       74   1.1249999515712261E-03   5.9732747077941895E+00   9.4652330875396729E-01  -1.6738006472587585E-01   7.7630658634006977E-03   2.0467939320951700E-03  -2.2380970767699182E-04  -2.8212585675646551E-05   5.9440435506985523E-06  -2.8038883215231181E-07   4.1534337997436523E+00  -7.3693144321441650E-01  -1.4070366621017456E+00   8.7304419279098511E-01   1.7731730937957764E+00  -2.0281894505023956E-01  -2.2849719524383545E+00   1.2190101146697998E+00   1.7445105186197907E-04
     2       75   1.1869999580085278E-03   5.8233747482299805E+00   9.3806421756744385E-01  -1.6274218261241913E-01   6.8345931358635426E-03   2.0128539763391018E-03  -1.9985076505690813E-04  -2.7410285838413984E-05   5.3254275371727999E-06  -2.3993160880309006E-07   4.0778207778930664E+00  -6.6994732618331909E-01  -1.3883206844329834E+00   7.6780462265014648E-01   1.6801106929779053E+00  -1.2480521947145462E-01  -2.0973577499389648E+00   1.0793204307556152E+00   1.5149844693951309E-04
     2       76   1.2499999720603228E-03   5.7099099159240723E+00   9.2612171173095703E-01  -1.6026258468627930E-01   6.4682415686547756E-03   2.0008995197713375E-03  -1.8910896324086934E-04  -2.7192869310965762E-05   5.0246931095898617E-06  -2.1815964146298938E-07   3.9896991252899170E+00  -6.5598243474960327E-01  -1.3577914237976074E+00   7.4683362245559692E-01   1.6362259387969971E+00  -1.2436056882143021E-01  -2.0455684661865234E+00   1.0574270486831665E+00   1.6409344971179962E-04
     2       77   1.3124999823048711E-03   5.6218037605285645E+00   9.0750020742416382E-01  -1.5791010856628418E-01   6.5892171114683151E-03   1.9641036633402109E-03  -1.9181997049599886E-04  -2.6797342798090540E-05   5.0910894060507417E-06  -2.2497263785226096E-07   3.9152734279632568E+00  -6.7032301425933838E-01  -1.3431466817855835E+00   7.5384247303009033E-01   1.6273092031478882E+00  -1.3632334768772125E-01  -2.0466217994689941E+00   1.0662466287612915E+00   2.0974854123778641E-04
     2       78   1.3749999925494194E-03   5.5120825767517090E+00   8.9476197957992554E-01  -1.5371352434158325E-01   6.1494405381381512E-03   1.9070394337177277E-03  -1.8160014587920159E-04  -2.5790146537474357E-05   4.8583888201392256E-06  -2.1535966254759842E-07   3.8658246994018555E+00  -6.3232481479644775E-01  -1.3465695381164551E+00   6.7516863346099854E-01   1.5751417875289917E+00  -6.2735170125961304E-02  -1.9096333980560303E+00   9.4860970973968506E-01   1.9251639605499804E-04
     2       79   1.5000000130385160E-03   5.3233876228332520E+00   8.8105440139770508E-01  -1.4904607832431793E-01   5.2367197349667549E-03   1.8837782554328442E-03  -1.5692786837462336E-04  -2.5224095224984922E-05   4.1978996705438476E-06  -1.6919375411816873E-07   3.7375249862670898E+00  -5.8040750026702881E-01  -1.2988649606704712E+00   6.0333591699600220E-01   1.4768605232238770E+00  -3.5197913646697998E-02  -1.7687369585037231E+00   8.7109792232513428E-01   2.9411856667138636E-04
     2       80   1.6250000335276127E-03   5.2425150871276855E+00   8.4159034490585327E-01  -1.4758886396884918E-01   6.4360033720731735E-03   1.8243378726765513E-03  -1.8664868548512459E-04  -2.4991331883938983E-05   4.9576042329135817E-06  -2.2550767653228831E-07   3.6182525157928467E+00  -6.8504601716995239E-01  -1.2821688652038574E+00   7.2310310602188110E-01   1.5480496883392334E+00  -1.3491684198379517E-01  -1.9498211145401001E+00   1.0186778306961060E+00   1.9393712864257395E-04
     2       81   1.7500000540167093E-03   5.1155934333801270E+00   8.2489448785781860E-01  -1.4440922439098358E-01   6.1680725775659084E-03   1.7936206422746181E-03  -1.7909801681526005E-04  -2.4556287826271728E-05   4.7500998334726319E-06  -2.1192025201344222E-07   3.5204658508300781E+00  -6.7639493942260742E-01  -1.2537685632705688E+00   7.0283418893814087E-01   1.5050543546676636E+00  -1.3662122189998627E-01  -1.9018646478652954E+00   1.0018460750579834E+00   2.6182716828770936E-04
     2       82   1.8749999580904841E-03   4.9933252334594727E+00   8.1129711866378784E-01  -1.4093805849552155E-01   5.7211453095078468E-03   1.7667042557150126E-03  -1.6638403758406639E-04  -2.4124683477566577E-05   4.3931472646363545E-06  -1.8701619808325631E-07   3.4454455375671387E+00  -6.5002810955047607E-01  -1.2459615468978882E+00   6.4120513200759888E-01   1.4547160863876343E+00  -8.1341557204723358E-02  -1.7843254804611206E+00   9.0472441911697388E-01   2.0648214558605105E-04
     2       83   2.0000000949949026E-03   4.9032778739929199E+00   7.9548066854476929E-01  -1.3879367709159851E-01   5.7300338521599770E-03   1.7350843409076333E-03  -1.6653827333357185E-04  -2.3670774680795148E-05   4.4144439925730694E-06  -1.9241589654939162E-07   3.3638968467712402E+00  -6.6328316926956177E-01  -1.2227022647857666E+00   6.5356439352035522E-01   1.4409337043762207E+00  -1.0523401200771332E-01  -1.7926605939865112E+00   9.2655056715011597E-01   2.4766157730482519E-04
     2       84   2.1879998967051506E-03   4.8026070594787598E+00   7.6625770330429077E-01  -1.3610661029815674E-01   6.2346742488443851E-03   1.6773473471403122E-03  -1.7914436466526240E-04  -2.3128986867959611E-05   4.7456701395276468E-06  -2.2000435251356976E-07   3.2649037837982178E+00  -7.1093302965164185E-01  -1.2125211954116821E+00   6.9132369756698608E-01   1.4577338695526123E+00  -1.3740359246730804E-01  -1.8428883552551270E+00   9.6976947784423828E-01   2.6104834978468716E-04
     2       85   2.3749999236315489E-03   4.6864838600158691E+00   7.5104105472564697E-01  -1.3281942903995514E-01   5.9537547640502453E-03   1.6408559167757630E-03  -1.7169622879009694E-04  -2.2571917725144885E-05   4.5513520490203518E-06  -2.0877958206710900E-07   3.1832008361816406E+00  -6.9881796836853027E-01  -1.1971437931060791E+00   6.5675646066665649E-01   1.4175498485565186E+00  -1.1586370319128036E-01  -1.7735062837600708E+00   9.2287087440490723E-01   2.3505697026848793E-04
     2       86   2.5629999581724405E-03   4.5760803222656250E+00   7.4154025316238403E-01  -1.2989909946918488E-01   5.4689398966729641E-03   1.6214807983487844E-03  -1.5857686230447143E-04  -2.2189638912095688E-05   4.1978469198511448E-06  -1.8434303683534381E-07   3.1100223064422607E+00  -6.7246627807617188E-01  -1.1783314943313599E+00   6.0901993513107300E-01   1.3641104698181152E+00  -8.7936878204345703E-02  -1.6828737258911133E+00   8.6358159780502319E-01   2.5494187138974667E-04
     2       87   2.7499999850988388E-03   4.4670238494873047E+00   7.3600512742996216E-01  -1.2658199667930603E-01   4.7805868089199066E-03   1.5975788701325655E-03  -1.4095843653194606E-04  -2.1604040739475749E-05   3.7461811643879628E-06  -1.5489563054416067E-07   3.0517969131469727E+00  -6.2717783451080322E-01  -1.1654542684555054E+00   5.3362780809402466E-01   1.2966405153274536E+00  -3.3459525555372238E-02  -1.5490839481353760E+00   7.6544106006622314E-01   2.2325653117150068E-04
     2       88   2.9380000196397305E-03   4.3780422210693359E+00   7.3053449392318726E-01  -1.2437490373849869E-01   4.2987545020878315E-03   1.5889076748862863E-03  -1.2789983884431422E-04  -2.1350939277908765E-05   3.3951832847378682E-06  -1.3005492860429513E-07   2.9927084445953369E+00  -6.0178548097610474E-01  -1.1480320692062378E+00   4.9127849936485291E-01   1.2482534646987915E+00  -1.0090984404087067E-02  -1.4690901041030884E+00   7.1489864587783813E-01   3.9630019455216825E-04
     2       89   3.1250000465661287E-03   4.3870239257812500E+00   6.9619089365005493E-01  -1.2498346716165543E-01   6.0075558722019196E-03   1.5289463335648179E-03  -1.7215467232745141E-04  -2.1184368961257860E-05   4.5682222662435379E-06  -2.1819991502525227E-07   2.9306805133819580E+00  -7.3803234100341797E-01  -1.1532094478607178E+00   6.5407413244247437E-01   1.3698267936706543E+00  -1.3536381721496582E-01  -1.7352204322814941E+00   9.1931951045989990E-01   2.3565629089716822E-04
     2       90   3.3120000734925270E-03   4.2935681343078613E+00   6.9792962074279785E-01  -1.2224145233631134E-01   5.1112323999404907E-03   1.5263878740370274E-03  -1.4857234782539308E-04  -2.0849207430728711E-05   3.9417682273779064E-06  -1.7349518088849436E-07   2.8916032314300537E+00  -6.7688268423080444E-01  -1.1431310176849365E+00   5.6008821725845337E-01   1.2922183275222778E+00  -6.2884643673896790E-02  -1.5710283517837524E+00   7.9364347457885742E-01   2.0564103033393621E-04
     2       91   3.5000001080334187E-03   4.2213912010192871E+00   6.9472777843475342E-01  -1.1996447294950485E-01   4.6320855617523193E-03   1.5096321003511548E-03  -1.3640910037793219E-04  -2.0441160813788883E-05   3.6303949855209794E-06  -1.5318610735448601E-07   2.8552277088165283E+00  -6.4414393901824951E-01  -1.1357054710388184E+00   5.0536340475082397E-01   1.2440062761306763E+00  -2.4701701477169991E-02  -1.4766526222229004E+00   7.2652119398117065E-01   2.2839449229650199E-04
     2       92   3.6875000223517418E-03   4.1943941116333008E+00   6.8150264024734497E-01  -1.1958480626344681E-01   5.0507476553320885E-03   1.4903692062944174E-03  -1.4688316150568426E-04  -2.0364015654195100E-05   3.9026845115586184E-06  -1.7362920345931343E-07   2.8107132911682129E+00  -6.8442940711975098E-01  -1.1290971040725708E+00   5.5137354135513306E-01   1.2703864574432373E+00  -6.4630761742591858E-02  -1.5471429824829102E+00   7.8459888696670532E-01   2.6005884865298867E-04
     2       93   3.8749999366700649E-03   4.1539325714111328E+00   6.7101669311523438E-01  -1.1793778836727142E-01   5.1525998860597610E-03   1.4557904796674848E-03  -1.5010232164058834E-04  -1.9907345631509088E-05   4.0038944462139625E-06  -1.8450514005508012E-07   2.7842371463775635E+00  -6.9140535593032837E-01  -1.1362068653106689E+00   5.4087322950363159E-01   1.2688655853271484E+00  -4.9365919083356857E-02  -1.5288239717483521E+00   7.6379543542861938E-01   2.5741948047652841E-04
     2       94   4.0624998509883881E-03   4.1285290718078613E+00   6.6343677043914795E-01  -1.1812426894903183E-01   5.3426525555551052E-03   1.4631660887971520E-03  -1.5351445472333580E-04  -2.0171493815723807E-05   4.0627287489769515E-06  -1.8591934747291816E-07   2.7417159080505371E+00  -7.2003298997879028E-01  -1.1251988410949707E+00   5.7525056600570679E-01   1.2836008071899414E+00  -8.0163896083831787E-02  -1.5756740570068359E+00   8.0378234386444092E-01   2.2783482563681901E-04
     2       95   4.2500002309679985E-03   4.0938763618469238E+00   6.5653240680694580E-01  -1.1707664281129837E-01   5.3777433931827545E-03   1.4441881794482470E-03  -1.5473563689738512E-04  -1.9920058548450470E-05   4.1045686884899624E-06  -1.9087546831997315E-07   2.7128119468688965E+00  -7.2485268115997314E-01  -1.1194564104080200E+00   5.7591271400451660E-01   1.2758685350418091E+00  -8.9447863399982452E-02  -1.5771663188934326E+00   8.1550854444503784E-01   2.5511262356303632E-04
     2       96   4.4375001452863216E-03   4.0024986267089844E+00   6.7043864727020264E-01  -1.1439792066812515E-01   3.9486847817897797E-03   1.4625184703618288E-03  -1.1768456170102581E-04  -1.9635137505247258E-05   3.1312383725889958E-06  -1.2064876386830292E-07   2.6920497417449951E+00  -6.2312871217727661E-01  -1.1017328500747681E+00   4.4089564681053162E-01   1.1607418060302734E+00   6.7905746400356293E-03  -1.3471921682357788E+00   6.4705985784530640E-01   2.4916193797253072E-04
     2       97   4.6250000596046448E-03   3.9940302371978760E+00   6.5941518545150757E-01  -1.1454968899488449E-01   4.4253543019294739E-03   1.4487609732896090E-03  -1.2969892122782767E-04  -1.9650638932944275E-05   3.4434362987667555E-06  -1.4347870092024095E-07   2.6600310802459717E+00  -6.6588747501373291E-01  -1.0967780351638794E+00   4.9373775720596313E-01   1.1928917169570923E+00  -4.0219888091087341E-02  -1.4320299625396729E+00   7.1901249885559082E-01   3.1866511562839150E-04
     2       98   4.9999998882412910E-03   3.9570043087005615E+00   6.4525318145751953E-01  -1.1379806697368622E-01   4.7805155627429485E-03   1.4272984117269516E-03  -1.3830230454914272E-04  -1.9536539184628054E-05   3.6607686979550635E-06  -1.5978029921370762E-07   2.6127882003784180E+00  -7.0258969068527222E-01  -1.0963054895401001E+00   5.2488780021667480E-01   1.2144924402236938E+00  -6.1490457504987717E-02  -1.4767769575119019E+00   7.5053840875625610E-01   2.6358841569162905E-04
     2       99   5.3130001761019230E-03   3.9206027984619141E+00   6.3738077878952026E-01  -1.1282625049352646E-01   4.8398608341813087E-03   1.4114609220996499E-03  -1.3967789709568024E-04  -1.9363376850378700E-05   3.6959170301997801E-06  -1.6330714913692645E-07   2.5804960727691650E+00  -7.1241009235382080E-01  -1.0941815376281738E+00   5.2639019489288330E-01   1.2123941183090210E+00  -6.3646733760833740E-02  -1.4760715961456299E+00   7.5104355812072754E-01   2.8208643198013306E-04
     2      100   5.6250002235174179E-03   3.8799080848693848E+00   6.3220852613449097E-01  -1.1149332672357559E-01   4.7191828489303589E-03   1.3945956015959382E-03  -1.3671930355485529E-04  -1.9086261090706103E-05   3.6244559851184022E-06  -1.5991004431725742E-07   2.5554811954498291E+00  -7.0623081922531128E-01  -1.0944206714630127E+00   5.0514775514602661E-01   1.1958215236663818E+00  -4.6691279858350754E-02  -1.4392348527908325E+00   7.2342872619628906E-01   2.9398300102911890E-04
     2      101   5.9380000457167625E-03   3.8523690700531006E+00   6.2792795896530151E-01  -1.1133682727813721E-01   4.7322642058134079E-03   1.3992573367431760E-03  -1.3621512334793806E-04  -1.9208613593946211E-05   3.5948769436799921E-06  -1.5626729066298140E-07   2.5210311412811279E+00  -7.1813297271728516E-01  -1.0825761556625366E+00   5.2017581462860107E-01   1.1943687200546265E+00  -6.7067712545394897E-02  -1.4582734107971191E+00   7.4659276008605957E-01   3.1844351906329393E-04
     2      102   6.2500000931322575E-03   3.7919559478759766E+00   6.3160717487335205E-01  -1.0914526879787445E-01   4.0124547667801380E-03   1.3909746194258332E-03  -1.1809260467998683E-04  -1.8803400962497108E-05   3.1309639325627359E-06  -1.2486633238495415E-07   2.5072007179260254E+00  -6.6354203224182129E-01  -1.0803028345108032E+00   4.3734708428382874E-01   1.1306022405624390E+00  -4.0159933269023895E-03  -1.3209751844406128E+00   6.4310646057128906E-01   3.1026336364448071E-04
     2      103   6.5625002607703209E-03   3.7902269363403320E+00   6.1950790882110596E-01  -1.0927563160657883E-01   4.5734392479062080E-03   1.3717141700908542E-03  -1.3242114800959826E-04  -1.8770044334814884E-05   3.5058399134868523E-06  -1.5267772823790438E-07   2.4821407794952393E+00  -7.1036738157272339E-01  -1.0830229520797729E+00   4.8973950743675232E-01   1.1703414916992188E+00  -4.3374933302402496E-02  -1.4061120748519897E+00   7.0713710784912109E-01   3.4428815706633031E-04
     2      104   6.8749999627470970E-03   3.7455546855926514E+00   6.2117570638656616E-01  -1.0772056132555008E-01   4.0913866832852364E-03   1.3656252995133400E-03  -1.2016337859677151E-04  -1.8498545614420436E-05   3.1895608572085621E-06  -1.3113448460444488E-07   2.4691853523254395E+00  -6.7504698038101196E-01  -1.0821098089218140E+00   4.3336948752403259E-01   1.1275993585586548E+00   7.8836909960955381E-04  -1.3118246793746948E+00   6.3469457626342773E-01   4.5582215534523129E-04
     2      105   7.1874996647238731E-03   3.7305793762207031E+00   6.2012332677841187E-01  -1.0840843617916107E-01   4.1121994145214558E-03   1.3869596878066659E-03  -1.1951012857025489E-04  -1.8867287508328445E-05   3.1482077247346751E-06  -1.2484878197938087E-07   2.4340333938598633E+00  -6.9110286235809326E-01  -1.0585454702377319E+00   4.6851912140846252E-01   1.1290147304534912E+00  -4.7133821994066238E-02  -1.3636161088943481E+00   6.9471013545989990E-01   3.3823709236457944E-04
     2      106   7.4999998323619366E-03   3.7211494445800781E+00   6.0779792070388794E-01  -1.0699387639760971E-01   4.4959010556340218E-03   1.3379415031522512E-03  -1.3058241165708750E-04  -1.8284466932527721E-05   3.4660308756429004E-06  -1.5291507793335768E-07   2.4357230663299561E+00  -7.1121227741241455E-01  -1.0885126590728760E+00   4.6183913946151733E-01   1.1540553569793701E+00  -1.3687108643352985E-02  -1.3555064201354980E+00   6.5908759832382202E-01   5.0602579722180963E-04
     2      107   7.6562501490116119E-03   3.7617630958557129E+00   5.8853912353515625E-01  -1.0803365707397461E-01   5.7228030636906624E-03   1.3011443661525846E-03  -1.6257146489806473E-04  -1.8235767129226588E-05   4.3141030801052693E-06  -2.1620044776682334E-07   2.4265632629394531E+00  -8.0205720663070679E-01  -1.1062405109405518E+00   5.6713181734085083E-01   1.2471902370452881E+00  -8.3540782332420349E-02  -1.5323110818862915E+00   7.8324162960052490E-01   4.5604098704643548E-04
     2      108   7.8125000000000000E-03   3.6907370090484619E+00   6.0826170444488525E-01  -1.0603615641593933E-01   4.2128213681280613E-03   1.3340396108105779E-03  -1.2339811655692756E-04  -1.8121047105523758E-05   3.2815314625622705E-06  -1.4041786755569774E-07   2.4228634834289551E+00  -6.9145405292510986E-01  -1.0846935510635376E+00   4.3147498369216919E-01   1.1265375614166260E+00   4.8138694837689400E-03  -1.3054894208908081E+00   6.2735784053802490E-01   3.6340666702017188E-04
     2      109   8.1249997019767761E-03   3.7175996303558350E+00   5.9144055843353271E-01  -1.0705248266458511E-01   5.2404180169105530E-03   1.3092634035274386E-03  -1.4977727551013231E-04  -1.8186419765697792E-05   3.9727383409626782E-06  -1.9102981241303496E-07   2.4025008678436279E+00  -7.7280592918395996E-01  -1.0928555727005005E+00   5.2949893474578857E-01   1.2054328918457031E+00  -6.5461158752441406E-02  -1.4666978120803833E+00   7.4432557821273804E-01   4.4048155541531742E-04
     2      110   8.4374994039535522E-03   3.6661024093627930E+00   6.0073059797286987E-01  -1.0555297136306763E-01   4.3693422339856625E-03   1.3227567542344332E-03  -1.2716738274320960E-04  -1.8047341654892080E-05   3.3773831091821194E-06  -1.4778942158955033E-07   2.3929700851440430E+00  -7.1040827035903931E-01  -1.0822304487228394E+00   4.4751954078674316E-01   1.1350554227828979E+00  -8.5619902238249779E-03  -1.3284868001937866E+00   6.4460104703903198E-01   3.5368365934118629E-04
     2      111   8.5937492549419403E-03   3.6763002872467041E+00   5.9451407194137573E-01  -1.0608930885791779E-01   4.7680390998721123E-03   1.3166115386411548E-03  -1.3730053615290672E-04  -1.8126460417988710E-05   3.6407775496627437E-06  -1.6665683233441086E-07   2.3817315101623535E+00  -7.4327808618545532E-01  -1.0812449455261230E+00   4.9081343412399292E-01   1.1646925210952759E+00  -4.5182421803474426E-02  -1.3999619483947754E+00   7.0308107137680054E-01   5.0924386596307158E-04
     2      112   8.7500000372529030E-03   3.6897697448730469E+00   5.8424085378646851E-01  -1.0604947805404663E-01   5.3139463998377323E-03   1.2893429957330227E-03  -1.5179628098849207E-04  -1.7941953046829440E-05   4.0306999835593160E-06  -1.9694097375122510E-07   2.3818376064300537E+00  -7.8098744153976440E-01  -1.0991139411926270E+00   5.2363336086273193E-01   1.2068923711776733E+00  -5.3527660667896271E-02  -1.4551053047180176E+00   7.2680920362472534E-01   5.1721156341955066E-04
     2      113   9.0625006705522537E-03   3.6477108001708984E+00   5.9265297651290894E-01  -1.0509452223777771E-01   4.5917397364974022E-03   1.3074979651719332E-03  -1.3282334839459509E-04  -1.7935430150828324E-05   3.5261743960290914E-06  -1.5942593734052934E-07   2.3688845634460449E+00  -7.3165923357009888E-01  -1.0835359096527100E+00   4.6476766467094421E-01   1.1474438905715942E+00  -2.1735526621341705E-02  -1.3556472063064575E+00   6.6579174995422363E-01   4.5889074681326747E-04
     2      114   9.1406255960464478E-03   3.7276675701141357E+00   5.6604218482971191E-01  -1.0789170116186142E-01   6.5542957745492458E-03   1.2727120192721486E-03  -1.8334042397327721E-04  -1.8218031982542016E-05   4.8509200496482663E-06  -2.5557170602041879E-07   2.3518488407135010E+00  -8.8229107856750488E-01  -1.0960701704025269E+00   6.5926849842071533E-01   1.2998378276824951E+00  -1.6869576275348663E-01  -1.6797409057617188E+00   9.1122424602508545E-01   4.7513132449239492E-04
     2      115   9.2187505215406418E-03   3.6732926368713379E+00   5.8375769853591919E-01  -1.0652377456426620E-01   5.2854050882160664E-03   1.3073141453787684E-03  -1.5013184747658670E-04  -1.8231577996630222E-05   3.9685778574494179E-06  -1.8985166150287114E-07   2.3503537178039551E+00  -7.9090470075607300E-01  -1.0769591331481934E+00   5.4960626363754272E-01   1.2017515897750854E+00  -9.6187442541122437E-02  -1.4943602085113525E+00   7.8124040365219116E-01   5.3216394735500216E-04
     2      116   9.2968754470348358E-03   3.6708428859710693E+00   5.7969105243682861E-01  -1.0573396831750870E-01   5.3865709342062473E-03   1.2836633250117302E-03  -1.5348785382229835E-04  -1.7906175344251096E-05   4.0733639252721332E-06  -2.0022845603762107E-07   2.3591644763946533E+00  -7.9184305667877197E-01  -1.0939555168151855E+00   5.3448307514190674E-01   1.2080229520797729E+00  -6.8288862705230713E-02  -1.4717590808868408E+00   7.4683099985122681E-01   5.1277596503496170E-04
     2      117   9.3359379097819328E-03   3.6476781368255615E+00   5.8598893880844116E-01  -1.0489747673273087E-01   4.8820720985531807E-03   1.2903417227789760E-03  -1.4055776409804821E-04  -1.7800319255911745E-05   3.7356915072450647E-06  -1.7598374313365639E-07   2.3622329235076904E+00  -7.5295764207839966E-01  -1.0913232564926147E+00   4.8285070061683655E-01   1.1679891347885132E+00  -2.9098780825734138E-02  -1.3859838247299194E+00   6.8208259344100952E-01   5.0156464567407966E-04
     2      118   9.3750003725290298E-03   3.6982581615447998E+00   5.6968849897384644E-01  -1.0672102868556976E-01   6.1074257828295231E-03   1.2700153747573495E-03  -1.7211520753335208E-04  -1.7994789232034236E-05   4.5637634684680961E-06  -2.3600146903390851E-07   2.3506493568420410E+00  -8.4723544120788574E-01  -1.0966560840606689E+00   6.0718947649002075E-01   1.2622221708297729E+00  -1.2680834531784058E-01  -1.5938466787338257E+00   8.4377986192703247E-01   4.2085640598088503E-04
     2      119   9.5312502235174179E-03   3.6699316501617432E+00   5.7721793651580811E-01  -1.0613656044006348E-01   5.5341734550893307E-03   1.2879070127382874E-03  -1.5690969303250313E-04  -1.8044207536149770E-05   4.1555558709660545E-06  -2.0514886500677676E-07   2.3443250656127930E+00  -8.0826413631439209E-01  -1.0858629941940308E+00   5.6090527772903442E-01   1.2183010578155518E+00  -9.7555212676525116E-02  -1.5140331983566284E+00   7.8854864835739136E-01   4.7302941675297916E-04
     2      120   9.5703126862645149E-03   3.6891179084777832E+00   5.6992352008819580E-01  -1.0668315738439560E-01   6.0414746403694153E-03   1.2743676779791713E-03  -1.7020905215758830E-04  -1.8042315787170082E-05   4.5098722694092430E-06  -2.3156967188242561E-07   2.3410091400146484E+00  -8.4544962644577026E-01  -1.0901066064834595E+00   6.0783976316452026E-01   1.2553205490112305E+00  -1.3438922166824341E-01  -1.5942858457565308E+00   8.5175716876983643E-01   5.3935800679028034E-04
     2      121   9.5715336501598358E-03   3.5958395004272461E+00   5.9871608018875122E-01  -1.0336677730083466E-01   3.8477587513625622E-03   1.3099180068820715E-03  -1.1374687164789066E-04  -1.7680849850876257E-05   3.0295484521047911E-06  -1.2441314822808636E-07   2.3587555885314941E+00  -6.7716246843338013E-01  -1.0789936780929565E+00   3.8639315962791443E-01   1.0853607654571533E+00   3.7145774811506271E-02  -1.2244775295257568E+00   5.6695783138275146E-01   5.1041942788287997E-04
     2      122   9.5727536827325821E-03   3.5749034881591797E+00   6.0608458518981934E-01  -1.0282722115516663E-01   3.3320470247417688E-03   1.3241505948826671E-03  -1.0025294614024460E-04  -1.7688977095531300E-05   2.6708021323429421E-06  -9.7660432629709248E-08   2.3595151901245117E+00  -6.3964527845382690E-01  -1.0717968940734863E+00   3.4120938181877136E-01   1.0456449985504150E+00   6.7574553191661835E-02  -1.1483014822006226E+00   5.1298958063125610E-01   5.7977071264758706E-04
     2      123   9.5733646303415298E-03   3.6739902496337891E+00   5.7598030567169189E-01  -1.0646449029445648E-01   5.6512276642024517E-03   1.2897041160613298E-03  -1.5983880439307541E-04  -1.8119737433153205E-05   4.2307824514864478E-06  -2.1019144469391904E-07   2.3387334346771240E+00  -8.1862837076187134E-01  -1.0807175636291504E+00   5.7931011915206909E-01   1.2251462936401367E+00  -1.2003126740455627E-01  -1.5457202196121216E+00   8.2261013984680176E-01   4.9584970111027360E-04
     2      124   9.5739746466279030E-03   3.6835455894470215E+00   5.7291162014007568E-01  -1.0678086429834366E-01   5.8774501085281372E-03   1.2855295790359378E-03  -1.6565411351621151E-04  -1.8149956304114312E-05   4.3830896174767986E-06  -2.2125247767235123E-07   2.3374247550964355E+00  -8.3599597215652466E-01  -1.0830254554748535E+00   6.0108572244644165E-01   1.2435284852981567E+00  -1.3471573591232300E-01  -1.5815515518188477E+00   8.4718841314315796E-01   4.6983055653981864E-04
     2      125   9.5751956105232239E-03   3.6150531768798828E+00   5.9485310316085815E-01  -1.0452606528997421E-01   4.2443550191819668E-03   1.3173701008781791E-03  -1.2339354725554585E-04  -1.7967093299375847E-05   3.2699781513656490E-06  -1.3993100367315492E-07   2.3478162288665771E+00  -7.1264821290969849E-01  -1.0712630748748779E+00   4.4190061092376709E-01   1.1177074909210205E+00  -1.4335574582219124E-02  -1.3146791458129883E+00   6.4458441734313965E-01   5.2479398436844349E-04
     2      126   9.5776366069912910E-03   3.6123924255371094E+00   5.9584498405456543E-01  -1.0448158532381058E-01   4.1770185343921185E-03   1.3200251851230860E-03  -1.2157736637163907E-04  -1.7982258214033209E-05   3.2204127364821034E-06  -1.3609414395432395E-07   2.3476281166076660E+00  -7.0808178186416626E-01  -1.0702866315841675E+00   4.3636962771415710E-01   1.1128857135772705E+00  -1.0284557938575745E-02  -1.3049284219741821E+00   6.3744771480560303E-01   4.7952760360203683E-04
     2      127   9.5800776034593582E-03   3.6392424106597900E+00   5.8733785152435303E-01  -1.0539797693490982E-01   4.8160394653677940E-03   1.3083593221381307E-03  -1.3808862422592938E-04  -1.8065427866531536E-05   3.6549190554069355E-06  -1.6775494771081867E-07   2.3429002761840820E+00  -7.5670164823532104E-01  -1.0740852355957031E+00   4.9985581636428833E-01   1.1621855497360229E+00  -5.9061545878648758E-02  -1.4112261533737183E+00   7.1878361701965332E-01   5.4930517217144370E-04
     2      128   9.5898434519767761E-03   3.6146116256713867E+00   5.9468668699264526E-01  -1.0450595617294312E-01   4.2504370212554932E-03   1.3165399432182312E-03  -1.2360654363874346E-04  -1.7955926523427479E-05   3.2768234632385429E-06  -1.4055491703857115E-07   2.3472244739532471E+00  -7.1278744935989380E-01  -1.0705491304397583E+00   4.4259294867515564E-01   1.1168903112411499E+00  -1.6978275030851364E-02  -1.3167158365249634E+00   6.4905852079391479E-01   4.7270423965528607E-04
     2      129   9.5922853797674179E-03   3.6035013198852539E+00   5.9862667322158813E-01  -1.0423363000154495E-01   3.9772582240402699E-03   1.3243781868368387E-03  -1.1645595805021003E-04  -1.7964810467674397E-05   3.0866324323142180E-06  -1.2633603319045505E-07   2.3472876548767090E+00  -6.9300711154937744E-01  -1.0662370920181274E+00   4.1922301054000854E-01   1.0956466197967529E+00  -2.0240505691617727E-03  -1.2773598432540894E+00   6.2229979038238525E-01   4.9687339924275875E-04
     2      130   9.5947263762354851E-03   3.5981435775756836E+00   5.9881806373596191E-01  -1.0372973233461380E-01   3.8882095832377672E-03   1.3169851154088974E-03  -1.1446020653238520E-04  -1.7811968064052053E-05   3.0409098599193385E-06  -1.2415058847636828E-07   2.3533310890197754E+00  -6.8332707881927490E-01  -1.0735838413238525E+00   3.9931082725524902E-01   1.0893890857696533E+00   2.2357385605573654E-02  -1.2445771694183350E+00   5.8660101890563965E-01   5.6545104598626494E-04
     2      131   9.5996093004941940E-03   3.6390521526336670E+00   5.8574265241622925E-01  -1.0510742664337158E-01   4.8655229620635509E-03   1.2986523797735572E-03  -1.3972524902783334E-04  -1.7932348782778718E-05   3.7059301121189492E-06  -1.7266272323013254E-07   2.3464219570159912E+00  -7.5739783048629761E-01  -1.0798072814941406E+00   4.9553936719894409E-01   1.1643482446670532E+00  -5.1651678979396820E-02  -1.4059556722640991E+00   7.1099901199340820E-01   4.7134800115600228E-04
     2      132   9.6044922247529030E-03   3.6536676883697510E+00   5.8026784658432007E-01  -1.0544067621231079E-01   5.2336119115352631E-03   1.2876242399215698E-03  -1.4933131751604378E-04  -1.7916805518325418E-05   3.9604683479410596E-06  -1.9165301523571543E-07   2.3467655181884766E+00  -7.8401023149490356E-01  -1.0869783163070679E+00   5.2550143003463745E-01   1.1935219764709473E+00  -6.8528689444065094E-02  -1.4559354782104492E+00   7.4258828163146973E-01   5.8208382688462734E-04
     2      133   9.6093751490116119E-03   3.6488795280456543E+00   5.8180236816406250E-01  -1.0530310124158859E-01   5.1221298053860664E-03   1.2901817681267858E-03  -1.4644222392234951E-04  -1.7910213500726968E-05   3.8842654248583131E-06  -1.8604315243919700E-07   2.3469359874725342E+00  -7.7571809291839600E-01  -1.0854586362838745E+00   5.1540791988372803E-01   1.1845890283584595E+00  -6.2012411653995514E-02  -1.4391831159591675E+00   7.3122358322143555E-01   5.2503513870760798E-04
     2      134   9.6118170768022537E-03   3.6109905242919922E+00   5.9249335527420044E-01  -1.0374023020267487E-01   4.2608696967363358E-03   1.2975825229659677E-03  -1.2456098920665681E-04  -1.7662869140622206E-05   3.3170288133987924E-06  -1.4590800390124059E-07   2.3571486473083496E+00  -7.0721530914306641E-01  -1.0849781036376953E+00   4.2176672816276550E-01   1.1165690422058105E+00   1.3223806396126747E-02  -1.2844103574752808E+00   6.0947483777999878E-01   5.6277919793501496E-04
     2      135   9.6142580732703209E-03   3.5832865238189697E+00   6.0421895980834961E-01  -1.0346361994743347E-01   3.5295395646244287E-03   1.3293812517076731E-03  -1.0503872908884659E-04  -1.7854154066299088E-05   2.7899122869712301E-06  -1.0520484750031756E-07   2.3509933948516846E+00  -6.5794157981872559E-01  -1.0644371509552002E+00   3.7234559655189514E-01   1.0596348047256470E+00   3.3403873443603516E-02  -1.2000994682312012E+00   5.6444746255874634E-01   5.6598929222673178E-04
     2      136   9.6166990697383881E-03   3.6218264102935791E+00   5.9169006347656250E-01  -1.0471124202013016E-01   4.4491481967270374E-03   1.3114538742229342E-03  -1.2874219100922346E-04  -1.7962105630431324E-05   3.4119368592655519E-06  -1.5051374191443756E-07   2.3460047245025635E+00  -7.2770160436630249E-01  -1.0734937191009521E+00   4.5995229482650757E-01   1.1324061155319214E+00  -2.8124965727329254E-02  -1.3455711603164673E+00   6.6893267631530762E-01   5.0254620146006346E-04
     2      137   9.6179200336337090E-03   3.6331603527069092E+00   5.8619385957717896E-01  -1.0468066483736038E-01   4.7651100903749466E-03   1.2942694593220949E-03  -1.3726681936532259E-04  -1.7826936527853832E-05   3.6439871564653004E-06  -1.6880869679880561E-07   2.3509528636932373E+00  -7.4797630310058594E-01  -1.0860842466354370E+00   4.7646865248680115E-01   1.1577476263046265E+00  -2.8340118005871773E-02  -1.3736252784729004E+00   6.7674964666366577E-01   4.4231166248209774E-04
     2      138   9.6191409975290298E-03   3.6563274860382080E+00   5.7995235919952393E-01  -1.0570985823869705E-01   5.2896230481564999E-03   1.2912885285913944E-03  -1.5060769510455430E-04  -1.7998252587858588E-05   3.9903115975903347E-06  -1.9321211652822967E-07   2.3429615497589111E+00  -7.8998076915740967E-01  -1.0830981731414795E+00   5.3697001934051514E-01   1.1975288391113281E+00  -8.2087889313697815E-02  -1.4747732877731323E+00   7.6228314638137817E-01   4.9537903396412730E-04
     2      139   9.6203619614243507E-03   3.6128458976745605E+00   5.9273564815521240E-01  -1.0402394086122513E-01   4.2819115333259106E-03   1.3037566095590591E-03  -1.2478946882765740E-04  -1.7772155842976645E-05   3.3160399652842898E-06  -1.4488378496935184E-07   2.3535492420196533E+00  -7.1159422397613525E-01  -1.0818080902099609E+00   4.3036636710166931E-01   1.1204484701156616E+00   5.6676282547414303E-03  -1.2964464426040649E+00   6.1844485998153687E-01   4.3538847239688039E-04
     2      140   9.6215829253196716E-03   3.6117427349090576E+00   5.9347945451736450E-01  -1.0407850891351700E-01   4.2481189593672752E-03   1.3067082036286592E-03  -1.2386363232508302E-04  -1.7802385627874173E-05   3.2907125842029927E-06  -1.4279619620083395E-07   2.3520352840423584E+00  -7.0966130495071411E-01  -1.0787465572357178E+00   4.3044438958168030E-01   1.1168198585510254E+00   1.4196257106959820E-03  -1.2969644069671631E+00   6.2441134452819824E-01   5.4841168457642198E-04
     2      141   9.6228029578924179E-03   3.6319727897644043E+00   5.8719259500503540E-01  -1.0479600727558136E-01   4.7235721722245216E-03   1.2991821859031916E-03  -1.3605959247797728E-04  -1.7885877241496928E-05   3.6093488233746029E-06  -1.6577367034642521E-07   2.3483846187591553E+00  -7.4635559320449829E-01  -1.0819549560546875E+00   4.7794392704963684E-01   1.1545544862747192E+00  -3.3491618931293488E-02  -1.3755581378936768E+00   6.8256282806396484E-01   4.0684960549697280E-04
     2      142   9.6240239217877388E-03   3.6146011352539062E+00   5.9308695793151855E-01  -1.0430096089839935E-01   4.3002734892070293E-03   1.3096571201458573E-03  -1.2501173478085548E-04  -1.7873691831482574E-05   3.3163410080305766E-06  -1.4406769821562193E-07   2.3498554229736328E+00  -7.1525669097900391E-01  -1.0774621963500977E+00   4.3916377425193787E-01   1.1224665641784668E+00  -5.1307566463947296E-03  -1.3099650144577026E+00   6.3328915834426880E-01   4.7576642828062177E-04
     2      143   9.6252448856830597E-03   3.6368823051452637E+00   5.8787196874618530E-01  -1.0546481609344482E-01   4.7835097648203373E-03   1.3121644733473659E-03  -1.3710156781598926E-04  -1.8113754777004942E-05   3.6258381896914216E-06  -1.6518552570232714E-07   2.3394927978515625E+00  -7.5584888458251953E-01  -1.0707491636276245E+00   5.0102323293685913E-01   1.1595501899719238E+00  -6.3102044165134430E-02  -1.4125614166259766E+00   7.2309154272079468E-01   5.7177926646545529E-04
     2      144   9.6264649182558060E-03   3.6244931221008301E+00   5.9160625934600830E-01  -1.0500764101743698E-01   4.4973962940275669E-03   1.3160571688786149E-03  -1.2980095925740898E-04  -1.8054066458716989E-05   3.4357258300588001E-06  -1.5155363541907718E-07   2.3418304920196533E+00  -7.3345869779586792E-01  -1.0688455104827881E+00   4.7199931740760803E-01   1.1363438367843628E+00  -4.2233776301145554E-02  -1.3649073839187622E+00   6.8864470720291138E-01   4.5938914990983903E-04
     2      145   9.6289068460464478E-03   3.5995855331420898E+00   5.9870475530624390E-01  -1.0400220751762390E-01   3.9261826314032078E-03   1.3220084365457296E-03  -1.1519394320202991E-04  -1.7908854715642519E-05   3.0548981158062816E-06  -1.2438968610695156E-07   2.3485653400421143E+00  -6.8860459327697754E-01  -1.0692462921142578E+00   4.0987598896026611E-01   1.0925091505050659E+00   9.8169278353452682E-03  -1.2611682415008545E+00   6.0436105728149414E-01   4.4453519512899220E-04
     2      146   9.6484376117587090E-03   3.6674833297729492E+00   5.7693558931350708E-01  -1.0632555186748505E-01   5.5513647384941578E-03   1.2927156640216708E-03  -1.5710502339061350E-04  -1.8132006516680121E-05   4.1555044845154043E-06  -2.0439840398012166E-07   2.3365082740783691E+00  -8.1250017881393433E-01  -1.0799567699432373E+00   5.7031244039535522E-01   1.2184320688247681E+00  -1.1170395463705063E-01  -1.5291962623596191E+00   8.0782639980316162E-01   4.8599005094729364E-04
     2      147   9.6508786082267761E-03   3.6155939102172852E+00   5.9333938360214233E-01  -1.0457105934619904E-01   4.3236669152975082E-03   1.3148898724466562E-03  -1.2545663048513234E-04  -1.7963417121791281E-05   3.3248297768295743E-06  -1.4403555326225614E-07   2.3446595668792725E+00  -7.1903073787689209E-01  -1.0709372758865356E+00   4.4991910457611084E-01   1.1226191520690918E+00  -2.2167442366480827E-02  -1.3284572362899780E+00   6.5739899873733521E-01   4.8540884745307267E-04
     2      148   9.6533205360174179E-03   3.6123752593994141E+00   5.9443521499633789E-01  -1.0448703914880753E-01   4.2496896348893642E-03   1.3164973352104425E-03  -1.2359074025880545E-04  -1.7954769646166824E-05   3.2769432891655015E-06  -1.4060354658340657E-07   2.3443355560302734E+00  -7.1331155300140381E-01  -1.0686573982238770E+00   4.4419911503791809E-01   1.1155864000320435E+00  -2.1149111911654472E-02  -1.3197989463806152E+00   6.5494024753570557E-01   4.7956319758668542E-04
     2      149   9.6557615324854851E-03   3.5814781188964844E+00   6.0235273838043213E-01  -1.0304237157106400E-01   3.5627745091915131E-03   1.3181145768612623E-03  -1.0620423563523218E-04  -1.7695951100904495E-05   2.8272115741856396E-06  -1.0917601400706189E-07   2.3559749126434326E+00  -6.5749347209930420E-01  -1.0742708444595337E+00   3.6227706074714661E-01   1.0632363557815552E+00   5.2887655794620514E-02  -1.1831831932067871E+00   5.3825360536575317E-01   4.9041002057492733E-04
     2      150   9.6569824963808060E-03   3.6209201812744141E+00   5.8882009983062744E-01  -1.0415210574865341E-01   4.5279893092811108E-03   1.2938795844092965E-03  -1.3138499343767762E-04  -1.7718075469019823E-05   3.4950714962178608E-06  -1.5869515834765480E-07   2.3528637886047363E+00  -7.2841924428939819E-01  -1.0852569341659546E+00   4.4998314976692200E-01   1.1368874311447144E+00  -9.9025331437587738E-03  -1.3313144445419312E+00   6.4738255739212036E-01   4.5946653699502349E-04
     2      151   9.6582025289535522E-03   3.5839011669158936E+00   5.9967845678329468E-01  -1.0271561145782471E-01   3.6693790461868048E-03   1.3047084212303162E-03  -1.0934986494248733E-04  -1.7531257981318049E-05   2.9184982395236148E-06  -1.1726731230510268E-07   2.3621096611022949E+00  -6.6169267892837524E-01  -1.0847550630569458E+00   3.5859239101409912E-01   1.0715528726577759E+00   6.6281735897064209E-02  -1.1781567335128784E+00   5.2285820245742798E-01   4.6263026888482273E-04
     2      152   9.6679683774709702E-03   3.6326062679290771E+00   5.8721172809600830E-01  -1.0505581647157669E-01   4.7514825128018856E-03   1.3042956124991179E-03  -1.3656709052156657E-04  -1.7978012692765333E-05   3.6183553220325848E-06  -1.6571220839978196E-07   2.3429191112518311E+00  -7.5093489885330200E-01  -1.0765554904937744E+00   4.8847058415412903E-01   1.1563216447830200E+00  -4.7657273709774017E-02  -1.3926435708999634E+00   7.0179748535156250E-01   4.2897052480839193E-04
     2      153   9.6704103052616119E-03   3.6223621368408203E+00   5.9186542034149170E-01  -1.0503248125314713E-01   4.4752694666385651E-03   1.3182701077312231E-03  -1.2913758109789342E-04  -1.8081327652907930E-05   3.4164283988502575E-06  -1.4988495422585402E-07   2.3392326831817627E+00  -7.3278301954269409E-01  -1.0665924549102783E+00   4.7239765524864197E-01   1.1339826583862305E+00  -4.5283004641532898E-02  -1.3655257225036621E+00   6.9242417812347412E-01   4.8209555097855628E-04
     2      154   9.6728513017296791E-03   3.6565105915069580E+00   5.7793456315994263E-01  -1.0551227629184723E-01   5.3622238337993622E-03   1.2834153603762388E-03  -1.5263441309798509E-04  -1.7909045709529892E-05   4.0471240936312824E-06  -1.9809621676358802E-07   2.3447380065917969E+00  -7.9416203498840332E-01  -1.0897055864334106E+00   5.3598701953887939E-01   1.2043509483337402E+00  -7.3015421628952026E-02  -1.4724953174591064E+00   7.5059431791305542E-01   4.7866441309452057E-04
     2      155   9.6777342259883881E-03   3.6297600269317627E+00   5.8630973100662231E-01  -1.0460159182548523E-01   4.7360588796436787E-03   1.2940785381942987E-03  -1.3656870578415692E-04  -1.7810065401135944E-05   3.6273079331294866E-06  -1.6776029099219159E-07   2.3485488891601562E+00  -7.4613022804260254E-01  -1.0840969085693359E+00   4.7505173087120056E-01   1.1542023420333862E+00  -3.0130745843052864E-02  -1.3717007637023926E+00   6.7888218164443970E-01   4.5699332258664072E-04
     2      156   9.6875000745058060E-03   3.5919461250305176E+00   5.9969246387481689E-01  -1.0367576032876968E-01   3.8060415536165237E-03   1.3209370663389564E-03  -1.1219106818316504E-04  -1.7843336536316201E-05   2.9783539048366947E-06  -1.1921945031190262E-07   2.3488788604736328E+00  -6.7891860008239746E-01  -1.0698847770690918E+00   3.9519092440605164E-01   1.0823595523834229E+00   2.1978085860610008E-02  -1.2370831966400146E+00   5.8517527580261230E-01   5.2157195750623941E-04
     2      157   9.7070317715406418E-03   3.6994214057922363E+00   5.6576359272003174E-01  -1.0741648823022842E-01   6.3628847710788250E-03   1.2765302089974284E-03  -1.7812145233619958E-04  -1.8217184333479963E-05   4.7097919377847575E-06  -2.4496850414834626E-07   2.3288271427154541E+00  -8.7421268224716187E-01  -1.0842304229736328E+00   6.5069252252578735E-01   1.2798236608505249E+00  -1.7498868703842163E-01  -1.6644035577774048E+00   9.1309523582458496E-01   4.5155090629123151E-04
     2      158   9.7265625372529030E-03   3.6098694801330566E+00   5.9202396869659424E-01  -1.0400888323783875E-01   4.2972466908395290E-03   1.3035761658102274E-03  -1.2513084220699966E-04  -1.7779615518520586E-05   3.3241683468077099E-06  -1.4540860604483896E-07   2.3491656780242920E+00  -7.1374434232711792E-01  -1.0799731016159058E+00   4.3340611457824707E-01   1.1200460195541382E+00   2.1481304429471493E-04  -1.3017060756683350E+00   6.2698543071746826E-01   5.2699644584208727E-04
     2      159   9.7363274544477463E-03   3.5909900665283203E+00   5.9990680217742920E-01  -1.0382813215255737E-01   3.8056001067161560E-03   1.3250382617115974E-03  -1.1201683082617819E-04  -1.7908771042129956E-05   2.9703935524594272E-06  -1.1809844835397598E-07   2.3444557189941406E+00  -6.8075674772262573E-01  -1.0655405521392822E+00   4.0091350674629211E-01   1.0816400051116943E+00   1.2510015629231930E-02  -1.2463252544403076E+00   5.9811156988143921E-01   5.4566242033615708E-04
     2      160   9.7387693822383881E-03   3.6230742931365967E+00   5.8991265296936035E-01  -1.0496152937412262E-01   4.5645278878509998E-03   1.3124087126925588E-03  -1.3157006469555199E-04  -1.8028764316113666E-05   3.4834133657568600E-06  -1.5527878360899194E-07   2.3383069038391113E+00  -7.3878949880599976E-01  -1.0692813396453857E+00   4.7735917568206787E-01   1.1400537490844727E+00  -4.7214809805154800E-02  -1.3743517398834229E+00   6.9710850715637207E-01   5.1843433175235987E-04
     2      161   9.7399894148111343E-03   3.6074874401092529E+00   5.9409338235855103E-01  -1.0426953434944153E-01   4.2167752981185913E-03   1.3138111680746078E-03  -1.2281085946597159E-04  -1.7903026673593558E-05   3.2580874176346697E-06  -1.3957354383364873E-07   2.3431575298309326E+00  -7.1056717634201050E-01  -1.0699179172515869E+00   4.3807131052017212E-01   1.1122539043426514E+00  -1.5175286680459976E-02  -1.3097460269927979E+00   6.4605534076690674E-01   5.1758211338892579E-04
     2      162   9.7412103787064552E-03   3.6369361877441406E+00   5.8605784177780151E-01  -1.0555757582187653E-01   4.8804744146764278E-03   1.3101315125823021E-03  -1.3960069918539375E-04  -1.8124881535186432E-05   3.6918456771672936E-06  -1.7001184460241348E-07   2.3339273929595947E+00  -7.6410412788391113E-01  -1.0685137510299683E+00   5.1282757520675659E-01   1.1647068262100220E+00  -7.6967269182205200E-02  -1.4331264495849609E+00   7.4482101202011108E-01   4.7305587213486433E-04
     2      163   9.7436513751745224E-03   3.6756103038787842E+00   5.7268905639648438E-01  -1.0662939399480820E-01   5.8272276073694229E-03   1.2861896539106965E-03  -1.6426292131654918E-04  -1.8146465663448907E-05   4.3449526856420562E-06  -2.1838923203176819E-07   2.3313596248626709E+00  -8.3386760950088501E-01  -1.0806397199630737E+00   5.9786248207092285E-01   1.2383028268814087E+00  -1.3478678464889526E-01  -1.5757699012756348E+00   8.4576594829559326E-01   4.4396542944014072E-04
     2      164   9.7460933029651642E-03   3.5954899787902832E+00   5.9580659866333008E-01  -1.0342924296855927E-01   3.9859367534518242E-03   1.3059059856459498E-03  -1.1724944488378242E-04  -1.7683893020148389E-05   3.1206466246658238E-06  -1.3108942198414297E-07   2.3520414829254150E+00  -6.8907415866851807E-01  -1.0791711807250977E+00   4.0010070800781250E-01   1.0950989723205566E+00   2.6108205318450928E-02  -1.2468248605728149E+00   5.8461773395538330E-01   4.1530290036462247E-04
     2      165   9.7656250000000000E-03   3.6146819591522217E+00   5.8978980779647827E-01  -1.0417734831571579E-01   4.4429204426705837E-03   1.3004497159272432E-03  -1.2885751493740827E-04  -1.7794394807424396E-05   3.4214415336464299E-06  -1.5248002682710649E-07   2.3472192287445068E+00  -7.2527903318405151E-01  -1.0816626548767090E+00   4.4719117879867554E-01   1.1320729255676270E+00  -8.3405785262584686E-03  -1.3239619731903076E+00   6.4117866754531860E-01   4.6043956535868347E-04
     2      166   9.7753908485174179E-03   3.6627609729766846E+00   5.7756489515304565E-01  -1.0650549829006195E-01   5.5141984485089779E-03   1.3000343460589647E-03  -1.5587253437843174E-04  -1.8234477465739474E-05   4.1175894693878945E-06  -2.0075273710062902E-07   2.3275194168090820E+00  -8.1314921379089355E-01  -1.0714330673217773E+00   5.7715994119644165E-01   1.2138067483901978E+00  -1.2686206400394440E-01  -1.5403246879577637E+00   8.2708317041397095E-01   4.3598026968538761E-04
     2      167   9.7802737727761269E-03   3.5971503257751465E+00   5.9509968757629395E-01  -1.0358893871307373E-01   4.0419474244117737E-03   1.3072661822661757E-03  -1.1856663331855088E-04  -1.7731612388161011E-05   3.1524150472250767E-06  -1.3302411616678000E-07   2.3492062091827393E+00  -6.9457358121871948E-01  -1.0777926445007324E+00   4.0835216641426086E-01   1.0996946096420288E+00   1.8442878499627113E-02  -1.2599897384643555E+00   5.9574741125106812E-01   5.0701701547950506E-04
     2      168   9.7851566970348358E-03   3.5827782154083252E+00   5.9967201948165894E-01  -1.0312642902135849E-01   3.7033762782812119E-03   1.3138796202838421E-03  -1.0982838284689933E-04  -1.7692520486889407E-05   2.9228908715595026E-06  -1.1629237661736624E-07   2.3508880138397217E+00  -6.6898822784423828E-01  -1.0745741128921509E+00   3.7603583931922913E-01   1.0730637311935425E+00   4.1517123579978943E-02  -1.2060548067092896E+00   5.5686753988265991E-01   5.2168994443491101E-04
     2      169   9.7949225455522537E-03   3.6465587615966797E+00   5.8037334680557251E-01  -1.0552591830492020E-01   5.1953895017504692E-03   1.2934770202264190E-03  -1.4805186947342008E-04  -1.7999956980929710E-05   3.9210303839354310E-06  -1.8799323697749060E-07   2.3365604877471924E+00  -7.8498905897140503E-01  -1.0798884630203247E+00   5.3056466579437256E-01   1.1895208358764648E+00  -7.9528421163558960E-02  -1.4631071090698242E+00   7.5553494691848755E-01   4.9291085451841354E-04
     2      170   9.7973635420203209E-03   3.6418073177337646E+00   5.8205610513687134E-01  -1.0541328787803650E-01   5.0817788578569889E-03   1.2965595815330744E-03  -1.4512424240820110E-04  -1.7998700059251860E-05   3.8443145058408845E-06  -1.8234442222819780E-07   2.3362219333648682E+00  -7.7649533748626709E-01  -1.0770443677902222E+00   5.2145081758499146E-01   1.1794315576553345E+00  -7.6304875314235687E-02  -1.4486677646636963E+00   7.4936735630035400E-01   5.1635882118716836E-04
     2      171   9.7998045384883881E-03   3.6016244888305664E+00   5.9399676322937012E-01  -1.0388927161693573E-01   4.1483431123197079E-03   1.3090175343677402E-03  -1.2118276936234906E-04  -1.7803844457375817E-05   3.2183793337026145E-06  -1.3735188986174762E-07   2.3453917503356934E+00  -7.0412886142730713E-01  -1.0748817920684814E+00   4.2387199401855469E-01   1.1076838970184326E+00   2.6645259931683540E-03  -1.2855685949325562E+00   6.1958789825439453E-01   4.4703960884362459E-04
     2      172   9.8022464662790298E-03   3.5799427032470703E+00   6.0033345222473145E-01  -1.0304704308509827E-01   3.6501544527709484E-03   1.3148018624633551E-03  -1.0847041994566098E-04  -1.7684345948509872E-05   2.8876195301563712E-06  -1.1375157527027113E-07   2.3503918647766113E+00  -6.6502958536148071E-01  -1.0734105110168457E+00   3.7143042683601379E-01   1.0682550668716431E+00   4.3477620929479599E-02  -1.1987243890762329E+00   5.5327820777893066E-01   4.5342178782448173E-04
     2      173   9.8046874627470970E-03   3.5620982646942139E+00   6.0559636354446411E-01  -1.0236908495426178E-01   3.2342197373509407E-03   1.3206126168370247E-03  -9.7745447419583797E-05  -1.7603208107175305E-05   2.6060145046358230E-06  -9.3424212366244319E-08   2.3547468185424805E+00  -6.3309949636459351E-01  -1.0735001564025879E+00   3.2733747363090515E-01   1.0374947786331177E+00   8.1602416932582855E-02  -1.1241168975830078E+00   4.9066910147666931E-01   4.7978712245821953E-04
     2      174   9.8437499254941940E-03   3.6003367900848389E+00   5.9575295448303223E-01  -1.0432041436433792E-01   4.1042440570890903E-03   1.3218170497566462E-03  -1.1965600424446166E-04  -1.7984342775889672E-05   3.1700647014076822E-06  -1.3236345353107026E-07   2.3362131118774414E+00  -7.0511329174041748E-01  -1.0622824430465698E+00   4.3607622385025024E-01   1.1025876998901367E+00  -2.1393343806266785E-02  -1.3057453632354736E+00   6.5109914541244507E-01   4.8731855349615216E-04
     2      175   9.9999997764825821E-03   3.5698010921478271E+00   6.0124462842941284E-01  -1.0299826413393021E-01   3.5386055242270231E-03   1.3217342784628272E-03  -1.0522205411689356E-04  -1.7757973182597198E-05   2.7945613965130178E-06  -1.0609677048023514E-07   2.3417904376983643E+00  -6.6061866283416748E-01  -1.0683958530426025E+00   3.6702188849449158E-01   1.0604619979858398E+00   4.4447530061006546E-02  -1.1887298822402954E+00   5.4718780517578125E-01   4.3724291026592255E-04
     2      176   1.0004882700741291E-02   3.6239159107208252E+00   5.8494836091995239E-01  -1.0503358393907547E-01   4.8039327375590801E-03   1.3041405472904444E-03  -1.3769880752079189E-04  -1.8011167412623763E-05   3.6441701922740322E-06  -1.6725290663544001E-07   2.3294372558593750E+00  -7.5868427753448486E-01  -1.0718617439270020E+00   4.9871706962585449E-01   1.1580687761306763E+00  -6.1124894767999649E-02  -1.4086884260177612E+00   7.2045624256134033E-01   5.1399978110566735E-04
     2      177   1.0009765625000000E-02   3.6060869693756104E+00   5.9060156345367432E-01  -1.0444980859756470E-01   4.3848464265465736E-03   1.3119991635903716E-03  -1.2690819858107716E-04  -1.7957641830435023E-05   3.3611868275329471E-06  -1.4666751724234928E-07   2.3316450119018555E+00  -7.2678488492965698E-01  -1.0677683353424072E+00   4.5855626463890076E-01   1.1246880292892456E+00  -3.3071026206016541E-02  -1.3422346115112305E+00   6.7261105775833130E-01   4.6363644651137292E-04
     2      178   1.0012207552790642E-02   3.5828645229339600E+00   5.9847968816757202E-01  -1.0378995537757874E-01   3.8227583281695843E-03   1.3256365200504661E-03  -1.1229706433368847E-04  -1.7935273717739619E-05   2.9749865007033804E-06  -1.1815567546591410E-07   2.3332486152648926E+00  -6.8507158756256104E-01  -1.0605850219726562E+00   4.0757092833518982E-01   1.0803122520446777E+00   9.1242766939103603E-04  -1.2571108341217041E+00   6.1408263444900513E-01   4.3109050602652133E-04
     2      179   1.0013427585363388E-02   3.5939967632293701E+00   5.9389573335647583E-01  -1.0393649339675903E-01   4.1151787154376507E-03   1.3137054629623890E-03  -1.2009216152364388E-04  -1.7870228475658223E-05   3.1852753181738080E-06  -1.3432128298518364E-07   2.3349616527557373E+00  -7.0503723621368408E-01  -1.0676530599594116E+00   4.2873695492744446E-01   1.1027561426162720E+00  -9.7809396684169769E-03  -1.2932938337326050E+00   6.3580656051635742E-01   6.0131069039925933E-04
     2      180   1.0014648549258709E-02   3.5773944854736328E+00   5.9736514091491699E-01  -1.0298256576061249E-01   3.7667606957256794E-03   1.3090398861095309E-03  -1.1148697376484051E-04  -1.7651167581789196E-05   2.9676700705749681E-06  -1.1989368431386538E-07   2.3438920974731445E+00  -6.7493289709091187E-01  -1.0746024847030640E+00   3.8118416070938110E-01   1.0763119459152222E+00   3.6928623914718628E-02  -1.2145230770111084E+00   5.6376951932907104E-01   5.3292972734197974E-04
     2      181   1.0019531473517418E-02   3.5259156227111816E+00   6.1420643329620361E-01  -1.0138157010078430E-01   2.5334432721138000E-03   1.3355059782043099E-03  -7.9504105087835342E-05  -1.7550644770381041E-05   2.1237524379102979E-06  -5.7948923881667724E-08   2.3499774932861328E+00  -5.8244109153747559E-01  -1.0630317926406860E+00   2.6420560479164124E-01   9.8032003641128540E-01   1.2139945477247238E-01  -1.0187675952911377E+00   4.2038547992706299E-01   4.9348152242600918E-04
     2      182   1.0029297322034836E-02   3.5944600105285645E+00   5.9256768226623535E-01  -1.0375408828258514E-01   4.1590547189116478E-03   1.3073415029793978E-03  -1.2136818259023130E-04  -1.7791549907997251E-05   3.2219149943557568E-06  -1.3762293349373067E-07   2.3378636837005615E+00  -7.0691424608230591E-01  -1.0737109184265137E+00   4.2564168572425842E-01   1.1075353622436523E+00   4.2796341585926712E-04  -1.2876254320144653E+00   6.2185972929000854E-01   5.8299489319324493E-04
     2      183   1.0031738318502903E-02   3.6260058879852295E+00   5.8201372623443604E-01  -1.0470663011074066E-01   4.9238684587180614E-03   1.2900031870231032E-03  -1.4124011795502156E-04  -1.7839560314314440E-05   3.7470742881851038E-06  -1.7629662352192099E-07   2.3343777656555176E+00  -7.6384180784225464E-01  -1.0812594890594482E+00   4.9713993072509766E-01   1.1663445234298706E+00  -5.1526103168725967E-02  -1.4076886177062988E+00   7.1128100156784058E-01   5.1498349057510495E-04
     2      184   1.0032959282398224E-02   3.6291339397430420E+00   5.8119732141494751E-01  -1.0485707968473434E-01   4.9909953959286213E-03   1.2903149472549558E-03  -1.4287131489254534E-04  -1.7874224795377813E-05   3.7877416616538540E-06  -1.7900437399021030E-07   2.3334245681762695E+00  -7.6972985267639160E-01  -1.0817329883575439E+00   5.0471866130828857E-01   1.1728571653366089E+00  -5.5805955082178116E-02  -1.4193186759948730E+00   7.1756958961486816E-01   5.1270064432173967E-04
     2      185   1.0034179314970970E-02   3.5997338294982910E+00   5.8935171365737915E-01  -1.0361363738775253E-01   4.3230764567852020E-03   1.2955829733982682E-03  -1.2586842058226466E-04  -1.7678292351774871E-05   3.3459432415838819E-06  -1.4770523648621747E-07   2.3422269821166992E+00  -7.1656149625778198E-01  -1.0831701755523682E+00   4.3027803301811218E-01   1.1211086511611938E+00   6.9411909207701683E-03  -1.2955206632614136E+00   6.1687135696411133E-01   4.5495366794057190E-04
     2      186   1.0039062239229679E-02   3.6065347194671631E+00   5.9039932489395142E-01  -1.0456572473049164E-01   4.4085429981350899E-03   1.3137161731719971E-03  -1.2744047853630036E-04  -1.7994321751757525E-05   3.3736719160515349E-06  -1.4731617170582467E-07   2.3289904594421387E+00  -7.2960752248764038E-01  -1.0654366016387939E+00   4.6416249871253967E-01   1.1261036396026611E+00  -4.0275625884532928E-02  -1.3514285087585449E+00   6.8309742212295532E-01   5.7319522602483630E-04
     2      187   1.0078124701976776E-02   3.6255452632904053E+00   5.8380007743835449E-01  -1.0523464530706406E-01   4.8857904039323330E-03   1.3052822323516011E-03  -1.3968157873023301E-04  -1.8065667973132804E-05   3.6936799006070942E-06  -1.7047791800450796E-07   2.3246006965637207E+00  -7.6663869619369507E-01  -1.0692906379699707E+00   5.1103740930557251E-01   1.1642115116119385E+00  -7.3547713458538055E-02  -1.4286568164825439E+00   7.3855996131896973E-01   6.8406434729695320E-04
     2      188   1.0097656399011612E-02   3.6126520633697510E+00   5.8511883020401001E-01  -1.0426363348960876E-01   4.6588499099016190E-03   1.2938973959535360E-03  -1.3438369205687195E-04  -1.7792503058444709E-05   3.5667330848809797E-06  -1.6322996998496819E-07   2.3345322608947754E+00  -7.4417406320571899E-01  -1.0798742771148682E+00   4.7049599885940552E-01   1.1460405588150024E+00  -3.0278736725449562E-02  -1.3627806901931763E+00   6.7487370967864990E-01   4.5960227726027369E-04
     2      189   1.0100098326802254E-02   3.6473839282989502E+00   5.7613319158554077E-01  -1.0589573532342911E-01   5.4324283264577389E-03   1.2926417402923107E-03  -1.5388239989988506E-04  -1.8097727661370300E-05   4.0688128137844615E-06  -1.9810156004496093E-07   2.3215768337249756E+00  -8.0729627609252930E-01  -1.0745590925216675E+00   5.6190717220306396E-01   1.2056740522384644E+00  -1.1117961257696152E-01  -1.5144050121307373E+00   8.0340695381164551E-01   6.4478965941816568E-04
     2      190   1.0101318359375000E-02   3.6062366962432861E+00   5.8806180953979492E-01  -1.0426368564367294E-01   4.4856108725070953E-03   1.3030540430918336E-03  -1.2970420357305557E-04  -1.7863349057734013E-05   3.4392187444609590E-06  -1.5319477597586229E-07   2.3319756984710693E+00  -7.3293006420135498E-01  -1.0734034776687622E+00   4.6070742607116699E-01   1.1319096088409424E+00  -2.9398238286375999E-02  -1.3461376428604126E+00   6.7052739858627319E-01   4.7251506475731730E-04
     2      191   1.0102539323270321E-02   3.5584650039672852E+00   6.0230702161788940E-01  -1.0245601832866669E-01   3.3757728524506092E-03   1.3178597437217832E-03  -1.0126338020199910E-04  -1.7630662114243023E-05   2.6962031824950827E-06  -9.9817924592571217E-08   2.3427097797393799E+00  -6.4667749404907227E-01  -1.0701117515563965E+00   3.4510800242424011E-01   1.0457574129104614E+00   6.2442071735858917E-02  -1.1535950899124146E+00   5.1944243907928467E-01   4.9792847130447626E-04
     2      192   1.0107422247529030E-02   3.5513727664947510E+00   6.0374557971954346E-01  -1.0205683112144470E-01   3.2304751221090555E-03   1.3158936053514481E-03  -9.7681921033654362E-05  -1.7538804968353361E-05   2.6058255571115296E-06  -9.3840903048203472E-08   2.3462109565734863E+00  -6.3404768705368042E-01  -1.0726717710494995E+00   3.2540357112884521E-01   1.0342150926589966E+00   8.0908060073852539E-02  -1.1212458610534668E+00   4.9133050441741943E-01   5.2116392180323601E-04
     2      193   1.0109863243997097E-02   3.5604193210601807E+00   6.0121077299118042E-01  -1.0244473069906235E-01   3.4386557526886463E-03   1.3142302632331848E-03  -1.0299446876160800E-04  -1.7599390048417263E-05   2.7441112706583226E-06  -1.0364966840370471E-07   2.3432466983795166E+00  -6.5055292844772339E-01  -1.0718214511871338E+00   3.4884756803512573E-01   1.0498857498168945E+00   6.0258492827415466E-02  -1.1604712009429932E+00   5.2473306655883789E-01   4.6174146700650454E-04
     2      194   1.0112304240465164E-02   3.6448173522949219E+00   5.7553303241729736E-01  -1.0554041713476181E-01   5.4133562371134758E-03   1.2849969789385796E-03  -1.5369553875643760E-04  -1.7968533938983455E-05   4.0707795960770454E-06  -1.9931341910250922E-07   2.3257036209106445E+00  -8.0326128005981445E-01  -1.0802109241485596E+00   5.5127882957458496E-01   1.2039213180541992E+00  -9.7050584852695465E-02  -1.4975879192352295E+00   7.8374642133712769E-01   5.5211485596373677E-04
     2      195   1.0117187164723873E-02   3.5989360809326172E+00   5.9089946746826172E-01  -1.0419270396232605E-01   4.3044583871960640E-03   1.3109986903145909E-03  -1.2485499610193074E-04  -1.7912361727212556E-05   3.3080527828133199E-06  -1.4304643514151394E-07   2.3298742771148682E+00  -7.2099804878234863E-01  -1.0681875944137573E+00   4.4882389903068542E-01   1.1181492805480957E+00  -2.4303762242197990E-02  -1.3256180286407471E+00   6.5832263231277466E-01   4.9353332724422216E-04
     2      196   1.0119628161191940E-02   3.5526401996612549E+00   6.0569328069686890E-01  -1.0266658663749695E-01   3.2051003072410822E-03   1.3320811558514833E-03  -9.6459320047870278E-05  -1.7782665963750333E-05   2.5612259832996642E-06  -8.8567475131640094E-08   2.3366227149963379E+00  -6.3756597042083740E-01  -1.0593243837356567E+00   3.4199148416519165E-01   1.0320450067520142E+00   5.3944252431392670E-02  -1.1474376916885376E+00   5.2703195810317993E-01   4.9772730562835932E-04
     2      197   1.0122070088982582E-02   3.6164815425872803E+00   5.8403205871582031E-01  -1.0451507568359375E-01   4.7570900060236454E-03   1.2948852963745594E-03  -1.3683235738426447E-04  -1.7849002688308246E-05   3.6292676668381318E-06  -1.6744007780289394E-07   2.3310756683349609E+00  -7.5270551443099976E-01  -1.0772308111190796E+00   4.8429656028747559E-01   1.1527571678161621E+00  -4.5113369822502136E-02  -1.3859269618988037E+00   6.9805514812469482E-01   4.8907671589404345E-04
     2      198   1.0124511085450649E-02   3.6048407554626465E+00   5.8739137649536133E-01  -1.0406053066253662E-01   4.4870343990623951E-03   1.2984201312065125E-03  -1.2986021465621889E-04  -1.7793694496504031E-05   3.4459228572814027E-06  -1.5420887677919382E-07   2.3342125415802002E+00  -7.3191624879837036E-01  -1.0779247283935547E+00   4.5494031906127930E-01   1.1329952478408813E+00  -1.8920179456472397E-02  -1.3361262083053589E+00   6.5546309947967529E-01   4.3680315138772130E-04
     2      199   1.0126952081918716E-02   3.5979416370391846E+00   5.9129583835601807E-01  -1.0421496629714966E-01   4.2826342396438122E-03   1.3127668062224984E-03  -1.2424126907717437E-04  -1.7931488400790840E-05   3.2907839795370819E-06  -1.4160117700612318E-07   2.3288409709930420E+00  -7.1986329555511475E-01  -1.0666983127593994E+00   4.4844761490821838E-01   1.1162074804306030E+00  -2.5674670934677124E-02  -1.3248419761657715E+00   6.6012883186340332E-01   4.6664144610986114E-04
     2      200   1.0136717930436134E-02   3.6399013996124268E+00   5.7688879966735840E-01  -1.0542578995227814E-01   5.3088353015482426E-03   1.2881008442491293E-03  -1.5091187378857285E-04  -1.7975729861063883E-05   3.9957603803486563E-06  -1.9363587000498228E-07   2.3251724243164062E+00  -7.9608786106109619E-01  -1.0790770053863525E+00   5.4202747344970703E-01   1.1963729858398438E+00  -8.9784771203994751E-02  -1.4814069271087646E+00   7.7098506689071655E-01   5.0831720000132918E-04
     2      201   1.0139159858226776E-02   3.5809552669525146E+00   5.9366130828857422E-01  -1.0302221775054932E-01   3.9588073268532753E-03   1.3012866256758571E-03  -1.1646332859527320E-04  -1.7617574485484511E-05   3.0991427593107801E-06  -1.2983842623270903E-07   2.3413128852844238E+00  -6.8961542844772339E-01  -1.0797028541564941E+00   3.9504185318946838E-01   1.0920410156250000E+00   3.2261580228805542E-02  -1.2365810871124268E+00   5.7345438003540039E-01   4.8921030247583985E-04
     2      202   1.0141600854694843E-02   3.6198954582214355E+00   5.8212572336196899E-01  -1.0452542454004288E-01   4.8649306409060955E-03   1.2897723354399204E-03  -1.3969186693429947E-04  -1.7816244508139789E-05   3.7060383419884602E-06  -1.7337654867333185E-07   2.3317925930023193E+00  -7.6007181406021118E-01  -1.0810090303421021E+00   4.9070689082145691E-01   1.1614190340042114E+00  -4.6214617788791656E-02  -1.3965171575546265E+00   7.0220834016799927E-01   5.3900905186310410E-04
     2      203   1.0144041851162910E-02   3.5266458988189697E+00   6.1195135116577148E-01  -1.0144416987895966E-01   2.6469512376934290E-03   1.3322022277861834E-03  -8.2391568867024034E-05  -1.7551465134602040E-05   2.1991186258674134E-06  -6.3492443302948232E-08   2.3456478118896484E+00  -5.9203958511352539E-01  -1.0638388395309448E+00   2.7504000067710876E-01   9.8899751901626587E-01   1.1392442137002945E-01  -1.0361655950546265E+00   4.3242627382278442E-01   5.2220840007066727E-04
     2      204   1.0146483778953552E-02   3.6231851577758789E+00   5.8152073621749878E-01  -1.0474874079227448E-01   4.9346126616001129E-03   1.2913630343973637E-03  -1.4140996790956706E-04  -1.7868595023173839E-05   3.7496301956707612E-06  -1.7623068515604245E-07   2.3291442394256592E+00  -7.6643598079681396E-01  -1.0784440040588379E+00   5.0180417299270630E-01   1.1666566133499146E+00  -5.8018971234560013E-02  -1.4150003194808960E+00   7.1927410364151001E-01   4.9602024955675006E-04
     2      205   1.0156249627470970E-02   3.6594750881195068E+00   5.7030779123306274E-01  -1.0607753694057465E-01   5.7933656498789787E-03   1.2782461708411574E-03  -1.6349217912647873E-04  -1.8023054508375935E-05   4.3280610952933785E-06  -2.1799655769427773E-07   2.3212511539459229E+00  -8.3250331878662109E-01  -1.0815576314926147E+00   5.8970463275909424E-01   1.2323691844940186E+00  -1.2829023599624634E-01  -1.5622040033340454E+00   8.3565187454223633E-01   4.2129954090341926E-04
     2      206   1.0175781324505806E-02   3.5651009082794189E+00   5.9925907850265503E-01  -1.0275544226169586E-01   3.5825434606522322E-03   1.3149915030226111E-03  -1.0650133481249213E-04  -1.7676795323495753E-05   2.8317415399214951E-06  -1.0946763495667255E-07   2.3384554386138916E+00  -6.6350597143173218E-01  -1.0706245899200439E+00   3.6676076054573059E-01   1.0618847608566284E+00   4.5693296939134598E-02  -1.1889950037002563E+00   5.4683125019073486E-01   4.1015807073563337E-04
     2      207   1.0185547173023224E-02   3.5908043384552002E+00   5.9081596136093140E-01  -1.0359435528516769E-01   4.2016711086034775E-03   1.3027775567024946E-03  -1.2248422717675567E-04  -1.7745398508850485E-05   3.2519440082978690E-06  -1.4014115379268333E-07   2.3346076011657715E+00  -7.1060246229171753E-01  -1.0761992931365967E+00   4.2642849683761597E-01   1.1109139919281006E+00   3.3148727379739285E-03  -1.2881474494934082E+00   6.1773031949996948E-01   4.8763991799205542E-04
     2      208   1.0195312090218067E-02   3.5483822822570801E+00   6.0351270437240601E-01  -1.0203162580728531E-01   3.2205374445766211E-03   1.3166168937459588E-03  -9.7346965048927814E-05  -1.7549798940308392E-05   2.5955064302252140E-06  -9.2946606855548453E-08   2.3429677486419678E+00  -6.3448148965835571E-01  -1.0714896917343140E+00   3.2594439387321472E-01   1.0335209369659424E+00   7.9951442778110504E-02  -1.1214567422866821E+00   4.9142399430274963E-01   6.1641685897484422E-04
     2      209   1.0200195014476776E-02   3.5849082469940186E+00   5.9433043003082275E-01  -1.0381338745355606E-01   4.0280129760503769E-03   1.3171172467991710E-03  -1.1764313239837065E-04  -1.7895894416142255E-05   3.1169681733445032E-06  -1.2893568168692582E-07   2.3281655311584473E+00  -7.0112508535385132E-01  -1.0642713308334351E+00   4.2394378781318665E-01   1.0960409641265869E+00  -7.9200575128197670E-03  -1.2837604284286499E+00   6.2948077917098999E-01   4.8015953507274389E-04
     2      210   1.0202636010944843E-02   3.6674752235412598E+00   5.6873619556427002E-01  -1.0673633217811584E-01   5.9740091674029827E-03   1.2850352795794606E-03  -1.6775760741438717E-04  -1.8206090317107737E-05   4.4318135223875288E-06  -2.2423569134844001E-07   2.3124666213989258E+00  -8.5034769773483276E-01  -1.0742924213409424E+00   6.2017178535461426E-01   1.2468962669372559E+00  -1.5962216258049011E-01  -1.6114703416824341E+00   8.8118344545364380E-01   4.7221232671290636E-04
     2      211   1.0205077007412910E-02   3.6001241207122803E+00   5.8863490819931030E-01  -1.0415335744619370E-01   4.4121341779828072E-03   1.3052015565335751E-03  -1.2771300680469722E-04  -1.7870721421786584E-05   3.3850351428554859E-06  -1.4905850775903673E-07   2.3284304141998291E+00  -7.2878307104110718E-01  -1.0713243484497070E+00   4.5558854937553406E-01   1.1262549161911011E+00  -2.6507291942834854E-02  -1.3368604183197021E+00   6.6342872381210327E-01   4.3048680527135730E-04
     2      212   1.0209959931671619E-02   3.5759215354919434E+00   5.9459167718887329E-01  -1.0297704488039017E-01   3.8834793958812952E-03   1.3047200627624989E-03  -1.1442646791692823E-04  -1.7641970771364868E-05   3.0437518034887034E-06  -1.2551868167065550E-07   2.3379573822021484E+00  -6.8508559465408325E-01  -1.0760476589202881E+00   3.9114287495613098E-01   1.0848357677459717E+00   3.0692903324961662E-02  -1.2302904129028320E+00   5.7445442676544189E-01   4.4967126450501382E-04
     2      213   1.0214842855930328E-02   3.5875761508941650E+00   5.9196275472640991E-01  -1.0362643003463745E-01   4.1343690827488899E-03   1.3073097215965390E-03  -1.2063354370184243E-04  -1.7789014236768708E-05   3.2008410926209763E-06  -1.3599698434063612E-07   2.3319160938262939E+00  -7.0662528276443481E-01  -1.0719829797744751E+00   4.2430663108825684E-01   1.1043487787246704E+00  -4.9344619037583470E-04  -1.2849078178405762E+00   6.2249392271041870E-01   4.8476783558726311E-04
     2      214   1.0234374552965164E-02   3.5628800392150879E+00   5.9964823722839355E-01  -1.0282856971025467E-01   3.5605751909315586E-03   1.3181347167119384E-03  -1.0584449773887172E-04  -1.7715370631776750E-05   2.8130923510616412E-06  -1.0782150638988242E-07   2.3344676494598389E+00  -6.6337627172470093E-01  -1.0665103197097778E+00   3.6964982748031616E-01   1.0593942403793335E+00   3.8726590573787689E-02  -1.1937646865844727E+00   5.5545103549957275E-01   4.5507395407184958E-04
     2      215   1.0236816480755806E-02   3.6283979415893555E+00   5.7970541715621948E-01  -1.0523319989442825E-01   5.0935638137161732E-03   1.2955457204952836E-03  -1.4519067190121859E-04  -1.8004389858106151E-05   3.8422622310463339E-06  -1.8199438045485294E-07   2.3208696842193604E+00  -7.8197318315505981E-01  -1.0731558799743652E+00   5.2674663066864014E-01   1.1791894435882568E+00  -8.2955047488212585E-02  -1.4552768468856812E+00   7.5552499294281006E-01   6.0144026065245271E-04
     2      216   1.0239257477223873E-02   3.6363985538482666E+00   5.7807213068008423E-01  -1.0571239143610001E-01   5.2643897943198681E-03   1.2979800812900066E-03  -1.4944297436159104E-04  -1.8113511032424867E-05   3.9504111555288546E-06  -1.8917526745099167E-07   2.3159084320068359E+00  -7.9656356573104858E-01  -1.0684601068496704E+00   5.5098986625671387E-01   1.1908944845199585E+00  -1.0929712653160095E-01  -1.4962098598480225E+00   7.9667329788208008E-01   4.6718426165170968E-04
     2      217   1.0244140401482582E-02   3.6188492774963379E+00   5.8191651105880737E-01  -1.0475942492485046E-01   4.8926584422588348E-03   1.2946777278557420E-03  -1.4019082300364971E-04  -1.7906875655171461E-05   3.7147726743569365E-06  -1.7329909951513400E-07   2.3244493007659912E+00  -7.6495766639709473E-01  -1.0746325254440308E+00   5.0193005800247192E-01   1.1623992919921875E+00  -6.2418241053819656E-02  -1.4149210453033447E+00   7.2434651851654053E-01   6.6681724274531007E-04
     2      218   1.0249023325741291E-02   3.6166205406188965E+00   5.8185243606567383E-01  -1.0453271865844727E-01   4.8592574894428253E-03   1.2911156518384814E-03  -1.3944854435976595E-04  -1.7838234271039255E-05   3.6978983644075925E-06  -1.7256796525089158E-07   2.3272645473480225E+00  -7.6120907068252563E-01  -1.0785988569259644E+00   4.9311375617980957E-01   1.1605912446975708E+00  -5.0331182777881622E-02  -1.3999745845794678E+00   7.0682978630065918E-01   4.8019981477409601E-04
     2      219   1.0250244289636612E-02   3.6327323913574219E+00   5.7671248912811279E-01  -1.0507265478372574E-01   5.2428185008466244E-03   1.2838860275223851E-03  -1.4935992658138275E-04  -1.7884449334815145E-05   3.9588203435414471E-06  -1.9161321063165815E-07   2.3246514797210693E+00  -7.9036688804626465E-01  -1.0812965631484985E+00   5.3079676628112793E-01   1.1904110908508301E+00  -7.8605763614177704E-02  -1.4629369974136353E+00   7.5417345762252808E-01   5.7717546587809920E-04
     2      220   1.0251464322209358E-02   3.5918252468109131E+00   5.8951860666275024E-01  -1.0366287082433701E-01   4.2769755236804485E-03   1.3008388923481107E-03  -1.2445189349818975E-04  -1.7746990124578588E-05   3.3044777865143260E-06  -1.4405230785996537E-07   2.3317263126373291E+00  -7.1657121181488037E-01  -1.0752695798873901E+00   4.3468102812767029E-01   1.1151896715164185E+00  -5.7863672263920307E-03  -1.3025674819946289E+00   6.3275831937789917E-01   5.3026550449430943E-04
     2      221   1.0253906250000000E-02   3.6066739559173584E+00   5.8537936210632324E-01  -1.0429877042770386E-01   4.6159331686794758E-03   1.2983394553884864E-03  -1.3307065819390118E-04  -1.7849892174126580E-05   3.5281061627756571E-06  -1.5985219192771183E-07   2.3270914554595947E+00  -7.4360698461532593E-01  -1.0744162797927856E+00   4.7257244586944580E-01   1.1413338184356689E+00  -3.7980355322360992E-02  -1.3656231164932251E+00   6.8447810411453247E-01   4.6108252718113363E-04
     2      222   1.0273437015712261E-02   3.6024577617645264E+00   5.8838558197021484E-01  -1.0459823906421661E-01   4.4793677516281605E-03   1.3129619183018804E-03  -1.2909331417176872E-04  -1.8022477888735011E-05   3.4138072351197479E-06  -1.4996969355252077E-07   2.3202280998229980E+00  -7.3764723539352417E-01  -1.0634925365447998E+00   4.7391256690025330E-01   1.1310644149780273E+00  -4.9358688294887543E-02  -1.3663901090621948E+00   6.9559496641159058E-01   4.7916019684635103E-04
     2      223   1.0312499478459358E-02   3.6252274513244629E+00   5.8031970262527466E-01  -1.0532643646001816E-01   5.0550727173686028E-03   1.3005606597289443E-03  -1.4399585779756308E-04  -1.8071019439958036E-05   3.8064495129219722E-06  -1.7874889124414040E-07   2.3160972595214844E+00  -7.8113919496536255E-01  -1.0686088800430298E+00   5.2861100435256958E-01   1.1754429340362549E+00  -8.9422032237052917E-02  -1.4578564167022705E+00   7.6383066177368164E-01   4.8710402916185558E-04
     2      224   1.0468749329447746E-02   3.6200499534606934E+00   5.7870578765869141E-01  -1.0500458627939224E-01   5.0680069252848625E-03   1.2934660771861672E-03  -1.4447583816945553E-04  -1.7971216948353685E-05   3.8227162804105319E-06  -1.8069741258841532E-07   2.3149909973144531E+00  -7.8143846988677979E-01  -1.0731536149978638E+00   5.2303576469421387E-01   1.1763150691986084E+00  -7.9569764435291290E-02  -1.4482458829879761E+00   7.4987846612930298E-01   5.0531898159533739E-04
     2      225   1.0546874254941940E-02   3.6009745597839355E+00   5.8425176143646240E-01  -1.0452882945537567E-01   4.6559879556298256E-03   1.3042042264714837E-03  -1.3371178647503257E-04  -1.7968619431485422E-05   3.5372288493817905E-06  -1.5949143516991171E-07   2.3130908012390137E+00  -7.5184375047683716E-01  -1.0661606788635254E+00   4.8771160840988159E-01   1.1433645486831665E+00  -5.8065485209226608E-02  -1.3890511989593506E+00   7.1101677417755127E-01   4.4565304415300488E-04
     2      226   1.0549316182732582E-02   3.5358762741088867E+00   6.0305696725845337E-01  -1.0193666070699692E-01   3.1577805057168007E-03   1.3207097072154284E-03  -9.5411334768868983E-05  -1.7601423678570427E-05   2.5386286779394140E-06  -8.8172271262010327E-08   2.3299756050109863E+00  -6.3424795866012573E-01  -1.0653879642486572E+00   3.2663756608963013E-01   1.0274059772491455E+00   7.4027873575687408E-02  -1.1206865310668945E+00   4.9659112095832825E-01   4.9223075620830059E-04
     2      227   1.0551757179200649E-02   3.6183066368103027E+00   5.7789319753646851E-01  -1.0494224727153778E-01   5.0903419032692909E-03   1.2914340477436781E-03  -1.4507651212625206E-04  -1.7951413610717282E-05   3.8392286114685703E-06  -1.8206669949449861E-07   2.3129913806915283E+00  -7.8327149152755737E-01  -1.0734578371047974E+00   5.2429109811782837E-01   1.1772344112396240E+00  -8.0749027431011200E-02  -1.4504731893539429E+00   7.5223338603973389E-01   5.0236762035638094E-04
     2      228   1.0556640103459358E-02   3.5974729061126709E+00   5.8472651243209839E-01  -1.0430900752544403E-01   4.5897262170910835E-03   1.3027573004364967E-03  -1.3204099377617240E-04  -1.7921176549862139E-05   3.4940703699248843E-06  -1.5661522922982840E-07   2.3153543472290039E+00  -7.4608361721038818E-01  -1.0691171884536743E+00   4.7688621282577515E-01   1.1390506029129028E+00  -4.5276716351509094E-02  -1.3705506324768066E+00   6.9176304340362549E-01   5.0325901247560978E-04
     2      229   1.0566405951976776E-02   3.5591464042663574E+00   5.9547317028045654E-01  -1.0273985564708710E-01   3.7203945685178041E-03   1.3107146369293332E-03  -1.0989620932377875E-04  -1.7682141333352774E-05   2.9184477625676664E-06  -1.1573806091291772E-07   2.3255908489227295E+00  -6.7723971605300903E-01  -1.0692185163497925E+00   3.8201960921287537E-01   1.0709687471389771E+00   3.2198410481214523E-02  -1.2130953073501587E+00   5.6699377298355103E-01   5.2682496607303619E-04
     2      230   1.0585937649011612E-02   3.5501027107238770E+00   5.9840881824493408E-01  -1.0251341760158539E-01   3.5149059258401394E-03   1.3158110668882728E-03  -1.0461205965839326E-04  -1.7672789908829145E-05   2.7802338991023134E-06  -1.0560582097696170E-07   2.3247382640838623E+00  -6.6204744577407837E-01  -1.0644139051437378E+00   3.6542236804962158E-01   1.0534211397171021E+00   3.9425168186426163E-02  -1.1863634586334229E+00   5.5263525247573853E-01   6.1006395844742656E-04
     2      231   1.0588379576802254E-02   3.5475184917449951E+00   5.9850084781646729E-01  -1.0227543115615845E-01   3.4714590292423964E-03   1.3124985853210092E-03  -1.0361141903558746E-04  -1.7603935702936724E-05   2.7565426989895059E-06  -1.0436826869408833E-07   2.3276562690734863E+00  -6.5746217966079712E-01  -1.0681705474853516E+00   3.5568085312843323E-01   1.0506414175033569E+00   5.1828712224960327E-02  -1.1700567007064819E+00   5.3448522090911865E-01   4.4626640737988055E-04
     2      232   1.0590820573270321E-02   3.5868625640869141E+00   5.8655148744583130E-01  -1.0372843593358994E-01   4.3929568491876125E-03   1.2990187387913465E-03  -1.2727799185086042E-04  -1.7778254914446734E-05   3.3759890811779769E-06  -1.4902995815191389E-07   2.3192098140716553E+00  -7.2866183519363403E-01  -1.0715188980102539E+00   4.5054635405540466E-01   1.1219270229339600E+00  -2.3148337379097939E-02  -1.3283666372299194E+00   6.5818804502487183E-01   6.1535922577604651E-04
     2      233   1.0595703497529030E-02   3.5884633064270020E+00   5.8589875698089600E-01  -1.0376799106597900E-01   4.4325166381895542E-03   1.2981783365830779E-03  -1.2824617442674935E-04  -1.7784150259103626E-05   3.4002109714492690E-06  -1.5073310066782142E-07   2.3194026947021484E+00  -7.3200958967208862E-01  -1.0734349489212036E+00   4.5330390334129333E-01   1.1266994476318359E+00  -2.1537924185395241E-02  -1.3317800760269165E+00   6.5555429458618164E-01   4.8470546607859433E-04
     2      234   1.0598145425319672E-02   3.6026177406311035E+00   5.8164560794830322E-01  -1.0430806130170822E-01   4.7635501250624657E-03   1.2938245199620724E-03  -1.3672768545802683E-04  -1.7854983525467105E-05   3.6216847547621001E-06  -1.6662563950831100E-07   2.3160753250122070E+00  -7.5768262147903442E-01  -1.0742264986038208E+00   4.8781457543373108E-01   1.1520311832427979E+00  -4.9560789018869400E-02  -1.3894525766372681E+00   7.0193296670913696E-01   6.4538867445662618E-04
     2      235   1.0600586421787739E-02   3.5987455844879150E+00   5.8275026082992554E-01  -1.0415900498628616E-01   4.6776332892477512E-03   1.2946608476340771E-03  -1.3456208398565650E-04  -1.7831123841460794E-05   3.5659445529745426E-06  -1.6269736136109714E-07   2.3167505264282227E+00  -7.5072836875915527E-01  -1.0734100341796875E+00   4.7897008061408997E-01   1.1443850994110107E+00  -4.4197697192430496E-02  -1.3753253221511841E+00   6.9367837905883789E-01   4.3964013457298279E-04
     2      236   1.0605469346046448E-02   3.5725746154785156E+00   5.8985054492950439E-01  -1.0302622616291046E-01   4.0868981741368771E-03   1.2984949862584472E-03  -1.1954345245612785E-04  -1.7643495084485039E-05   3.1764916457177605E-06  -1.3524626751859614E-07   2.3249294757843018E+00  -7.0373171567916870E-01  -1.0756760835647583E+00   4.1230225563049316E-01   1.0995337963104248E+00   1.4050885103642941E-02  -1.2639517784118652E+00   5.9976845979690552E-01   5.1216053543612361E-04
     2      237   1.0625000111758709E-02   3.5494403839111328E+00   5.9925705194473267E-01  -1.0277082771062851E-01   3.4965761005878448E-03   1.3233056524768472E-03  -1.0386954818386585E-04  -1.7783853763830848E-05   2.7548987873160513E-06  -1.0282754914214820E-07   2.3193018436431885E+00  -6.6334193944931030E-01  -1.0577093362808228E+00   3.7271612882614136E-01   1.0513586997985840E+00   2.6284160092473030E-02  -1.1980391740798950E+00   5.7008802890777588E-01   5.4459529928863049E-04
     2      238   1.0703125968575478E-02   3.5807609558105469E+00   5.8809417486190796E-01  -1.0382908582687378E-01   4.2935083620250225E-03   1.3077008770778775E-03  -1.2438576959539205E-04  -1.7877526261145249E-05   3.2931113764789188E-06  -1.4201846454398037E-07   2.3124773502349854E+00  -7.2458606958389282E-01  -1.0646696090698242E+00   4.4968718290328979E-01   1.1142752170562744E+00  -2.8505278751254082E-02  -1.3254665136337280E+00   6.6217774152755737E-01   5.3410086547955871E-04
     2      239   1.0742188431322575E-02   3.5949380397796631E+00   5.8176898956298828E-01  -1.0403770953416824E-01   4.6883560717105865E-03   1.2923289323225617E-03  -1.3483164366334677E-04  -1.7804530216380954E-05   3.5731702610064531E-06  -1.6338844943675213E-07   2.3135538101196289E+00  -7.5227510929107666E-01  -1.0742037296295166E+00   4.7877550125122070E-01   1.1452758312225342E+00  -4.2384348809719086E-02  -1.3744046688079834E+00   6.8991899490356445E-01   4.8188606160692871E-04
     2      240   1.0747071355581284E-02   3.5922966003417969E+00   5.8307594060897827E-01  -1.0406893491744995E-01   4.6158256009221077E-03   1.2968777446076274E-03  -1.3285237946547568E-04  -1.7844564354163595E-05   3.5189571008231724E-06  -1.5905632722024166E-07   2.3118765354156494E+00  -7.4785512685775757E-01  -1.0707000494003296E+00   4.7576588392257690E-01   1.1392756700515747E+00  -4.3779481202363968E-02  -1.3692314624786377E+00   6.9048702716827393E-01   4.7977571375668049E-04
     2      241   1.0751953348517418E-02   3.5919687747955322E+00   5.8227318525314331E-01  -1.0387253016233444E-01   4.6343659050762653E-03   1.2910551158711314E-03  -1.3355039118323475E-04  -1.7759932234184816E-05   3.5421815027802950E-06  -1.6148497650192439E-07   2.3145649433135986E+00  -7.4735945463180542E-01  -1.0745792388916016E+00   4.7166144847869873E-01   1.1401985883712769E+00  -3.7112858146429062E-02  -1.3633103370666504E+00   6.8204152584075928E-01   4.6850583748891950E-04
     2      242   1.0754395276308060E-02   3.5849487781524658E+00   5.8475703001022339E-01  -1.0370001941919327E-01   4.4626006856560707E-03   1.2958789011463523E-03  -1.2906886695418507E-04  -1.7762720744940452E-05   3.4234531085530762E-06  -1.5265229080796416E-07   2.3145272731781006E+00  -7.3487025499343872E-01  -1.0716575384140015E+00   4.5707806944847107E-01   1.1265517473220825E+00  -2.8368337079882622E-02  -1.3389635086059570E+00   6.6638511419296265E-01   4.8172229435294867E-04
     2      243   1.0756836272776127E-02   3.5459747314453125E+00   5.9777528047561646E-01  -1.0254133492708206E-01   3.5201611462980509E-03   1.3177596265450120E-03  -1.0454996663611382E-04  -1.7712834960548207E-05   2.7747028070734814E-06  -1.0479377721139826E-07   2.3184576034545898E+00  -6.6485154628753662E-01  -1.0620442628860474E+00   3.6929494142532349E-01   1.0538637638092041E+00   3.4876257181167603E-02  -1.1914484500885010E+00   5.5796748399734497E-01   4.3640239164233208E-04
     2      244   1.0761719197034836E-02   3.5223288536071777E+00   6.0443258285522461E-01  -1.0157322883605957E-01   2.9833959415555000E-03   1.3225941220298409E-03  -9.0894784079864621E-05  -1.7563281289767474E-05   2.4201756332331570E-06  -7.9645388950666529E-08   2.3247079849243164E+00  -6.2229537963867188E-01  -1.0618230104446411E+00   3.1097450852394104E-01   1.0116527080535889E+00   8.2033589482307434E-02  -1.0948156118392944E+00   4.8183786869049072E-01   5.1009445451200008E-04
     2      245   1.0766602121293545E-02   3.5446982383728027E+00   5.9734076261520386E-01  -1.0234432667493820E-01   3.5151815973222256E-03   1.3132353778928518E-03  -1.0459746408741921E-04  -1.7639111320022494E-05   2.7799121653515613E-06  -1.0578764886304270E-07   2.3207478523254395E+00  -6.6298204660415649E-01  -1.0653196573257446E+00   3.6374837160110474E-01   1.0532416105270386E+00   4.2460016906261444E-02  -1.1827970743179321E+00   5.4754418134689331E-01   5.9858540771529078E-04
     2      246   1.0771485045552254E-02   3.5792555809020996E+00   5.8634066581726074E-01  -1.0351839661598206E-01   4.3374211527407169E-03   1.2983494671061635E-03  -1.2580183101817966E-04  -1.7751153791323304E-05   3.3366911793564213E-06  -1.4625872779561178E-07   2.3149712085723877E+00  -7.2564584016799927E-01  -1.0710675716400146E+00   4.4469851255416870E-01   1.1173218488693237E+00  -1.8096568062901497E-02  -1.3177971839904785E+00   6.4900594949722290E-01   4.4472701847553253E-04
     2      247   1.0773926973342896E-02   3.5661644935607910E+00   5.9028398990631104E-01  -1.0304152965545654E-01   4.0304893627762794E-03   1.3032492715865374E-03  -1.1786426330218092E-04  -1.7701795513858087E-05   3.1275958463083953E-06  -1.3106468088608381E-07   2.3178532123565674E+00  -7.0221465826034546E-01  -1.0706198215484619E+00   4.1277450323104858E-01   1.0944184064865112E+00   8.7822703644633293E-03  -1.2638629674911499E+00   6.0463815927505493E-01   4.8573705134913325E-04
     2      248   1.0776367969810963E-02   3.6095585823059082E+00   5.7592099905014038E-01  -1.0438068211078644E-01   5.0757448188960552E-03   1.2805410660803318E-03  -1.4495842333417386E-04  -1.7783157090889290E-05   3.8423663681896869E-06  -1.8355970610173244E-07   2.3128342628479004E+00  -7.8057855367660522E-01  -1.0810346603393555E+00   5.1114904880523682E-01   1.1758451461791992E+00  -6.1498124152421951E-02  -1.4283037185668945E+00   7.2485965490341187E-01   6.0848018620163202E-04
     2      249   1.0778808966279030E-02   3.6041331291198730E+00   5.7936525344848633E-01  -1.0458642989397049E-01   4.9062469042837620E-03   1.2943014735355973E-03  -1.4023944095242769E-04  -1.7926748114405200E-05   3.7107824937265832E-06  -1.7265089979900949E-07   2.3072264194488525E+00  -7.7111256122589111E-01  -1.0699653625488281E+00   5.0802302360534668E-01   1.1614421606063843E+00  -7.1289964020252228E-02  -1.4228750467300415E+00   7.3485714197158813E-01   6.2982703093439341E-04
     2      250   1.0781250894069672E-02   3.6003785133361816E+00   5.8069491386413574E-01  -1.0449915379285812E-01   4.8135165125131607E-03   1.2971586547791958E-03  -1.3779092114418745E-04  -1.7933320123120211E-05   3.6452127005759394E-06  -1.6771407729265775E-07   2.3072278499603271E+00  -7.6454222202301025E-01  -1.0687040090560913E+00   5.0006371736526489E-01   1.1545752286911011E+00  -6.5608963370323181E-02  -1.4092414379119873E+00   7.2459924221038818E-01   7.4310146737843752E-04
     2      251   1.0800782591104507E-02   3.5848133563995361E+00   5.8410036563873291E-01  -1.0369877517223358E-01   4.4928714632987976E-03   1.2945857597514987E-03  -1.2986344518139958E-04  -1.7756829038262367E-05   3.4446334211679641E-06  -1.5425983690420253E-07   2.3132219314575195E+00  -7.3727083206176758E-01  -1.0717326402664185E+00   4.5980039238929749E-01   1.1283967494964600E+00  -3.0843092128634453E-02  -1.3436315059661865E+00   6.7055100202560425E-01   5.4393068421632051E-04
     2      252   1.0820313356816769E-02   3.5829493999481201E+00   5.8429658412933350E-01  -1.0361709445714951E-01   4.4629243202507496E-03   1.2945232447236776E-03  -1.2906773190479726E-04  -1.7745382137945853E-05   3.4232559755764669E-06  -1.5272874520633195E-07   2.3135485649108887E+00  -7.3507046699523926E-01  -1.0727566480636597E+00   4.5556986331939697E-01   1.1267632246017456E+00  -2.5466427206993103E-02  -1.3360357284545898E+00   6.6191130876541138E-01   4.7174186329357326E-04
     2      253   1.0839844122529030E-02   3.5263762474060059E+00   6.0177731513977051E-01  -1.0167366266250610E-01   3.1355139799416065E-03   1.3178903609514236E-03  -9.4790731964167207E-05  -1.7558215404278599E-05   2.5220681436621817E-06  -8.7187764563623205E-08   2.3229961395263672E+00  -6.3421493768692017E-01  -1.0653662681579590E+00   3.2321470975875854E-01   1.0248125791549683E+00   7.7438302338123322E-02  -1.1140522956848145E+00   4.9010035395622253E-01   4.6131524140946567E-04
     2      254   1.0859375819563866E-02   3.6051087379455566E+00   5.7663559913635254E-01  -1.0435535758733749E-01   5.0177141092717648E-03   1.2833651853725314E-03  -1.4341103087645024E-04  -1.7803755326895043E-05   3.8008370211173315E-06  -1.8032578452675807E-07   2.3090634346008301E+00  -7.7727013826370239E-01  -1.0768532752990723E+00   5.0949466228485107E-01   1.1695570945739746E+00  -6.5861545503139496E-02  -1.4261389970779419E+00   7.2994732856750488E-01   5.3235830273479223E-04
     2      255   1.0878907516598701E-02   3.6203885078430176E+00   5.7277619838714600E-01  -1.0515501350164413E-01   5.3606750443577766E-03   1.2848000042140484E-03  -1.5196751337498426E-04  -1.7970682165469043E-05   4.0193299355451018E-06  -1.9522089189649705E-07   2.3016448020935059E+00  -8.0618578195571899E-01  -1.0729106664657593E+00   5.5252766609191895E-01   1.1963049173355103E+00  -1.0490112006664276E-01  -1.4970891475677490E+00   7.9057556390762329E-01   4.5516324462369084E-04
     2      256   1.0888673365116119E-02   3.5907273292541504E+00   5.8189529180526733E-01  -1.0412316769361496E-01   4.6663493849337101E-03   1.2965982314199209E-03  -1.3406394282355905E-04  -1.7865673726191744E-05   3.5491884773364291E-06  -1.6109797229546530E-07   2.3067438602447510E+00  -7.5324922800064087E-01  -1.0691170692443848E+00   4.8302361369132996E-01   1.1427764892578125E+00  -5.1007684320211411E-02  -1.3807475566864014E+00   7.0060479640960693E-01   5.6347635108977556E-04
     2      257   1.0893555358052254E-02   3.5725364685058594E+00   5.8650523424148560E-01  -1.0326994210481644E-01   4.2653870768845081E-03   1.2972089461982250E-03  -1.2394637451507151E-04  -1.7708387531456538E-05   3.2882396681088721E-06  -1.4293939898379904E-07   2.3134126663208008E+00  -7.2053116559982300E-01  -1.0720692873001099E+00   4.3535184860229492E-01   1.1118456125259399E+00  -8.6321169510483742E-03  -1.3016141653060913E+00   6.3351666927337646E-01   5.6790187954902649E-04
     2      258   1.0898438282310963E-02   3.5543999671936035E+00   5.9216922521591187E-01  -1.0265505313873291E-01   3.8398921024054289E-03   1.3047448592260480E-03  -1.1298739991616458E-04  -1.7647544154897332E-05   3.0008238809386967E-06  -1.2208062116769725E-07   2.3161575794219971E+00  -6.8802279233932495E-01  -1.0688101053237915E+00   3.9351630210876465E-01   1.0781912803649902E+00   2.1842835471034050E-02  -1.2321195602416992E+00   5.8268731832504272E-01   5.2969949319958687E-04
     2      259   1.0900879278779030E-02   3.6243915557861328E+00   5.7072305679321289E-01  -1.0519122332334518E-01   5.4842303507030010E-03   1.2792833149433136E-03  -1.5528080984950066E-04  -1.7936783478944562E-05   4.1090252125286497E-06  -2.0215928486777557E-07   2.3018958568572998E+00  -8.1446963548660278E-01  -1.0756537914276123E+00   5.6121909618377686E-01   1.2049698829650879E+00  -1.1030106246471405E-01  -1.5124409198760986E+00   8.0153793096542358E-01   5.9255870291963220E-04
     2      260   1.0903321206569672E-02   3.5882303714752197E+00   5.8231532573699951E-01  -1.0400610417127609E-01   4.6237772330641747E-03   1.2959875166416168E-03  -1.3304357707966119E-04  -1.7837979612522759E-05   3.5240229863120476E-06  -1.5946332609928504E-07   2.3070821762084961E+00  -7.4939179420471191E-01  -1.0687898397445679E+00   4.7785234451293945E-01   1.1380652189254761E+00  -4.8643510788679123E-02  -1.3730895519256592E+00   6.9765883684158325E-01   4.9645744729787111E-04
     2      261   1.0908203199505806E-02   3.5298869609832764E+00   5.9893816709518433E-01  -1.0163760930299759E-01   3.2871188595890999E-03   1.3093323213979602E-03  -9.8919917945750058E-05  -1.7487767763668671E-05   2.6355726276960922E-06  -9.6212822597863124E-08   2.3228540420532227E+00  -6.4418953657150269E-01  -1.0693198442459106E+00   3.3270305395126343E-01   1.0351437330245972E+00   7.2251610457897186E-02  -1.1310609579086304E+00   5.0148731470108032E-01   5.4064369760453701E-04
     2      262   1.0910645127296448E-02   3.5820353031158447E+00   5.8277231454849243E-01  -1.0348791629076004E-01   4.5168725773692131E-03   1.2891951482743025E-03  -1.3058360491413623E-04  -1.7687152649159543E-05   3.4659813081816537E-06  -1.5634934413810697E-07   2.3128590583801270E+00  -7.3844486474990845E-01  -1.0754904747009277E+00   4.5677143335342407E-01   1.1302456855773926E+00  -2.4070067331194878E-02  -1.3383816480636597E+00   6.6138362884521484E-01   5.6482828222215176E-04
     2      263   1.0913086123764515E-02   3.5927872657775879E+00   5.8047813177108765E-01  -1.0410373657941818E-01   4.7459541819989681E-03   1.2918638531118631E-03  -1.3627827866002917E-04  -1.7823607777245343E-05   3.6109368011238985E-06  -1.6605868324859330E-07   2.3068525791168213E+00  -7.5811940431594849E-01  -1.0706180334091187E+00   4.8817023634910583E-01   1.1472651958465576E+00  -5.5567990988492966E-02  -1.3906232118606567E+00   7.1014297008514404E-01   4.7881650971248746E-04
     2      264   1.0917969048023224E-02   3.5627834796905518E+00   5.8940070867538452E-01  -1.0298183560371399E-01   4.0456322021782398E-03   1.3021883787587285E-03  -1.1820474901469424E-04  -1.7697104340186343E-05   3.1356880754174199E-06  -1.3164967072043510E-07   2.3138854503631592E+00  -7.0433092117309570E-01  -1.0701125860214233E+00   4.1445454955101013E-01   1.0948584079742432E+00   6.8164607509970665E-03  -1.2663265466690063E+00   6.0748708248138428E-01   4.5021783444099128E-04
     2      265   1.0927734896540642E-02   3.5898230075836182E+00   5.8121901750564575E-01  -1.0401143133640289E-01   4.6818959526717663E-03   1.2934460537508130E-03  -1.3454469444695860E-04  -1.7825313989305869E-05   3.5634382129501319E-06  -1.6244904088580370E-07   2.3072159290313721E+00  -7.5372260808944702E-01  -1.0712698698043823E+00   4.8129922151565552E-01   1.1436953544616699E+00  -4.7573558986186981E-02  -1.3780993223190308E+00   6.9637399911880493E-01   4.5972474617883563E-04
     2      266   1.0930176824331284E-02   3.5390756130218506E+00   5.9684115648269653E-01  -1.0220258682966232E-01   3.4898268058896065E-03   1.3125966070219874E-03  -1.0386792564531788E-04  -1.7625847249291837E-05   2.7593591767072212E-06  -1.0427956453895604E-07   2.3169095516204834E+00  -6.6225504875183105E-01  -1.0653725862503052E+00   3.6079004406929016E-01   1.0513737201690674E+00   4.5957043766975403E-02  -1.1768414974212646E+00   5.4116266965866089E-01   4.9754860810935497E-04
     2      267   1.0932617820799351E-02   3.5505285263061523E+00   5.9340733289718628E-01  -1.0264052450656891E-01   3.7564851809293032E-03   1.3091810978949070E-03  -1.1068624735344201E-04  -1.7684633348835632E-05   2.9371094569796696E-06  -1.1700540625270150E-07   2.3142461776733398E+00  -6.8314915895462036E-01  -1.0663158893585205E+00   3.8864290714263916E-01   1.0725121498107910E+00   2.4514831602573395E-02  -1.2229135036468506E+00   5.7613325119018555E-01   5.8697414351627231E-04
     2      268   1.0935058817267418E-02   3.5748665332794189E+00   5.8664751052856445E-01  -1.0367997735738754E-01   4.3131406418979168E-03   1.3047220418229699E-03  -1.2489237997215241E-04  -1.7845073671196587E-05   3.3071721645683283E-06  -1.4328922759432317E-07   2.3064873218536377E+00  -7.2725373506546021E-01  -1.0641216039657593E+00   4.5126512646675110E-01   1.1144374608993530E+00  -3.0625011771917343E-02  -1.3278105258941650E+00   6.6514098644256592E-01   5.7245028438046575E-04
     2      269   1.0937500745058060E-02   3.5825200080871582E+00   5.8503437042236328E-01  -1.0412713885307312E-01   4.4742412865161896E-03   1.3071275316178799E-03  -1.2884728494100273E-04  -1.7951404515770264E-05   3.4065240015479503E-06  -1.4980412288423395E-07   2.3022522926330566E+00  -7.4136531352996826E-01  -1.0610618591308594E+00   4.7335454821586609E-01   1.1271451711654663E+00  -5.1567427814006805E-02  -1.3640921115875244E+00   6.9686633348464966E-01   6.3273072009906173E-04
     2      270   1.0942383669316769E-02   3.5707919597625732E+00   5.8596640825271606E-01  -1.0313320904970169E-01   4.2652776464819908E-03   1.2944069458171725E-03  -1.2399182014632970E-04  -1.7666790881776251E-05   3.2906718843150884E-06  -1.4341945586693328E-07   2.3138842582702637E+00  -7.2013372182846069E-01  -1.0747059583663940E+00   4.3183043599128723E-01   1.1123347282409668E+00  -2.3132057394832373E-03  -1.2952818870544434E+00   6.2464451789855957E-01   5.5953866103664041E-04
     2      271   1.0947266593575478E-02   3.5989658832550049E+00   5.7785099744796753E-01  -1.0427915304899216E-01   4.9187242984771729E-03   1.2873983941972256E-03  -1.4074036153033376E-04  -1.7828393538366072E-05   3.7282834455254488E-06  -1.7471259639023629E-07   2.3056905269622803E+00  -7.7121090888977051E-01  -1.0732778310775757E+00   5.0337159633636475E-01   1.1611969470977783E+00  -6.4667493104934692E-02  -1.4156194925308228E+00   7.2587358951568604E-01   5.5106158833950758E-04
     2      272   1.0952149517834187E-02   3.5348582267761230E+00   5.9707987308502197E-01  -1.0188965499401093E-01   3.4267061855643988E-03   1.3083944795653224E-03  -1.0244999430142343E-04  -1.7533171558170579E-05   2.7267751647741534E-06  -1.0261583582860112E-07   2.3195564746856689E+00  -6.5563869476318359E-01  -1.0682848691940308E+00   3.4887734055519104E-01   1.0454103946685791E+00   5.7508144527673721E-02  -1.1580605506896973E+00   5.2488964796066284E-01   5.5605964735150337E-04
     2      273   1.0957032442092896E-02   3.5603075027465820E+00   5.8902049064636230E-01  -1.0276749730110168E-01   4.0329396724700928E-03   1.2976464349776506E-03  -1.1809359421022236E-04  -1.7618700439925306E-05   3.1377587674796814E-06  -1.3248320840375527E-07   2.3149323463439941E+00  -7.0180624723434448E-01  -1.0717482566833496E+00   4.0925145149230957E-01   1.0921083688735962E+00   1.0919434949755669E-02  -1.2591657638549805E+00   6.0245674848556519E-01   5.6962703820317984E-04
     2      274   1.0966798290610313E-02   3.5753951072692871E+00   5.8430409431457520E-01  -1.0332448035478592E-01   4.3892967514693737E-03   1.2925781775265932E-03  -1.2719165533781052E-04  -1.7690314052742906E-05   3.3747121506166877E-06  -1.4949020510357514E-07   2.3117792606353760E+00  -7.2972959280014038E-01  -1.0741647481918335E+00   4.4527107477188110E-01   1.1209362745285034E+00  -1.4949789270758629E-02  -1.3182822465896606E+00   6.4526820182800293E-01   6.0989003395661712E-04
     2      275   1.0971680283546448E-02   3.6025819778442383E+00   5.7653826475143433E-01  -1.0444460064172745E-01   5.0166244618594646E-03   1.2863846495747566E-03  -1.4323303184937686E-04  -1.7853941244538873E-05   3.7931320093775867E-06  -1.7932582352386817E-07   2.3037626743316650E+00  -7.7912533283233643E-01  -1.0729258060455322E+00   5.1431930065155029E-01   1.1686104536056519E+00  -7.4097156524658203E-02  -1.4338368177413940E+00   7.4084633588790894E-01   5.9222761774435639E-04
     2      276   1.0976563207805157E-02   3.5775613784790039E+00   5.8494520187377930E-01  -1.0372234135866165E-01   4.4094868935644627E-03   1.3011894188821316E-03  -1.2738553050439805E-04  -1.7833810488809831E-05   3.3727151276252698E-06  -1.4819495675055805E-07   2.3060193061828613E+00  -7.3447346687316895E-01  -1.0668573379516602E+00   4.5823565125465393E-01   1.1226817369461060E+00  -3.2562002539634705E-02  -1.3389341831207275E+00   6.6895371675491333E-01   5.8964354684576392E-04
     2      277   1.0981446132063866E-02   3.5907506942749023E+00   5.8040899038314819E-01  -1.0410468280315399E-01   4.7352369874715805E-03   1.2931450037285686E-03  -1.3589723675977439E-04  -1.7843049135990441E-05   3.5987175124319037E-06  -1.6494519172738364E-07   2.3045561313629150E+00  -7.5838941335678101E-01  -1.0698524713516235E+00   4.8842653632164001E-01   1.1469571590423584E+00  -5.5564064532518387E-02  -1.3902114629745483E+00   7.0882683992385864E-01   6.6664436599239707E-04
     2      278   1.0986328125000000E-02   3.5630512237548828E+00   5.8928322792053223E-01  -1.0320717096328735E-01   4.0736040100455284E-03   1.3066186802461743E-03  -1.1871804599650204E-04  -1.7779351765057072E-05   3.1449824291485129E-06  -1.3168286727704981E-07   2.3086605072021484E+00  -7.0884972810745239E-01  -1.0655926465988159E+00   4.2397090792655945E-01   1.0970042943954468E+00  -5.1433420740067959E-03  -1.2813763618469238E+00   6.2366640567779541E-01   5.6547776330262423E-04
     2      279   1.0996093973517418E-02   3.5734803676605225E+00   5.8497369289398193E-01  -1.0336897522211075E-01   4.3502054177224636E-03   1.2959754094481468E-03  -1.2606070959009230E-04  -1.7728649254422635E-05   3.3423652894271072E-06  -1.4675519821594207E-07   2.3096969127655029E+00  -7.2805702686309814E-01  -1.0718125104904175E+00   4.4474208354949951E-01   1.1183320283889771E+00  -1.6179690137505531E-02  -1.3166549205780029E+00   6.4538514614105225E-01   5.0293165259063244E-04
     2      280   1.1015625670552254E-02   3.5732235908508301E+00   5.8578383922576904E-01  -1.0358253866434097E-01   4.3359324336051941E-03   1.3016707962378860E-03  -1.2555895955301821E-04  -1.7808677512221038E-05   3.3265666843362851E-06  -1.4501644329811825E-07   2.3052444458007812E+00  -7.2867137193679810E-01  -1.0650303363800049E+00   4.5155969262123108E-01   1.1152245998382568E+00  -3.0685957521200180E-02  -1.3288451433181763E+00   6.6576379537582397E-01   6.4846378518268466E-04
     2      281   1.1035157367587090E-02   3.6110296249389648E+00   5.7301771640777588E-01  -1.0475252568721771E-01   5.2555399015545845E-03   1.2819076655432582E-03  -1.4933274360373616E-04  -1.7887961803353392E-05   3.9519977690360975E-06  -1.9080387403391796E-07   2.3007211685180664E+00  -7.9799228906631470E-01  -1.0752080678939819E+00   5.3742122650146484E-01   1.1879161596298218E+00  -8.9649297297000885E-02  -1.4714766740798950E+00   7.6687735319137573E-01   4.4991896720603108E-04
     2      282   1.1040040291845798E-02   3.5777778625488281E+00   5.8367526531219482E-01  -1.0367195308208466E-01   4.4652898795902729E-03   1.2974685523658991E-03  -1.2889855133835226E-04  -1.7800181012717076E-05   3.4143313314416446E-06  -1.5155457333548839E-07   2.3052866458892822E+00  -7.3827552795410156E-01  -1.0686633586883545E+00   4.6110224723815918E-01   1.1263140439987183E+00  -3.3643763512372971E-02  -1.3439972400665283E+00   6.7240089178085327E-01   5.6591426255181432E-04
     2      283   1.1044923216104507E-02   3.5728306770324707E+00   5.8492916822433472E-01  -1.0345213860273361E-01   4.3561719357967377E-03   1.2980641331523657E-03  -1.2610947305802256E-04  -1.7765501979738474E-05   3.3414819426980102E-06  -1.4638391121479799E-07   2.3069379329681396E+00  -7.2963804006576538E-01  -1.0696116685867310E+00   4.4831317663192749E-01   1.1184531450271606E+00  -2.1439693868160248E-02  -1.3223184347152710E+00   6.5271508693695068E-01   5.0181552069261670E-04
     2      284   1.1054688133299351E-02   3.5131669044494629E+00   6.0195052623748779E-01  -1.0105103999376297E-01   2.9926062561571598E-03   1.3119747163727880E-03  -9.1317961050663143E-05  -1.7412836314179003E-05   2.4358910195587669E-06  -8.1886966540878348E-08   2.3224256038665771E+00  -6.2217921018600464E-01  -1.0689156055450439E+00   3.0111074447631836E-01   1.0121771097183228E+00   9.8494164645671844E-02  -1.0776586532592773E+00   4.5836457610130310E-01   5.5376527598127723E-04
     2      285   1.1093750596046448E-02   3.5926320552825928E+00   5.7736736536026001E-01  -1.0399098694324493E-01   4.8762001097202301E-03   1.2837585527449846E-03  -1.3972479791846126E-04  -1.7757531168172136E-05   3.7039151266071713E-06  -1.7343688796245260E-07   2.3042812347412109E+00  -7.6785659790039062E-01  -1.0754629373550415E+00   4.9519780278205872E-01   1.1576486825942993E+00  -5.5310484021902084E-02  -1.4016506671905518E+00   7.1164858341217041E-01   5.3320737788453698E-04
     2      286   1.1098633520305157E-02   3.5313274860382080E+00   5.9620541334152222E-01  -1.0180979967117310E-01   3.4351032227277756E-03   1.3074268354102969E-03  -1.0256718815071508E-04  -1.7529415345052257E-05   2.7278188099444378E-06  -1.0261661742561046E-07   2.3162465095520020E+00  -6.5750902891159058E-01  -1.0692763328552246E+00   3.4883198142051697E-01   1.0469222068786621E+00   6.0277033597230911E-02  -1.1565222740173340E+00   5.2000260353088379E-01   5.1733979489654303E-04
     2      287   1.1099854484200478E-02   3.5652654170989990E+00   5.8561629056930542E-01  -1.0299555957317352E-01   4.2372196912765503E-03   1.2936886632815003E-03  -1.2325063289608806E-04  -1.7648542780079879E-05   3.2711479889258044E-06  -1.4208228549250634E-07   2.3099813461303711E+00  -7.1882766485214233E-01  -1.0735971927642822E+00   4.2931172251701355E-01   1.1089515686035156E+00  -1.9065799424424767E-03  -1.2911093235015869E+00   6.2330204248428345E-01   5.6945846881717443E-04
     2      288   1.1101074516773224E-02   3.5493147373199463E+00   5.9118384122848511E-01  -1.0257180780172348E-01   3.8479759823530912E-03   1.3038094621151686E-03  -1.1312967399135232E-04  -1.7642712919041514E-05   3.0035821509954985E-06  -1.2226776391344174E-07   2.3104813098907471E+00  -6.9014745950698853E-01  -1.0675288438796997E+00   3.9536884427070618E-01   1.0779861211776733E+00   1.9171182066202164E-02  -1.2346612215042114E+00   5.8575081825256348E-01   4.9025681801140308E-04
     2      289   1.1103516444563866E-02   3.5878188610076904E+00   5.7981926202774048E-01  -1.0406376421451569E-01   4.7434680163860321E-03   1.2924524489790201E-03  -1.3610249152407050E-04  -1.7837799532571808E-05   3.6043475120095536E-06  -1.6540545288989961E-07   2.3008577823638916E+00  -7.5981324911117554E-01  -1.0683650970458984E+00   4.9045857787132263E-01   1.1464629173278809E+00  -5.9360224753618240E-02  -1.3937497138977051E+00   7.1408146619796753E-01   5.0895829917863011E-04
     2      290   1.1108399368822575E-02   3.5614664554595947E+00   5.8920145034790039E-01  -1.0341806709766388E-01   4.0936041623353958E-03   1.3111568987369537E-03  -1.1908546002814546E-04  -1.7859072613646276E-05   3.1517843126493972E-06  -1.3158930300960492E-07   2.3011214733123779E+00  -7.1268528699874878E-01  -1.0581313371658325E+00   4.3472635746002197E-01   1.0957117080688477E+00  -2.3980265483260155E-02  -1.3001474142074585E+00   6.5077501535415649E-01   6.1580532928928733E-04
     2      291   1.1113282293081284E-02   3.5597782135009766E+00   5.8881562948226929E-01  -1.0317250341176987E-01   4.0792841464281082E-03   1.3059544144198298E-03  -1.1892132897628471E-04  -1.7771388229448348E-05   3.1519407457381021E-06  -1.3230805961939041E-07   2.3041925430297852E+00  -7.0973575115203857E-01  -1.0621814727783203E+00   4.2703127861022949E-01   1.0943261384963989E+00  -1.3934724964201450E-02  -1.2879855632781982E+00   6.3711124658584595E-01   5.1598541904240847E-04
     2      292   1.1118165217339993E-02   3.5869870185852051E+00   5.7877397537231445E-01  -1.0379592329263687E-01   4.7596632502973080E-03   1.2854302767664194E-03  -1.3671933265868574E-04  -1.7736938389134593E-05   3.6248200103727868E-06  -1.6769271837802080E-07   2.3046853542327881E+00  -7.5896567106246948E-01  -1.0748265981674194E+00   4.8327788710594177E-01   1.1483706235885620E+00  -4.6271640807390213E-02  -1.3818597793579102E+00   6.9643741846084595E-01   4.5537849655374885E-04
     2      293   1.1123048141598701E-02   3.5635640621185303E+00   5.8648794889450073E-01  -1.0308565199375153E-01   4.1955029591917992E-03   1.2982414336875081E-03  -1.2202952348161489E-04  -1.7703634512145072E-05   3.2358352655137423E-06  -1.3900144324452413E-07   2.3073251247406006E+00  -7.1713519096374512E-01  -1.0699242353439331E+00   4.3002325296401978E-01   1.1055897474288940E+00  -6.1326441355049610E-03  -1.2918953895568848E+00   6.2778675556182861E-01   6.0394307365640998E-04
     2      294   1.1132813058793545E-02   3.5147490501403809E+00   6.0181272029876709E-01  -1.0143674910068512E-01   3.0438837129622698E-03   1.3192109763622284E-03  -9.2302638222463429E-05  -1.7550320990267210E-05   2.4545900032535428E-06  -8.2151792923923495E-08   2.3150260448455811E+00  -6.2956476211547852E-01  -1.0620324611663818E+00   3.1653350591659546E-01   1.0159989595413208E+00   7.9220019280910492E-02  -1.1022768020629883E+00   4.8515295982360840E-01   5.1768106641247869E-04
     2      295   1.1142577975988388E-02   3.5699703693389893E+00   5.8473414182662964E-01  -1.0342571139335632E-01   4.3481574393808842E-03   1.2984389904886484E-03  -1.2587950914166868E-04  -1.7770280464901589E-05   3.3350986541336169E-06  -1.4586389340820460E-07   2.3036766052246094E+00  -7.2975111007690430E-01  -1.0675457715988159E+00   4.4931712746620178E-01   1.1164870262145996E+00  -2.5340225547552109E-02  -1.3243782520294189E+00   6.5801560878753662E-01   5.4892542539164424E-04
     2      296   1.1152343824505806E-02   3.5384910106658936E+00   5.9465116262435913E-01  -1.0237725079059601E-01   3.6083352752029896E-03   1.3119308277964592E-03  -1.0682824358809739E-04  -1.7669934095465578E-05   2.8355134418234229E-06  -1.0956902940506552E-07   2.3079860210418701E+00  -6.7342770099639893E-01  -1.0611513853073120E+00   3.7761479616165161E-01   1.0580649375915527E+00   2.6242444291710854E-02  -1.2052738666534424E+00   5.7088381052017212E-01   5.8536784490570426E-04
     2      297   1.1162109673023224E-02   3.5623781681060791E+00   5.8729571104049683E-01  -1.0326334834098816E-01   4.1716014966368675E-03   1.3037676690146327E-03  -1.2127099762437865E-04  -1.7778200344764628E-05   3.2131138141267002E-06  -1.3676890375791118E-07   2.3027148246765137E+00  -7.1713858842849731E-01  -1.0635550022125244E+00   4.3539842963218689E-01   1.1020321846008301E+00  -1.8591877073049545E-02  -1.3013045787811279E+00   6.4509302377700806E-01   5.9573218459263444E-04
     2      298   1.1171875521540642E-02   3.5581905841827393E+00   5.8682578802108765E-01  -1.0275725275278091E-01   4.1189258918166161E-03   1.2945565395057201E-03  -1.2023585441056639E-04  -1.7613308955333196E-05   3.1930508157529403E-06  -1.3657152919677173E-07   2.3091931343078613E+00  -7.0988380908966064E-01  -1.0724658966064453E+00   4.1727170348167419E-01   1.0987118482589722E+00   6.0228975489735603E-03  -1.2713633775711060E+00   6.1038976907730103E-01   4.7826286754570901E-04
     2      299   1.1174317449331284E-02   3.5868446826934814E+00   5.7823336124420166E-01  -1.0384140163660049E-01   4.7847568057477474E-03   1.2858179397881031E-03  -1.3726315228268504E-04  -1.7756759916665033E-05   3.6370190628076671E-06  -1.6839142347180314E-07   2.3028504848480225E+00  -7.6192677021026611E-01  -1.0751470327377319E+00   4.8638829588890076E-01   1.1515424251556396E+00  -4.6829413622617722E-02  -1.3858036994934082E+00   6.9645249843597412E-01   5.5594870354980230E-04
     2      300   1.1176758445799351E-02   3.5612888336181641E+00   5.8650815486907959E-01  -1.0302526503801346E-01   4.1755936108529568E-03   1.2981968466192484E-03  -1.2150773545727134E-04  -1.7695640053716488E-05   3.2221898891293677E-06  -1.3804721277210774E-07   2.3061184883117676E+00  -7.1591478586196899E-01  -1.0695509910583496E+00   4.2807498574256897E-01   1.1036391258239746E+00  -5.1205060444772243E-03  -1.2886172533035278E+00   6.2611889839172363E-01   5.2639510249719024E-04
     2      301   1.1181641370058060E-02   3.6014218330383301E+00   5.7400244474411011E-01  -1.0444340109825134E-01   5.1257237792015076E-03   1.2822912540286779E-03  -1.4600202848669142E-04  -1.7843669411377050E-05   3.8652360672131181E-06  -1.8467866880200745E-07   2.2983281612396240E+00  -7.8855162858963013E-01  -1.0740578174591064E+00   5.2389711141586304E-01   1.1765606403350830E+00  -8.0388449132442474E-02  -1.4490876197814941E+00   7.5140440464019775E-01   4.2097625555470586E-04
     2      302   1.1191407218575478E-02   3.5963644981384277E+00   5.7603281736373901E-01  -1.0439820587635040E-01   4.9970229156315327E-03   1.2881193542852998E-03  -1.4254027337301522E-04  -1.7882282918435521E-05   3.7711254208261380E-06  -1.7735490587256209E-07   2.2969744205474854E+00  -7.8009861707687378E-01  -1.0705240964889526E+00   5.1535058021545410E-01   1.1669681072235107E+00  -7.6318457722663879E-02  -1.4342150688171387E+00   7.4200344085693359E-01   6.0878397198393941E-04
     2      303   1.1210937984287739E-02   3.5400531291961670E+00   5.9142082929611206E-01  -1.0201331973075867E-01   3.7299215327948332E-03   1.2973700650036335E-03  -1.1033485498046502E-04  -1.7496004147687927E-05   2.9359052859945223E-06  -1.1837682478699207E-07   2.3132531642913818E+00  -6.7913717031478882E-01  -1.0728840827941895E+00   3.7424173951148987E-01   1.0683034658432007E+00   4.1790284216403961E-02  -1.1998559236526489E+00   5.5247581005096436E-01   5.7325593661516905E-04
     2      304   1.1213378980755806E-02   3.5747735500335693E+00   5.8241033554077148E-01  -1.0363273322582245E-01   4.5051281340420246E-03   1.2954928679391742E-03  -1.2992933625355363E-04  -1.7789714547689073E-05   3.4419067560520489E-06  -1.5367304229130241E-07   2.3002769947052002E+00  -7.4221414327621460E-01  -1.0672841072082520E+00   4.6597415208816528E-01   1.1277862787246704E+00  -3.9962973445653915E-02  -1.3523759841918945E+00   6.8195122480392456E-01   5.8898993302136660E-04
     2      305   1.1215820908546448E-02   3.5892333984375000E+00   5.7724088430404663E-01  -1.0400165617465973E-01   4.8617087304592133E-03   1.2858372647315264E-03  -1.3920477067586035E-04  -1.7789994672057219E-05   3.6871001611871179E-06  -1.7185205081204913E-07   2.3000326156616211E+00  -7.6841706037521362E-01  -1.0733551979064941E+00   4.9648308753967285E-01   1.1564036607742310E+00  -5.7963334023952484E-02  -1.4029924869537354E+00   7.1418410539627075E-01   5.4185080807656050E-04
     2      306   1.1220702901482582E-02   3.5234336853027344E+00   5.9761589765548706E-01  -1.0168804228305817E-01   3.3140224404633045E-03   1.3115411857143044E-03  -9.9352313554845750E-05  -1.7544381989864632E-05   2.6419183996040374E-06  -9.6126406390339980E-08   2.3120265007019043E+00  -6.4988327026367188E-01  -1.0647984743118286E+00   3.4109303355216980E-01   1.0361801385879517E+00   6.1279010027647018E-02  -1.1436158418655396E+00   5.1603269577026367E-01   5.6031212443485856E-04
     2      307   1.1225585825741291E-02   3.5860307216644287E+00   5.7842224836349487E-01  -1.0395903885364532E-01   4.7849058173596859E-03   1.2888404307886958E-03  -1.3717421097680926E-04  -1.7804428352974355E-05   3.6327455745777115E-06  -1.6770678712418885E-07   2.2991800308227539E+00  -7.6321595907211304E-01  -1.0711036920547485E+00   4.9128466844558716E-01   1.1502759456634521E+00  -5.6046359241008759E-02  -1.3942406177520752E+00   7.0962423086166382E-01   6.0402881354093552E-04
     2      308   1.1230468750000000E-02   3.6072437763214111E+00   5.7200306653976440E-01  -1.0475926101207733E-01   5.2811037749052048E-03   1.2821477139368653E-03  -1.4987801841925830E-04  -1.7908765585161746E-05   3.9642141018703114E-06  -1.9148647822930798E-07   2.2943973541259766E+00  -8.0184125900268555E-01  -1.0729213953018188E+00   5.4268443584442139E-01   1.1891237497329712E+00  -9.6109949052333832E-02  -1.4796371459960938E+00   7.7534723281860352E-01   4.8525104648433626E-04
     2      309   1.1232910677790642E-02   3.5441167354583740E+00   5.9134364128112793E-01  -1.0248681902885437E-01   3.8012047298252583E-03   1.3052347349002957E-03  -1.1182923481101170E-04  -1.7650047084316611E-05   2.9676664325961610E-06  -1.1949158817969874E-07   2.3067672252655029E+00  -6.8794810771942139E-01  -1.0658584833145142E+00   3.9237824082374573E-01   1.0740509033203125E+00   2.0287197083234787E-02  -1.2289928197860718E+00   5.8275830745697021E-01   6.4057804411277175E-04
     2      310   1.1235351674258709E-02   3.5973842144012451E+00   5.7436084747314453E-01  -1.0427252948284149E-01   5.0689321942627430E-03   1.2815621448680758E-03  -1.4456888311542571E-04  -1.7810034478316084E-05   3.8284701986412983E-06  -1.8220376318822673E-07   2.2982733249664307E+00  -7.8412157297134399E-01  -1.0747970342636108E+00   5.1656574010848999E-01   1.1721080541610718E+00  -7.3418520390987396E-02  -1.4367381334304810E+00   7.4034565687179565E-01   4.9327436136081815E-04
     2      311   1.1240234598517418E-02   3.5708110332489014E+00   5.8336788415908813E-01  -1.0351765155792236E-01   4.4258902780711651E-03   1.2971463147550821E-03  -1.2785285071004182E-04  -1.7784161173040047E-05   3.3866188005049480E-06  -1.4958085614580341E-07   2.3000528812408447E+00  -7.3654526472091675E-01  -1.0666669607162476E+00   4.5844429731369019E-01   1.1219115257263184E+00  -3.3925436437129974E-02  -1.3394856452941895E+00   6.7128008604049683E-01   4.9492425750941038E-04
     2      312   1.1250000447034836E-02   3.5182878971099854E+00   5.9894442558288574E-01  -1.0153665393590927E-01   3.2116160728037357E-03   1.3132456224411726E-03  -9.6753792604431510E-05  -1.7527145246276632E-05   2.5746710434759734E-06  -9.1301167515212001E-08   2.3114421367645264E+00  -6.4206570386886597E-01  -1.0625207424163818E+00   3.3219003677368164E-01   1.0268412828445435E+00   6.4933873713016510E-02  -1.1295766830444336E+00   5.0933200120925903E-01   6.3198315910995007E-04
     2      313   1.1289062909781933E-02   3.5087072849273682E+00   6.0174256563186646E-01  -1.0128457844257355E-01   2.9993462376296520E-03   1.3188550947234035E-03  -9.1153953690081835E-05  -1.7529851902509108E-05   2.4247581222880399E-06  -8.0075096775544807E-08   2.3112082481384277E+00  -6.2697941064834595E-01  -1.0604280233383179E+00   3.1282690167427063E-01   1.0112023353576660E+00   7.9943351447582245E-02  -1.0962620973587036E+00   4.8299652338027954E-01   5.2032846724614501E-04
     2      314   1.1298827826976776E-02   3.5678966045379639E+00   5.8293575048446655E-01  -1.0330261290073395E-01   4.4093471951782703E-03   1.2932320823892951E-03  -1.2755849456880242E-04  -1.7718155504553579E-05   3.3817623261711560E-06  -1.4972411577218736E-07   2.3009243011474609E+00  -7.3424953222274780E-01  -1.0692446231842041E+00   4.5238873362541199E-01   1.1200761795043945E+00  -2.6725003495812416E-02  -1.3298263549804688E+00   6.6125959157943726E-01   5.4801453370600939E-04
     2      315   1.1303710751235485E-02   3.5746705532073975E+00   5.8071964979171753E-01  -1.0353188216686249E-01   4.5714327134191990E-03   1.2903637252748013E-03  -1.3170998136047274E-04  -1.7741573174134828E-05   3.4903000596386846E-06  -1.5759673033244326E-07   2.2998814582824707E+00  -7.4679356813430786E-01  -1.0709776878356934E+00   4.6797066926956177E-01   1.1333367824554443E+00  -3.7051271647214890E-02  -1.3553307056427002E+00   6.7871576547622681E-01   5.3872552234679461E-04
     2      316   1.1308593675494194E-02   3.5847036838531494E+00   5.7774823904037476E-01  -1.0393238067626953E-01   4.8056170344352722E-03   1.2877549743279815E-03  -1.3769029465038329E-04  -1.7799497072701342E-05   3.6459694001678145E-06  -1.6869168462108064E-07   2.2971658706665039E+00  -7.6520413160324097E-01  -1.0711915493011475E+00   4.9305877089500427E-01   1.1515569686889648E+00  -5.7387944310903549E-02  -1.3970967531204224E+00   7.1146535873413086E-01   4.8915186198428273E-04
     2      317   1.1318359524011612E-02   3.5919024944305420E+00   5.7549715042114258E-01  -1.0421265661716461E-01   4.9786842428147793E-03   1.2854593805968761E-03  -1.4212416135706007E-04  -1.7836091501521878E-05   3.7618124224536587E-06  -1.7701403010050853E-07   2.2951657772064209E+00  -7.7871680259704590E-01  -1.0715026855468750E+00   5.1123577356338501E-01   1.1647956371307373E+00  -7.2207063436508179E-02  -1.4273825883865356E+00   7.3603296279907227E-01   4.5546714682132006E-04
     2      318   1.1328125372529030E-02   3.5491266250610352E+00   5.8893215656280518E-01  -1.0277210921049118E-01   3.9697675965726376E-03   1.3039526529610157E-03  -1.1607594933593646E-04  -1.7704174751997925E-05   3.0770474950259086E-06  -1.2715793218376348E-07   2.3018202781677246E+00  -7.0202934741973877E-01  -1.0644788742065430E+00   4.1193935275077820E-01   1.0862718820571899E+00   2.3261893074959517E-03  -1.2614777088165283E+00   6.1142688989639282E-01   4.8922450514510274E-04
     2      319   1.1337891221046448E-02   3.5782570838928223E+00   5.8005827665328979E-01  -1.0386174917221069E-01   4.6553947031497955E-03   1.2940231245011091E-03  -1.3369710359256715E-04  -1.7834041500464082E-05   3.5387135994824348E-06  -1.6046088546772808E-07   2.2950186729431152E+00  -7.5521528720855713E-01  -1.0664072036743164E+00   4.8335981369018555E-01   1.1394518613815308E+00  -5.4480999708175659E-02  -1.3806669712066650E+00   7.0400792360305786E-01   5.3591310279443860E-04
     2      320   1.1340333148837090E-02   3.5800046920776367E+00   5.7902801036834717E-01  -1.0382382571697235E-01   4.7105667181313038E-03   1.2902064481750131E-03  -1.3522847439162433E-04  -1.7797565305954777E-05   3.5812236092169769E-06  -1.6391607005061815E-07   2.2961740493774414E+00  -7.5835776329040527E-01  -1.0688192844390869E+00   4.8547720909118652E-01   1.1432471275329590E+00  -5.4388754069805145E-02  -1.3847154378890991E+00   7.0597136020660400E-01   4.6195968752726912E-04
     2      321   1.1342774145305157E-02   3.5149323940277100E+00   5.9944903850555420E-01  -1.0158932209014893E-01   3.1714967917650938E-03   1.3174548512324691E-03  -9.5521078037563711E-05  -1.7580643543624319E-05   2.5380963961652014E-06  -8.8100158279758034E-08   2.3073427677154541E+00  -6.4108461141586304E-01  -1.0593646764755249E+00   3.3264753222465515E-01   1.0241373777389526E+00   6.2374856323003769E-02  -1.1292275190353394E+00   5.1072078943252563E-01   5.1573332166299224E-04
     2      322   1.1347657069563866E-02   3.5754528045654297E+00   5.8044344186782837E-01  -1.0368832945823669E-01   4.6036122366786003E-03   1.2927697971463203E-03  -1.3241307169664651E-04  -1.7794125596992671E-05   3.5060863865510328E-06  -1.5833964539524459E-07   2.2966425418853760E+00  -7.5060164928436279E-01  -1.0683004856109619E+00   4.7515121102333069E-01   1.1356257200241089E+00  -4.5609593391418457E-02  -1.3669449090957642E+00   6.9080805778503418E-01   5.6651094928383827E-04
     2      323   1.1357422918081284E-02   3.5821499824523926E+00   5.7732301950454712E-01  -1.0372296720743179E-01   4.7910669818520546E-03   1.2837505200877786E-03  -1.3745328760705888E-04  -1.7731343177729286E-05   3.6429780720936833E-06  -1.6901597632568155E-07   2.2983367443084717E+00  -7.6304084062576294E-01  -1.0739951133728027E+00   4.8706907033920288E-01   1.1500639915466309E+00  -4.9874074757099152E-02  -1.3873999118804932E+00   7.0132309198379517E-01   6.7184766521677375E-04
     2      324   1.1367187835276127E-02   3.5499329566955566E+00   5.8737146854400635E-01  -1.0263109952211380E-01   4.0326132439076900E-03   1.2975742574781179E-03  -1.1785354581661522E-04  -1.7632526578381658E-05   3.1271856641978957E-06  -1.3142803823029681E-07   2.3035259246826172E+00  -7.0544779300689697E-01  -1.0692794322967529E+00   4.1197356581687927E-01   1.0915797948837280E+00   7.7473763376474380E-03  -1.2616105079650879E+00   6.0476171970367432E-01   4.8406084533780813E-04
     2      325   1.1406250298023224E-02   3.5728280544281006E+00   5.7950365543365479E-01  -1.0338566452264786E-01   4.6053035184741020E-03   1.2856204994022846E-03  -1.3271636271383613E-04  -1.7683323676465079E-05   3.5198813748138491E-06  -1.6025791182983085E-07   2.2989041805267334E+00  -7.4865424633026123E-01  -1.0728468894958496E+00   4.6783739328384399E-01   1.1346929073333740E+00  -3.6043208092451096E-02  -1.3557409048080444E+00   6.7884588241577148E-01   5.5793533101677895E-04
     2      326   1.1445312760770321E-02   3.5527892112731934E+00   5.8573788404464722E-01  -1.0280290991067886E-01   4.1425386443734169E-03   1.2963393237441778E-03  -1.2065065675415099E-04  -1.7659964214544743E-05   3.2001412364479620E-06  -1.3664079290265363E-07   2.2999053001403809E+00  -7.1463489532470703E-01  -1.0681133270263672E+00   4.2484667897224426E-01   1.0991896390914917E+00  -4.6971370466053486E-03  -1.2831863164901733E+00   6.2474054098129272E-01   5.3676404058933258E-04
     2      327   1.1455077677965164E-02   3.5934557914733887E+00   5.7379639148712158E-01  -1.0441491752862930E-01   5.0864703953266144E-03   1.2855436652898788E-03  -1.4478512457571924E-04  -1.7885804481920786E-05   3.8294665500870906E-06  -1.8162339188165788E-07   2.2892410755157471E+00  -7.8868514299392700E-01  -1.0689500570297241E+00   5.2584576606750488E-01   1.1723108291625977E+00  -8.7050780653953552E-02  -1.4514349699020386E+00   7.5839400291442871E-01   4.5269803376868367E-04
     2      328   1.1464843526482582E-02   3.5558228492736816E+00   5.8474045991897583E-01  -1.0295525193214417E-01   4.2220712639391422E-03   1.2958709849044681E-03  -1.2267788406461477E-04  -1.7685924831312150E-05   3.2528744213777827E-06  -1.4035829565273161E-07   2.2980415821075439E+00  -7.2112101316452026E-01  -1.0671817064285278E+00   4.3445375561714172E-01   1.1049257516860962E+00  -1.3916019350290298E-02  -1.2993966341018677E+00   6.3905775547027588E-01   5.0913915038108826E-04
     2      329   1.1474609375000000E-02   3.5549883842468262E+00   5.8501511812210083E-01  -1.0295975208282471E-01   4.2032566852867603E-03   1.2971576070412993E-03  -1.2213033915031701E-04  -1.7699465388432145E-05   3.2371362976846285E-06  -1.3906003459851490E-07   2.2976007461547852E+00  -7.2017788887023926E-01  -1.0668525695800781E+00   4.3328735232353210E-01   1.1039643287658691E+00  -1.2676184065639973E-02  -1.2969149351119995E+00   6.3666546344757080E-01   5.1322916988283396E-04
     2      330   1.1484375223517418E-02   3.5230178833007812E+00   5.9512126445770264E-01  -1.0190410912036896E-01   3.4470236860215664E-03   1.3116636546328664E-03  -1.0256638051941991E-04  -1.7610571376280859E-05   2.7221251457376638E-06  -1.0148105644702810E-07   2.3022809028625488E+00  -6.6305351257324219E-01  -1.0614640712738037E+00   3.5943424701690674E-01   1.0456483364105225E+00   4.3226771056652069E-02  -1.1731058359146118E+00   5.4263371229171753E-01   5.2454130491241813E-04
     2      331   1.1494141072034836E-02   3.5999712944030762E+00   5.7085859775543213E-01  -1.0455996543169022E-01   5.2735549397766590E-03   1.2795367510989308E-03  -1.4967410243116319E-04  -1.7872014723252505E-05   3.9592887333128601E-06  -1.9136196272029338E-07   2.2885727882385254E+00  -8.0240339040756226E-01  -1.0724332332611084E+00   5.4117989540100098E-01   1.1870746612548828E+00  -9.5755137503147125E-02  -1.4769459962844849E+00   7.7421069145202637E-01   4.7416644520126283E-04
     2      332   1.1503906920552254E-02   3.5552771091461182E+00   5.8453482389450073E-01  -1.0297136008739471E-01   4.2282738722860813E-03   1.2963220942765474E-03  -1.2277545465622097E-04  -1.7697551811579615E-05   3.2541838663746603E-06  -1.4033962258963584E-07   2.2968459129333496E+00  -7.2220301628112793E-01  -1.0670864582061768E+00   4.3559449911117554E-01   1.1058995723724365E+00  -1.4197081327438354E-02  -1.3007051944732666E+00   6.3892054557800293E-01   5.1427335711196065E-04
     2      333   1.1513672769069672E-02   3.5519065856933594E+00   5.8616453409194946E-01  -1.0301075875759125E-01   4.1389800608158112E-03   1.3019371544942260E-03  -1.2035512918373570E-04  -1.7748036043485627E-05   3.1879228572506690E-06  -1.3501896489742649E-07   2.2945265769958496E+00  -7.1663576364517212E-01  -1.0621963739395142E+00   4.3226063251495361E-01   1.0979437828063965E+00  -1.7390696331858635E-02  -1.2953883409500122E+00   6.4174365997314453E-01   6.1411573551595211E-04
     2      334   1.1518554762005806E-02   3.5475423336029053E+00   5.8717280626296997E-01  -1.0279448330402374E-01   4.0455176495015621E-03   1.3016627635806799E-03  -1.1800375068560243E-04  -1.7703812773106620E-05   3.1277161269827047E-06  -1.3091135997456149E-07   2.2962749004364014E+00  -7.0899111032485962E-01  -1.0634025335311890E+00   4.2059665918350220E-01   1.0909734964370728E+00  -6.2929508276283741E-03  -1.2758668661117554E+00   6.2438172101974487E-01   7.2358897887170315E-04
     2      335   1.1523437686264515E-02   3.5155529975891113E+00   5.9598368406295776E-01  -1.0143627226352692E-01   3.3196399454027414E-03   1.3073319569230080E-03  -9.9504788522608578E-05  -1.7490865502622910E-05   2.6465852442925097E-06  -9.6805635507735133E-08   2.3059954643249512E+00  -6.5138339996337891E-01  -1.0656328201293945E+00   3.3928784728050232E-01   1.0355129241943359E+00   6.3819155097007751E-02  -1.1400681734085083E+00   5.1175045967102051E-01   6.4159062458202243E-04
     2      336   1.1562500149011612E-02   3.5238771438598633E+00   5.9423667192459106E-01  -1.0203059762716293E-01   3.5059826914221048E-03   1.3120978837832808E-03  -1.0401439067209139E-04  -1.7644482795731165E-05   2.7585963380261092E-06  -1.0390199634002784E-07   2.2987167835235596E+00  -6.6858011484146118E-01  -1.0595459938049316E+00   3.6797514557838440E-01   1.0494692325592041E+00   3.3812884241342545E-02  -1.1873370409011841E+00   5.5682897567749023E-01   6.7394936922937632E-04
     2      337   1.1572265997529030E-02   3.5913140773773193E+00   5.7245999574661255E-01  -1.0424672067165375E-01   5.1193437539041042E-03   1.2805863516405225E-03  -1.4572906366083771E-04  -1.7825685063144192E-05   3.8566072362300474E-06  -1.8408468349662144E-07   2.2884929180145264E+00  -7.9070639610290527E-01  -1.0720461606979370E+00   5.2465337514877319E-01   1.1747137308120728E+00  -8.2630269229412079E-02  -1.4492937326431274E+00   7.5284576416015625E-01   5.7382194790989161E-04
     2      338   1.1582031846046448E-02   3.5370326042175293E+00   5.8871906995773315E-01  -1.0223472118377686E-01   3.8578968960791826E-03   1.2985939392820001E-03  -1.1334101145621389E-04  -1.7580416169948876E-05   3.0091575808910420E-06  -1.2303672747293604E-07   2.2999665737152100E+00  -6.9310969114303589E-01  -1.0676448345184326E+00   3.9428797364234924E-01   1.0768049955368042E+00   2.0285619422793388E-02  -1.2318967580795288E+00   5.8349758386611938E-01   5.2596401656046510E-04
     2      339   1.1601562611758709E-02   3.5589551925659180E+00   5.8377891778945923E-01  -1.0347538441419601E-01   4.3330867774784565E-03   1.3035744195804000E-03  -1.2512337707448751E-04  -1.7857406419352628E-05   3.3082892514357809E-06  -1.4306755247162073E-07   2.2879068851470947E+00  -7.3401576280593872E-01  -1.0590354204177856E+00   4.5806187391281128E-01   1.1132931709289551E+00  -4.1017085313796997E-02  -1.3373326063156128E+00   6.7750912904739380E-01   4.5000039972364902E-04
     2      340   1.1611327528953552E-02   3.5596981048583984E+00   5.8186918497085571E-01  -1.0315907001495361E-01   4.3963077478110790E-03   1.2926508206874132E-03  -1.2710227747447789E-04  -1.7712940461933613E-05   3.3679025364108384E-06  -1.4864974673400866E-07   2.2929821014404297E+00  -7.3557496070861816E-01  -1.0674048662185669E+00   4.5265433192253113E-01   1.1181895732879639E+00  -2.8265569359064102E-02  -1.3292242288589478E+00   6.6185355186462402E-01   5.1681068725883961E-04
     2      341   1.1621093377470970E-02   3.5215270519256592E+00   5.9239763021469116E-01  -1.0155241191387177E-01   3.5312841646373272E-03   1.2996565783396363E-03  -1.0505479440325871E-04  -1.7461952666053548E-05   2.7946230147790629E-06  -1.0801847594166247E-07   2.3042147159576416E+00  -6.6701728105545044E-01  -1.0695790052413940E+00   3.5628020763397217E-01   1.0518300533294678E+00   5.4066918790340424E-02  -1.1684023141860962E+00   5.2953457832336426E-01   4.8914749640971422E-04
     2      342   1.1623535305261612E-02   3.5998439788818359E+00   5.6852322816848755E-01  -1.0441411286592484E-01   5.3680217824876308E-03   1.2718453072011471E-03  -1.5228161646518856E-04  -1.7794156519812532E-05   4.0318468563782517E-06  -1.9735406908694131E-07   2.2878425121307373E+00  -8.0851078033447266E-01  -1.0765680074691772E+00   5.4457378387451172E-01   1.1934802532196045E+00  -9.4933457672595978E-02  -1.4830574989318848E+00   7.7579373121261597E-01   6.1260798247531056E-04
     2      343   1.1624755337834358E-02   3.5575642585754395E+00   5.8108335733413696E-01  -1.0280501842498779E-01   4.3862592428922653E-03   1.2848037295043468E-03  -1.2711148883681744E-04  -1.7586906324140728E-05   3.3740016078809276E-06  -1.5009902654128382E-07   2.2976050376892090E+00  -7.3215353488922119E-01  -1.0741618871688843E+00   4.4171577692031860E-01   1.1174048185348511E+00  -1.2552316300570965E-02  -1.3115611076354980E+00   6.4088922739028931E-01   4.3517467565834522E-04
     2      344   1.1625976301729679E-02   3.5262026786804199E+00   5.9111291170120239E-01  -1.0176894813776016E-01   3.6402170080691576E-03   1.2991080293431878E-03  -1.0783383913803846E-04  -1.7498863599030301E-05   2.8668557661148952E-06  -1.1309842307127838E-07   2.3022799491882324E+00  -6.7565459012985229E-01  -1.0684528350830078E+00   3.6913323402404785E-01   1.0594837665557861E+00   4.1502539068460464E-02  -1.1902170181274414E+00   5.4985880851745605E-01   6.6056178184226155E-04
     2      345   1.1628417298197746E-02   3.5485594272613525E+00   5.8516013622283936E-01  -1.0278153419494629E-01   4.1428613476455212E-03   1.2970657553523779E-03  -1.2055648403475061E-04  -1.7677231880952604E-05   3.1957204100763192E-06  -1.3612334726076369E-07   2.2944726943969727E+00  -7.1628183126449585E-01  -1.0658007860183716E+00   4.2731347680091858E-01   1.0981963872909546E+00  -9.3145882710814476E-03  -1.2868937253952026E+00   6.3088530302047729E-01   5.1710428670048714E-04
     2      346   1.1630859225988388E-02   3.5495781898498535E+00   5.8479362726211548E-01  -1.0281231999397278E-01   4.1677430272102356E-03   1.2965283822268248E-03  -1.2119008169975132E-04  -1.7679158190730959E-05   3.2122839002113324E-06  -1.3733603054788546E-07   2.2943758964538574E+00  -7.1830755472183228E-01  -1.0663750171661377E+00   4.2957127094268799E-01   1.1006838083267212E+00  -9.9601689726114273E-03  -1.2903363704681396E+00   6.3168388605117798E-01   5.4919981630519032E-04
     2      347   1.1640625074505806E-02   3.5375516414642334E+00   5.8841294050216675E-01  -1.0239169746637344E-01   3.8902903907001019E-03   1.3010251568630338E-03  -1.1405080294935033E-04  -1.7633239622227848E-05   3.0252174383349484E-06  -1.2380658631627739E-07   2.2962920665740967E+00  -6.9708043336868286E-01  -1.0647014379501343E+00   4.0182223916053772E-01   1.0790548324584961E+00   1.1161231435835361E-02  -1.2440708875656128E+00   5.9632623195648193E-01   5.1377626368775964E-04
     2      348   1.1645507998764515E-02   3.5455806255340576E+00   5.8676946163177490E-01  -1.0287593305110931E-01   4.0596323087811470E-03   1.3038018951192498E-03  -1.1821783846244216E-04  -1.7748132449924015E-05   3.1301469789468683E-06  -1.3067814563783031E-07   2.2914373874664307E+00  -7.1196818351745605E-01  -1.0607663393020630E+00   4.2578047513961792E-01   1.0920196771621704E+00  -1.2601855210959911E-02  -1.2836639881134033E+00   6.3234382867813110E-01   4.7998270019888878E-04
     2      349   1.1650390923023224E-02   3.5437829494476318E+00   5.8716589212417603E-01  -1.0279131680727005E-01   4.0222620591521263E-03   1.3037777971476316E-03  -1.1727015225915238E-04  -1.7732116248225793E-05   3.1056993066158611E-06  -1.2898611601031007E-07   2.2920432090759277E+00  -7.0896166563034058E-01  -1.0612189769744873E+00   4.2119553685188293E-01   1.0893032550811768E+00  -8.1579219549894333E-03  -1.2759633064270020E+00   6.2514311075210571E-01   6.0257362201809883E-04
     2      350   1.1660156771540642E-02   3.5648791790008545E+00   5.8032238483428955E-01  -1.0349875688552856E-01   4.5302156358957291E-03   1.2941480381414294E-03  -1.3039424084126949E-04  -1.7794141967897303E-05   3.4508930184529163E-06  -1.5415392340401013E-07   2.2884535789489746E+00  -7.4745160341262817E-01  -1.0646934509277344E+00   4.7088828682899475E-01   1.1282862424850464E+00  -4.6062320470809937E-02  -1.3591988086700439E+00   6.8922066688537598E-01   5.0492939772084355E-04
     2      351   1.1665039695799351E-02   3.5356144905090332E+00   5.8826440572738647E-01  -1.0223066806793213E-01   3.8705945480614901E-03   1.2983875349164009E-03  -1.1363531666575000E-04  -1.7585100067663006E-05   3.0162736948113889E-06  -1.2350686517947906E-07   2.2976148128509521E+00  -6.9468694925308228E-01  -1.0669037103652954E+00   3.9628142118453979E-01   1.0772738456726074E+00   1.7711076885461807E-02  -1.2350852489471436E+00   5.8738625049591064E-01   5.0388620002195239E-04
     2      352   1.1669922620058060E-02   3.5286204814910889E+00   5.8958333730697632E-01  -1.0181141644716263E-01   3.7265177816152573E-03   1.2960718013346195E-03  -1.1005407577613369E-04  -1.7490312529844232E-05   2.9251134492369602E-06  -1.1745279238084549E-07   2.3018014430999756E+00  -6.8225425481796265E-01  -1.0710148811340332E+00   3.7541052699089050E-01   1.0671014785766602E+00   4.0106970816850662E-02  -1.2000088691711426E+00   5.5282825231552124E-01   5.6944042444229126E-04
     2      353   1.1679687537252903E-02   3.5405492782592773E+00   5.8711349964141846E-01  -1.0253066569566727E-01   3.9814049378037453E-03   1.2998530874028802E-03  -1.1637064744718373E-04  -1.7654710973147303E-05   3.0854464512231061E-06  -1.2808797578145459E-07   2.2943286895751953E+00  -7.0441395044326782E-01  -1.0645002126693726E+00   4.1168755292892456E-01   1.0857561826705933E+00   2.5995688047260046E-03  -1.2605547904968262E+00   6.1017102003097534E-01   5.4687535157427192E-04
     2      354   1.1689452454447746E-02   3.5337722301483154E+00   5.8936011791229248E-01  -1.0234981030225754E-01   3.8220142014324665E-03   1.3038086472079158E-03  -1.1223886394873261E-04  -1.7648513676249422E-05   2.9766536044917302E-06  -1.2008433714072453E-07   2.2942755222320557E+00  -6.9268196821212769E-01  -1.0618225336074829E+00   3.9792630076408386E-01   1.0729229450225830E+00   1.0798036120831966E-02  -1.2377735376358032E+00   5.9531933069229126E-01   5.2928831428289413E-04
     2      355   1.1699218302965164E-02   3.5800673961639404E+00   5.7526350021362305E-01  -1.0406871885061264E-01   4.9081430770456791E-03   1.2881379807367921E-03  -1.4011544408276677E-04  -1.7858035789686255E-05   3.7058564430481056E-06  -1.7260559559417743E-07   2.2841000556945801E+00  -7.7683728933334351E-01  -1.0658303499221802E+00   5.0996327400207520E-01   1.1574037075042725E+00  -7.7131725847721100E-02  -1.4244149923324585E+00   7.3990339040756226E-01   5.8594439178705215E-04
     2      356   1.1708984151482582E-02   3.5429739952087402E+00   5.8595669269561768E-01  -1.0261084139347076E-01   4.0568201802670956E-03   1.2979800812900066E-03  -1.1832384916488081E-04  -1.7657006537774578E-05   3.1371239401778439E-06  -1.3192327230626688E-07   2.2932977676391602E+00  -7.1023070812225342E-01  -1.0651443004608154E+00   4.1881173849105835E-01   1.0914838314056396E+00  -2.6344528887420893E-03  -1.2723634243011475E+00   6.1926734447479248E-01   6.5964023815467954E-04
     2      357   1.1713867075741291E-02   3.5129299163818359E+00   5.9470814466476440E-01  -1.0144240409135818E-01   3.3627648372203112E-03   1.3066071551293135E-03  -1.0051527351606637E-04  -1.7504666175227612E-05   2.6711181817518082E-06  -9.8438071916007175E-08   2.3007698059082031E+00  -6.5620911121368408E-01  -1.0647662878036499E+00   3.4475260972976685E-01   1.0384708642959595E+00   5.8902382850646973E-02  -1.1484206914901733E+00   5.1872527599334717E-01   5.5376812815666199E-04
     2      358   1.1718750000000000E-02   3.5802285671234131E+00   5.7354348897933960E-01  -1.0376355797052383E-01   4.9592191353440285E-03   1.2783248675987124E-03  -1.4172568626236171E-04  -1.7727561498759314E-05   3.7544639326370088E-06  -1.7723881740039360E-07   2.2887082099914551E+00  -7.7782380580902100E-01  -1.0737920999526978E+00   5.0392746925354004E-01   1.1614006757736206E+00  -6.4193665981292725E-02  -1.4149405956268311E+00   7.2423100471496582E-01   4.8000374226830900E-04
     2      359   1.1757812462747097E-02   3.5418057441711426E+00   5.8526277542114258E-01  -1.0247725248336792E-01   4.0687583386898041E-03   1.2945350026711822E-03  -1.1871314927702770E-04  -1.7610682334634475E-05   3.1490724268223858E-06  -1.3314480895587621E-07   2.2939996719360352E+00  -7.1045315265655518E-01  -1.0678633451461792E+00   4.1619971394538879E-01   1.0925781726837158E+00   2.6180802378803492E-03  -1.2679817676544189E+00   6.1195534467697144E-01   5.1427970174700022E-04
     2      360   1.1767577379941940E-02   3.5859503746032715E+00   5.7102799415588379E-01  -1.0394278168678284E-01   5.1242318004369736E-03   1.2744083069264889E-03  -1.4596806431654841E-04  -1.7737884263624437E-05   3.8656535252812319E-06  -1.8538365509357391E-07   2.2871170043945312E+00  -7.9058825969696045E-01  -1.0760531425476074E+00   5.1895636320114136E-01   1.1748734712600708E+00  -7.3341831564903259E-02  -1.4395018815994263E+00   7.3951673507690430E-01   6.2981829978525639E-04
     2      361   1.1777343228459358E-02   3.5513250827789307E+00   5.8351570367813110E-01  -1.0313364863395691E-01   4.2686788365244865E-03   1.2998343445360661E-03  -1.2356857769191265E-04  -1.7776344975573011E-05   3.2702005228202324E-06  -1.4084703536809684E-07   2.2865362167358398E+00  -7.2881400585174561E-01  -1.0610237121582031E+00   4.4744455814361572E-01   1.1076024770736694E+00  -3.0302135273814201E-02  -1.3196481466293335E+00   6.6096645593643188E-01   5.1809503929689527E-04
     2      362   1.1796874925494194E-02   3.5372307300567627E+00   5.8629131317138672E-01  -1.0234009474515915E-01   3.9817760698497295E-03   1.2960090534761548E-03  -1.1646297207335010E-04  -1.7597601981833577E-05   3.0900239380571293E-06  -1.2886765432540415E-07   2.2935554981231689E+00  -7.0410174131393433E-01  -1.0668406486511230E+00   4.0803900361061096E-01   1.0856103897094727E+00   8.2516651600599289E-03  -1.2543418407440186E+00   6.0203653573989868E-01   4.5595594565384090E-04
     2      363   1.1874999850988388E-02   3.5348265171051025E+00   5.8727419376373291E-01  -1.0252833366394043E-01   3.9408169686794281E-03   1.3031663838773966E-03  -1.1515954247443005E-04  -1.7694925190880895E-05   3.0503931611747248E-06  -1.2511937086401304E-07   2.2878706455230713E+00  -7.0368945598602295E-01  -1.0602258443832397E+00   4.1267222166061401E-01   1.0817819833755493E+00  -2.4749294389039278E-03  -1.2615598440170288E+00   6.1524516344070435E-01   7.0405774749815464E-04
     2      364   1.1884765699505806E-02   3.5287699699401855E+00   5.8820909261703491E-01  -1.0213408619165421E-01   3.8237378466874361E-03   1.2999548343941569E-03  -1.1230742529733106E-04  -1.7596259567653760E-05   2.9792242912662914E-06  -1.2060620235843089E-07   2.2917685508728027E+00  -6.9312882423400879E-01  -1.0642441511154175E+00   3.9445316791534424E-01   1.0731809139251709E+00   1.7088359221816063E-02  -1.2312343120574951E+00   5.8570057153701782E-01   4.5322338701225817E-04
     2      365   1.1894531548023224E-02   3.5685086250305176E+00   5.7552570104598999E-01  -1.0348359495401382E-01   4.7724577598273754E-03   1.2825205922126770E-03  -1.3680849224328995E-04  -1.7719756215228699E-05   3.6234989693184616E-06  -1.6752662190810952E-07   2.2849085330963135E+00  -7.6524126529693604E-01  -1.0703183412551880E+00   4.8807618021965027E-01   1.1462851762771606E+00  -5.4502829909324646E-02  -1.3879656791687012E+00   7.0582699775695801E-01   5.4584327153861523E-04
     2      366   1.1904297396540642E-02   3.5015487670898438E+00   5.9609520435333252E-01  -1.0110788047313690E-01   3.2015640754252672E-03   1.3081678189337254E-03  -9.6343617769889534E-05  -1.7465625205659308E-05   2.5617705432523508E-06  -9.0604970637286897E-08   2.2975547313690186E+00  -6.4481097459793091E-01  -1.0626637935638428E+00   3.2916247844696045E-01   1.0246536731719971E+00   6.9006726145744324E-02  -1.1224142313003540E+00   5.0118869543075562E-01   6.1487057246267796E-04
     2      367   1.1914062313735485E-02   3.5944759845733643E+00   5.6723910570144653E-01  -1.0440403223037720E-01   5.3934208117425442E-03   1.2722943210974336E-03  -1.5275829355232418E-04  -1.7821461369749159E-05   4.0409408939012792E-06  -1.9771235315602098E-07   2.2797856330871582E+00  -8.1311023235321045E-01  -1.0742918252944946E+00   5.5008983612060547E-01   1.1951210498809814E+00  -1.0077160596847534E-01  -1.4909124374389648E+00   7.8278052806854248E-01   4.9208017298951745E-04
     2      368   1.1923827230930328E-02   3.5440573692321777E+00   5.8380788564682007E-01  -1.0285627096891403E-01   4.1867783293128014E-03   1.2983669294044375E-03  -1.2150623661000282E-04  -1.7722906704875641E-05   3.2174241368920775E-06  -1.3732092440932320E-07   2.2850227355957031E+00  -7.2266083955764771E-01  -1.0615668296813965E+00   4.3710231781005859E-01   1.1005482673645020E+00  -2.1418096497654915E-02  -1.3023852109909058E+00   6.4679563045501709E-01   5.2674597827717662E-04
     2      369   1.1933593079447746E-02   3.5395774841308594E+00   5.8556365966796875E-01  -1.0280676186084747E-01   4.0739853866398335E-03   1.3032121350988746E-03  -1.1848502617795020E-04  -1.7752312487573363E-05   3.1356021281681024E-06  -1.3098795648147643E-07   2.2839686870574951E+00  -7.1513998508453369E-01  -1.0586167573928833E+00   4.2928898334503174E-01   1.0919468402862549E+00  -1.7680406570434570E-02  -1.2888745069503784E+00   6.3888555765151978E-01   6.2970904400572181E-04
     2      370   1.1953124776482582E-02   3.5835363864898682E+00   5.7034575939178467E-01  -1.0406370460987091E-01   5.1530031487345695E-03   1.2770149623975158E-03  -1.4652122627012432E-04  -1.7795882740756497E-05   3.8764383134548552E-06  -1.8567774873190501E-07   2.2802884578704834E+00  -7.9524981975555420E-01  -1.0721659660339355E+00   5.2707052230834961E-01   1.1764528751373291E+00  -8.3775959908962250E-02  -1.4522646665573120E+00   7.5366276502609253E-01   4.4094154145568609E-04
     2      371   1.1962890625000000E-02   3.5923824310302734E+00   5.6684982776641846E-01  -1.0423697531223297E-01   5.3833527490496635E-03   1.2691258452832699E-03  -1.5259534120559692E-04  -1.7769225451047532E-05   4.0388454181083944E-06  -1.9795605510353198E-07   2.2806372642517090E+00  -8.1155270338058472E-01  -1.0766583681106567E+00   5.4537504911422729E-01   1.1941913366317749E+00  -9.4508543610572815E-02  -1.4832272529602051E+00   7.7394211292266846E-01   5.1306048408150673E-04
     2      372   1.1972656473517418E-02   3.5100874900817871E+00   5.9399729967117310E-01  -1.0171955078840256E-01   3.4074881114065647E-03   1.3124626129865646E-03  -1.0135825868928805E-04  -1.7621030565351248E-05   2.6869938665186055E-06  -9.8656016689346870E-08   2.2894575595855713E+00  -6.6367822885513306E-01  -1.0564482212066650E+00   3.6007440090179443E-01   1.0401228666305542E+00   3.7188965827226639E-02  -1.1733472347259521E+00   5.4868382215499878E-01   5.5094930576160550E-04
     2      373   1.1977539397776127E-02   3.5014116764068604E+00   5.9707313776016235E-01  -1.0151141136884689E-01   3.1957640312612057E-03   1.3185283169150352E-03  -9.5833551313262433E-05  -1.7626845874474384E-05   2.5404926873306977E-06  -8.7729134179426183E-08   2.2892847061157227E+00  -6.4827066659927368E-01  -1.0526053905487061E+00   3.4229692816734314E-01   1.0231102705001831E+00   4.7365948557853699E-02  -1.1437849998474121E+00   5.3030163049697876E-01   4.5657600276172161E-04
     2      374   1.1982422322034836E-02   3.4905645847320557E+00   5.9949296712875366E-01  -1.0093346238136292E-01   2.9651806689798832E-03   1.3167831348255277E-03  -9.0085362899117172E-05  -1.7502970877103508E-05   2.3939689981489209E-06  -7.7833199441101897E-08   2.2943520545959473E+00  -6.2877792119979858E-01  -1.0561093091964722E+00   3.1231099367141724E-01   1.0054000616073608E+00   7.5720928609371185E-02  -1.0940949916839600E+00   4.8643684387207031E-01   5.4062844719737768E-04
     2      375   1.1987304314970970E-02   3.5365314483642578E+00   5.8493208885192871E-01  -1.0250154137611389E-01   4.0550869889557362E-03   1.2973566772416234E-03  -1.1816880578408018E-04  -1.7656155250733718E-05   3.1309505175158847E-06  -1.3136578047578951E-07   2.2867281436920166E+00  -7.1203929185867310E-01  -1.0639237165451050E+00   4.1972181200981140E-01   1.0908504724502563E+00  -3.9065605960786343E-03  -1.2729449272155762E+00   6.1943751573562622E-01   4.8802301171235740E-04
     2      376   1.1992187239229679E-02   3.5887930393218994E+00   5.6841969490051270E-01  -1.0429089516401291E-01   5.2954140119254589E-03   1.2751703616231680E-03  -1.5016844554338604E-04  -1.7827067495090887E-05   3.9717515392112546E-06  -1.9251572780376591E-07   2.2777197360992432E+00  -8.0657547712326050E-01  -1.0718029737472534E+00   5.4264074563980103E-01   1.1870462894439697E+00  -9.7285017371177673E-02  -1.4783412218093872E+00   7.7538782358169556E-01   5.9587630676105618E-04
     2      377   1.2001952156424522E-02   3.5425763130187988E+00   5.8267223834991455E-01  -1.0266903042793274E-01   4.2112497612833977E-03   1.2932018144056201E-03  -1.2224588135723025E-04  -1.7655796909821220E-05   3.2393052151746815E-06  -1.3943720489351108E-07   2.2859816551208496E+00  -7.2360438108444214E-01  -1.0658061504364014E+00   4.3382003903388977E-01   1.1028771400451660E+00  -1.3697782531380653E-02  -1.2966308593750000E+00   6.3642591238021851E-01   6.0495611978694797E-04
     2      378   1.2011718004941940E-02   3.5373809337615967E+00   5.8453923463821411E-01  -1.0256955772638321E-01   4.0853419341146946E-03   1.2974935816600919E-03  -1.1892658221768215E-04  -1.7670901797828265E-05   3.1504716844210634E-06  -1.3270661725073296E-07   2.2853846549987793E+00  -7.1470546722412109E-01  -1.0630661249160767E+00   4.2391902208328247E-01   1.0927513837814331E+00  -8.6294924840331078E-03  -1.2800338268280029E+00   6.2695753574371338E-01   5.0146202556788921E-04
     2      379   1.2014159932732582E-02   3.5258319377899170E+00   5.8922386169433594E-01  -1.0241280496120453E-01   3.7866160273551941E-03   1.3094507157802582E-03  -1.1099331459263340E-04  -1.7733471395331435E-05   2.9369930416578427E-06  -1.1633509444664014E-07   2.2834262847900391E+00  -6.9412809610366821E-01  -1.0553276538848877E+00   4.0252965688705444E-01   1.0691729784011841E+00   8.9536147424951196E-04  -1.2439105510711670E+00   6.0705804824829102E-01   7.6435424853116274E-04
     2      380   1.2016600929200649E-02   3.5314381122589111E+00   5.8704948425292969E-01  -1.0252071917057037E-01   3.9303870871663094E-03   1.3044531224295497E-03  -1.1479022941784933E-04  -1.7714677596813999E-05   3.0387977858481463E-06  -1.2406329119585280E-07   2.2837455272674561E+00  -7.0430070161819458E-01  -1.0581912994384766E+00   4.1395670175552368E-01   1.0803755521774292E+00  -5.6204269640147686E-03  -1.2632297277450562E+00   6.1919933557510376E-01   6.4613600261509418E-04
     2      381   1.2021483853459358E-02   3.4885261058807373E+00   6.0043632984161377E-01  -1.0103746503591537E-01   2.9194687958806753E-03   1.3219234533607960E-03  -8.8740132923703641E-05  -1.7565167581778951E-05   2.3550996957055759E-06  -7.4438197827930708E-08   2.2910857200622559E+00  -6.2705492973327637E-01  -1.0518305301666260E+00   3.1340593099594116E-01   1.0016379356384277E+00   7.0516444742679596E-02  -1.0954620838165283E+00   4.9222007393836975E-01   5.0172855844721198E-04
     2      382   1.2026366777718067E-02   3.5231072902679443E+00   5.8881384134292603E-01  -1.0207275301218033E-01   3.7578465417027473E-03   1.3027916429564357E-03  -1.1050649482058361E-04  -1.7616666809772141E-05   2.9299437755980762E-06  -1.1675494704377343E-07   2.2875270843505859E+00  -6.8958038091659546E-01  -1.0608446598052979E+00   3.9126363396644592E-01   1.0668623447418213E+00   1.5574175864458084E-02  -1.2258071899414062E+00   5.8655887842178345E-01   4.4657979742623866E-04
     2      383   1.2031249701976776E-02   3.5597298145294189E+00   5.7671350240707397E-01  -1.0321345180273056E-01   4.6395035460591316E-03   1.2839561095461249E-03  -1.3334138202480972E-04  -1.7691190805635415E-05   3.5318175832799170E-06  -1.6088957011106686E-07   2.2831153869628906E+00  -7.5586992502212524E-01  -1.0695600509643555E+00   4.7458177804946899E-01   1.1359227895736694E+00  -4.3599583208560944E-02  -1.3649092912673950E+00   6.8697577714920044E-01   5.8231060393154621E-04
     2      384   1.2050781399011612E-02   3.5270764827728271E+00   5.8746045827865601E-01  -1.0225459188222885E-01   3.8593267090618610E-03   1.3021555496379733E-03  -1.1304570216452703E-04  -1.7651875168667175E-05   2.9947657367301872E-06  -1.2124846193728445E-07   2.2857995033264160E+00  -6.9793969392776489E-01  -1.0610615015029907E+00   4.0226188302040100E-01   1.0751494169235229E+00   7.3191463015973568E-03  -1.2436071634292603E+00   5.9989291429519653E-01   5.5334286298602819E-04
     2      385   1.2070312164723873E-02   3.5570278167724609E+00   5.7737928628921509E-01  -1.0318625718355179E-01   4.5904051512479782E-03   1.2861016439273953E-03  -1.3201765250414610E-04  -1.7704922356642783E-05   3.4959182357852114E-06  -1.5810654474535113E-07   2.2816896438598633E+00  -7.5286382436752319E-01  -1.0678037405014038E+00   4.7166550159454346E-01   1.1319617033004761E+00  -4.2928688228130341E-02  -1.3597885370254517E+00   6.8485623598098755E-01   6.0376670444384217E-04
     2      386   1.2109374627470970E-02   3.5783646106719971E+00   5.7041043043136597E-01  -1.0396721214056015E-01   5.1107457838952541E-03   1.2778444215655327E-03  -1.4537076640408486E-04  -1.7794796804082580E-05   3.8452826629509218E-06  -1.8334324636271049E-07   2.2765753269195557E+00  -7.9323869943618774E-01  -1.0705034732818604E+00   5.2435600757598877E-01   1.1726399660110474E+00  -8.3121843636035919E-02  -1.4473019838333130E+00   7.5134426355361938E-01   5.2306009456515312E-04
     2      387   1.2114257551729679E-02   3.5543427467346191E+00   5.7842689752578735E-01  -1.0325839370489120E-01   4.5326538383960724E-03   1.2911843368783593E-03  -1.3036167365498841E-04  -1.7761632989277132E-05   3.4488857636461034E-06  -1.5414586584938661E-07   2.2786505222320557E+00  -7.5016289949417114E-01  -1.0638250112533569E+00   4.7109085321426392E-01   1.1273591518402100E+00  -4.6345282346010208E-02  -1.3583273887634277E+00   6.8780100345611572E-01   5.3401681361719966E-04
     2      388   1.2119140475988388E-02   3.5573425292968750E+00   5.7747167348861694E-01  -1.0337287187576294E-01   4.6056164428591728E-03   1.2901562731713057E-03  -1.3223491259850562E-04  -1.7777087123249657E-05   3.4977101677213795E-06  -1.5763434646487440E-07   2.2778475284576416E+00  -7.5576865673065186E-01  -1.0639443397521973E+00   4.7862553596496582E-01   1.1327371597290039E+00  -5.2727207541465759E-02  -1.3710126876831055E+00   6.9855397939682007E-01   5.9857114683836699E-04
     2      389   1.2128906324505806E-02   3.5305774211883545E+00   5.8597207069396973E-01  -1.0249889642000198E-01   3.9737876504659653E-03   1.3023382052779198E-03  -1.1591885413508862E-04  -1.7703074263408780E-05   3.0687492653669324E-06  -1.2635406676508865E-07   2.2813994884490967E+00  -7.0787882804870605E-01  -1.0585067272186279E+00   4.1754594445228577E-01   1.0829958915710449E+00  -8.6405035108327866E-03  -1.2692807912826538E+00   6.2448048591613770E-01   4.9180869245901704E-04
     2      390   1.2138672173023224E-02   3.4860160350799561E+00   5.9930014610290527E-01  -1.0084491968154907E-01   2.9388119000941515E-03   1.3170448364689946E-03  -8.9344837761018425E-05  -1.7500409740023315E-05   2.3735133254376706E-06  -7.6292465678307053E-08   2.2908337116241455E+00  -6.2782365083694458E-01  -1.0549936294555664E+00   3.1053522229194641E-01   1.0028184652328491E+00   7.6134048402309418E-02  -1.0907320976257324E+00   4.8488038778305054E-01   5.4860406089574099E-04
     2      391   1.2148437090218067E-02   3.5239725112915039E+00   5.8619862794876099E-01  -1.0191697627305984E-01   3.8670599460601807E-03   1.2942238245159388E-03  -1.1347522377036512E-04  -1.7533538994030096E-05   3.0113185403024545E-06  -1.2339643262748723E-07   2.2880373001098633E+00  -6.9668883085250854E-01  -1.0670887231826782E+00   3.9428946375846863E-01   1.0759147405624390E+00   2.0440787076950073E-02  -1.2305284738540649E+00   5.8152514696121216E-01   5.5600237101316452E-04
     2      392   1.2167967855930328E-02   3.5156042575836182E+00   5.8982300758361816E-01  -1.0190200805664062E-01   3.6489733029156923E-03   1.3054689625278115E-03  -1.0758379357866943E-04  -1.7618829588172957E-05   2.8507802198873833E-06  -1.1078230244265797E-07   2.2847156524658203E+00  -6.8265420198440552E-01  -1.0593100786209106E+00   3.8172122836112976E-01   1.0585782527923584E+00   2.2690912708640099E-02  -1.2089254856109619E+00   5.7366776466369629E-01   5.1295367302373052E-04
     2      393   1.2177733704447746E-02   3.5176055431365967E+00   5.8890312910079956E-01  -1.0193213820457458E-01   3.7065069191157818E-03   1.3031829148530960E-03  -1.0911533172475174E-04  -1.7606877008802257E-05   2.8921176635776646E-06  -1.1395440679962121E-07   2.2847511768341064E+00  -6.8665838241577148E-01  -1.0604821443557739E+00   3.8609921932220459E-01   1.0628526210784912E+00   2.0060438662767410E-02  -1.2164522409439087E+00   5.7872998714447021E-01   5.3274788660928607E-04
     2      394   1.2187499552965164E-02   3.5447487831115723E+00   5.7936525344848633E-01  -1.0266634821891785E-01   4.3779457919299603E-03   1.2854618253186345E-03  -1.2665493704844266E-04  -1.7609299902687781E-05   3.3577700833120616E-06  -1.4857194230444293E-07   2.2829029560089111E+00  -7.3593753576278687E-01  -1.0689889192581177E+00   4.4628193974494934E-01   1.1148207187652588E+00  -2.1121583878993988E-02  -1.3177058696746826E+00   6.5017420053482056E-01   5.8398098917677999E-04
     2      395   1.2207031250000000E-02   3.5228734016418457E+00   5.8760124444961548E-01  -1.0226935893297195E-01   3.8290722295641899E-03   1.3050757115706801E-03  -1.1211407399969175E-04  -1.7689046217128634E-05   2.9673274184460752E-06  -1.1887449602454581E-07   2.2807955741882324E+00  -6.9764220714569092E-01  -1.0578473806381226E+00   4.0329420566558838E-01   1.0724949836730957E+00   3.5984250716865063E-03  -1.2445749044418335E+00   6.0345554351806641E-01   5.5161159252747893E-04
     2      396   1.2216797098517418E-02   3.5467588901519775E+00   5.8050018548965454E-01  -1.0320517420768738E-01   4.3865502811968327E-03   1.2983139604330063E-03  -1.2638179759960622E-04  -1.7816282706917264E-05   3.3397120660083601E-06  -1.4554488814155775E-07   2.2746338844299316E+00  -7.4127131700515747E-01  -1.0586140155792236E+00   4.6251401305198669E-01   1.1156226396560669E+00  -4.4475331902503967E-02  -1.3432427644729614E+00   6.8183320760726929E-01   5.3084158571437001E-04
     2      397   1.2221679091453552E-02   3.5359067916870117E+00   5.8225816488265991E-01  -1.0247967392206192E-01   4.1729719378054142E-03   1.2920758454129100E-03  -1.2122644693590701E-04  -1.7628755813348107E-05   3.2121774893312249E-06  -1.3757198757957667E-07   2.2820179462432861E+00  -7.2164702415466309E-01  -1.0655764341354370E+00   4.2928367853164673E-01   1.0992068052291870E+00  -1.0056682862341404E-02  -1.2885633707046509E+00   6.3023525476455688E-01   5.8550428366288543E-04
     2      398   1.2226562015712261E-02   3.5747454166412354E+00   5.6943863630294800E-01  -1.0369124263525009E-01   5.1085199229419231E-03   1.2720675440505147E-03  -1.4547021419275552E-04  -1.7707076040096581E-05   3.8514649531862233E-06  -1.8446881711042806E-07   2.2772278785705566E+00  -7.9189562797546387E-01  -1.0744643211364746E+00   5.1792287826538086E-01   1.1721105575561523E+00  -7.3813296854496002E-02  -1.4368276596069336E+00   7.3831504583358765E-01   4.7898688353598118E-04
     2      399   1.2236326932907104E-02   3.5173423290252686E+00   5.8768302202224731E-01  -1.0178848356008530E-01   3.7501463666558266E-03   1.2975758872926235E-03  -1.1042464029742405E-04  -1.7536864106659777E-05   2.9307716431503650E-06  -1.1741266803255712E-07   2.2855017185211182E+00  -6.8868315219879150E-01  -1.0633863210678101E+00   3.8587224483489990E-01   1.0654373168945312E+00   2.2468486800789833E-02  -1.2168631553649902E+00   5.7664591073989868E-01   5.8112590340897441E-04
     2      400   1.2241209857165813E-02   3.5258731842041016E+00   5.8587098121643066E-01  -1.0228835791349411E-01   3.9301929064095020E-03   1.3003125786781311E-03  -1.1483604612294585E-04  -1.7656539057497866E-05   3.0414482807827881E-06  -1.2465989129850641E-07   2.2807755470275879E+00  -7.0446139574050903E-01  -1.0600463151931763E+00   4.1044941544532776E-01   1.0796142816543579E+00  -7.9845881555229425E-04  -1.2571719884872437E+00   6.1218774318695068E-01   5.1144493045285344E-04
     2      401   1.2246092781424522E-02   3.4861030578613281E+00   5.9815472364425659E-01  -1.0088686645030975E-01   2.9954097699373960E-03   1.3157868525013328E-03  -9.0759567683562636E-05  -1.7508034943602979E-05   2.4098089852486737E-06  -7.8885562970754108E-08   2.2880890369415283E+00  -6.3291275501251221E-01  -1.0551314353942871E+00   3.1642138957977295E-01   1.0072858333587646E+00   7.1963682770729065E-02  -1.1000324487686157E+00   4.9118816852569580E-01   7.5813272269442677E-04
     2      402   1.2265624478459358E-02   3.5875754356384277E+00   5.6460368633270264E-01  -1.0405674576759338E-01   5.4421373642981052E-03   1.2635064776986837E-03  -1.5415673260577023E-04  -1.7713326087687165E-05   4.0815125430526678E-06  -2.0151040303062473E-07   2.2754249572753906E+00  -8.1675654649734497E-01  -1.0784810781478882E+00   5.4816675186157227E-01   1.1979622840881348E+00  -9.4614520668983459E-02  -1.4874222278594971E+00   7.7441674470901489E-01   5.3573731565847993E-04
     2      403   1.2285156175494194E-02   3.5022597312927246E+00   5.9275335073471069E-01  -1.0147359222173691E-01   3.3951690420508385E-03   1.3091508299112320E-03  -1.0103223030455410E-04  -1.7572872820892371E-05   2.6788179638970178E-06  -9.8343733156980306E-08   2.2840797901153564E+00  -6.6384667158126831E-01  -1.0572117567062378E+00   3.5671910643577576E-01   1.0383247137069702E+00   4.1039809584617615E-02  -1.1670897006988525E+00   5.4246366024017334E-01   7.8351562842726707E-04
     2      404   1.2304686941206455E-02   3.5530469417572021E+00   5.7570344209671021E-01  -1.0302787274122238E-01   4.6302862465381622E-03   1.2815829832106829E-03  -1.3309683708939701E-04  -1.7656619093031622E-05   3.5258533443993656E-06  -1.6067444619238813E-07   2.2778911590576172E+00  -7.5621390342712402E-01  -1.0691938400268555E+00   4.7291043400764465E-01   1.1339474916458130E+00  -4.2878337204456329E-02  -1.3618673086166382E+00   6.8548202514648438E-01   6.1510549858212471E-04
     2      405   1.2324217706918716E-02   3.5735297203063965E+00   5.6999409198760986E-01  -1.0394502431154251E-01   5.1005119457840919E-03   1.2791599147021770E-03  -1.4499305689241737E-04  -1.7817508705775253E-05   3.8330599636537954E-06  -1.8219023445453786E-07   2.2706937789916992E+00  -7.9420739412307739E-01  -1.0675179958343506E+00   5.2640014886856079E-01   1.1704802513122559E+00  -8.8418133556842804E-02  -1.4504600763320923E+00   7.5838011503219604E-01   7.3183048516511917E-04
     2      406   1.2343749403953552E-02   3.5245921611785889E+00   5.8485990762710571E-01  -1.0219776630401611E-01   3.9621251635253429E-03   1.2969074305146933E-03  -1.1574304517125711E-04  -1.7617723642615601E-05   3.0674118534079753E-06  -1.2690112782820506E-07   2.2795233726501465E+00  -7.0668679475784302E-01  -1.0613101720809937E+00   4.1156271100044250E-01   1.0816274881362915E+00  -5.5379746481776237E-04  -1.2592030763626099E+00   6.1217308044433594E-01   5.6993670295923948E-04
     2      407   1.2353515252470970E-02   3.5422635078430176E+00   5.8000522851943970E-01  -1.0298564285039902E-01   4.3641738593578339E-03   1.2948395451530814E-03  -1.2591939594130963E-04  -1.7754289729055017E-05   3.3304677344858646E-06  -1.4534846570768423E-07   2.2734982967376709E+00  -7.3915046453475952E-01  -1.0598732233047485E+00   4.5733609795570374E-01   1.1128869056701660E+00  -3.9548054337501526E-02  -1.3350491523742676E+00   6.7458516359329224E-01   5.2455725381150842E-04
     2      408   1.2363281100988388E-02   3.5606818199157715E+00   5.7418769598007202E-01  -1.0363920032978058E-01   4.8033497296273708E-03   1.2876047985628247E-03  -1.3721793948207051E-04  -1.7825985196395777E-05   3.6264593745727325E-06  -1.6676956704486656E-07   2.2698450088500977E+00  -7.7279239892959595E-01  -1.0621913671493530E+00   5.0139594078063965E-01   1.1467193365097046E+00  -7.3744051158428192E-02  -1.4086717367172241E+00   7.3169946670532227E-01   6.9529260508716106E-04
     2      409   1.2373046949505806E-02   3.5261266231536865E+00   5.8397781848907471E-01  -1.0224060714244843E-01   4.0135029703378677E-03   1.2956074206158519E-03  -1.1703302152454853E-04  -1.7621441656956449E-05   3.1004997254058253E-06  -1.2928947512591549E-07   2.2791099548339844E+00  -7.1078056097030640E-01  -1.0627917051315308E+00   4.1547167301177979E-01   1.0862160921096802E+00  -1.5424578450620174E-03  -1.2651261091232300E+00   6.1461287736892700E-01   6.5325165633112192E-04
     2      410   1.2377928942441940E-02   3.5293929576873779E+00   5.8242094516754150E-01  -1.0224968194961548E-01   4.1039581410586834E-03   1.2912381207570434E-03  -1.1943489516852424E-04  -1.7592325093573891E-05   3.1650406526750885E-06  -1.3429266232378723E-07   2.2802672386169434E+00  -7.1687382459640503E-01  -1.0663564205169678E+00   4.2059853672981262E-01   1.0939662456512451E+00  -1.3634451897814870E-03  -1.2734543085098267E+00   6.1587446928024292E-01   5.4024136625230312E-04
     2      411   1.2382811866700649E-02   3.5236959457397461E+00   5.8388864994049072E-01  -1.0199494659900665E-01   3.9789984002709389E-03   1.2916768901050091E-03  -1.1628015636233613E-04  -1.7547112292959355E-05   3.0836120004096301E-06  -1.2859838705026050E-07   2.2820427417755127E+00  -7.0675224065780640E-01  -1.0668290853500366E+00   4.0623632073402405E-01   1.0841277837753296E+00   1.0781235061585903E-02  -1.2497295141220093E+00   5.9648340940475464E-01   5.5066304048523307E-04
     2      412   1.2392576783895493E-02   3.5332319736480713E+00   5.8261430263519287E-01  -1.0272703319787979E-01   4.1672233492136002E-03   1.2991841649636626E-03  -1.2080841406714171E-04  -1.7740941984811798E-05   3.1955148642737186E-06  -1.3542209842398734E-07   2.2733561992645264E+00  -7.2452479600906372E-01  -1.0571384429931641E+00   4.3934515118598938E-01   1.0968154668807983E+00  -2.8176007792353630E-02  -1.3052572011947632E+00   6.5491050481796265E-01   5.7276897132396698E-04
     2      413   1.2402342632412910E-02   3.5567042827606201E+00   5.7526075839996338E-01  -1.0356353223323822E-01   4.7242008149623871E-03   1.2901008594781160E-03  -1.3513801968656480E-04  -1.7832067896961235E-05   3.5711284454009729E-06  -1.6261574842246773E-07   2.2686772346496582E+00  -7.6734167337417603E-01  -1.0600564479827881E+00   4.9550408124923706E-01   1.1400731801986694E+00  -7.1417517960071564E-02  -1.3989014625549316E+00   7.2675055265426636E-01   6.9926353171467781E-04
     2      414   1.2407225556671619E-02   3.5325684547424316E+00   5.8174109458923340E-01  -1.0250245779752731E-01   4.1799722239375114E-03   1.2933282414451241E-03  -1.2129479728173465E-04  -1.7655966075835750E-05   3.2118202852871036E-06  -1.3728835313031595E-07   2.2766318321228027E+00  -7.2394543886184692E-01  -1.0628834962844849E+00   4.3324735760688782E-01   1.0990496873855591E+00  -1.6005892306566238E-02  -1.2947224378585815E+00   6.3770228624343872E-01   5.1563739543780684E-04
     2      415   1.2412108480930328E-02   3.5162417888641357E+00   5.8757328987121582E-01  -1.0210970044136047E-01   3.7769861519336700E-03   1.3051391579210758E-03  -1.1073139467043802E-04  -1.7672740796115249E-05   2.9306283977348357E-06  -1.1624518947428442E-07   2.2766726016998291E+00  -6.9481277465820312E-01  -1.0564376115798950E+00   3.9888536930084229E-01   1.0676503181457520E+00   5.7688672095537186E-03  -1.2369004487991333E+00   5.9869599342346191E-01   5.5446045007556677E-04
     2      416   1.2416991405189037E-02   3.4840412139892578E+00   5.9611755609512329E-01  -1.0066869109869003E-01   3.0541769228875637E-03   1.3086334802210331E-03  -9.2384965682867914E-05  -1.7426436897949316E-05   2.4552405193389859E-06  -8.2844344717614149E-08   2.2876629829406738E+00  -6.3674086332321167E-01  -1.0605074167251587E+00   3.1530332565307617E-01   1.0125323534011841E+00   7.9669125378131866E-02  -1.0974770784378052E+00   4.8089429736137390E-01   5.9670628979802132E-04
     2      417   1.2421874329447746E-02   3.5349168777465820E+00   5.8041334152221680E-01  -1.0249338299036026E-01   4.2522209696471691E-03   1.2896030675619841E-03  -1.2320403766352683E-04  -1.7630678485147655E-05   3.2627740438329056E-06  -1.4122799996130198E-07   2.2776155471801758E+00  -7.2879767417907715E-01  -1.0662162303924561E+00   4.3673431873321533E-01   1.1053423881530762E+00  -1.4739547856152058E-02  -1.3002293109893799E+00   6.3724589347839355E-01   5.2326655713841319E-04
     2      418   1.2441406026482582E-02   3.5480432510375977E+00   5.7707482576370239E-01  -1.0316433012485504E-01   4.5521897263824940E-03   1.2896773405373096E-03  -1.3082045188639313E-04  -1.7753338397596963E-05   3.4605443488544552E-06  -1.5503540851113939E-07   2.2709522247314453E+00  -7.5332826375961304E-01  -1.0613154172897339E+00   4.7479733824729919E-01   1.1264905929565430E+00  -5.3263101726770401E-02  -1.3646457195281982E+00   6.9808083772659302E-01   4.6188090345822275E-04
     2      419   1.2460937723517418E-02   3.5300922393798828E+00   5.8228600025177002E-01  -1.0250493884086609E-01   4.1403844952583313E-03   1.2958442093804479E-03  -1.2018506822641939E-04  -1.7681048120721243E-05   3.1806878268980654E-06  -1.3474647175826249E-07   2.2746341228485107E+00  -7.2186237573623657E-01  -1.0607926845550537E+00   4.3177127838134766E-01   1.0957256555557251E+00  -1.6914172098040581E-02  -1.2919875383377075E+00   6.3790184259414673E-01   6.8056012969464064E-04
     2      420   1.2465820647776127E-02   3.5872921943664551E+00   5.6398957967758179E-01  -1.0441038757562637E-01   5.5037070997059345E-03   1.2699156068265438E-03  -1.5542157052550465E-04  -1.7844224203145131E-05   4.1079638322116807E-06  -2.0239674825006659E-07   2.2655904293060303E+00  -8.2523661851882935E-01  -1.0705587863922119E+00   5.6515371799468994E-01   1.2012865543365479E+00  -1.1726339161396027E-01  -1.5151102542877197E+00   8.0655813217163086E-01   5.6804972700774670E-04
     2      421   1.2470703572034836E-02   3.6088917255401611E+00   5.5701887607574463E-01  -1.0512620210647583E-01   6.0213189572095871E-03   1.2599539477378130E-03  -1.6880230396054685E-04  -1.7905094864545390E-05   4.4600310502573848E-06  -2.2808414712471858E-07   2.2621862888336182E+00  -8.6433708667755127E-01  -1.0742675065994263E+00   6.1552166938781738E-01   1.2409616708755493E+00  -1.5559028089046478E-01  -1.5995647907257080E+00   8.7152814865112305E-01   5.3367239888757467E-04
     2      422   1.2480469420552254E-02   3.5323309898376465E+00   5.8121854066848755E-01  -1.0255160182714462E-01   4.2076637037098408E-03   1.2935238191857934E-03  -1.2195784074719995E-04  -1.7673226466285996E-05   3.2281068342854269E-06  -1.3833205514401925E-07   2.2743420600891113E+00  -7.2666913270950317E-01  -1.0618857145309448E+00   4.3717995285987854E-01   1.1005098819732666E+00  -2.0737441256642342E-02  -1.3012378215789795E+00   6.4543914794921875E-01   6.1194278532639146E-04
     2      423   1.2490235269069672E-02   3.4889905452728271E+00   5.9420239925384521E-01  -1.0094615072011948E-01   3.1991510186344385E-03   1.3080743374302983E-03  -9.6039446361828595E-05  -1.7480266251368448E-05   2.5493827706668526E-06  -8.9396245073203318E-08   2.2835762500762939E+00  -6.4887863397598267E-01  -1.0588066577911377E+00   3.3290648460388184E-01   1.0230888128280640E+00   6.3018865883350372E-02  -1.1268498897552490E+00   5.0690430402755737E-01   6.0483266133815050E-04
     2      424   1.2500000186264515E-02   3.4961874485015869E+00   5.9250605106353760E-01  -1.0134148597717285E-01   3.3601883333176374E-03   1.3089521089568734E-03  -1.0010127152781934E-04  -1.7559150364832021E-05   2.6542481919022975E-06  -9.6611024957837799E-08   2.2794852256774902E+00  -6.6230255365371704E-01  -1.0553789138793945E+00   3.5443803668022156E-01   1.0343848466873169E+00   4.0595680475234985E-02  -1.1632670164108276E+00   5.4176157712936401E-01   6.5067410469055176E-04
     2      425   1.2539062649011612E-02   3.5202805995941162E+00   5.8386725187301636E-01  -1.0203526914119720E-01   3.9641289040446281E-03   1.2943590991199017E-03  -1.1575530515983701E-04  -1.7587104593985714E-05   3.0669511943415273E-06  -1.2700195384240942E-07   2.2770550251007080E+00  -7.0741581916809082E-01  -1.0634430646896362E+00   4.0879181027412415E-01   1.0820891857147217E+00   4.9397614784538746E-03  -1.2535980939865112E+00   6.0410189628601074E-01   5.0715275574475527E-04
     2      426   1.2558594346046448E-02   3.5209622383117676E+00   5.8461982011795044E-01  -1.0231856256723404E-01   3.9640190079808235E-03   1.3009972171857953E-03  -1.1557089601410553E-04  -1.7688469597487710E-05   3.0583162242692197E-06  -1.2560929008031962E-07   2.2720050811767578E+00  -7.0955020189285278E-01  -1.0560731887817383E+00   4.1826510429382324E-01   1.0804343223571777E+00  -1.1927562765777111E-02  -1.2698434591293335E+00   6.2784069776535034E-01   5.5479147704318166E-04
     2      427   1.2568360194563866E-02   3.4859561920166016E+00   5.9425055980682373E-01  -1.0083855688571930E-01   3.1686758156865835E-03   1.3075226452201605E-03  -9.5260918897110969E-05  -1.7460319213569164E-05   2.5293575163232163E-06  -8.8058662583989644E-08   2.2826578617095947E+00  -6.4676153659820557E-01  -1.0590378046035767E+00   3.2911419868469238E-01   1.0206103324890137E+00   6.6537037491798401E-02  -1.1203311681747437E+00   5.0118607282638550E-01   5.0185190048068762E-04
     2      428   1.2578126043081284E-02   3.5098741054534912E+00   5.8701890707015991E-01  -1.0174949467182159E-01   3.7296689115464687E-03   1.3000636827200651E-03  -1.0963191016344354E-04  -1.7579222912900150E-05   2.9045900191704277E-06  -1.1499026442152172E-07   2.2769868373870850E+00  -6.9037908315658569E-01  -1.0605672597885132E+00   3.8759914040565491E-01   1.0639811754226685E+00   1.9786069169640541E-02  -1.2178200483322144E+00   5.7805728912353516E-01   6.0094532091170549E-04
     2      429   1.2587891891598701E-02   3.5669002532958984E+00   5.6857752799987793E-01  -1.0361820459365845E-01   5.0949072465300560E-03   1.2732521863654256E-03  -1.4493898197542876E-04  -1.7731079424265772E-05   3.8339198908943217E-06  -1.8285048497546086E-07   2.2684156894683838E+00  -7.9363805055618286E-01  -1.0712167024612427E+00   5.2000117301940918E-01   1.1698716878890991E+00  -7.8620567917823792E-02  -1.4392433166503906E+00   7.4387603998184204E-01   5.5598944891244173E-04
     2      430   1.2592774815857410E-02   3.5959382057189941E+00   5.6143385171890259E-01  -1.0506500303745270E-01   5.7351724244654179E-03   1.2742535909637809E-03  -1.6105093527585268E-04  -1.8012367945630103E-05   4.2485257836233359E-06  -2.1147431539247918E-07   2.2559199333190918E+00  -8.4647959470748901E-01  -1.0638345479965210E+00   5.9925186634063721E-01   1.2182600498199463E+00  -1.5259368717670441E-01  -1.5713148117065430E+00   8.6003619432449341E-01   5.5928871734067798E-04
     2      431   1.2597657740116119E-02   3.5315308570861816E+00   5.8138692378997803E-01  -1.0280068963766098E-01   4.2199855670332909E-03   1.2994850985705853E-03  -1.2203142978250980E-04  -1.7774242223822512E-05   3.2248510706267552E-06  -1.3726609893183195E-07   2.2676806449890137E+00  -7.3039948940277100E-01  -1.0554257631301880E+00   4.4713559746742249E-01   1.1005570888519287E+00  -3.5866227000951767E-02  -1.3174253702163696E+00   6.6589301824569702E-01   5.4381351219490170E-04
     2      432   1.2602540664374828E-02   3.5045714378356934E+00   5.8887809514999390E-01  -1.0166779160499573E-01   3.6079077981412411E-03   1.3043781509622931E-03  -1.0645611473591998E-04  -1.7593947632121854E-05   2.8205690796312410E-06  -1.0866700250744543E-07   2.2754964828491211E+00  -6.8182623386383057E-01  -1.0564734935760498E+00   3.7939235568046570E-01   1.0532826185226440E+00   2.1159145981073380E-02  -1.2046914100646973E+00   5.7392591238021851E-01   4.5085078454576433E-04
     2      433   1.2607423588633537E-02   3.5000360012054443E+00   5.8922064304351807E-01  -1.0128480941057205E-01   3.5283372271806002E-03   1.2994261924177408E-03  -1.0461300553288311E-04  -1.7483780538896099E-05   2.7767398478317773E-06  -1.0627944391217170E-07   2.2798948287963867E+00  -6.7372113466262817E-01  -1.0616497993469238E+00   3.6358073353767395E-01   1.0476419925689697E+00   3.9917688816785812E-02  -1.1785312891006470E+00   5.4621410369873047E-01   5.7826336706057191E-04
     2      434   1.2612305581569672E-02   3.5126256942749023E+00   5.8563894033432007E-01  -1.0181444883346558E-01   3.8192612119019032E-03   1.2968716910108924E-03  -1.1203766189282760E-04  -1.7565826055943035E-05   2.9698928756261012E-06  -1.1997668991625687E-07   2.2759990692138672E+00  -6.9664239883422852E-01  -1.0608032941818237E+00   3.9581361413002014E-01   1.0694808959960938E+00   1.1753167025744915E-02  -1.2325596809387207E+00   5.9195286035537720E-01   5.1364506362006068E-04
     2      435   1.2617188505828381E-02   3.4765784740447998E+00   5.9691143035888672E-01  -1.0057599842548370E-01   2.9671483207494020E-03   1.3120508519932628E-03  -9.0028443082701415E-05  -1.7448297512601130E-05   2.3911011339805555E-06  -7.7867241543572163E-08   2.2822678089141846E+00  -6.3186657428741455E-01  -1.0560542345046997E+00   3.1091052293777466E-01   1.0040924549102783E+00   7.7769026160240173E-02  -1.0902044773101807E+00   4.8159101605415344E-01   6.1178987380117178E-04
     2      436   1.2626953423023224E-02   3.5406720638275146E+00   5.7676088809967041E-01  -1.0279983282089233E-01   4.4857063330709934E-03   1.2857452966272831E-03  -1.2916597188450396E-04  -1.7671858586254530E-05   3.4184706692030886E-06  -1.5244928874835750E-07   2.2707576751708984E+00  -7.4800127744674683E-01  -1.0652883052825928E+00   4.6224859356880188E-01   1.1221725940704346E+00  -3.7304885685443878E-02  -1.3427431583404541E+00   6.7340880632400513E-01   6.1210483545437455E-04
     2      437   1.2636719271540642E-02   3.5591204166412354E+00   5.7115370035171509E-01  -1.0350277274847031E-01   4.9194241873919964E-03   1.2800097465515137E-03  -1.4026733697392046E-04  -1.7764687072485685E-05   3.7081188111187657E-06  -1.7322633993899217E-07   2.2663922309875488E+00  -7.8171873092651367E-01  -1.0665837526321411E+00   5.0730377435684204E-01   1.1556801795959473E+00  -7.3232933878898621E-02  -1.4178148508071899E+00   7.3272264003753662E-01   4.9335951916873455E-04
     2      438   1.2656250968575478E-02   3.4843194484710693E+00   5.9426182508468628E-01  -1.0089018940925598E-01   3.1654725316911936E-03   1.3093423331156373E-03  -9.5110393885988742E-05  -1.7489097444922663E-05   2.5239912702090805E-06  -8.7425434003307601E-08   2.2793626785278320E+00  -6.4750701189041138E-01  -1.0561108589172363E+00   3.3205455541610718E-01   1.0191633701324463E+00   6.0217149555683136E-02  -1.1254864931106567E+00   5.1013237237930298E-01   5.8602727949619293E-04
     2      439   1.2675782665610313E-02   3.5533072948455811E+00   5.7284015417098999E-01  -1.0336540639400482E-01   4.7965040430426598E-03   1.2831678614020348E-03  -1.3708524056710303E-04  -1.7761236449587159E-05   3.6245546652935445E-06  -1.6707983263586357E-07   2.2654006481170654E+00  -7.7287280559539795E-01  -1.0637248754501343E+00   4.9746754765510559E-01   1.1453233957290649E+00  -6.8749383091926575E-02  -1.4017506837844849E+00   7.2383463382720947E-01   4.7788920346647501E-04
     2      440   1.2695313431322575E-02   3.5166270732879639E+00   5.8373183012008667E-01  -1.0201411694288254E-01   3.9472440257668495E-03   1.2955892598256469E-03  -1.1523526336532086E-04  -1.7602709704078734E-05   3.0517626328219194E-06  -1.2572189689308289E-07   2.2730033397674561E+00  -7.0749825239181519E-01  -1.0613130331039429E+00   4.0950152277946472E-01   1.0802098512649536E+00   2.2140864748507738E-03  -1.2543730735778809E+00   6.0703527927398682E-01   5.5543013149872422E-04
     2      441   1.2705078348517418E-02   3.5339202880859375E+00   5.7852864265441895E-01  -1.0268151760101318E-01   4.3545248918235302E-03   1.2901322916150093E-03  -1.2570297985803336E-04  -1.7686475985101424E-05   3.3259691463172203E-06  -1.4546255044933787E-07   2.2684791088104248E+00  -7.3912847042083740E-01  -1.0615707635879517E+00   4.5275491476058960E-01   1.1111615896224976E+00  -3.3809907734394073E-02  -1.3268980979919434E+00   6.6576629877090454E-01   5.4448226001113653E-04
     2      442   1.2714844197034836E-02   3.5156540870666504E+00   5.8440965414047241E-01  -1.0210945457220078E-01   3.9215367287397385E-03   1.2991598341614008E-03  -1.1449104204075411E-04  -1.7646227206569165E-05   3.0306312055472517E-06  -1.2384172975998808E-07   2.2705039978027344E+00  -7.0656991004943848E-01  -1.0573729276657104E+00   4.1166538000106812E-01   1.0771945714950562E+00  -4.5504840090870857E-03  -1.2583616971969604E+00   6.1598080396652222E-01   6.0633238172158599E-04
     2      443   1.2734375894069672E-02   3.5132422447204590E+00   5.8401852846145630E-01  -1.0182198137044907E-01   3.8966923020780087E-03   1.2937927385792136E-03  -1.1402274685679004E-04  -1.7553940779180266E-05   3.0220012376958039E-06  -1.2389867265483190E-07   2.2739953994750977E+00  -7.0291996002197266E-01  -1.0626535415649414E+00   4.0171432495117188E-01   1.0758880376815796E+00   9.6402084454894066E-03  -1.2417646646499634E+00   5.9581863880157471E-01   5.3328118519857526E-04
     2      444   1.2773438356816769E-02   3.5181653499603271E+00   5.8266031742095947E-01  -1.0212621092796326E-01   4.0180897340178490E-03   1.2948799412697554E-03  -1.1703965719789267E-04  -1.7622383893467486E-05   3.0987482659838861E-06  -1.2905677237995405E-07   2.2701671123504639E+00  -7.1351259946823120E-01  -1.0600959062576294E+00   4.1828319430351257E-01   1.0849428176879883E+00  -6.7746881395578384E-03  -1.2692406177520752E+00   6.2079071998596191E-01   4.7481205547228456E-04
     2      445   1.2783203274011612E-02   3.5595278739929199E+00   5.7035040855407715E-01  -1.0372453182935715E-01   4.9823257140815258E-03   1.2826629681512713E-03  -1.4174071839079261E-04  -1.7834001482697204E-05   3.7439560856000753E-06  -1.7534608787173056E-07   2.2600057125091553E+00  -7.8863650560379028E-01  -1.0617828369140625E+00   5.1996517181396484E-01   1.1591991186141968E+00  -8.9382432401180267E-02  -1.4389159679412842E+00   7.5620639324188232E-01   5.7018699590116739E-04
     2      446   1.2792969122529030E-02   3.5533707141876221E+00   5.7132709026336670E-01  -1.0332488268613815E-01   4.8625566996634007E-03   1.2794123031198978E-03  -1.3883005885872990E-04  -1.7733285858412273E-05   3.6714798170578433E-06  -1.7075655023290892E-07   2.2639458179473877E+00  -7.7780902385711670E-01  -1.0657044649124146E+00   5.0147110223770142E-01   1.1501970291137695E+00  -6.9935441017150879E-02  -1.4082754850387573E+00   7.2698450088500977E-01   5.2446179324761033E-04
     2      447   1.2812500819563866E-02   3.5320444107055664E+00   5.7814055681228638E-01  -1.0266450792551041E-01   4.3580788187682629E-03   1.2902991147711873E-03  -1.2571972911246121E-04  -1.7695081623969600E-05   3.3247820283577312E-06  -1.4524560754125559E-07   2.2662422657012939E+00  -7.4025177955627441E-01  -1.0614227056503296E+00   4.5348277688026428E-01   1.1117062568664551E+00  -3.3846400678157806E-02  -1.3274539709091187E+00   6.6512662172317505E-01   5.6033802684396505E-04
     2      448   1.2851563282310963E-02   3.5453286170959473E+00   5.7333177328109741E-01  -1.0307390242815018E-01   4.6978201717138290E-03   1.2824202422052622E-03  -1.3454268628265709E-04  -1.7713393390295096E-05   3.5581258543970762E-06  -1.6246455913915270E-07   2.2639296054840088E+00  -7.6577389240264893E-01  -1.0646095275878906E+00   4.8543131351470947E-01   1.1378108263015747E+00  -5.7136166840791702E-02  -1.3810125589370728E+00   7.0483231544494629E-01   5.8055686531588435E-04
     2      449   1.2871094048023224E-02   3.5097873210906982E+00   5.8442342281341553E-01  -1.0188263654708862E-01   3.8649968337267637E-03   1.2975881109014153E-03  -1.1306526721455157E-04  -1.7603002561372705E-05   2.9939249088783981E-06  -1.2140071703470312E-07   2.2690517902374268E+00  -7.0235908031463623E-01  -1.0581660270690918E+00   4.0386423468589783E-01   1.0723009109497070E+00   2.6760948821902275E-03  -1.2452068328857422E+00   6.0465139150619507E-01   6.5785262268036604E-04
     2      450   1.2880859896540642E-02   3.4803566932678223E+00   5.9284842014312744E-01  -1.0071186721324921E-01   3.1902564223855734E-03   1.3050102861598134E-03  -9.5799929113127291E-05  -1.7437210772186518E-05   2.5436097530473489E-06  -8.9245020262751495E-08   2.2765884399414062E+00  -6.4961308240890503E-01  -1.0581896305084229E+00   3.3123052120208740E-01   1.0207188129425049E+00   6.3381291925907135E-02  -1.1237488985061646E+00   5.0572657585144043E-01   6.1628740513697267E-04
     2      451   1.2890625745058060E-02   3.5137841701507568E+00   5.8294707536697388E-01  -1.0201629251241684E-01   3.9686486124992371E-03   1.2954357080161572E-03  -1.1573531810427085E-04  -1.7611857401789166E-05   3.0643195714219473E-06  -1.2658252046549023E-07   2.2681071758270264E+00  -7.1042048931121826E-01  -1.0592019557952881E+00   4.1386273503303528E-01   1.0807273387908936E+00  -4.0338817052543163E-03  -1.2616105079650879E+00   6.1578619480133057E-01   5.9592293109744787E-04
     2      452   1.2929688207805157E-02   3.4735057353973389E+00   5.9456646442413330E-01  -1.0049677640199661E-01   3.0503019224852324E-03   1.3074732851237059E-03  -9.2174523160792887E-05  -1.7418778952560388E-05   2.4480430056428304E-06  -8.2269849599470035E-08   2.2765564918518066E+00  -6.3921260833740234E-01  -1.0569653511047363E+00   3.1760796904563904E-01   1.0095751285552979E+00   7.3230370879173279E-02  -1.1009430885314941E+00   4.8919552564620972E-01   5.3208920871838927E-04
     2      453   1.2949218973517418E-02   3.5642635822296143E+00   5.6678670644760132E-01  -1.0382617264986038E-01   5.1840026862919331E-03   1.2754539493471384E-03  -1.4700210886076093E-04  -1.7809927157941274E-05   3.8837142710690387E-06  -1.8588335137792455E-07   2.2572011947631836E+00  -8.0389392375946045E-01  -1.0652601718902588E+00   5.3646194934844971E-01   1.1746404170989990E+00  -9.9144861102104187E-02  -1.4662507772445679E+00   7.7371418476104736E-01   5.4423674009740353E-04
     2      454   1.2958984822034836E-02   3.5120306015014648E+00   5.8301508426666260E-01  -1.0201360285282135E-01   3.9536971598863602E-03   1.2966881040483713E-03  -1.1526924936333671E-04  -1.7629263311391696E-05   3.0501080345857190E-06  -1.2532339610515919E-07   2.2664051055908203E+00  -7.1006882190704346E-01  -1.0584161281585693E+00   4.1347193717956543E-01   1.0797344446182251E+00  -4.0337820537388325E-03  -1.2604234218597412E+00   6.1505377292633057E-01   5.2441755542531610E-04
     2      455   1.2968750670552254E-02   3.5127773284912109E+00   5.8241915702819824E-01  -1.0198242962360382E-01   3.9829784072935581E-03   1.2944312766194344E-03  -1.1608514614636078E-04  -1.7605952962185256E-05   3.0729565878573339E-06  -1.2721815778604650E-07   2.2669816017150879E+00  -7.1175628900527954E-01  -1.0598826408386230E+00   4.1441500186920166E-01   1.0819082260131836E+00  -3.4303520806133747E-03  -1.2621839046478271E+00   6.1502265930175781E-01   5.3184834541752934E-04
     2      456   1.3046875596046448E-02   3.5235834121704102E+00   5.7864654064178467E-01  -1.0245297849178314E-01   4.2662778869271278E-03   1.2912178644910455E-03  -1.2331291509326547E-04  -1.7675438357400708E-05   3.2612144877930405E-06  -1.4065128084439493E-07   2.2620649337768555E+00  -7.3440539836883545E-01  -1.0593153238296509E+00   4.4545805454254150E-01   1.1033070087432861E+00  -2.9916897416114807E-02  -1.3139493465423584E+00   6.5766274929046631E-01   5.7347130496054888E-04
     2      457   1.3066407293081284E-02   3.5462598800659180E+00   5.7122713327407837E-01  -1.0321173071861267E-01   4.8148292116820812E-03   1.2806518934667110E-03  -1.3749241770710796E-04  -1.7738719179760665E-05   3.6345390981296077E-06  -1.6791676671346067E-07   2.2581019401550293E+00  -7.7607035636901855E-01  -1.0631711483001709E+00   4.9914786219596863E-01   1.1456674337387085E+00  -7.0466279983520508E-02  -1.4037666320800781E+00   7.2585368156433105E-01   5.5272219469770789E-04
     2      458   1.3076173141598701E-02   3.5259902477264404E+00   5.7699543237686157E-01  -1.0240747034549713E-01   4.3503828346729279E-03   1.2860175920650363E-03  -1.2557031004689634E-04  -1.7631522496230900E-05   3.3223977879970334E-06  -1.4551157789810532E-07   2.2633981704711914E+00  -7.3987656831741333E-01  -1.0636692047119141E+00   4.4880482554435730E-01   1.1106413602828979E+00  -2.7341801673173904E-02  -1.3192362785339355E+00   6.5546458959579468E-01   7.0443656295537949E-04
     2      459   1.3085938058793545E-02   3.5335035324096680E+00   5.7507568597793579E-01  -1.0278442502021790E-01   4.5215464197099209E-03   1.2859589187428355E-03  -1.2991437688469887E-04  -1.7700715034152381E-05   3.4350266560068121E-06  -1.5336834735535376E-07   2.2597811222076416E+00  -7.5381678342819214E-01  -1.0611188411712646E+00   4.7025278210639954E-01   1.1228495836257935E+00  -4.8685941845178604E-02  -1.3554916381835938E+00   6.8907076120376587E-01   5.7557027321308851E-04
     2      460   1.3090820983052254E-02   3.5090329647064209E+00   5.8274310827255249E-01  -1.0194896906614304E-01   3.9441892877221107E-03   1.2962054461240768E-03  -1.1502510460559279E-04  -1.7619078789721243E-05   3.0441055969276931E-06  -1.2496926160565636E-07   2.2637858390808105E+00  -7.0985931158065796E-01  -1.0573270320892334E+00   4.1317740082740784E-01   1.0780392885208130E+00  -5.4715760052204132E-03  -1.2601345777511597E+00   6.1674368381500244E-01   5.5683829123154283E-04
     2      461   1.3095702975988388E-02   3.5024018287658691E+00   5.8485364913940430E-01  -1.0173953324556351E-01   3.7863054312765598E-03   1.2996357399970293E-03  -1.1090572661487386E-04  -1.7608621419640258E-05   2.9347015697567258E-06  -1.1688183576552547E-07   2.2647073268890381E+00  -6.9813793897628784E-01  -1.0564296245574951E+00   3.9775958657264709E-01   1.0662786960601807E+00   6.8940897472202778E-03  -1.2339453697204590E+00   5.9590703248977661E-01   5.8102887123823166E-04
     2      462   1.3105468824505806E-02   3.5547261238098145E+00   5.6861448287963867E-01  -1.0360520333051682E-01   5.0228293985128403E-03   1.2794501380994916E-03  -1.4275437570177019E-04  -1.7809006749303080E-05   3.7703316593251657E-06  -1.7742505065143632E-07   2.2543284893035889E+00  -7.9292780160903931E-01  -1.0621354579925537E+00   5.2294617891311646E-01   1.1615091562271118E+00  -9.1246291995048523E-02  -1.4433413743972778E+00   7.5884360074996948E-01   5.3791207028552890E-04
     2      463   1.3110351748764515E-02   3.5219125747680664E+00   5.7826763391494751E-01  -1.0234320163726807E-01   4.2635481804609299E-03   1.2890605721622705E-03  -1.2329714081715792E-04  -1.7641919839661568E-05   3.2621276204736205E-06  -1.4097668099566363E-07   2.2620813846588135E+00  -7.3382866382598877E-01  -1.0607531070709229E+00   4.4286209344863892E-01   1.1028770208358765E+00  -2.6392973959445953E-02  -1.3096897602081299E+00   6.5287089347839355E-01   5.3385453065857291E-04
     2      464   1.3115234673023224E-02   3.5081529617309570E+00   5.8258706331253052E-01  -1.0187909752130508E-01   3.9382898248732090E-03   1.2950173113495111E-03  -1.1489356984384358E-04  -1.7598957128939219E-05   3.0411856641876511E-06  -1.2489441303387139E-07   2.2642588615417480E+00  -7.0925801992416382E-01  -1.0587499141693115E+00   4.1084012389183044E-01   1.0780827999114990E+00  -1.5064436011016369E-03  -1.2558904886245728E+00   6.1088460683822632E-01   6.7390548065304756E-04
     2      465   1.3125000521540642E-02   3.5565443038940430E+00   5.6721073389053345E-01  -1.0352930426597595E-01   5.0898431800305843E-03   1.2742843246087432E-03  -1.4459577505476773E-04  -1.7757165551302023E-05   3.8212506296986248E-06  -1.8160638148856378E-07   2.2560234069824219E+00  -7.9691934585571289E-01  -1.0663572549819946E+00   5.2446067333221436E-01   1.1672598123550415E+00  -8.7637983262538910E-02  -1.4457794427871704E+00   7.5524014234542847E-01   6.1938824364915490E-04
     2      466   1.3144532218575478E-02   3.5243160724639893E+00   5.7789200544357300E-01  -1.0258667171001434E-01   4.3186731636524200E-03   1.2921312591060996E-03  -1.2457587581593543E-04  -1.7713111446937546E-05   3.2926875519478926E-06  -1.4268660208927031E-07   2.2584183216094971E+00  -7.3962247371673584E-01  -1.0572111606597900E+00   4.5376443862915039E-01   1.1068817377090454E+00  -3.9048030972480774E-02  -1.3275992870330811E+00   6.7109656333923340E-01   5.1444303244352341E-04
     2      467   1.3164062984287739E-02   3.5264499187469482E+00   5.7660692930221558E-01  -1.0256984829902649E-01   4.3880119919776917E-03   1.2882683658972383E-03  -1.2643334048334509E-04  -1.7682865291135386E-05   3.3429942050133832E-06  -1.4664823311250075E-07   2.2592587471008301E+00  -7.4420261383056641E-01  -1.0601930618286133E+00   4.5721891522407532E-01   1.1126745939254761E+00  -3.8398008793592453E-02  -1.3332560062408447E+00   6.7153084278106689E-01   6.3083443092182279E-04
     2      468   1.3203125447034836E-02   3.5288162231445312E+00   5.7550579309463501E-01  -1.0266217589378357E-01   4.4626053422689438E-03   1.2867348268628120E-03  -1.2836490350309759E-04  -1.7691038010525517E-05   3.3938465548999375E-06  -1.5035395506401983E-07   2.2579193115234375E+00  -7.4992340803146362E-01  -1.0601861476898193E+00   4.6479004621505737E-01   1.1177880764007568E+00  -4.5267313718795776E-02  -1.3462035655975342E+00   6.8307441473007202E-01   6.1804678989574313E-04
     2      469   1.3222657144069672E-02   3.5093317031860352E+00   5.8154928684234619E-01  -1.0201892256736755E-01   4.0071634575724602E-03   1.2953093973919749E-03  -1.1658766015898436E-04  -1.7634463802096434E-05   3.0840753879601834E-06  -1.2778909308508446E-07   2.2605490684509277E+00  -7.1555715799331665E-01  -1.0569298267364502E+00   4.2027667164802551E-01   1.0825908184051514E+00  -1.1648833751678467E-02  -1.2715981006622314E+00   6.2658220529556274E-01   5.4508005268871784E-04
     2      470   1.3242187909781933E-02   3.5222079753875732E+00   5.7704734802246094E-01  -1.0240505635738373E-01   4.3263630941510201E-03   1.2880020076408982E-03  -1.2485397746786475E-04  -1.7655136616667733E-05   3.3018618523783516E-06  -1.4378646540080808E-07   2.2590162754058838E+00  -7.3956197500228882E-01  -1.0607478618621826E+00   4.4970917701721191E-01   1.1079363822937012E+00  -3.1352501362562180E-02  -1.3204822540283203E+00   6.6022235155105591E-01   5.7380145881325006E-04
     2      471   1.3251952826976776E-02   3.5230693817138672E+00   5.7640337944030762E-01  -1.0237417370080948E-01   4.3590092100203037E-03   1.2855477398261428E-03  -1.2576862354762852E-04  -1.7630321963224560E-05   3.3274750421696808E-06  -1.4589215879823314E-07   2.2595973014831543E+00  -7.4142283201217651E-01  -1.0621761083602905E+00   4.5095103979110718E-01   1.1102272272109985E+00  -3.1193874776363373E-02  -1.3228951692581177E+00   6.6083562374114990E-01   6.1955978162586689E-04
     2      472   1.3256835751235485E-02   3.4929170608520508E+00   5.8493357896804810E-01  -1.0114014148712158E-01   3.6699313204735518E-03   1.2921540765091777E-03  -1.0818357259267941E-04  -1.7446287529310212E-05   2.8696417757601012E-06  -1.1330972427003871E-07   2.2679157257080078E+00  -6.8708044290542603E-01  -1.0627564191818237E+00   3.7566605210304260E-01   1.0571377277374268E+00   3.1770721077919006E-02  -1.1973913908004761E+00   5.5893754959106445E-01   6.1852409271523356E-04
     2      473   1.3261718675494194E-02   3.5178992748260498E+00   5.7854342460632324E-01  -1.0233263671398163E-01   4.2264899238944054E-03   1.2915432453155518E-03  -1.2222936493344605E-04  -1.7668926375336014E-05   3.2318071134795900E-06  -1.3847285629253747E-07   2.2580790519714355E+00  -7.3251831531524658E-01  -1.0579044818878174E+00   4.4244360923767090E-01   1.0994250774383545E+00  -2.8976388275623322E-02  -1.3086075782775879E+00   6.5510612726211548E-01   6.2263786094263196E-04
     2      474   1.3281250372529030E-02   3.5357878208160400E+00   5.7220333814620972E-01  -1.0283241420984268E-01   4.6710181050002575E-03   1.2803371064364910E-03  -1.3378990115597844E-04  -1.7679931261227466E-05   3.5376699543121504E-06  -1.6111499689941411E-07   2.2566092014312744E+00  -7.6550883054733276E-01  -1.0638411045074463E+00   4.8232147097587585E-01   1.1343973875045776E+00  -5.5315848439931870E-02  -1.3751295804977417E+00   7.0105695724487305E-01   5.7732028653845191E-04
     2      475   1.3286133296787739E-02   3.5695984363555908E+00   5.6207156181335449E-01  -1.0411526262760162E-01   5.4604676552116871E-03   1.2697172351181507E-03  -1.5403807628899813E-04  -1.7844296962721273E-05   4.0669092413736507E-06  -1.9914610049909243E-07   2.2487258911132812E+00  -8.2675534486770630E-01  -1.0657105445861816E+00   5.6483763456344604E-01   1.1952065229415894E+00  -1.2183580547571182E-01  -1.5129429101943970E+00   8.1016832590103149E-01   5.5138551397249103E-04
     2      476   1.3288574293255806E-02   3.5593860149383545E+00   5.6543070077896118E-01  -1.0380177944898605E-01   5.2158641628921032E-03   1.2749803718179464E-03  -1.4770597044844180E-04  -1.7823764210334048E-05   3.9001433833618648E-06  -1.8691956427119294E-07   2.2497823238372803E+00  -8.0844134092330933E-01  -1.0631450414657593E+00   5.4193860292434692E-01   1.1760491132736206E+00  -1.0573852062225342E-01  -1.4747005701065063E+00   7.8270393610000610E-01   5.5462180171161890E-04
     2      477   1.3291016221046448E-02   3.5057885646820068E+00   5.8136314153671265E-01  -1.0176515579223633E-01   3.9691515266895294E-03   1.2916995910927653E-03  -1.1570828792173415E-04  -1.7565645975992084E-05   3.0630844776169397E-06  -1.2671965521349193E-07   2.2622754573822021E+00  -7.1175104379653931E-01  -1.0606440305709839E+00   4.1116529703140259E-01   1.0803097486495972E+00   5.3251144709065557E-04  -1.2560764551162720E+00   6.0833799839019775E-01   6.4501370070502162E-04
     2      478   1.3295899145305157E-02   3.5080022811889648E+00   5.8048915863037109E-01  -1.0181292891502380E-01   4.0264120325446129E-03   1.2899225112050772E-03  -1.1719902249751613E-04  -1.7562526409165002E-05   3.1025049338495592E-06  -1.2966192741714622E-07   2.2623336315155029E+00  -7.1594232320785522E-01  -1.0619295835494995E+00   4.1573622822761536E-01   1.0850915908813477E+00  -1.5479477588087320E-03  -1.2635643482208252E+00   6.1212491989135742E-01   6.5108336275443435E-04
     2      479   1.3300782069563866E-02   3.5034704208374023E+00   5.8215343952178955E-01  -1.0172115266323090E-01   3.9148833602666855E-03   1.2935410486534238E-03  -1.1427485151216388E-04  -1.7571728676557541E-05   3.0247626909840619E-06  -1.2382719205561443E-07   2.2619276046752930E+00  -7.0796328783035278E-01  -1.0594582557678223E+00   4.0695339441299438E-01   1.0760387182235718E+00   2.7966531924903393E-03  -1.2489714622497559E+00   6.0389530658721924E-01   5.2243837853893638E-04
     2      480   1.3320312835276127E-02   3.4786462783813477E+00   5.9041339159011841E-01  -1.0101204365491867E-01   3.3217689488083124E-03   1.3076625764369965E-03  -9.8871394584421068E-05  -1.7544649381306954E-05   2.6177858671871945E-06  -9.3797012823415571E-08   2.2633788585662842E+00  -6.6394490003585815E-01  -1.0517935752868652E+00   3.5316947102546692E-01   1.0291451215744019E+00   3.8556694984436035E-02  -1.1592711210250854E+00   5.4187679290771484E-01   9.0941280359402299E-04
     2      481   1.3359375298023224E-02   3.4741041660308838E+00   5.9052765369415283E-01  -1.0065470635890961E-01   3.2547363080084324E-03   1.3028930407017469E-03  -9.7318537882529199E-05  -1.7443619071855210E-05   2.5809274575294694E-06  -9.1839005733618251E-08   2.2668528556823730E+00  -6.5709429979324341E-01  -1.0566544532775879E+00   3.3906161785125732E-01   1.0243113040924072E+00   5.5513560771942139E-02  -1.1358478069305420E+00   5.1711916923522949E-01   7.7028665691614151E-04
     2      482   1.3398437760770321E-02   3.4982030391693115E+00   5.8269977569580078E-01  -1.0151211172342300E-01   3.8394303992390633E-03   1.2929419754073024E-03  -1.1237308353884146E-04  -1.7532924175611697E-05   2.9758843993477058E-06  -1.2048357689309341E-07   2.2615835666656494E+00  -7.0208084583282471E-01  -1.0597807168960571E+00   3.9782369136810303E-01   1.0696201324462891E+00   1.0306140407919884E-02  -1.2338621616363525E+00   5.9217089414596558E-01   6.3630304066464305E-04
     2      483   1.3437500223517418E-02   3.5001492500305176E+00   5.8171832561492920E-01  -1.0158196091651917E-01   3.9031035266816616E-03   1.2914160033687949E-03  -1.1402169911889359E-04  -1.7535554434289224E-05   3.0195390081644291E-06  -1.2371991431336937E-07   2.2605013847351074E+00  -7.0707052946090698E-01  -1.0601525306701660E+00   4.0408179163932800E-01   1.0744777917861938E+00   5.5609047412872314E-03  -1.2442737817764282E+00   5.9994649887084961E-01   5.9750390937551856E-04
     2      484   1.3457031920552254E-02   3.5106637477874756E+00   5.7848834991455078E-01  -1.0200299322605133E-01   4.1547841392457485E-03   1.2884000316262245E-03  -1.2046300253132358E-04  -1.7594182281754911E-05   3.1875733839115128E-06  -1.3574087631695875E-07   2.2573606967926025E+00  -7.2678303718566895E-01  -1.0601742267608643E+00   4.3103259801864624E-01   1.0936284065246582E+00  -1.6942506656050682E-02  -1.2893279790878296E+00   6.3660848140716553E-01   5.6132877944037318E-04
     2      485   1.3476562686264515E-02   3.4904994964599609E+00   5.8512884378433228E-01  -1.0141934454441071E-01   3.6736580077558756E-03   1.2997728772461414E-03  -1.0794374975375831E-04  -1.7571435819263570E-05   2.8563877094711643E-06  -1.1129645827168133E-07   2.2587695121765137E+00  -6.9122385978698730E-01  -1.0547223091125488E+00   3.8687732815742493E-01   1.0563914775848389E+00   1.4181193895637989E-02  -1.2151817083358765E+00   5.8260202407836914E-01   5.6603847770020366E-04
     2      486   1.3496093451976776E-02   3.5084896087646484E+00   5.7880204916000366E-01  -1.0193227231502533E-01   4.1210106573998928E-03   1.2886688346043229E-03  -1.1959308903897181E-04  -1.7585191017133184E-05   3.1647855394112412E-06  -1.3410942756308941E-07   2.2570109367370605E+00  -7.2428226470947266E-01  -1.0599162578582764E+00   4.2752599716186523E-01   1.0907387733459473E+00  -1.4492068439722061E-02  -1.2835191488265991E+00   6.3260525465011597E-01   6.1439472483471036E-04
     2      487   1.3515625149011612E-02   3.5219078063964844E+00   5.7461804151535034E-01  -1.0244384407997131E-01   4.4414266012609005E-03   1.2842651922255754E-03  -1.2779973621945828E-04  -1.7651102098170668E-05   3.3790727229643380E-06  -1.4950208537811704E-07   2.2536149024963379E+00  -7.4926102161407471E-01  -1.0609062910079956E+00   4.6083471179008484E-01   1.1156425476074219E+00  -4.0802009403705597E-02  -1.3389549255371094E+00   6.7565476894378662E-01   5.4339872440323234E-04
     2      488   1.3554687611758709E-02   3.5197958946228027E+00   5.7432568073272705E-01  -1.0224477201700211E-01   4.4228648766875267E-03   1.2807031162083149E-03  -1.2743253319058567E-04  -1.7589090930414386E-05   3.3718918075464899E-06  -1.4944123449822655E-07   2.2554371356964111E+00  -7.4682956933975220E-01  -1.0641875267028809E+00   4.5426544547080994E-01   1.1145757436752319E+00  -3.1589381396770477E-02  -1.3279694318771362E+00   6.6226547956466675E-01   4.9929082160815597E-04
     2      489   1.3574218377470970E-02   3.5268332958221436E+00   5.7308840751647949E-01  -1.0274310410022736E-01   4.5698392204940319E-03   1.2849834747612476E-03  -1.3099375064484775E-04  -1.7717446098686196E-05   3.4603917811182328E-06  -1.5500290828640573E-07   2.2496824264526367E+00  -7.6038777828216553E-01  -1.0586993694305420E+00   4.7769153118133545E-01   1.1252925395965576E+00  -5.7002112269401550E-02  -1.3668175935745239E+00   7.0051836967468262E-01   4.9875065451487899E-04
     2      490   1.3583984225988388E-02   3.4956243038177490E+00   5.8272731304168701E-01  -1.0165325552225113E-01   3.8369656540453434E-03   1.2973533011972904E-03  -1.1210481170564890E-04  -1.7604650565772317E-05   2.9646328130183974E-06  -1.1904645447202711E-07   2.2551994323730469E+00  -7.0445162057876587E-01  -1.0547219514846802E+00   4.0426108241081238E-01   1.0687277317047119E+00  -1.4932217891328037E-04  -1.2439821958541870E+00   6.0572570562362671E-01   5.5142823839560151E-04
     2      491   1.3593750074505806E-02   3.4964115619659424E+00   5.8124613761901855E-01  -1.0142916440963745E-01   3.8885483518242836E-03   1.2893187813460827E-03  -1.1367684783181176E-04  -1.7501008187537082E-05   3.0112082640698645E-06  -1.2332651522228844E-07   2.2589588165283203E+00  -7.0605212450027466E-01  -1.0611276626586914E+00   4.0067106485366821E-01   1.0729960203170776E+00   9.4780474901199341E-03  -1.2384637594223022E+00   5.9378242492675781E-01   5.6731188669800758E-04
     2      492   1.3632812537252903E-02   3.5085406303405762E+00   5.7810974121093750E-01  -1.0207941383123398E-01   4.1668242774903774E-03   1.2905322946608067E-03  -1.2062952737323940E-04  -1.7637436030781828E-05   3.1888876037555747E-06  -1.3543792931614007E-07   2.2524771690368652E+00  -7.2949957847595215E-01  -1.0573394298553467E+00   4.3600365519523621E-01   1.0941140651702881E+00  -2.3745160549879074E-02  -1.2970606088638306E+00   6.4550429582595825E-01   6.7222886718809605E-04
     2      493   1.3652343302965164E-02   3.5709698200225830E+00   5.5804961919784546E-01  -1.0416845977306366E-01   5.6601651012897491E-03   1.2622731737792492E-03  -1.5921657904982567E-04  -1.7818832930061035E-05   4.2041251617774833E-06  -2.0948536416653951E-07   2.2422342300415039E+00  -8.4277552366256714E-01  -1.0677570104598999E+00   5.8231842517852783E-01   1.2094954252243042E+00  -1.3434058427810669E-01  -1.5419088602066040E+00   8.3132511377334595E-01   4.4248564518056810E-04
     2      494   1.3671875000000000E-02   3.5279371738433838E+00   5.7165229320526123E-01  -1.0274996608495712E-01   4.6426067128777504E-03   1.2818629620596766E-03  -1.3289177149999887E-04  -1.7701715478324331E-05   3.5108319025312085E-06  -1.5884793924669793E-07   2.2484886646270752E+00  -7.6590043306350708E-01  -1.0604361295700073E+00   4.8297077417373657E-01   1.1309118270874023E+00  -5.9351414442062378E-02  -1.3754529953002930E+00   7.0515137910842896E-01   6.1611778801307082E-04
     2      495   1.3710937462747097E-02   3.5081729888916016E+00   5.7698768377304077E-01  -1.0195970535278320E-01   4.2045167647302151E-03   1.2860880233347416E-03  -1.2169908586656675E-04  -1.7585303794476204E-05   3.2193147490033880E-06  -1.3810209509301785E-07   2.2530601024627686E+00  -7.3158580064773560E-01  -1.0605665445327759E+00   4.3539825081825256E-01   1.0971325635910034E+00  -1.9700296223163605E-02  -1.2960268259048462E+00   6.4072477817535400E-01   5.9941370273008943E-04
     2      496   1.3749999925494194E-02   3.5427327156066895E+00   5.6629413366317749E-01  -1.0326533019542694E-01   5.0273002125322819E-03   1.2743157567456365E-03  -1.4283231575973332E-04  -1.7745200239005499E-05   3.7724980757047888E-06  -1.7795753137761494E-07   2.2444558143615723E+00  -7.9537236690521240E-01  -1.0625419616699219E+00   5.2110010385513306E-01   1.1601977348327637E+00  -8.9018486440181732E-02  -1.4393311738967896E+00   7.5451236963272095E-01   5.4301059572026134E-04
     2      497   1.3769531622529030E-02   3.5207693576812744E+00   5.7231682538986206E-01  -1.0235756635665894E-01   4.5325621031224728E-03   1.2786508304998279E-03  -1.3020535698160529E-04  -1.7607115296414122E-05   3.4438089642208070E-06  -1.5460676650036476E-07   2.2504832744598389E+00  -7.5636160373687744E-01  -1.0635188817977905E+00   4.6640095114707947E-01   1.1222908496856689E+00  -4.2453203350305557E-02  -1.3479446172714233E+00   6.7947113513946533E-01   5.5705208797007799E-04
     2      498   1.3789062388241291E-02   3.5491197109222412E+00   5.6411039829254150E-01  -1.0352912545204163E-01   5.1902267150580883E-03   1.2723576510325074E-03  -1.4697932056151330E-04  -1.7784492229111493E-05   3.8801545088062994E-06  -1.8562016634859901E-07   2.2420985698699951E+00  -8.0832076072692871E-01  -1.0628205537796021E+00   5.3834849596023560E-01   1.1728546619415283E+00  -1.0278499126434326E-01  -1.4678850173950195E+00   7.7689379453659058E-01   5.6694651721045375E-04
     2      499   1.3828124850988388E-02   3.5309724807739258E+00   5.6912153959274292E-01  -1.0283312946557999E-01   4.7850455157458782E-03   1.2771140318363905E-03  -1.3659185788128525E-04  -1.7689801097731106E-05   3.6089363675273489E-06  -1.6621279996797966E-07   2.2458224296569824E+00  -7.7694547176361084E-01  -1.0623843669891357E+00   4.9531131982803345E-01   1.1417906284332275E+00  -6.7267253994941711E-02  -1.3958351612091064E+00   7.1870428323745728E-01   5.1007652655243874E-04
     2      500   1.3906249776482582E-02   3.5339474678039551E+00   5.6779974699020386E-01  -1.0301094502210617E-01   4.8819179646670818E-03   1.2765814317390323E-03  -1.3904510706197470E-04  -1.7722904885886237E-05   3.6724832170875743E-06  -1.7067324620256841E-07   2.2427427768707275E+00  -7.8503417968750000E-01  -1.0609545707702637E+00   5.0718832015991211E-01   1.1484282016754150E+00  -7.9204641282558441E-02  -1.4158622026443481E+00   7.3756629228591919E-01   5.2935158601030707E-04
     2      501   1.3984374701976776E-02   3.5029096603393555E+00   5.7668346166610718E-01  -1.0191155225038528E-01   4.1833724826574326E-03   1.2873187661170959E-03  -1.2104397319490090E-04  -1.7601261788513511E-05   3.2000975807022769E-06  -1.3649655272729433E-07   2.2475085258483887E+00  -7.3175150156021118E-01  -1.0579962730407715E+00   4.3599534034729004E-01   1.0945910215377808E+00  -2.2888939827680588E-02  -1.2965450286865234E+00   6.4409959316253662E-01   5.6742754532024264E-04
     2      502   1.4023437164723873E-02   3.5450589656829834E+00   5.6324976682662964E-01  -1.0339724272489548E-01   5.1943473517894745E-03   1.2700016377493739E-03  -1.4710477262269706E-04  -1.7753214706317522E-05   3.8843227230245247E-06  -1.8615445185332646E-07   2.2389385700225830E+00  -8.0912399291992188E-01  -1.0631167888641357E+00   5.3757524490356445E-01   1.1723576784133911E+00  -1.0204429179430008E-01  -1.4665147066116333E+00   7.7569806575775146E-01   4.6714773634448647E-04
     2      503   1.4062499627470970E-02   3.5345869064331055E+00   5.6618720293045044E-01  -1.0303767025470734E-01   4.9621243961155415E-03   1.2737907236441970E-03  -1.4110478514339775E-04  -1.7716878573992290E-05   3.7264869661157718E-06  -1.7468941848619579E-07   2.2402131557464600E+00  -7.9158866405487061E-01  -1.0620385408401489E+00   5.1412886381149292E-01   1.1545631885528564E+00  -8.3453685045242310E-02  -1.4270753860473633E+00   7.4471557140350342E-01   5.4065207950770855E-04
     2      504   1.4218749478459358E-02   3.5014400482177734E+00   5.7493358850479126E-01  -1.0184142738580704E-01   4.2489976622164249E-03   1.2833086075261235E-03  -1.2276355118956417E-04  -1.7571772332303226E-05   3.2459906833537389E-06  -1.4007844129082514E-07   2.2445468902587891E+00  -7.3697292804718018E-01  -1.0595515966415405E+00   4.4016736745834351E-01   1.0989929437637329E+00  -2.4842165410518646E-02  -1.3033964633941650E+00   6.4808499813079834E-01   4.9948220839723945E-04
     2      505   1.4374999329447746E-02   3.5228080749511719E+00   5.6691122055053711E-01  -1.0258916765451431E-01   4.8167752102017403E-03   1.2720779050141573E-03  -1.3741158181801438E-04  -1.7635877156862989E-05   3.6310821087681688E-06  -1.6817740799979219E-07   2.2382988929748535E+00  -7.8067392110824585E-01  -1.0630775690078735E+00   4.9609497189521790E-01   1.1425606012344360E+00  -6.7463405430316925E-02  -1.3967572450637817E+00   7.1904534101486206E-01   4.9957545707002282E-04
     2      506   1.4531249180436134E-02   3.5075352191925049E+00   5.7025843858718872E-01  -1.0204051434993744E-01   4.5199380256235600E-03   1.2751978356391191E-03  -1.2978137237951159E-04  -1.7563994333613664E-05   3.4313936794205802E-06  -1.5387176688363979E-07   2.2390809059143066E+00  -7.5813591480255127E-01  -1.0623202323913574E+00   4.6475771069526672E-01   1.1193151473999023E+00  -4.2211189866065979E-02  -1.3442150354385376E+00   6.7742991447448730E-01   5.7778565678745508E-04
     2      507   1.4687499031424522E-02   3.5228769779205322E+00   5.6443834304809570E-01  -1.0263728350400925E-01   4.9365307204425335E-03   1.2682556407526135E-03  -1.4047909644432366E-04  -1.7631808077567257E-05   3.7115944451215910E-06  -1.7414866704257292E-07   2.2330436706542969E+00  -7.9075616598129272E-01  -1.0634258985519409E+00   5.0764656066894531E-01   1.1508862972259521E+00  -7.6819553971290588E-02  -1.4158123731613159E+00   7.3425495624542236E-01   5.1273655844852328E-04
     2      508   1.4765623956918716E-02   3.5378899574279785E+00   5.5889117717742920E-01  -1.0311252623796463E-01   5.3259213455021381E-03   1.2595484731718898E-03  -1.5056006668601185E-04  -1.7659875084063970E-05   3.9773231037543155E-06  -1.9366336800885620E-07   2.2300546169281006E+00  -8.2026052474975586E-01  -1.0671538114547729E+00   5.4439324140548706E-01   1.1811351776123047E+00  -1.0311215370893478E-01  -1.4771076440811157E+00   7.7883166074752808E-01   5.4450368043035269E-04
     2      509   1.4843748882412910E-02   3.5278253555297852E+00   5.6189072132110596E-01  -1.0287347435951233E-01   5.1055699586868286E-03   1.2657283805310726E-03  -1.4477586955763400E-04  -1.7665932318777777E-05   3.8232842598517891E-06  -1.8215153829714836E-07   2.2290000915527344E+00  -8.0453896522521973E-01  -1.0633678436279297E+00   5.2567517757415771E-01   1.1636199951171875E+00  -9.1707535088062286E-02  -1.4456595182418823E+00   7.5810050964355469E-01   4.9250602023676038E-04
     2      510   1.4999999664723873E-02   3.5323636531829834E+00   5.5883330106735229E-01  -1.0294643044471741E-01   5.2810381166636944E-03   1.2588283279910684E-03  -1.4940222899895161E-04  -1.7633319657761604E-05   3.9472888602176681E-06  -1.9162021658303274E-07   2.2273681163787842E+00  -8.1737619638442993E-01  -1.0666604042053223E+00   5.3945279121398926E-01   1.1767873764038086E+00  -9.9873974919319153E-02  -1.4688408374786377E+00   7.7325910329818726E-01   5.3182907868176699E-04
     2      511   1.5078125521540642E-02   3.5469822883605957E+00   5.5350339412689209E-01  -1.0342318564653397E-01   5.6589166633784771E-03   1.2507222127169371E-03  -1.5918236749712378E-04  -1.7665894120000303E-05   4.2049587136716582E-06  -2.1050348664175544E-07   2.2241907119750977E+00  -8.4604799747467041E-01  -1.0697231292724609E+00   5.7568317651748657E-01   1.2058271169662476E+00  -1.2676119804382324E-01  -1.5294578075408936E+00   8.1861644983291626E-01   5.5884208995848894E-04
     2      512   1.5117187984287739E-02   3.5477430820465088E+00   5.5340147018432617E-01  -1.0354816168546677E-01   5.6794048286974430E-03   1.2528368970379233E-03  -1.5960623568389565E-04  -1.7708123777993023E-05   4.2139331526414026E-06  -2.1082936996208446E-07   2.2220098972320557E+00  -8.4865671396255493E-01  -1.0677582025527954E+00   5.8077436685562134E-01   1.2074284553527832E+00  -1.3278368115425110E-01  -1.5375962257385254E+00   8.2708030939102173E-01   5.1442702533677220E-04
     2      513   1.5156250447034836E-02   3.5100727081298828E+00   5.6413215398788452E-01  -1.0207661241292953E-01   4.8221591860055923E-03   1.2626935495063663E-03  -1.3766925258096308E-04  -1.7505259165773168E-05   3.6414819533092668E-06  -1.6986948025987658E-07   2.2308340072631836E+00  -7.8171139955520630E-01  -1.0667926073074341E+00   4.8935058712959290E-01   1.1410970687866211E+00  -5.8195129036903381E-02  -1.3851125240325928E+00   7.0553147792816162E-01   5.0423055654391646E-04
     2      514   1.5234375372529030E-02   3.5104782581329346E+00   5.6347388029098511E-01  -1.0210800915956497E-01   4.8574279062449932E-03   1.2619282351806760E-03  -1.3855668657924980E-04  -1.7509384633740410E-05   3.6644537431129720E-06  -1.7153162445993075E-07   2.2295119762420654E+00  -7.8474283218383789E-01  -1.0669397115707397E+00   4.9292150139808655E-01   1.1438421010971069E+00  -6.0774922370910645E-02  -1.3908619880676270E+00   7.0954853296279907E-01   5.2964233327656984E-04
     2      515   1.5253907069563866E-02   3.5087432861328125E+00   5.6413763761520386E-01  -1.0210720449686050E-01   4.8172255046665668E-03   1.2640539789572358E-03  -1.3747651246376336E-04  -1.7526052033645101E-05   3.6350929804029875E-06  -1.6921531198477169E-07   2.2285399436950684E+00  -7.8220027685165405E-01  -1.0651086568832397E+00   4.9096754193305969E-01   1.1403858661651611E+00  -6.1303865164518356E-02  -1.3876304626464844E+00   7.0945411920547485E-01   5.0670938799157739E-04
     2      516   1.5273437835276127E-02   3.5068969726562500E+00   5.6446164846420288E-01  -1.0202081501483917E-01   4.7820033505558968E-03   1.2639801716431975E-03  -1.3656962255481631E-04  -1.7510885299998336E-05   3.6113844998908462E-06  -1.6756557386088389E-07   2.2290825843811035E+00  -7.7946734428405762E-01  -1.0658696889877319E+00   4.8639926314353943E-01   1.1381564140319824E+00  -5.6167416274547577E-02  -1.3796905279159546E+00   7.0110780000686646E-01   5.3119484800845385E-04
     2      517   1.5312500298023224E-02   3.4896357059478760E+00   5.6978458166122437E-01  -1.0147222876548767E-01   4.3834270909428596E-03   1.2718503130599856E-03  -1.2626415991690010E-04  -1.7467715224483982E-05   3.3401781820430188E-06  -1.4775034173908352E-07   2.2307510375976562E+00  -7.4941718578338623E-01  -1.0620825290679932E+00   4.4824296236038208E-01   1.1066147089004517E+00  -2.9112420976161957E-02  -1.3161251544952393E+00   6.5546888113021851E-01   5.7586497860029340E-04
     2      518   1.5625000000000000E-02   3.5277774333953857E+00   5.5515998601913452E-01  -1.0271826386451721E-01   5.4026339203119278E-03   1.2493578251451254E-03  -1.5264218382071704E-04  -1.7546883100294508E-05   4.0353120311920065E-06  -1.9874897816407611E-07   2.2212090492248535E+00  -8.2694768905639648E-01  -1.0704721212387085E+00   5.4561722278594971E-01   1.1848009824752808E+00  -1.0115120559930801E-01  -1.4789366722106934E+00   7.7697330713272095E-01   5.6981586385518312E-04
     2      519   1.5781249850988388E-02   3.4944686889648438E+00   5.6426715850830078E-01  -1.0152584314346313E-01   4.6719661913812160E-03   1.2597513850778341E-03  -1.3383539044298232E-04  -1.7407470295438543E-05   3.5422810924501391E-06  -1.6317100914875482E-07   2.2258830070495605E+00  -7.7107268571853638E-01  -1.0676528215408325E+00   4.7042042016983032E-01   1.1280807256698608E+00  -4.1711539030075073E-02  -1.3531239032745361E+00   6.7867273092269897E-01   4.8548742779530585E-04
     2      520   1.5937499701976776E-02   3.4976165294647217E+00   5.6233990192413330E-01  -1.0167243331670761E-01   4.7944863326847553E-03   1.2573056155815721E-03  -1.3698462862521410E-04  -1.7421760276192799E-05   3.6250426092010457E-06  -1.6920841972023482E-07   2.2227406501770020E+00  -7.8092640638351440E-01  -1.0675132274627686E+00   4.8328256607055664E-01   1.1368730068206787E+00  -5.2867278456687927E-02  -1.3746776580810547E+00   6.9679683446884155E-01   5.9563241666182876E-04
     2      521   1.6249999403953552E-02   3.5609700679779053E+00   5.4003798961639404E-01  -1.0379879176616669E-01   6.4013176597654819E-03   1.2248907005414367E-03  -1.7852417659014463E-04  -1.7589383787708357E-05   4.7186881602101494E-06  -2.4916496954574541E-07   2.2088215351104736E+00  -9.0327161550521851E-01  -1.0788346529006958E+00   6.3982272148132324E-01   1.2602919340133667E+00  -1.7116832733154297E-01  -1.6365962028503418E+00   8.9533692598342896E-01   4.9516983563080430E-04
     2      522   1.6874998807907104E-02   3.4319353103637695E+00   5.7542240619659424E-01  -9.9130243062973022E-02   3.5624417942017317E-03   1.2640886707231402E-03  -1.0552800813456997E-04  -1.7026568457367830E-05   2.8068341180187417E-06  -1.1140809164089660E-07   2.2280759811401367E+00  -6.8565165996551514E-01  -1.0685617923736572E+00   3.4667035937309265E-01   1.0399783849716187E+00   6.1254121363162994E-02  -1.1463642120361328E+00   5.1123130321502686E-01   4.9517845036461949E-04
     2      523   1.7500000074505806E-02   3.3721833229064941E+00   5.9184598922729492E-01  -9.7399301826953888E-02   2.2880360484123230E-03   1.2914186809211969E-03  -7.2368056862615049E-05  -1.6930207493714988E-05   1.9300234725960763E-06  -4.6912095541529197E-08   2.2267973423004150E+00  -5.9224236011505127E-01  -1.0540331602096558E+00   2.2832527756690979E-01   9.3958020210266113E-01   1.4383845031261444E-01  -9.4768983125686646E-01   3.6857318878173828E-01   4.2569605284370482E-04
     2      524   1.8750000745058060E-02   3.4529509544372559E+00   5.6126344203948975E-01  -1.0053846240043640E-01   4.4776918366551399E-03   1.2550023384392262E-03  -1.2858689296990633E-04  -1.7288326489506289E-05   3.4022589261439862E-06  -1.5341866799190029E-07   2.1952326297760010E+00  -7.6373642683029175E-01  -1.0600683689117432E+00   4.5367071032524109E-01   1.1058796644210815E+00  -3.7362709641456604E-02  -1.3236718177795410E+00   6.6586893796920776E-01   1.1027040454791859E-04
     2      525   1.9999999552965164E-02   3.4441730976104736E+00   5.5829650163650513E-01  -1.0029598325490952E-01   4.5409519225358963E-03   1.2488651555031538E-03  -1.3020449841860682E-04  -1.7232394384336658E-05   3.4452418731234502E-06  -1.5693603927502409E-07   2.1856627464294434E+00  -7.7034407854080200E-01  -1.0607454776763916E+00   4.5767620205879211E-01   1.1089615821838379E+00  -3.9991710335016251E-02  -1.3297442197799683E+00   6.6966885328292847E-01   6.8712579377461225E-05
     2      526   2.1324999630451202E-02   3.4349749088287354E+00   5.5592650175094604E-01  -1.0005161911249161E-01   4.5740958303213120E-03   1.2440383434295654E-03  -1.3103449600748718E-04  -1.7183174350066110E-05   3.4672748370212503E-06  -1.5885424886619148E-07   2.1766333580017090E+00  -7.7467268705368042E-01  -1.0607604980468750E+00   4.5943737030029297E-01   1.1097179651260376E+00  -4.1568607091903687E-02  -1.3321361541748047E+00   6.7155230045318604E-01   7.8368975664488971E-05
     2      527   2.2649999707937241E-02   3.4175529479980469E+00   5.5688935518264771E-01  -9.9545300006866455E-02   4.3795532546937466E-03   1.2445618631318212E-03  -1.2596188753377646E-04  -1.7120662960223854E-05   3.3336336855427362E-06  -1.4932398073597142E-07   2.1698281764984131E+00  -7.6173162460327148E-01  -1.0587764978408813E+00   4.3971288204193115E-01   1.0930891036987305E+00  -2.7365200221538544E-02  -1.2985765933990479E+00   6.4672321081161499E-01   5.7803295931080356E-05
     2      528   2.3974999785423279E-02   3.4113731384277344E+00   5.5478596687316895E-01  -9.9407702684402466E-02   4.4280430302023888E-03   1.2408981565386057E-03  -1.2717449862975627E-04  -1.7093425412895158E-05   3.3652506772341440E-06  -1.5180300749761955E-07   2.1622688770294189E+00  -7.6701849699020386E-01  -1.0584996938705444E+00   4.4394269585609436E-01   1.0954012870788574E+00  -3.1267780810594559E-02  -1.3051804304122925E+00   6.5236562490463257E-01   5.6989541917573661E-05
     2      529   2.5299999862909317E-02   3.4034352302551270E+00   5.5362546443939209E-01  -9.9195234477519989E-02   4.4151251204311848E-03   1.2384558795019984E-03  -1.2680770305451006E-04  -1.7058568118955009E-05   3.3554726996953832E-06  -1.5127535846204410E-07   2.1560618877410889E+00  -7.6739263534545898E-01  -1.0581350326538086E+00   4.4182714819908142E-01   1.0931329727172852E+00  -2.9993398115038872E-02  -1.3012332916259766E+00   6.4960980415344238E-01   5.6834727729437873E-05
     2      530   2.6844000443816185E-02   3.3954315185546875E+00   5.5236679315567017E-01  -9.8987527191638947E-02   4.4070328585803509E-03   1.2359166285023093E-03  -1.2656603939831257E-04  -1.7024382032104768E-05   3.3490002806502162E-06  -1.5098945027602895E-07   2.1494553089141846E+00  -7.6825511455535889E-01  -1.0576328039169312E+00   4.4039011001586914E-01   1.0911874771118164E+00  -2.9429042711853981E-02  -1.2983959913253784E+00   6.4790380001068115E-01   5.6588003644719720E-05
     2      531   2.8387000784277916E-02   3.3880674839019775E+00   5.5133634805679321E-01  -9.8798424005508423E-02   4.3937698937952518E-03   1.2338960077613592E-03  -1.2618700566235930E-04  -1.6995274563669227E-05   3.3387791518180165E-06  -1.5038709477721568E-07   2.1435630321502686E+00  -7.6859849691390991E-01  -1.0570895671844482E+00   4.3860337138175964E-01   1.0889933109283447E+00  -2.8594959527254105E-02  -1.2950013875961304E+00   6.4579850435256958E-01   5.7292596466140822E-05
     2      532   2.9930999502539635E-02   3.3819820880889893E+00   5.5022752285003662E-01  -9.8641119897365570E-02   4.3947785161435604E-03   1.2316798092797399E-03  -1.2618891196325421E-04  -1.6968117051874287E-05   3.3387887015123852E-06  -1.5054041568873799E-07   2.1382582187652588E+00  -7.6984852552413940E-01  -1.0567874908447266E+00   4.3812674283981323E-01   1.0880134105682373E+00  -2.8616895899176598E-02  -1.2938675880432129E+00   6.4528208971023560E-01   5.6144672271329910E-05
     2      533   3.1475000083446503E-02   3.3760099411010742E+00   5.4941773414611816E-01  -9.8490074276924133E-02   4.3832510709762573E-03   1.2301028473302722E-03  -1.2586341472342610E-04  -1.6944595699897036E-05   3.3301437269983580E-06  -1.5003654141310108E-07   2.1334223747253418E+00  -7.7011770009994507E-01  -1.0562500953674316E+00   4.3675860762596130E-01   1.0861970186233521E+00  -2.8090268373489380E-02  -1.2912322282791138E+00   6.4375543594360352E-01   5.7413210015511140E-05
     2      534   3.4563001245260239E-02   3.3661806583404541E+00   5.4781061410903931E-01  -9.8239496350288391E-02   4.3767462484538555E-03   1.2270049192011356E-03  -1.2564672215376049E-04  -1.6905363736441359E-05   3.3239873573620571E-06  -1.4978344609062333E-07   2.1250989437103271E+00  -7.7149277925491333E-01  -1.0555919408798218E+00   4.3538960814476013E-01   1.0840344429016113E+00  -2.7771385386586189E-02  -1.2883872985839844E+00   6.4225083589553833E-01   5.6417979067191482E-05
     2      535   3.7650000303983688E-02   3.3579077720642090E+00   5.4646980762481689E-01  -9.8026745021343231E-02   4.3702241964638233E-03   1.2243490200489759E-03  -1.2544133642222732E-04  -1.6870091712917201E-05   3.3184915082529187E-06  -1.4957575444896065E-07   2.1181817054748535E+00  -7.7254211902618408E-01  -1.0550689697265625E+00   4.3409138917922974E-01   1.0821448564529419E+00  -2.7356928214430809E-02  -1.2857636213302612E+00   6.4077287912368774E-01   5.5880547733977437E-05
     2      536   4.0738001465797424E-02   3.3508834838867188E+00   5.4532116651535034E-01  -9.7844809293746948E-02   4.3652532622218132E-03   1.2220607604831457E-03  -1.2528301158454269E-04  -1.6840613170643337E-05   3.3141200219688471E-06  -1.4940596315682342E-07   2.1123168468475342E+00  -7.7342897653579712E-01  -1.0546058416366577E+00   4.3301874399185181E-01   1.0805386304855347E+00  -2.7065647765994072E-02  -1.2836053371429443E+00   6.3960838317871094E-01   5.6297798437299207E-05
     2      537   4.3825000524520874E-02   3.3448073863983154E+00   5.4432499408721924E-01  -9.7680903971195221E-02   4.3607358820736408E-03   1.2198727345094085E-03  -1.2515377602539957E-04  -1.6810701708891429E-05   3.3109906780737219E-06  -1.4936432535250788E-07   2.1073384284973145E+00  -7.7412307262420654E-01  -1.0542608499526978E+00   4.3197301030158997E-01   1.0791192054748535E+00  -2.6687605306506157E-02  -1.2815808057785034E+00   6.3843923807144165E-01   5.6404838687740266E-05
     2      538   4.6913001686334610E-02   3.3394937515258789E+00   5.4354208707809448E-01  -9.7554445266723633E-02   4.3536536395549774E-03   1.2185794766992331E-03  -1.2493047688622028E-04  -1.6793357644928619E-05   3.3047060696844710E-06  -1.4898196809554065E-07   2.1028213500976562E+00  -7.7467411756515503E-01  -1.0537297725677490E+00   4.3116435408592224E-01   1.0777498483657837E+00  -2.6561720296740532E-02  -1.2798607349395752E+00   6.3758701086044312E-01   5.6893313740147278E-05
     2      539   5.0000000745058060E-02   3.3346474170684814E+00   5.4287105798721313E-01  -9.7425580024719238E-02   4.3444689363241196E-03   1.2171246344223619E-03  -1.2468025670386851E-04  -1.6771929949754849E-05   3.2981599815684604E-06  -1.4862132502457825E-07   2.0990207195281982E+00  -7.7480375766754150E-01  -1.0533696413040161E+00   4.2990100383758545E-01   1.0762357711791992E+00  -2.5975735858082771E-02  -1.2775217294692993E+00   6.3614815473556519E-01   5.5792901548556983E-05
     2      540   5.3125001490116119E-02   3.3306660652160645E+00   5.4217290878295898E-01  -9.7326353192329407E-02   4.3439646251499653E-03   1.2158472090959549E-03  -1.2464160681702197E-04  -1.6756328477640636E-05   3.2969471703836462E-06  -1.4861515751363186E-07   2.0955545902252197E+00  -7.7554255723953247E-01  -1.0531127452850342E+00   4.2955240607261658E-01   1.0755193233489990E+00  -2.5990437716245651E-02  -1.2766940593719482E+00   6.3577055931091309E-01   5.6850622058846056E-05
     2      541   5.6249998509883881E-02   3.3271954059600830E+00   5.4150766134262085E-01  -9.7234293818473816E-02   4.3457034043967724E-03   1.2144689681008458E-03  -1.2467516353353858E-04  -1.6739477359806187E-05   3.2978862236632267E-06  -1.4878362719628058E-07   2.0925474166870117E+00  -7.7631235122680664E-01  -1.0530107021331787E+00   4.2928585410118103E-01   1.0750298500061035E+00  -2.5955321267247200E-02  -1.2760756015777588E+00   6.3544529676437378E-01   5.5239350331248716E-05
     2      542   5.9374999254941940E-02   3.3236091136932373E+00   5.4110670089721680E-01  -9.7144134342670441E-02   4.3348711915314198E-03   1.2137212324887514E-03  -1.2437596160452813E-04  -1.6727219190215692E-05   3.2897837627388071E-06  -1.4824112781752774E-07   2.0897920131683350E+00  -7.7614229917526245E-01  -1.0526285171508789E+00   4.2812910676002502E-01   1.0736395120620728E+00  -2.5433760136365891E-02  -1.2739492654800415E+00   6.3417035341262817E-01   5.5791730119381100E-05
     2      543   6.2500000000000000E-02   3.3208622932434082E+00   5.4057455062866211E-01  -9.7074121236801147E-02   4.3370071798563004E-03   1.2126808287575841E-03  -1.2441906437743455E-04  -1.6714999219402671E-05   3.2909058518271195E-06  -1.4839724826742895E-07   2.0873045921325684E+00  -7.7685797214508057E-01  -1.0524777173995972E+00   4.2810687422752380E-01   1.0733208656311035E+00  -2.5608463212847710E-02  -1.2737481594085693E+00   6.3418537378311157E-01   5.6732878874754533E-05
     2      544   6.8750001490116119E-02   3.3156075477600098E+00   5.3981763124465942E-01  -9.6936628222465515E-02   4.3285498395562172E-03   1.2111216783523560E-03  -1.2418068945407867E-04  -1.6692993085598573E-05   3.2845277928572614E-06  -1.4804794545852928E-07   2.0830886363983154E+00  -7.7716785669326782E-01  -1.0521229505538940E+00   4.2687839269638062E-01   1.0718113183975220E+00  -2.5043888017535210E-02  -1.2714235782623291E+00   6.3275718688964844E-01   5.6921420764410868E-05
     2      545   7.5000002980232239E-02   3.3115804195404053E+00   5.3906333446502686E-01  -9.6833594143390656E-02   4.3301624245941639E-03   1.2096153805032372E-03  -1.2420810526236892E-04  -1.6674432117724791E-05   3.2853361062734621E-06  -1.4821557670074981E-07   2.0795242786407471E+00  -7.7807193994522095E-01  -1.0518858432769775E+00   4.2670285701751709E-01   1.0712296962738037E+00  -2.5201974436640739E-02  -1.2709016799926758E+00   6.3261997699737549E-01   5.6205124565167353E-05
     2      546   8.1249997019767761E-02   3.3079252243041992E+00   5.3850394487380981E-01  -9.6739828586578369E-02   4.3258098885416985E-03   1.2085458729416132E-03  -1.2407485337462276E-04  -1.6660233086440712E-05   3.2816212751640705E-06  -1.4801378256379394E-07   2.0765368938446045E+00  -7.7838802337646484E-01  -1.0516247749328613E+00   4.2598682641983032E-01   1.0702599287033081E+00  -2.4944737553596497E-02  -1.2695182561874390E+00   6.3183909654617310E-01   5.6765500630717725E-05
     2      547   8.7499998509883881E-02   3.3047118186950684E+00   5.3805863857269287E-01  -9.6657812595367432E-02   4.3198443017899990E-03   1.2076840503141284E-03  -1.2390418851282448E-04  -1.6647734810248949E-05   3.2770155939942924E-06  -1.4773934253753396E-07   2.0739653110504150E+00  -7.7852416038513184E-01  -1.0513708591461182E+00   4.2521065473556519E-01   1.0692914724349976E+00  -2.4592198431491852E-02  -1.2680351734161377E+00   6.3093322515487671E-01   5.6822264014044777E-05
     2      548   9.3750000000000000E-02   3.3021531105041504E+00   5.3757745027542114E-01  -9.6587926149368286E-02   4.3208007700741291E-03   1.2065732153132558E-03  -1.2393084762152284E-04  -1.6632808183203451E-05   3.2781047138996655E-06  -1.4792586000567098E-07   2.0717530250549316E+00  -7.7905738353729248E-01  -1.0512405633926392E+00   4.2504930496215820E-01   1.0689059495925903E+00  -2.4648819118738174E-02  -1.2676471471786499E+00   6.3079237937927246E-01   5.5776774388505146E-05
     2      549   1.0000000149011612E-01   3.2999267578125000E+00   5.3719049692153931E-01  -9.6538044512271881E-02   4.3206587433815002E-03   1.2060734443366528E-03  -1.2389794574119151E-04  -1.6629059246042743E-05   3.2765494779596338E-06  -1.4779180901314248E-07   2.0697462558746338E+00  -7.7952522039413452E-01  -1.0510746240615845E+00   4.2491534352302551E-01   1.0685322284698486E+00  -2.4695001542568207E-02  -1.2672425508499146E+00   6.3061797618865967E-01   5.6017175666056573E-05
     2      550   1.0625000298023224E-01   3.2976975440979004E+00   5.3692525625228882E-01  -9.6481941640377045E-02   4.3146833777427673E-03   1.2055817060172558E-03  -1.2373131175991148E-04  -1.6621543181827292E-05   3.2719854061724618E-06  -1.4748619037163735E-07   2.0680100917816162E+00  -7.7947223186492920E-01  -1.0508408546447754E+00   4.2425921559333801E-01   1.0677188634872437E+00  -2.4413773790001869E-02  -1.2660225629806519E+00   6.2989479303359985E-01   5.6352568208239973E-05
     2      551   1.1249999701976776E-01   3.2960100173950195E+00   5.3656238317489624E-01  -9.6433848142623901E-02   4.3172175064682961E-03   1.2047199998050928E-03  -1.2379910913296044E-04  -1.6610230886726640E-05   3.2741243103373563E-06  -1.4773732459616440E-07   2.0665273666381836E+00  -7.7994608879089355E-01  -1.0508147478103638E+00   4.2424336075782776E-01   1.0675793886184692E+00  -2.4492256343364716E-02  -1.2659407854080200E+00   6.2990474700927734E-01   5.6186137953773141E-05
     2      552   1.1874999850988388E-01   3.2944617271423340E+00   5.3628683090209961E-01  -9.6397042274475098E-02   4.3173646554350853E-03   1.2042335001751781E-03  -1.2379407417029142E-04  -1.6604410120635293E-05   3.2739403650339227E-06  -1.4775245915643609E-07   2.0651195049285889E+00  -7.8029727935791016E-01  -1.0506852865219116E+00   4.2420282959938049E-01   1.0673322677612305E+00  -2.4612387642264366E-02  -1.2657736539840698E+00   6.2992608547210693E-01   5.6513548770453781E-05
     2      553   1.2500000000000000E-01   3.2928185462951660E+00   5.3609830141067505E-01  -9.6350185573101044E-02   4.3122293427586555E-03   1.2037253472954035E-03  -1.2366194278001785E-04  -1.6595484339632094E-05   3.2706616366340313E-06  -1.4757473820736777E-07   2.0639472007751465E+00  -7.8016746044158936E-01  -1.0506001710891724E+00   4.2353454232215881E-01   1.0666888952255249E+00  -2.4179911240935326E-02  -1.2645900249481201E+00   6.2908828258514404E-01   5.6640437833266333E-05
     2      554   1.3750000298023224E-01   3.2904245853424072E+00   5.3562879562377930E-01  -9.6285559237003326E-02   4.3140430934727192E-03   1.2027162592858076E-03  -1.2370418698992580E-04  -1.6583215256105177E-05   3.2718685361032840E-06  -1.4773941359180753E-07   2.0618531703948975E+00  -7.8073596954345703E-01  -1.0505188703536987E+00   4.2341244220733643E-01   1.0663808584213257E+00  -2.4227844551205635E-02  -1.2642771005630493E+00   6.2897241115570068E-01   5.5987595260376111E-05
     2      555   1.5000000596046448E-01   3.2881643772125244E+00   5.3534400463104248E-01  -9.6229031682014465E-02   4.3086982332170010E-03   1.2021861039102077E-03  -1.2355402577668428E-04  -1.6575178960920312E-05   3.2677949093340430E-06  -1.4747888599231374E-07   2.0600595474243164E+00  -7.8074634075164795E-01  -1.0502830743789673E+00   4.2282238602638245E-01   1.0656114816665649E+00  -2.4001458659768105E-02  -1.2631630897521973E+00   6.2833130359649658E-01   5.6324475735891610E-05
     2      556   1.6249999403953552E-01   3.2864654064178467E+00   5.3505891561508179E-01  -9.6194952726364136E-02   4.3083936907351017E-03   1.2018913403153419E-03  -1.2352048361208290E-04  -1.6572757886024192E-05   3.2664956961525604E-06  -1.4737587150648324E-07   2.0584478378295898E+00  -7.8114420175552368E-01  -1.0500699281692505E+00   4.2284992337226868E-01   1.0653394460678101E+00  -2.4201523512601852E-02  -1.2630395889282227E+00   6.2840974330902100E-01   5.7456625654594973E-05
     2      557   1.7499999701976776E-01   3.2847836017608643E+00   5.3482919931411743E-01  -9.6143715083599091E-02   4.3046595528721809E-03   1.2012270744889975E-03  -1.2343010166659951E-04  -1.6562629753025249E-05   3.2643035865476122E-06  -1.4727785924151249E-07   2.0572609901428223E+00  -7.8107237815856934E-01  -1.0500296354293823E+00   4.2220807075500488E-01   1.0647504329681396E+00  -2.3776706308126450E-02  -1.2619310617446899E+00   6.2760984897613525E-01   5.6284628954017535E-05
     2      558   1.8750000000000000E-01   3.2834324836730957E+00   5.3462946414947510E-01  -9.6111245453357697E-02   4.3028225190937519E-03   1.2009004130959511E-03  -1.2337163207121193E-04  -1.6558407878619619E-05   3.2626146548864199E-06  -1.4716974305883923E-07   2.0561294555664062E+00  -7.8119844198226929E-01  -1.0499091148376465E+00   4.2197000980377197E-01   1.0643897056579590E+00  -2.3714037612080574E-02  -1.2614479064941406E+00   6.2735760211944580E-01   5.5709093430778012E-05
     2      559   2.0000000298023224E-01   3.2825317382812500E+00   5.3436827659606934E-01  -9.6092008054256439E-02   4.3077310547232628E-03   1.2004839954897761E-03  -1.2348929885774851E-04  -1.6555191905354150E-05   3.2656259918439901E-06  -1.4740821541181504E-07   2.0550985336303711E+00  -7.8181582689285278E-01  -1.0498673915863037E+00   4.2239686846733093E-01   1.0645971298217773E+00  -2.4110721424221992E-02  -1.2620803117752075E+00   6.2790107727050781E-01   5.6029941333690658E-05
     2      560   2.1875000000000000E-01   3.2809441089630127E+00   5.3414583206176758E-01  -9.6047140657901764E-02   4.3046693317592144E-03   1.1999164707958698E-03  -1.2341185356490314E-04  -1.6546258848393336E-05   3.2638010907248827E-06  -1.4733581110704108E-07   2.0538897514343262E+00  -7.8183865547180176E-01  -1.0497838258743286E+00   4.2193031311035156E-01   1.0640928745269775E+00  -2.3859506472945213E-02  -1.2612444162368774E+00   6.2736463546752930E-01   5.5656317272223532E-05
     2      561   2.3749999701976776E-01   3.2796359062194824E+00   5.3395670652389526E-01  -9.6013911068439484E-02   4.3026553466916084E-03   1.1995852692052722E-03  -1.2335006613284349E-04  -1.6542393495910801E-05   3.2619291232549585E-06  -1.4720392016442929E-07   2.0528421401977539E+00  -7.8190547227859497E-01  -1.0496846437454224E+00   4.2162433266639709E-01   1.0637069940567017E+00  -2.3727983236312866E-02  -1.2606654167175293E+00   6.2701201438903809E-01   5.5678428907413036E-05
     2      562   2.5624999403953552E-01   3.2785632610321045E+00   5.3379404544830322E-01  -9.5989495515823364E-02   4.3014055117964745E-03   1.1993600055575371E-03  -1.2330507161095738E-04  -1.6539432181161828E-05   3.2606119475531159E-06  -1.4712141194195283E-07   2.0519139766693115E+00  -7.8204810619354248E-01  -1.0495948791503906E+00   4.2147538065910339E-01   1.0634657144546509E+00  -2.3673288524150848E-02  -1.2603201866149902E+00   6.2679678201675415E-01   5.7200719311367720E-05
     2      563   2.7500000596046448E-01   3.2775404453277588E+00   5.3368359804153442E-01  -9.5963969826698303E-02   4.2981845326721668E-03   1.1991196079179645E-03  -1.2322072871029377E-04  -1.6534984752070159E-05   3.2584921427769586E-06  -1.4699426742481592E-07   2.0511078834533691E+00  -7.8200918436050415E-01  -1.0494585037231445E+00   4.2118635773658752E-01   1.0630737543106079E+00  -2.3578943684697151E-02  -1.2597761154174805E+00   6.2650763988494873E-01   5.6115150073310360E-05
     2      564   2.9374998807907104E-01   3.2766656875610352E+00   5.3357434272766113E-01  -9.5941379666328430E-02   4.2960303835570812E-03   1.1989159975200891E-03  -1.2315897038206458E-04  -1.6531939763808623E-05   3.2567811558692483E-06  -1.4688632177239924E-07   2.0504372119903564E+00  -7.8199076652526855E-01  -1.0493841171264648E+00   4.2091423273086548E-01   1.0627578496932983E+00  -2.3449718952178955E-02  -1.2592825889587402E+00   6.2620228528976440E-01   5.7432785979472101E-05
     2      565   3.1250000000000000E-01   3.2759540081024170E+00   5.3344333171844482E-01  -9.5919623970985413E-02   4.2960559949278831E-03   1.1985582532361150E-03  -1.2316429638303816E-04  -1.6527279512956738E-05   3.2570276289334288E-06  -1.4692658112380741E-07   2.0498745441436768E+00  -7.8208315372467041E-01  -1.0493689775466919E+00   4.2078992724418640E-01   1.0626090764999390E+00  -2.3401433601975441E-02  -1.2590644359588623E+00   6.2608391046524048E-01   5.6142969697248191E-05
     2      566   3.3125001192092896E-01   3.2753655910491943E+00   5.3332424163818359E-01  -9.5904514193534851E-02   4.2966511100530624E-03   1.1983413714915514E-03  -1.2317539949435741E-04  -1.6525154933333397E-05   3.2572240797890117E-06  -1.4694612104904081E-07   2.0493535995483398E+00  -7.8223770856857300E-01  -1.0493599176406860E+00   4.2076325416564941E-01   1.0625505447387695E+00  -2.3393156006932259E-02  -1.2589819431304932E+00   6.2602800130844116E-01   5.5752963817212731E-05
     2      567   3.4999999403953552E-01   3.2748160362243652E+00   5.3325027227401733E-01  -9.5895528793334961E-02   4.2957882396876812E-03   1.1983548756688833E-03  -1.2313872866798192E-04  -1.6525993487448432E-05   3.2559571536694421E-06  -1.4683756432987138E-07   2.0488369464874268E+00  -7.8232514858245850E-01  -1.0492801666259766E+00   4.2072099447250366E-01   1.0624142885208130E+00  -2.3422406986355782E-02  -1.2588490247726440E+00   6.2598109245300293E-01   5.6565353588666767E-05
     2      568   3.8749998807907104E-01   3.2740335464477539E+00   5.3302180767059326E-01  -9.5872439444065094E-02   4.2997319251298904E-03   1.1977932881563902E-03  -1.2324679119046777E-04  -1.6519328710273840E-05   3.2590978662483394E-06  -1.4712058771237935E-07   2.0480477809906006E+00  -7.8277075290679932E-01  -1.0492997169494629E+00   4.2095214128494263E-01   1.0625438690185547E+00  -2.3635642603039742E-02  -1.2592118978500366E+00   6.2629771232604980E-01   5.5780521506676450E-05
     2      569   4.2500001192092896E-01   3.2731559276580811E+00   5.3291773796081543E-01  -9.5848590135574341E-02   4.2971433140337467E-03   1.1975622037425637E-03  -1.2317631626501679E-04  -1.6515408788109198E-05   3.2572538657404948E-06  -1.4701103623337985E-07   2.0474145412445068E+00  -7.8270399570465088E-01  -1.0492391586303711E+00   4.2061379551887512E-01   1.0621954202651978E+00  -2.3442305624485016E-02  -1.2586179971694946E+00   6.2589401006698608E-01   5.5995169532252476E-05
     2      570   4.6250000596046448E-01   3.2723712921142578E+00   5.3285568952560425E-01  -9.5824621617794037E-02   4.2934436351060867E-03   1.1973036453127861E-03  -1.2308715668041259E-04  -1.6510148270754144E-05   3.2551304229855305E-06  -1.4689392457967188E-07   2.0468940734863281E+00  -7.8256613016128540E-01  -1.0492097139358521E+00   4.2018815875053406E-01   1.0618282556533813E+00  -2.3126831278204918E-02  -1.2578668594360352E+00   6.2533116340637207E-01   5.5504991905763745E-05
     2      571   5.0000000000000000E-01   3.2719235420227051E+00   5.3272873163223267E-01  -9.5817722380161285E-02   4.2958050034940243E-03   1.1971857165917754E-03  -1.2313762272242457E-04  -1.6510042769368738E-05   3.2562870728725102E-06  -1.4697427275223163E-07   2.0463685989379883E+00  -7.8284573554992676E-01  -1.0491176843643188E+00   4.2045077681541443E-01   1.0618987083435059E+00  -2.3432910442352295E-02  -1.2582653760910034E+00   6.2573170661926270E-01   5.6218043027911335E-05
     2      572   5.3125000000000000E-01   3.2713544368743896E+00   5.3272664546966553E-01  -9.5800615847110748E-02   4.2911241762340069E-03   1.1971024796366692E-03  -1.2301847164053470E-04  -1.6506925021531060E-05   3.2532666409679223E-06  -1.4677554815989424E-07   2.0460650920867920E+00  -7.8258597850799561E-01  -1.0490825176239014E+00   4.1995838284492493E-01   1.0614821910858154E+00  -2.3081520572304726E-02  -1.2574273347854614E+00   6.2511742115020752E-01   5.6024186051217839E-05
     2      573   5.6250000000000000E-01   3.2708787918090820E+00   5.3273993730545044E-01  -9.5794692635536194E-02   4.2869737371802330E-03   1.1973225045949221E-03  -1.2289512960705906E-04  -1.6509880879311822E-05   3.2495643154106801E-06  -1.4645931400991685E-07   2.0457098484039307E+00  -7.8241026401519775E-01  -1.0489573478698730E+00   4.1966491937637329E-01   1.0611239671707153E+00  -2.2952036932110786E-02  -1.2568813562393188E+00   6.2480294704437256E-01   5.6833792768884450E-05
     2      574   6.2500000000000000E-01   3.2703728675842285E+00   5.3255528211593628E-01  -9.5777682960033417E-02   4.2910468764603138E-03   1.1968342587351799E-03  -1.2300722301006317E-04  -1.6503912775078788E-05   3.2528500923945103E-06  -1.4675931936380948E-07   2.0451977252960205E+00  -7.8275269269943237E-01  -1.0489597320556641E+00   4.1992810368537903E-01   1.0612939596176147E+00  -2.3175539448857307E-02  -1.2573091983795166E+00   6.2513184547424316E-01   5.7448745792498812E-05
     2      575   6.8750000000000000E-01   3.2699847221374512E+00   5.3243499994277954E-01  -9.5765516161918640E-02   4.2933663353323936E-03   1.1965567246079445E-03  -1.2306902499403805E-04  -1.6501877325936221E-05   3.2543750876357080E-06  -1.4686942506614287E-07   2.0448043346405029E+00  -7.8301811218261719E-01  -1.0490422248840332E+00   4.2000055313110352E-01   1.0613921880722046E+00  -2.3184474557638168E-02  -1.2574177980422974E+00   6.2517517805099487E-01   5.6553493777755648E-05
     2      576   7.5000000000000000E-01   3.2693471908569336E+00   5.3244239091873169E-01  -9.5753230154514313E-02   4.2878766544163227E-03   1.1966709280386567E-03  -1.2291691382415593E-04  -1.6501655409228988E-05   3.2502580324944574E-06  -1.4656235691745678E-07   2.0444002151489258E+00  -7.8271228075027466E-01  -1.0488573312759399E+00   4.1958907246589661E-01   1.0608942508697510E+00  -2.3013815283775330E-02  -1.2566816806793213E+00   6.2475287914276123E-01   5.5657543271081522E-05
     2      577   8.1250000000000000E-01   3.2693364620208740E+00   5.3224551677703857E-01  -9.5747001469135284E-02   4.2966674081981182E-03   1.1961273849010468E-03  -1.2315544881857932E-04  -1.6496993339387700E-05   3.2568177630309947E-06  -1.4709006279645109E-07   2.0441520214080811E+00  -7.8337877988815308E-01  -1.0490473508834839E+00   4.2019876837730408E-01   1.0615006685256958E+00  -2.3361677303910255E-02  -1.2577205896377563E+00   6.2542325258255005E-01   5.6467513786628842E-05
     2      578   8.7500000000000000E-01   3.2689743041992188E+00   5.3218984603881836E-01  -9.5733605325222015E-02   4.2959516867995262E-03   1.1959120165556669E-03  -1.2314174091443419E-04  -1.6493502698722295E-05   3.2566119898547186E-06  -1.4710218465552316E-07   2.0439453125000000E+00  -7.8332197666168213E-01  -1.0490524768829346E+00   4.2001178860664368E-01   1.0613446235656738E+00  -2.3247687146067619E-02  -1.2574332952499390E+00   6.2523502111434937E-01   5.7176803238689899E-05
     2      579   9.3750000000000000E-01   3.2686333656311035E+00   5.3221130371093750E-01  -9.5732890069484711E-02   4.2926850728690624E-03   1.1961645213887095E-03  -1.2304201663937420E-04  -1.6496729585924186E-05   3.2536358958168421E-06  -1.4684879090509639E-07   2.0436248779296875E+00  -7.8322899341583252E-01  -1.0489017963409424E+00   4.1989564895629883E-01   1.0611110925674438E+00  -2.3242587223649025E-02  -1.2571536302566528E+00   6.2509846687316895E-01   5.6679069530218840E-05
     2      580   1.0000000000000000E+00   3.2682600021362305E+00   5.3220844268798828E-01  -9.5721609890460968E-02   4.2894603684544563E-03   1.1961420532315969E-03  -1.2295592750888318E-04  -1.6495567251695320E-05   3.2512941743334522E-06  -1.4667500636278419E-07   2.0434768199920654E+00  -7.8299754858016968E-01  -1.0488851070404053E+00   4.1950729489326477E-01   1.0608024597167969E+00  -2.2950328886508942E-02  -1.2565019130706787E+00   6.2460154294967651E-01   5.6281474826391786E-05
     2      581   1.0625000000000000E+00   3.2682924270629883E+00   5.3209781646728516E-01  -9.5720969140529633E-02   4.2948457412421703E-03   1.1958871036767960E-03  -1.2309946760069579E-04  -1.6494348528794944E-05   3.2550985906709684E-06  -1.4695726235913753E-07   2.0433208942413330E+00  -7.8342860937118530E-01  -1.0489871501922607E+00   4.1992402076721191E-01   1.0611913204193115E+00  -2.3205591365695000E-02  -1.2571989297866821E+00   6.2507003545761108E-01   5.5882755987113342E-05
     2      582   1.1250000000000000E+00   3.2679924964904785E+00   5.3211194276809692E-01  -9.5713019371032715E-02   4.2916662059724331E-03   1.1959094554185867E-03  -1.2301557580940425E-04  -1.6493560906383209E-05   3.2528719202673528E-06  -1.4679481807888806E-07   2.0431845188140869E+00  -7.8322589397430420E-01  -1.0489414930343628E+00   4.1961529850959778E-01   1.0609085559844971E+00  -2.3010466247797012E-02  -1.2566781044006348E+00   6.2471991777420044E-01   5.5785392760299146E-05
     2      583   1.2500000000000000E+00   3.2678167819976807E+00   5.3198772668838501E-01  -9.5705837011337280E-02   4.2958115227520466E-03   1.1955758091062307E-03  -1.2312842591200024E-04  -1.6489659174112603E-05   3.2561349598836387E-06  -1.4708280104969162E-07   2.0429222583770752E+00  -7.8354716300964355E-01  -1.0489673614501953E+00   4.1993236541748047E-01   1.0611479282379150E+00  -2.3262763395905495E-02  -1.2572143077850342E+00   6.2512928247451782E-01   5.5992655688896775E-05
     2      584   1.3750000000000000E+00   3.2673726081848145E+00   5.3201514482498169E-01  -9.5692023634910583E-02   4.2908200994133949E-03   1.1955383233726025E-03  -1.2300406524445862E-04  -1.6487021639477462E-05   3.2529969757888466E-06  -1.4687341831631784E-07   2.0427350997924805E+00  -7.8322935104370117E-01  -1.0489071607589722E+00   4.1944980621337891E-01   1.0607200860977173E+00  -2.2946387529373169E-02  -1.2564064264297485E+00   6.2456756830215454E-01   5.5896452977322042E-05
     2      585   1.5000000000000000E+00   3.2673835754394531E+00   5.3192722797393799E-01  -9.5700703561306000E-02   4.2954199016094208E-03   1.1956010712310672E-03  -1.2310774764046073E-04  -1.6490395864821039E-05   3.2554196423006942E-06  -1.4701932116167882E-07   2.0424497127532959E+00  -7.8367984294891357E-01  -1.0488617420196533E+00   4.2001479864120483E-01   1.0610890388488770E+00  -2.3396031931042671E-02  -1.2572751045227051E+00   6.2524354457855225E-01   5.6503802625229582E-05
     2      586   1.6250000000000000E+00   3.2669625282287598E+00   5.3196746110916138E-01  -9.5684640109539032E-02   4.2898161336779594E-03   1.1955256341025233E-03  -1.2297146895434707E-04  -1.6487058019265532E-05   3.2519938031327911E-06  -1.4678722948247014E-07   2.0423650741577148E+00  -7.8326046466827393E-01  -1.0488308668136597E+00   4.1940340399742126E-01   1.0605975389480591E+00  -2.2962504997849464E-02  -1.2562775611877441E+00   6.2452077865600586E-01   5.5199740017997101E-05
     2      587   1.7500000000000000E+00   3.2668802738189697E+00   5.3191804885864258E-01  -9.5683969557285309E-02   4.2914724908769131E-03   1.1954872170463204E-03  -1.2300939124543220E-04  -1.6487645552842878E-05   3.2528541851206683E-06  -1.4684182758628594E-07   2.0422232151031494E+00  -7.8341275453567505E-01  -1.0488374233245850E+00   4.1954469680786133E-01   1.0607022047042847E+00  -2.3062545806169510E-02  -1.2564948797225952E+00   6.2467366456985474E-01   5.6007054809015244E-05
     2      588   1.8750000000000000E+00   3.2667088508605957E+00   5.3189772367477417E-01  -9.5675580203533173E-02   4.2908270843327045E-03   1.1953177163377404E-03  -1.2300100934226066E-04  -1.6484304069308564E-05   3.2529044347029412E-06  -1.4688154692521493E-07   2.0421464443206787E+00  -7.8336220979690552E-01  -1.0488506555557251E+00   4.1942164301872253E-01   1.0606147050857544E+00  -2.2973803803324699E-02  -1.2563097476959229E+00   6.2453168630599976E-01   5.6009423133218661E-05
     2      589   2.0000000000000000E+00   3.2666466236114502E+00   5.3187900781631470E-01  -9.5679171383380890E-02   4.2914771474897861E-03   1.1954064248129725E-03  -1.2301004608161747E-04  -1.6486044842167757E-05   3.2530126645724522E-06  -1.4687545046854211E-07   2.0419797897338867E+00  -7.8348630666732788E-01  -1.0487827062606812E+00   4.1960108280181885E-01   1.0606796741485596E+00  -2.3153789341449738E-02  -1.2565646171569824E+00   6.2476503849029541E-01   5.5508840887341648E-05
     2      590   2.1875000000000000E+00   3.2665712833404541E+00   5.3183645009994507E-01  -9.5678947865962982E-02   4.2929081246256828E-03   1.1954113142564893E-03  -1.2303925177548081E-04  -1.6487563698319718E-05   3.2535192531213397E-06  -1.4688970395582146E-07   2.0418553352355957E+00  -7.8361839056015015E-01  -1.0488026142120361E+00   4.1969728469848633E-01   1.0607557296752930E+00  -2.3222777992486954E-02  -1.2567174434661865E+00   6.2488293647766113E-01   5.6315813708351925E-05
     2      591   2.3750000000000000E+00   3.2663993835449219E+00   5.3180164098739624E-01  -9.5668196678161621E-02   4.2926771566271782E-03   1.1951676569879055E-03  -1.2304411211516708E-04  -1.6483485524076968E-05   3.2539255698793568E-06  -1.4695469019443408E-07   2.0418195724487305E+00  -7.8356015682220459E-01  -1.0488623380661011E+00   4.1952815651893616E-01   1.0606803894042969E+00  -2.3061489686369896E-02  -1.2564691305160522E+00   6.2466484308242798E-01   5.6016571761574596E-05
     2      592   2.5625000000000000E+00   3.2661631107330322E+00   5.3185445070266724E-01  -9.5668070018291473E-02   4.2885425500571728E-03   1.1954449582844973E-03  -1.2292295286897570E-04  -1.6486505046486855E-05   3.2504242426512064E-06  -1.4666338188362715E-07   2.0416781902313232E+00  -7.8334242105484009E-01  -1.0487588644027710E+00   4.1926231980323792E-01   1.0603942871093750E+00  -2.2892197594046593E-02  -1.2559602260589600E+00   6.2430500984191895E-01   5.6119013606803492E-05
     2      593   2.7500000000000000E+00   3.2660651206970215E+00   5.3182363510131836E-01  -9.5662117004394531E-02   4.2889760807156563E-03   1.1952893109992146E-03  -1.2294018233660609E-04  -1.6484213119838387E-05   3.2510263281437801E-06  -1.4672893655642838E-07   2.0416352748870850E+00  -7.8334933519363403E-01  -1.0487860441207886E+00   4.1922134160995483E-01   1.0603783130645752E+00  -2.2864669561386108E-02  -1.2559193372726440E+00   6.2428134679794312E-01   5.6120810768334195E-05
     2      594   2.9375000000000000E+00   3.2659933567047119E+00   5.3182268142700195E-01  -9.5663256943225861E-02   4.2887064628303051E-03   1.1953666107729077E-03  -1.2292749306652695E-04  -1.6485419109812938E-05   3.2505802209925605E-06  -1.4669083725493692E-07   2.0415253639221191E+00  -7.8337472677230835E-01  -1.0487265586853027E+00   4.1927471756935120E-01   1.0603545904159546E+00  -2.2956149652600288E-02  -1.2559884786605835E+00   6.2437784671783447E-01   5.7630881201475859E-05
     2      595   3.1250000000000000E+00   3.2659676074981689E+00   5.3179371356964111E-01  -9.5662221312522888E-02   4.2898445390164852E-03   1.1952755739912391E-03  -1.2296138447709382E-04  -1.6484516891068779E-05   3.2515563361812383E-06  -1.4676459159090882E-07   2.0414547920227051E+00  -7.8347671031951904E-01  -1.0487284660339355E+00   4.1938748955726624E-01   1.0604342222213745E+00  -2.3048857226967812E-02  -1.2561738491058350E+00   6.2452960014343262E-01   5.6224173022201285E-05
     2      596   3.5000000000000000E+00   3.2660148143768311E+00   5.3169620037078857E-01  -9.5658987760543823E-02   4.2944871820509434E-03   1.1949535692110658E-03  -1.2309118756093085E-04  -1.6481111742905341E-05   3.2552595712331822E-06  -1.4707239870404010E-07   2.0413947105407715E+00  -7.8379243612289429E-01  -1.0488275289535522E+00   4.1969922184944153E-01   1.0607458353042603E+00  -2.3240355774760246E-02  -1.2567272186279297E+00   6.2490302324295044E-01   5.5622891522943974E-05
     2      597   3.8750000000000000E+00   3.2657895088195801E+00   5.3173410892486572E-01  -9.5654733479022980E-02   4.2909025214612484E-03   1.1950840707868338E-03  -1.2299256923142821E-04  -1.6482099454151466E-05   3.2524897051189328E-06  -1.4685105043099611E-07   2.0413146018981934E+00  -7.8356570005416870E-01  -1.0487805604934692E+00   4.1938361525535583E-01   1.0604721307754517E+00  -2.3008061572909355E-02  -1.2561715841293335E+00   6.2448781728744507E-01   5.5322758271358907E-05
     2      598   4.2500000000000000E+00   3.2656254768371582E+00   5.3178197145462036E-01  -9.5659114420413971E-02   4.2878417298197746E-03   1.1954148067161441E-03  -1.2289636651985347E-04  -1.6486450476804748E-05   3.2495729556103470E-06  -1.4659359237612080E-07   2.0411481857299805E+00  -7.8343755006790161E-01  -1.0486267805099487E+00   4.1929855942726135E-01   1.0602635145187378E+00  -2.3039223626255989E-02  -1.2559624910354614E+00   6.2442278861999512E-01   5.6531382142566144E-05
     2      599   4.6250000000000000E+00   3.2655677795410156E+00   5.3173869848251343E-01  -9.5649763941764832E-02   4.2889527976512909E-03   1.1951037449762225E-03  -1.2294066254980862E-04  -1.6481682905578054E-05   3.2511159133719048E-06  -1.4675316606371780E-07   2.0411744117736816E+00  -7.8345823287963867E-01  -1.0487176179885864E+00   4.1923639178276062E-01   1.0602942705154419E+00  -2.2951118648052216E-02  -1.2559149265289307E+00   6.2434405088424683E-01   5.6230801419587806E-05
     2      600   5.0000000000000000E+00   3.2657766342163086E+00   5.3163391351699829E-01  -9.5655970275402069E-02   4.2955526150763035E-03   1.1949458857998252E-03  -1.2310876627452672E-04  -1.6482283172081225E-05   3.2554639801674057E-06  -1.4706911599660089E-07   2.0411152839660645E+00  -7.8394383192062378E-01  -1.0488064289093018E+00   4.1980049014091492E-01   1.0607862472534180E+00  -2.3330753669142723E-02  -1.2568594217300415E+00   6.2501353025436401E-01   5.6634289649082348E-05
     2      601   5.6250000000000000E+00   3.2655200958251953E+00   5.3170329332351685E-01  -9.5653273165225983E-02   4.2904838919639587E-03   1.1951797641813755E-03  -1.2297052307985723E-04  -1.6484304069308564E-05   3.2516043120267568E-06  -1.4675430293209502E-07   2.0410103797912598E+00  -7.8363180160522461E-01  -1.0486834049224854E+00   4.1944399476051331E-01   1.0604083538055420E+00  -2.3131176829338074E-02  -1.2562236785888672E+00   6.2459993362426758E-01   5.6032040447462350E-05
     2      602   6.2500000000000000E+00   3.2654342651367188E+00   5.3166192770004272E-01  -9.5643140375614166E-02   4.2910678312182426E-03   1.1948994360864162E-03  -1.2299630907364190E-04  -1.6479696569149382E-05   3.2526138511457248E-06  -1.4687729787965509E-07   2.0410599708557129E+00  -7.8360199928283691E-01  -1.0488054752349854E+00   4.1927894949913025E-01   1.0603979825973511E+00  -2.2923925891518593E-02  -1.2559995651245117E+00   6.2435412406921387E-01   5.6234544899780303E-05
     2      603   6.8750000000000000E+00   3.2655065059661865E+00   5.3162997961044312E-01  -9.5648221671581268E-02   4.2935386300086975E-03   1.1948709143325686E-03  -1.2306202552281320E-04  -1.6479969417559914E-05   3.2544296573178144E-06  -1.4701645056902635E-07   2.0409424304962158E+00  -7.8384202718734741E-01  -1.0487443208694458E+00   4.1964852809906006E-01   1.0606050491333008E+00  -2.3270761594176292E-02  -1.2565958499908447E+00   6.2486636638641357E-01   5.5531232646899298E-05
     2      604   7.5000000000000000E+00   3.2651853561401367E+00   5.3172993659973145E-01  -9.5642536878585815E-02   4.2864144779741764E-03   1.1951291235163808E-03  -1.2287130812183022E-04  -1.6481049897265621E-05   3.2492944228579290E-06  -1.4662407465948490E-07   2.0408785343170166E+00  -7.8336083889007568E-01  -1.0486048460006714E+00   4.1908991336822510E-01   1.0600665807723999E+00  -2.2923521697521210E-02  -1.2556267976760864E+00   6.2421226501464844E-01   5.7141736760968342E-05
     2      605   8.7500000000000000E+00   3.2652969360351562E+00   5.3164881467819214E-01  -9.5645479857921600E-02   4.2909770272672176E-03   1.1950163170695305E-03  -1.2298570072744042E-04  -1.6481966667925008E-05   3.2521224966330919E-06  -1.4681259585813677E-07   2.0408382415771484E+00  -7.8368544578552246E-01  -1.0486997365951538E+00   4.1941925883293152E-01   1.0603938102722168E+00  -2.3108279332518578E-02  -1.2561827898025513E+00   6.2456679344177246E-01   5.5734592024236917E-05
     2      606   1.0000000000000000E+01   3.2652547359466553E+00   5.3161984682083130E-01  -9.5640771090984344E-02   4.2917467653751373E-03   1.1948646279051900E-03  -1.2301112292334437E-04  -1.6479725672979839E-05   3.2529535474168370E-06  -1.4689842942061659E-07   2.0408346652984619E+00  -7.8371399641036987E-01  -1.0487512350082397E+00   4.1939827799797058E-01   1.0604230165481567E+00  -2.3063138127326965E-02  -1.2561711072921753E+00   6.2452840805053711E-01   5.5735585192451254E-05
     2      607   1.2500000000000000E+01   3.2650370597839355E+00   5.3166371583938599E-01  -9.5636755228042603E-02   4.2880051769316196E-03   1.1949957115575671E-03  -1.2291032180655748E-04  -1.6480635167681612E-05   3.2501538953511044E-06  -1.4667564585124637E-07   2.0407593250274658E+00  -7.8346824645996094E-01  -1.0486761331558228E+00   4.1909623146057129E-01   1.0601297616958618E+00  -2.2875238209962845E-02  -1.2556439638137817E+00   6.2417030334472656E-01   5.5535740102641284E-05
     2      608   1.5000000000000000E+01   3.2650451660156250E+00   5.3163099288940430E-01  -9.5636539161205292E-02   4.2895572260022163E-03   1.1949141044169664E-03  -1.2295124179217964E-04  -1.6479616533615626E-05   3.2513478345208568E-06  -1.4678208515306324E-07   2.0407133102416992E+00  -7.8358650207519531E-01  -1.0486892461776733E+00   4.1923215985298157E-01   1.0602397918701172E+00  -2.2974267601966858E-02  -1.2558709383010864E+00   6.2433671951293945E-01   5.6442204368067905E-05
     2      609   1.7500000000000000E+01   3.2649044990539551E+00   5.3168052434921265E-01  -9.5636695623397827E-02   4.2863907292485237E-03   1.1950823245570064E-03  -1.2286583660170436E-04  -1.6480998965562321E-05   3.2490090688952478E-06  -1.4659408975603583E-07   2.0406270027160645E+00  -7.8341645002365112E-01  -1.0485825538635254E+00   4.1907280683517456E-01   1.0600234270095825E+00  -2.2918712347745895E-02  -1.2555668354034424E+00   6.2417173385620117E-01   5.6141103414120153E-05
     2      610   2.0000000000000000E+01   3.2650055885314941E+00   5.3160440921783447E-01  -9.5634989440441132E-02   4.2904028668999672E-03   1.1948626488447189E-03  -1.2297264765948057E-04  -1.6479560144944116E-05   3.2518437365069985E-06  -1.4681289428608579E-07   2.0406670570373535E+00  -7.8364974260330200E-01  -1.0487159490585327E+00   4.1926741600036621E-01   1.0602900981903076E+00  -2.2976003587245941E-02  -1.2559263706207275E+00   6.2435442209243774E-01   5.6141696404665709E-05
     2      611   2.3750000000000000E+01   3.2647895812988281E+00   5.3166830539703369E-01  -9.5630809664726257E-02   4.2857406660914421E-03   1.1949929175898433E-03  -1.2285121192689985E-04  -1.6479169062222354E-05   3.2487309908901807E-06  -1.4659154601304181E-07   2.0406134128570557E+00  -7.8334105014801025E-01  -1.0486103296279907E+00   4.1892665624618530E-01   1.0599418878555298E+00  -2.2783253341913223E-02  -1.2553353309631348E+00   6.2397193908691406E-01   5.6243021390400827E-05
     2      612   2.7500000000000000E+01   3.2645897865295410E+00   5.3173792362213135E-01  -9.5629714429378510E-02   4.2811101302504539E-03   1.1952698696404696E-03  -1.2271958985365927E-04  -1.6482423234265298E-05   3.2448826914333040E-06  -1.4626652955485042E-07   2.0405595302581787E+00  -7.8303462266921997E-01  -1.0485084056854248E+00   4.1857713460922241E-01   1.0595943927764893E+00  -2.2564213722944260E-02  -1.2547115087509155E+00   6.2354409694671631E-01   5.7048499002121389E-05
     2      613   3.1250000000000000E+01   3.2649850845336914E+00   5.3155779838562012E-01  -9.5633186399936676E-02   4.2923558503389359E-03   1.1947285383939743E-03  -1.2302648974582553E-04  -1.6478190445923246E-05   3.2533716876059771E-06  -1.4693969774270954E-07   2.0405945777893066E+00  -7.8379225730895996E-01  -1.0487315654754639E+00   4.1942685842514038E-01   1.0604215860366821E+00  -2.3087190464138985E-02  -1.2561898231506348E+00   6.2454122304916382E-01   5.6847758969524875E-05
     2      614   3.5000000000000000E+01   3.2647645473480225E+00   5.3163975477218628E-01  -9.5630958676338196E-02   4.2869066819548607E-03   1.1949512409046292E-03  -1.2288053403608501E-04  -1.6478894394822419E-05   3.2495356663275743E-06  -1.4665725700524490E-07   2.0405349731445312E+00  -7.8344219923019409E-01  -1.0485953092575073E+00   4.1905790567398071E-01   1.0600227117538452E+00  -2.2895827889442444E-02  -1.2555427551269531E+00   6.2414038181304932E-01   5.6747569033177570E-05
     2      615   4.2500000000000000E+01   3.2648355960845947E+00   5.3161126375198364E-01  -9.5636881887912750E-02   4.2891162447631359E-03   1.1950152693316340E-03  -1.2293153849896044E-04  -1.6481622878927737E-05   3.2506056868442101E-06  -1.4669944903289434E-07   2.0404531955718994E+00  -7.8363925218582153E-01  -1.0485656261444092E+00   4.1933730244636536E-01   1.0601972341537476E+00  -2.3134443908929825E-02  -1.2559827566146851E+00   6.2450706958770752E-01   5.5842730944277719E-05
     2      616   5.0000000000000000E+01   3.2646350860595703E+00   5.3164637088775635E-01  -9.5629215240478516E-02   4.2854971252381802E-03   1.1950792977586389E-03  -1.2283328396733850E-04  -1.6481826605740935E-05   3.2478196771990042E-06  -1.4648057344857079E-07   2.0404970645904541E+00  -7.8332841396331787E-01  -1.0485936403274536E+00   4.1887244582176208E-01   1.0598903894424438E+00  -2.2727264091372490E-02  -1.2552101612091064E+00   6.2386578321456909E-01   5.5843363952590153E-05
     2      617   6.2500000000000000E+01   3.2647075653076172E+00   5.3159183263778687E-01  -9.5628626644611359E-02   4.2886789888143539E-03   1.1948285391554236E-03  -1.2292983592487872E-04  -1.6478154066135176E-05   3.2508353342564078E-06  -1.4675225656901603E-07   2.0404367446899414E+00  -7.8356152772903442E-01  -1.0485771894454956E+00   4.1921782493591309E-01   1.0601217746734619E+00  -2.3037506267428398E-02  -1.2558029890060425E+00   6.2436109781265259E-01   5.5441811127820984E-05
     2      618   7.5000000000000000E+01   3.2645106315612793E+00   5.3165179491043091E-01  -9.5627978444099426E-02   4.2844400741159916E-03   1.1950965272262692E-03  -1.2280682858545333E-04  -1.6481071725138463E-05   3.2472732982569141E-06  -1.4645765133991517E-07   2.0403742790222168E+00  -7.8328251838684082E-01  -1.0484766960144043E+00   4.1890400648117065E-01   1.0598037242889404E+00  -2.2841334342956543E-02  -1.2552341222763062E+00   6.2397599220275879E-01   5.6549488363089040E-05
     2      619   8.7500000000000000E+01   3.2647244930267334E+00   5.3154355287551880E-01  -9.5631286501884460E-02   4.2910408228635788E-03   1.1948437895625830E-03  -1.2298076762817800E-04  -1.6479849364259280E-05   3.2519440082978690E-06  -1.4681825177831342E-07   2.0403661727905273E+00  -7.8373706340789795E-01  -1.0485990047454834E+00   4.1941386461257935E-01   1.0602954626083374E+00  -2.3143205791711807E-02  -1.2560987472534180E+00   6.2454271316528320E-01   5.7355282478965819E-05
     2      620   1.0000000000000000E+02   3.2645759582519531E+00   5.3158658742904663E-01  -9.5630608499050140E-02   4.2879749089479446E-03   1.1950065381824970E-03  -1.2289595906622708E-04  -1.6481344573548995E-05   3.2495670438947855E-06  -1.4662434466572449E-07   2.0403029918670654E+00  -7.8354334831237793E-01  -1.0485035181045532E+00   4.1922226548194885E-01   1.0600697994232178E+00  -2.3049514740705490E-02  -1.2557455301284790E+00   6.2432402372360229E-01   5.6047952966764569E-05
     2      621   1.1250000000000000E+02   3.2645823955535889E+00   5.3156709671020508E-01  -9.5631904900074005E-02   4.2890640906989574E-03   1.1950039770454168E-03  -1.2292251631151885E-04  -1.6482157661812380E-05   3.2501664009032538E-06  -1.4665474168396031E-07   2.0402531623840332E+00  -7.8362596035003662E-01  -1.0484800338745117E+00   4.1935086250305176E-01   1.0601412057876587E+00  -2.3168887943029404E-02  -1.2559497356414795E+00   6.2450331449508667E-01   5.5948068620637059E-05
     2      622   1.1875000000000000E+02   3.2644202709197998E+00   5.3157681226730347E-01  -9.5618396997451782E-02   4.2866733856499195E-03   1.1947600869461894E-03  -1.2287669233046472E-04  -1.6476711607538164E-05   3.2493921935383696E-06  -1.4665286585113790E-07   2.0403499603271484E+00  -7.8336554765701294E-01  -1.0485521554946899E+00   4.1894248127937317E-01   1.0599107742309570E+00  -2.2806724533438683E-02  -1.2553216218948364E+00   6.2397617101669312E-01   5.6049066188279539E-05
     2      623   1.2187500000000000E+02   3.2646465301513672E+00   5.3148448467254639E-01  -9.5622524619102478E-02   4.2927111499011517E-03   1.1945243459194899E-03  -1.2303868425078690E-04  -1.6475241864100099E-05   3.2538357572775567E-06  -1.4699787698191358E-07   2.0403497219085693E+00  -7.8379154205322266E-01  -1.0486487150192261E+00   4.1944620013237000E-01   1.0603717565536499E+00  -2.3131636902689934E-02  -1.2561780214309692E+00   6.2456417083740234E-01   5.5646745749982074E-05
     2      624   1.2343750000000000E+02   3.2782657146453857E+00   5.2801257371902466E-01  -9.6261948347091675E-02   4.5906077139079571E-03   1.1942873243242502E-03  -1.3050602865405381E-04  -1.6595884517300874E-05   3.4454833439667709E-06  -1.6027009053232177E-07   2.0353686809539795E+00  -8.0894362926483154E-01  -1.0474184751510620E+00   4.5567429065704346E-01   1.0869685411453247E+00  -5.0123348832130432E-02  -1.3155951499938965E+00   6.5861374139785767E-01   5.3734926041215658E-05
     2      625   1.2363281250000000E+02   3.2871098518371582E+00   5.2844327688217163E-01  -9.7263664007186890E-02   4.7353487461805344E-03   1.2095056008547544E-03  -1.3387389481067657E-04  -1.6883015632629395E-05   3.5262721667095320E-06  -1.6422178816810629E-07   2.0207901000976562E+00  -8.2491272687911987E-01  -1.0254937410354614E+00   4.9855396151542664E-01   1.0925847291946411E+00  -1.1405316740274429E-01  -1.3944375514984131E+00   7.3568922281265259E-01   5.5948734370758757E-05
     2      626   1.2382812500000000E+02   3.2293388843536377E+00   5.4795300960540771E-01  -9.5617823302745819E-02   3.4063244238495827E-03   1.2366503942757845E-03  -1.0037497122539207E-04  -1.6729927665437572E-05   2.6616726245265454E-06  -1.0178109022263016E-07   2.0199079513549805E+00  -7.1597796678543091E-01  -9.8526388406753540E-01   3.8482299447059631E-01   9.4874268770217896E-01  -1.1246811598539352E-01  -1.2483597993850708E+00   6.9167691469192505E-01   7.3961018642876297E-05
     2      627   1.2392578125000000E+02   3.1609692573547363E+00   5.6329065561294556E-01  -9.2019088566303253E-02   1.9972168374806643E-03   1.2238966301083565E-03  -6.5829473896883428E-05  -1.5946581697789952E-05   1.7901082856042194E-06  -4.3383760583992625E-08   2.0501682758331299E+00  -5.8552950620651245E-01  -9.9132388830184937E-01   1.9478626549243927E-01   7.9242962598800659E-01  -1.4071113429963589E-02  -9.8377817869186401E-01   5.3200632333755493E-01   8.8551976659800857E-05
     2      628   1.2402343750000000E+02   3.0966594219207764E+00   5.6875449419021606E-01  -8.6776360869407654E-02   8.6499925237149000E-04   1.1620100121945143E-03  -3.9213558920891955E-05  -1.4557090253219940E-05   1.1413059155529481E-06  -5.5680984267780786E-09   2.1154351234436035E+00  -4.5894291996955872E-01  -1.0590718984603882E+00  -5.6775320321321487E-02   6.4106327295303345E-01   1.6442303359508514E-01  -6.4126539230346680E-01   2.8819397091865540E-01   8.7948224972933531E-05
     2      629   1.2412109375000000E+02   3.1029205322265625E+00   5.4560112953186035E-01  -8.2611925899982452E-02   1.4335833257064223E-03   1.0456413729116321E-03  -5.5405060265911743E-05  -1.3096540897095110E-05   1.5945693121466320E-06  -4.8758739268350837E-08   2.2055671215057373E+00  -4.6166616678237915E-01  -1.2228547334671021E+00  -2.3971973359584808E-01   6.2651044130325317E-01   3.6379441618919373E-01  -4.2342993617057800E-01   7.8733228147029877E-02   6.0678248701151460E-05
     2      630   1.2421875000000000E+02   3.2471346855163574E+00   4.8610377311706543E-01  -8.4512621164321899E-02   4.8336093313992023E-03   9.3415292212739587E-04  -1.3992791355121881E-04  -1.2930659067933448E-05   3.7523132050409913E-06  -2.0691236102265975E-07   2.2700474262237549E+00  -7.3218226432800293E-01  -1.4723072052001953E+00  -1.6822084784507751E-01   8.8487154245376587E-01   4.6314850449562073E-01  -5.9853100776672363E-01   8.8718667626380920E-02   9.1067835455760360E-05
     2      631   1.2426757812500000E+02   3.3744187355041504E+00   4.4920834898948669E-01  -8.9315973222255707E-02   7.4666370637714863E-03   9.2084420612081885E-04  -2.0341400522738695E-04  -1.3869602298655082E-05   5.3368439694168046E-06  -3.1548736956210632E-07   2.2645170688629150E+00  -9.8388904333114624E-01  -1.6022428274154663E+00   6.2193842604756355E-03   1.1270428895950317E+00   4.3367564678192139E-01  -8.8570904731750488E-01   2.2354418039321899E-01   1.2055221304763108E-04
     2      632   1.2431640625000000E+02   3.5223419666290283E+00   4.1676697134971619E-01  -9.6890799701213837E-02   1.0257361456751823E-02   9.6036103786900640E-04  -2.6915266062133014E-04  -1.5638557670172304E-05   6.9499342316703405E-06  -4.2025132529488474E-07   2.2172877788543701E+00  -1.2913328409194946E+00  -1.7097961902618408E+00   2.6692801713943481E-01   1.4180283546447754E+00   3.4230509400367737E-01  -1.2851336002349854E+00   4.4156879186630249E-01   1.4098195242695510E-04
     2      633   1.2436523437500000E+02   3.6671926975250244E+00   3.9784181118011475E-01  -1.0667427629232407E-01   1.2655854225158691E-02   1.0634417412802577E-03  -3.2377918250858784E-04  -1.8142165572498925E-05   8.2578853835002519E-06  -4.9781056077335961E-07   2.1191930770874023E+00  -1.6177560091018677E+00  -1.7723271846771240E+00   5.8651453256607056E-01   1.7177749872207642E+00   1.9498844444751740E-01  -1.7464153766632080E+00   7.1784502267837524E-01   1.4390776050277054E-04
     2      634   1.2441406250000000E+02   3.7761945724487305E+00   4.0169814229011536E-01  -1.1729858070611954E-01   1.3999325223267078E-02   1.2281392700970173E-03  -3.5170171759091318E-04  -2.1055497199995443E-05   8.8793130998965353E-06  -5.2291267138571129E-07   1.9682006835937500E+00  -1.9094277620315552E+00  -1.7698764801025391E+00   9.1403514146804810E-01   1.9707884788513184E+00   1.4955758117139339E-02  -2.1850638389587402E+00   1.0018960237503052E+00   1.2772571062669158E-04
     2      635   1.2446289062500000E+02   3.8219051361083984E+00   4.3242797255516052E-01  -1.2697359919548035E-01   1.3870201073586941E-02   1.4317091554403305E-03  -3.4418451832607388E-04  -2.3857268388383090E-05   8.6202890088316053E-06  -4.8551595455137431E-07   1.7704652547836304E+00  -2.1205611228942871E+00  -1.6920529603958130E+00   1.2028092145919800E+00   2.1325600147247314E+00  -1.7479400336742401E-01  -2.5303473472595215E+00   1.2506132125854492E+00   9.0020883362740278E-05
     2      636   1.2451171875000000E+02   3.7806732654571533E+00   4.8924529552459717E-01  -1.3350030779838562E-01   1.2049017474055290E-02   1.6358079155907035E-03  -2.9757860465906560E-04  -2.5906972950906493E-05   7.4161885095236357E-06  -3.8555688774977170E-07   1.5429142713546753E+00  -2.2092561721801758E+00  -1.5417543649673462E+00   1.4005334377288818E+00   2.1659634113311768E+00  -3.3997842669487000E-01  -2.7087714672088623E+00   1.4121329784393311E+00   7.3657341999933124E-05
     2      637   1.2456054687500000E+02   3.6461987495422363E+00   5.6370651721954346E-01  -1.3512767851352692E-01   8.7675694376230240E-03   1.7948279855772853E-03  -2.1902497974224389E-04  -2.6678928406909108E-05   5.4669330893375445E-06  -2.4106529394885001E-07   1.3085796833038330E+00  -2.1612806320190430E+00  -1.3357677459716797E+00   1.4798775911331177E+00   2.0642766952514648E+00  -4.5734623074531555E-01  -2.6924149990081787E+00   1.4617414474487305E+00   9.1366571723483503E-05
     2      638   1.2460937500000000E+02   3.4298040866851807E+00   6.4107805490493774E-01  -1.3087476789951324E-01   4.6482193283736706E-03   1.8654633313417435E-03  -1.2446947221178561E-04  -2.5859118977678008E-05   3.1819608921068721E-06  -8.3608377110522270E-08   1.0940566062927246E+00  -1.9903075695037842E+00  -1.1031955480575562E+00   1.4388276338577271E+00   1.8501887321472168E+00  -5.1461172103881836E-01  -2.4970703125000000E+00   1.4006114006042480E+00   1.1517940583871678E-04
     2      639   1.2463378906250000E+02   3.2962431907653809E+00   6.7621004581451416E-01  -1.2648272514343262E-01   2.4773366749286652E-03   1.8600617768242955E-03  -7.5929652666673064E-05  -2.4846525775501505E-05   2.0279219370422652E-06  -8.1221935843700521E-09   1.0021862983703613E+00  -1.8654463291168213E+00  -9.8716765642166138E-01   1.3739730119705200E+00   1.7103432416915894E+00  -5.1618993282318115E-01  -2.3385930061340332E+00   1.3282946348190308E+00   1.3103660603519529E-04
     2      640   1.2465820312500000E+02   3.1522822380065918E+00   7.0625120401382446E-01  -1.2090089172124863E-01   3.8968541775830090E-04   1.8298771465197206E-03  -2.9921699024271220E-05  -2.3553435312351212E-05   9.4072589718052768E-07   6.0994310047135514E-08   9.2241436243057251E-01  -1.7242411375045776E+00  -8.7567645311355591E-01   1.2888830900192261E+00   1.5590916872024536E+00  -5.0455266237258911E-01  -2.1562736034393311E+00   1.2388228178024292E+00   1.3774212857242674E-04
     2      641   1.2468261718750000E+02   3.0045182704925537E+00   7.2789382934570312E-01  -1.1422690004110336E-01  -1.4377244515344501E-03   1.7679852899163961E-03   9.0323574113426730E-06  -2.1931133233010769E-05   4.2852782655700139E-08   1.1405973765477029E-07   8.5804975032806396E-01  -1.5772094726562500E+00  -7.7506381273269653E-01   1.1923836469650269E+00   1.4085208177566528E+00  -4.8274147510528564E-01  -1.9669485092163086E+00   1.1414082050323486E+00   1.4238087169360369E-04
     2      642   1.2470703125000000E+02   2.8553175926208496E+00   7.4113088846206665E-01  -1.0687135159969330E-01  -2.9913417529314756E-03   1.6851356485858560E-03   4.1376435547135770E-05  -2.0162347937002778E-05  -6.9300415361794876E-07   1.5483387016956840E-07   8.0777812004089355E-01  -1.4273661375045776E+00  -6.8471604585647583E-01   1.0882567167282104E+00   1.2605916261672974E+00  -4.5402637124061584E-01  -1.7758980989456177E+00   1.0407254695892334E+00   1.4815967006143183E-04
     2      643   1.2473144531250000E+02   2.7064950466156006E+00   7.4510228633880615E-01  -9.8974205553531647E-02  -4.2466856539249420E-03   1.5839244006201625E-03   6.6909749875776470E-05  -1.8291275409865193E-05  -1.2668879207922146E-06   1.8367536824825947E-07   7.7411276102066040E-01  -1.2765012979507446E+00  -6.0945630073547363E-01   9.7372597455978394E-01   1.1179975271224976E+00  -4.1155612468719482E-01  -1.5785294771194458E+00   9.2870438098907471E-01   1.4454560005106032E-04
     2      644   1.2475585937500000E+02   2.5593271255493164E+00   7.4134641885757446E-01  -9.1090731322765350E-02  -5.2509848028421402E-03   1.4796310570091009E-03   8.7561005784664303E-05  -1.6524976672371849E-05  -1.7410631016900879E-06   2.0680671752870694E-07   7.5198960304260254E-01  -1.1263873577117920E+00  -5.4328006505966187E-01   8.5568547248840332E-01   9.7982954978942871E-01  -3.6522534489631653E-01  -1.3838645219802856E+00   8.1706899404525757E-01   1.4443893451243639E-04
     2      645   1.2478027343750000E+02   2.4247031211853027E+00   7.2503918409347534E-01  -8.3340577781200409E-02  -5.7306913658976555E-03   1.3591756578534842E-03   9.6010589913930744E-05  -1.4752407878404483E-05  -1.9132228317175759E-06   2.0810010425975634E-07   7.4582004547119141E-01  -9.9519002437591553E-01  -4.9681192636489868E-01   7.4910718202590942E-01   8.6700773239135742E-01  -3.1870317459106445E-01  -1.2189499139785767E+00   7.1891069412231445E-01   1.3535817561205477E-04
     2      646   1.2480468750000000E+02   2.2983584403991699E+00   7.0027196407318115E-01  -7.6213717460632324E-02  -5.8895279653370380E-03   1.2447125045582652E-03   9.8385629826225340E-05  -1.3230270269559696E-05  -1.9610481558629544E-06   2.0286465485241933E-07   7.4958783388137817E-01  -8.7499016523361206E-01  -4.6155712008476257E-01   6.4928287267684937E-01   7.6820111274719238E-01  -2.7330434322357178E-01  -1.0718410015106201E+00   6.3024425506591797E-01   1.3408136146608740E-04
     2      647   1.2482910156250000E+02   2.1820242404937744E+00   6.6611516475677490E-01  -6.9614149630069733E-02  -5.6912349537014961E-03   1.1284294305369258E-03   9.3245849711820483E-05  -1.1810483556473628E-05  -1.8298630948265782E-06   1.8528290013364312E-07   7.6535475254058838E-01  -7.6853704452514648E-01  -4.4134426116943359E-01   5.5643171072006226E-01   6.8732291460037231E-01  -2.2598433494567871E-01  -9.4367259740829468E-01   5.4871690273284912E-01   1.3689362094737589E-04
     2      648   1.2485351562500000E+02   2.0825169086456299E+00   6.2184828519821167E-01  -6.4019255340099335E-02  -5.0296867266297340E-03   1.0148730361834168E-03   7.8035831393208355E-05  -1.0602627298794687E-05  -1.4561611578756128E-06   1.5155421806412051E-07   7.8908526897430420E-01  -6.8805652856826782E-01  -4.3437370657920837E-01   4.8809227347373962E-01   6.3546687364578247E-01  -1.9136346876621246E-01  -8.6175084114074707E-01   4.9658897519111633E-01   1.0347274655941874E-04
     2      649   1.2487792968750000E+02   1.9890935420989990E+00   5.7299041748046875E-01  -5.9468977153301239E-02  -4.2323344387114048E-03   9.2326907906681299E-04   6.1860788264311850E-05  -9.7874526545638219E-06  -1.0958832490359782E-06   1.2234725943471858E-07   8.1791222095489502E-01  -6.1409759521484375E-01  -4.3423393368721008E-01   4.2194166779518127E-01   5.9076642990112305E-01  -1.5457238256931305E-01  -7.8539383411407471E-01   4.4512325525283813E-01   9.5659808721393347E-05
     2      650   1.2490234375000000E+02   1.9057704210281372E+00   5.1777195930480957E-01  -5.5752158164978027E-02  -3.1840305309742689E-03   8.3796976832672954E-04   4.0672424802323803E-05  -9.1299252744647674E-06  -6.1676377072217292E-07   8.5404529670540796E-08   8.5277807712554932E-01  -5.5455040931701660E-01  -4.4359019398689270E-01   3.6706343293190002E-01   5.6231331825256348E-01  -1.2145638465881348E-01  -7.3119711875915527E-01   4.0586665272712708E-01   1.1239858577027917E-04
     2      651   1.2492675781250000E+02   1.8298114538192749E+00   4.5841094851493835E-01  -5.2927140146493912E-02  -1.9858113955706358E-03   7.6690054265782237E-04   1.7315514924121089E-05  -8.7371745394193567E-06  -1.0392803773129344E-07   4.8318334222585690E-08   8.9128780364990234E-01  -5.0471240282058716E-01  -4.5928701758384705E-01   3.1906399130821228E-01   5.4420882463455200E-01  -8.9737422764301300E-02  -6.8978810310363770E-01   3.7280309200286865E-01   1.0143927647732198E-04
     2      652   1.2495117187500000E+02   1.7568328380584717E+00   3.9768326282501221E-01  -5.0876349210739136E-02  -7.6871388591825962E-04   7.1195873897522688E-04  -5.2126047194178682E-06  -8.5580149971065111E-06   3.7406758224278747E-07   1.5151350396536145E-08   9.2990559339523315E-01  -4.5801332592964172E-01  -4.7533899545669556E-01   2.7439332008361816E-01   5.2842527627944946E-01  -6.0740232467651367E-02  -6.5359187126159668E-01   3.4404757618904114E-01   9.7793970780912787E-05
     2      653   1.2497558593750000E+02   1.6853013038635254E+00   3.3537328243255615E-01  -4.9137607216835022E-02   4.7030998393893242E-04   6.6132383653894067E-04  -2.7751653760788031E-05  -8.4125786088407040E-06   8.5230323065843550E-07  -1.8116969258130666E-08   9.7130453586578369E-01  -4.1217839717864990E-01  -4.9481588602066040E-01   2.2766184806823730E-01   5.1406800746917725E-01  -2.8018914163112640E-02  -6.1508345603942871E-01   3.1145295500755310E-01   7.1333277446683496E-05
     2      654   1.2500000000000000E+02   1.6303279399871826E+00   2.6586297154426575E-01  -4.7807998955249786E-02   2.1369187161326408E-03   5.9780495939776301E-04  -6.1302889662329108E-05  -8.2428623500163667E-06   1.6214983133977512E-06  -7.3066033223767590E-08   1.0161066055297852E+00  -3.9473447203636169E-01  -5.2467066049575806E-01   2.1071588993072510E-01   5.3086745738983154E-01  -1.1922351084649563E-02  -6.2888354063034058E-01   3.1274843215942383E-01   5.6213008065242320E-05
   102        1   9.9999997473787516E-06   1.1852006614208221E-01   1.8604639917612076E-02  -3.5739627201110125E-03   1.7298151215072721E-04   4.5065975427860394E-05  -4.6799164010735694E-06  -6.2723762539462768E-07   1.2119966186219244E-07  -5.3367510410851082E-09   7.3774233460426331E-02  -2.9664665460586548E-02  -3.8577456027269363E-02   1.6134437173604965E-02   3.9585176855325699E-02  -1.1590346693992615E-03  -4.7102376818656921E-02   2.3492606356739998E-02   2.1325181296560913E-04
   102        2   1.0499999916646630E-05   1.1583937704563141E-01   1.8074780702590942E-02  -3.4880260936915874E-03   1.7366508836857975E-04   4.3745501898229122E-05  -4.6962541091488674E-06  -6.1065878753652214E-07   1.2173336472187657E-07  -5.4740709742873150E-09   7.2062380611896515E-02  -2.9261080548167229E-02  -3.7823982536792755E-02   1.6011292114853859E-02   3.9002262055873871E-02  -1.1804592795670033E-03  -4.6427130699157715E-02   2.3122644051909447E-02   3.2100695534609258E-04
   102        3   1.1000000085914508E-05   1.1261929571628571E-01   1.7850352451205254E-02  -3.3918551634997129E-03   1.5619034820701927E-04   4.3064512283308432E-05  -4.2383985601190943E-06  -5.9604866464724182E-07   1.0969424835138852E-07  -4.6669268449761603E-09   7.0436552166938782E-02  -2.7590114623308182E-02  -3.6768268793821335E-02   1.4443144202232361E-02   3.7054624408483505E-02  -3.4802357549779117E-04  -4.3346680700778961E-02   2.1168366074562073E-02   2.6476848870515823E-04
   102        4   1.1000000085914508E-05   1.1261929571628571E-01   1.7850352451205254E-02  -3.3918551634997129E-03   1.5619034820701927E-04   4.3064512283308432E-05  -4.2383985601190943E-06  -5.9604866464724182E-07   1.0969424835138852E-07  -4.6669268449761603E-09   7.0436552166938782E-02  -2.7590114623308182E-02  -3.6768268793821335E-02   1.4443144202232361E-02   3.7054624408483505E-02  -3.4802357549779117E-04  -4.3346680700778961E-02   2.1168366074562073E-02   2.6476848870515823E-04
   102        5   1.1500000255182385E-05   1.1140080541372299E-01   1.7028266564011574E-02  -3.3525920007377863E-03   1.8349943275097758E-04   4.1354458517162129E-05  -4.9465056690678466E-06  -5.8393146673552110E-07   1.2849268671288883E-07  -6.1321956401627631E-09   6.8788073956966400E-02  -2.9245374724268913E-02  -3.6313254386186600E-02   1.6920765861868858E-02   3.8598794490098953E-02  -2.3185266181826591E-03  -4.7100879251956940E-02   2.4138521403074265E-02   2.4492107331752777E-04
   102        6   1.2000000424450263E-05   1.0787951946258545E-01   1.7060983926057816E-02  -3.2461988739669323E-03   1.5130770043469965E-04   4.1119405068457127E-05  -4.1066073208639864E-06  -5.6975858342411811E-07   1.0635124425562026E-07  -4.5737027498660154E-09   6.7463748157024384E-02  -2.6513248682022095E-02  -3.5255696624517441E-02   1.3918943703174591E-02   3.5590581595897675E-02  -3.7418334977701306E-04  -4.1673198342323303E-02   2.0372841507196426E-02   3.3099733991548419E-04
   102        7   1.2999999853491317E-05   1.0310879349708557E-01   1.6583371907472610E-02  -3.1047589145600796E-03   1.3219885295256972E-04   3.9870366890681908E-05  -3.6015576370118652E-06  -5.4773914826000691E-07   9.3022983094215306E-08  -3.7091556492896416E-09   6.4823798835277557E-02  -2.4509290233254433E-02  -3.3660076558589935E-02   1.2240108102560043E-02   3.3159535378217697E-02   3.5639709676615894E-04  -3.8135822862386703E-02   1.8292039632797241E-02   2.0862271776422858E-04
   102        8   1.4000000192027073E-05   1.0137200355529785E-01   1.5326485969126225E-02  -3.0558351427316666E-03   1.7565627058502287E-04   3.7428933865157887E-05  -4.7202302084770054E-06  -5.3251852705216152E-07   1.2256248282938031E-07  -5.9843152655503218E-09   6.2189869582653046E-02  -2.7256092056632042E-02  -3.2848820090293884E-02   1.6430079936981201E-02   3.5711985081434250E-02  -3.0406399164348841E-03  -4.4490609318017960E-02   2.3350730538368225E-02   2.6081965188495815E-04
   102        9   1.4999999621068127E-05   9.6209213137626648E-02   1.5346528962254524E-02  -2.8917945455759764E-03   1.2917366984765977E-04   3.6836721847066656E-05  -3.5185316846764181E-06  -5.0811780738513335E-07   9.1109839672753878E-08  -3.8036955807285722E-09   6.0369573533535004E-02  -2.3216674104332924E-02  -3.1440917402505875E-02   1.1862511746585369E-02   3.1307760626077652E-02   2.6468549549463205E-05  -3.6317400634288788E-02   1.7593124881386757E-02   2.9384691151790321E-04
   102       10   1.5999999959603883E-05   9.3660026788711548E-02   1.4671974815428257E-02  -2.8106705285608768E-03   1.3782457972411066E-04   3.5264598409412429E-05  -3.7414504276966909E-06  -4.9109871724795084E-07   9.7120803843608883E-08  -4.3513272984796458E-09   5.8465346693992615E-02  -2.3391274735331535E-02  -3.0674299225211143E-02   1.2532586231827736E-02   3.1310785561800003E-02  -5.9324200265109539E-04  -3.6921694874763489E-02   1.8170611932873726E-02   2.0887583377771080E-04
   102       11   1.7000000298139639E-05   9.1339781880378723E-02   1.4115639962255955E-02  -2.7498381678014994E-03   1.4424324035644531E-04   3.4233289625262842E-05  -3.8928469621168915E-06  -4.8141043862415245E-07   1.0090891322533935E-07  -4.6755990190661123E-09   5.6528624147176743E-02  -2.3559534922242165E-02  -2.9669160023331642E-02   1.3427273370325565E-02   3.1191539019346237E-02  -1.7036164645105600E-03  -3.7915624678134918E-02   1.9402666017413139E-02   2.1184436627663672E-04
   102       12   1.8000000636675395E-05   8.8568724691867828E-02   1.3770419172942638E-02  -2.6630908250808716E-03   1.3583824329543859E-04   3.3286083635175601E-05  -3.6730082229041727E-06  -4.6643850737382309E-07   9.5188276816315920E-08  -4.3396228832648376E-09   5.5001601576805115E-02  -2.2539824247360229E-02  -2.8852403163909912E-02   1.2543648481369019E-02   2.9972705990076065E-02  -1.2180395424365997E-03  -3.6007612943649292E-02   1.8157014623284340E-02   2.8367468621581793E-04
   102       13   1.8999999156221747E-05   8.6386121809482574E-02   1.3341851532459259E-02  -2.5964307133108377E-03   1.3669731561094522E-04   3.2263189496006817E-05  -3.6939145502401516E-06  -4.5365374035100103E-07   9.5854353787672153E-08  -4.4672638921383623E-09   5.3512845188379288E-02  -2.2269684821367264E-02  -2.8122849762439728E-02   1.2635319493710995E-02   2.9528098180890083E-02  -1.4821138465777040E-03  -3.5754922777414322E-02   1.8169393762946129E-02   2.6734478888101876E-04
   102       14   1.9999999494757503E-05   8.4441535174846649E-02   1.2939361855387688E-02  -2.5412610266357660E-03   1.3879284961149096E-04   3.1417726859217510E-05  -3.7413888094306458E-06  -4.4415804723030305E-07   9.7057800019229035E-08  -4.6068122649955967E-09   5.2071098238229752E-02  -2.2145735099911690E-02  -2.7372464537620544E-02   1.2955667451024055E-02   2.9191615059971809E-02  -2.0271143876016140E-03  -3.5924598574638367E-02   1.8635639920830727E-02   1.9127174164168537E-04
   102       15   2.2000000171829015E-05   7.9542033374309540E-02   1.2613353319466114E-02  -2.3826465476304293E-03   1.1035550414817408E-04   3.0153789339237846E-05  -3.0080507258389844E-06  -4.1755063762138889E-07   7.7985376378819637E-08  -3.3566300849940944E-09   4.9902547150850296E-02  -1.9362598657608032E-02  -2.6074690744280815E-02   9.9706668406724930E-03   2.6095015928149223E-02  -2.1251027646940202E-05  -3.0308526009321213E-02   1.4667747542262077E-02   2.0527705783024430E-04
   102       16   2.4000000848900527E-05   7.6625078916549683E-02   1.1925236321985722E-02  -2.2958063054829836E-03   1.1706224904628471E-04   2.8631777240661904E-05  -3.1762292564962991E-06  -4.0090662878355943E-07   8.2469526319073339E-08  -3.7845921951884520E-09   4.7699335962533951E-02  -1.9388524815440178E-02  -2.5027893483638763E-02   1.0664899833500385E-02   2.5847082957625389E-02  -8.9162646327167749E-04  -3.0899500474333763E-02   1.5498394146561623E-02   2.3865950061008334E-04
   102       17   2.5999999706982635E-05   7.3514848947525024E-02   1.1477106250822544E-02  -2.1986574865877628E-03   1.1042175174225122E-04   2.7465637685963884E-05  -3.0006031010998413E-06  -3.8386508549592691E-07   7.7899933614844485E-08  -3.5447074164807191E-09   4.5893341302871704E-02  -1.8444344401359558E-02  -2.4114659056067467E-02   9.9312309175729752E-03   2.4688832461833954E-02  -5.0526793347671628E-04  -2.9151631519198418E-02   1.4355809427797794E-02   1.7207335622515529E-04
   102       18   2.8000000384054147E-05   7.0937842130661011E-02   1.1047617532312870E-02  -2.1253689192235470E-03   1.0842624760698527E-04   2.6529056412982754E-05  -2.9411496598186204E-06  -3.7181601442171086E-07   7.6293574124974839E-08  -3.4912446267298947E-09   4.4130969792604446E-02  -1.7956677824258804E-02  -2.3127671331167221E-02   9.9276490509510040E-03   2.3931445553898811E-02  -8.9606764959171414E-04  -2.8685240074992180E-02   1.4425660483539104E-02   1.8772832117974758E-04
   102       19   2.9000000722589903E-05   6.9487482309341431E-02   1.0913588106632233E-02  -2.0785105880349874E-03   1.0172223119297996E-04   2.6091996915056370E-05  -2.7675293949869229E-06  -3.6380785672918137E-07   7.1774771015498118E-08  -3.2045206488362510E-09   4.3435372412204742E-02  -1.7253307625651360E-02  -2.2747933864593506E-02   9.1961342841386795E-03   2.3138297721743584E-02  -3.9912105421535671E-04  -2.7258349582552910E-02   1.3411886990070343E-02   2.1964994084555656E-04
   102       20   3.0999999580672011E-05   6.7057028412818909E-02   1.0608252137899399E-02  -2.0054900087416172E-03   9.4894188805483282E-05   2.5306542738690041E-05  -2.5880881366902031E-06  -3.5156986655238143E-07   6.7099598766162671E-08  -2.9294962011761072E-09   4.2005464434623718E-02  -1.6417931765317917E-02  -2.1916644647717476E-02   8.6083607748150826E-03   2.2078095003962517E-02  -2.5836430722847581E-04  -2.5900999084115028E-02   1.2722427025437355E-02   1.9552183221094310E-04
   102       21   3.3000000257743523E-05   6.4990594983100891E-02   1.0283511132001877E-02  -1.9432846456766129E-03   9.1980968136340380E-05   2.4528157155145891E-05  -2.5082940737775061E-06  -3.4087312883457344E-07   6.5004662985757022E-08  -2.8351072600685256E-09   4.0708161890506744E-02  -1.5914093703031540E-02  -2.1241223439574242E-02   8.3461739122867584E-03   2.1404763683676720E-02  -2.4133941042236984E-04  -2.5099761784076691E-02   1.2311499565839767E-02   1.8312345491722226E-04
   102       22   3.5000000934815034E-05   6.3254192471504211E-02   9.9300676956772804E-03  -1.8894942477345467E-03   9.3144306447356939E-05   2.3686896383878775E-05  -2.5365748115291353E-06  -3.3063807336475293E-07   6.5806148086267058E-08  -2.9549569457998359E-09   3.9530519396066666E-02  -1.5721872448921204E-02  -2.0690530538558960E-02   8.4184091538190842E-03   2.1080221980810165E-02  -4.2284521623514593E-04  -2.4899452924728394E-02   1.2296574190258980E-02   1.9801415328402072E-04
   102       23   3.6999997973907739E-05   6.1729673296213150E-02   9.5833688974380493E-03  -1.8423667643219233E-03   9.5955132564995438E-05   2.2874364731251262E-05  -2.6089398943440756E-06  -3.2136543381966476E-07   6.7778991308387049E-08  -3.1557041424434829E-09   3.8431782275438309E-02  -1.5667172148823738E-02  -2.0171035081148148E-02   8.6686396971344948E-03   2.0887497812509537E-02  -7.8593712532892823E-04  -2.5045039132237434E-02   1.2603653594851494E-02   2.3068975133355707E-04
   102       24   3.8999998650979251E-05   6.0527168214321136E-02   9.2032738029956818E-03  -1.8066649790853262E-03   1.0315799590898678E-04   2.2074384105508216E-05  -2.7920561933569843E-06  -3.1396211852552369E-07   7.2607996060014557E-08  -3.5548881616165318E-09   3.7382069975137711E-02  -1.5987200662493706E-02  -1.9738677889108658E-02   9.3608302995562553E-03   2.1101035177707672E-02  -1.4204230392351747E-03  -2.5923263281583786E-02   1.3391443528234959E-02   2.7256825705990195E-04
   102       25   4.0999999328050762E-05   5.8532088994979858E-02   9.1212205588817596E-03  -1.7416417831555009E-03   8.9259643573313951E-05   2.1639194528688677E-05  -2.4348698843823513E-06  -3.0325551847454335E-07   6.3319809839867958E-08  -2.9331876927329859E-09   3.6576148122549057E-02  -1.4688616618514061E-02  -1.9210370257496834E-02   7.9300645738840103E-03   1.9671164453029633E-02  -4.6165584353730083E-04  -2.3303635418415070E-02   1.1547178030014038E-02   2.2406461357604712E-04
   102       26   4.3000000005122274E-05   5.7206735014915466E-02   8.9050047099590302E-03  -1.7050943570211530E-03   8.8111381046473980E-05   2.1192483472987078E-05  -2.3997563403099775E-06  -2.9756495223409729E-07   6.2343637807771302E-08  -2.8902309434641893E-09   3.5650156438350677E-02  -1.4445889741182327E-02  -1.8684385344386101E-02   7.9537127166986465E-03   1.9287271425127983E-02  -6.8451970582827926E-04  -2.3090187460184097E-02   1.1604124680161476E-02   2.3543715360574424E-04
   102       27   4.6000001020729542E-05   5.5312715470790863E-02   8.6016785353422165E-03  -1.6463292995467782E-03   8.5568208305630833E-05   2.0428362404345535E-05  -2.3319864794757450E-06  -2.8702402232738677E-07   6.0605650276102097E-08  -2.8231137427781050E-09   3.4489154815673828E-02  -1.3976487331092358E-02  -1.8100919201970100E-02   7.6730102300643921E-03   1.8677389249205589E-02  -6.0407072305679321E-04  -2.2296262905001640E-02   1.1143079027533531E-02   2.0242352911736816E-04
   102       28   4.9999998736893758E-05   5.3016118705272675E-02   8.2615902647376060E-03  -1.5767086297273636E-03   8.1430065620224923E-05   1.9581528249545954E-05  -2.2221468043426285E-06  -2.7497233645590313E-07   5.7756487592541816E-08  -2.6818041121146052E-09   3.3078722655773163E-02  -1.3340774923563004E-02  -1.7332054674625397E-02   7.3027992621064186E-03   1.7835866659879684E-02  -5.8315199567005038E-04  -2.1306270733475685E-02   1.0686780326068401E-02   1.5957924188114703E-04
   102       29   5.2999999752501026E-05   5.1553178578615189E-02   8.0065131187438965E-03  -1.5330754686146975E-03   8.0559875641483814E-05   1.8997070583282039E-05  -2.1954997464490589E-06  -2.6752545068120526E-07   5.7027637723194857E-08  -2.6679978226695766E-09   3.2116103917360306E-02  -1.3070355169475079E-02  -1.6847355291247368E-02   7.2363009676337242E-03   1.7447207123041153E-02  -6.5346853807568550E-04  -2.0921556279063225E-02   1.0521308518946171E-02   2.1133167319931090E-04
   102       30   5.6000000768108293E-05   4.9862470477819443E-02   7.8829228878021240E-03  -1.4811672735959291E-03   7.1597620262764394E-05   1.8589835235616192E-05  -1.9631434042821638E-06  -2.5911279522006225E-07   5.0977071452962264E-08  -2.2712975944472191E-09   3.1275290995836258E-02  -1.2195536866784096E-02  -1.6310101374983788E-02   6.4018657431006432E-03   1.6429053619503975E-02  -2.0450734882615507E-04  -1.9297963008284569E-02   9.4940084964036942E-03   2.1391629707068205E-04
   102       31   5.9000001783715561E-05   4.8631872981786728E-02   7.6468181796371937E-03  -1.4406909467652440E-03   7.1576847403775901E-05   1.7967107851291075E-05  -1.9641188373498153E-06  -2.5104748146986822E-07   5.1093397956947229E-08  -2.3295105844312047E-09   3.0511498451232910E-02  -1.1978154070675373E-02  -1.5970235690474510E-02   6.3015846535563469E-03   1.6133476048707962E-02  -1.8177239689975977E-04  -1.8925273790955544E-02   9.2734983190894127E-03   1.2438850535545498E-04
   102       32   6.2999999499879777E-05   4.7390431165695190E-02   7.3092989623546600E-03  -1.4073795173317194E-03   7.6822863775305450E-05   1.7320311599178240E-05  -2.0932127426931402E-06  -2.4522478270228021E-07   5.4414773131838956E-08  -2.6036848232990906E-09   2.9425852000713348E-02  -1.2192189693450928E-02  -1.5442925505340099E-02   6.9359703920781612E-03   1.6207443550229073E-02  -8.5962220327928662E-04  -1.9695742055773735E-02   1.0067303664982319E-02   2.2357860871125013E-04
   102       33   6.9000001531094313E-05   4.4977426528930664E-02   7.0674549788236618E-03  -1.3302637962624431E-03   6.6769745899364352E-05   1.6556987247895449E-05  -1.8347166133025894E-06  -2.3176356478415983E-07   4.7741128383904652E-08  -2.1918049597502431E-09   2.8201386332511902E-02  -1.1101658456027508E-02  -1.4746041968464851E-02   5.8909789659082890E-03   1.4943487942218781E-02  -2.4478143313899636E-04  -1.7612943425774574E-02   8.6853373795747757E-03   2.1147697407286614E-04
   102       34   7.5000003562308848E-05   4.3327603489160538E-02   6.7158490419387817E-03  -1.2802899582311511E-03   6.8753950472455472E-05   1.5748137229820713E-05  -1.8839716631191550E-06  -2.2235177254970040E-07   4.9072756524992656E-08  -2.3441677488023061E-09   2.7026509866118431E-02  -1.0992881841957569E-02  -1.4187430962920189E-02   6.0884091071784496E-03   1.4695426449179649E-02  -5.4696429288014770E-04  -1.7625570297241211E-02   8.8616125285625458E-03   2.3402084480039775E-04
   102       35   8.0999998317565769E-05   4.1285425424575806E-02   6.5961149521172047E-03  -1.2181920465081930E-03   5.6606382713653147E-05   1.5327890650951304E-05  -1.5682232969993493E-06  -2.1275974404488807E-07   4.0804646772585329E-08  -1.7884271841239752E-09   2.6043217629194260E-02  -9.8511651158332825E-03  -1.3532564975321293E-02   4.9729971215128899E-03   1.3378444127738476E-02   7.0330301241483539E-05  -1.5488866716623306E-02   7.4931974522769451E-03   1.4850463776383549E-04
   102       36   8.8000000687316060E-05   3.9970163255929947E-02   6.2075895257294178E-03  -1.1784436646848917E-03   6.3216641137842089E-05   1.4481787729891948E-05  -1.7375220977555728E-06  -2.0451183502245840E-07   4.5297053219428562E-08  -2.1683119744153601E-09   2.4943541735410690E-02  -1.0107857175171375E-02  -1.3066635467112064E-02   5.6026959791779518E-03   1.3519148342311382E-02  -5.3335749544203281E-04  -1.6253909096121788E-02   8.2141384482383728E-03   2.1889827621635050E-04
   102       37   9.4000002718530595E-05   3.8447506725788116E-02   6.0754367150366306E-03  -1.1310417903587222E-03   5.6054836022667587E-05   1.4060458852327429E-05  -1.5527064078924013E-06  -1.9653960237064894E-07   4.0504694709397882E-08  -1.8619985553414153E-09   2.4168968200683594E-02  -9.3773454427719116E-03  -1.2594959698617458E-02   4.9164379015564919E-03   1.2666531838476658E-02  -1.6019589384086430E-04  -1.4895166270434856E-02   7.3458724655210972E-03   1.7118005780503154E-04
   102       38   9.9999997473787516E-05   3.7438355386257172E-02   5.8401543647050858E-03  -1.1015618219971657E-03   5.8245510444976389E-05   1.3559073522628751E-05  -1.6059574363680440E-06  -1.9121067396099534E-07   4.1878536194417393E-08  -1.9917503202293574E-09   2.3403285071253777E-02  -9.3900850042700768E-03  -1.2241745367646217E-02   5.1491726189851761E-03   1.2593004852533340E-02  -4.2344167013652623E-04  -1.5069070272147655E-02   7.5693782418966293E-03   1.9703476573340595E-04
   102       39   1.0599999950500205E-04   3.6230836063623428E-02   5.7123373262584209E-03  -1.0641108965501189E-03   5.3620329708792269E-05   1.3185951502237003E-05  -1.4862941952742403E-06  -1.8477000196526205E-07   3.8784552458537291E-08  -1.8019169489846831E-09   2.2753758355975151E-02  -8.8862329721450806E-03  -1.1867237277328968E-02   4.7040279023349285E-03   1.1994638480246067E-02  -1.9248921307735145E-04  -1.4144507236778736E-02   6.9843227975070477E-03   1.2850687198806554E-04
   102       40   1.1300000187475234E-04   3.5118289291858673E-02   5.5199316702783108E-03  -1.0297381086274981E-03   5.2844723541056737E-05   1.2703431821137201E-05  -1.4664123000329710E-06  -1.7835911592101183E-07   3.8315384642828576E-08  -1.8053106787263573E-09   2.2039586678147316E-02  -8.6612747982144356E-03  -1.1504497379064560E-02   4.6258210204541683E-03   1.1677186936140060E-02  -2.3935439821798354E-04  -1.3823977671563625E-02   6.8591078743338585E-03   1.7768355610314757E-04
   102       41   1.1899999663000926E-04   3.4131802618503571E-02   5.4099154658615589E-03  -1.0001801420003176E-03   4.9403628509026021E-05   1.2411180250637699E-05  -1.3762385151494527E-06  -1.7345564629067667E-07   3.5965680211802464E-08  -1.6603578512075501E-09   2.1478665992617607E-02  -8.2834977656602859E-03  -1.1177135631442070E-02   4.3246233835816383E-03   1.1213478632271290E-02  -1.1605450708884746E-04  -1.3164240866899490E-02   6.4756944775581360E-03   1.5582414926029742E-04
   102       42   1.2500000593718141E-04   3.3469118177890778E-02   5.2232895977795124E-03  -9.8017591517418623E-04   5.2341380069265142E-05   1.1992733561783098E-05  -1.4526268614645232E-06  -1.6914339084905805E-07   3.8031156890383500E-08  -1.8400219126135653E-09   2.0931439474225044E-02  -8.3869090303778648E-03  -1.0930985212326050E-02   4.6202973462641239E-03   1.1253654025495052E-02  -4.2305767419748008E-04  -1.3520915061235428E-02   6.8364152684807777E-03   1.9407091895118356E-04
   102       43   1.3150001177564263E-04   3.2470103353261948E-02   5.1367371343076229E-03  -9.4800157239660621E-04   4.7452456783503294E-05   1.1703222298820037E-05  -1.3261911817608052E-06  -1.6370321986869385E-07   3.4733886877802433E-08  -1.6276944236892632E-09   2.0458156242966652E-02  -7.8886765986680984E-03  -1.0672467760741711E-02   4.0946379303932190E-03   1.0696869343519211E-02  -5.4239848395809531E-05  -1.2497608549892902E-02   6.0933143831789494E-03   2.0445291011128575E-04
   102       44   1.3800000306218863E-04   3.1768303364515305E-02   4.9989623948931694E-03  -9.2871172819286585E-04   4.7945872211130336E-05   1.1415315384510905E-05  -1.3372338116823812E-06  -1.6033797578529629E-07   3.5031085587888811E-08  -1.6688284087962302E-09   1.9926954060792923E-02  -7.8370347619056702E-03  -1.0379692539572716E-02   4.2227590456604958E-03   1.0564247146248817E-02  -2.7718086494132876E-04  -1.2574479915201664E-02   6.2870499677956104E-03   1.9229420286137611E-04
   102       45   1.5000000712461770E-04   3.0346296727657318E-02   4.8339641653001308E-03  -8.8524579769000411E-04   4.3166674004169181E-05   1.0963972272293177E-05  -1.2127288755436894E-06  -1.5289876387214463E-07   3.1801821620547344E-08  -1.4739898190896383E-09   1.9131405279040337E-02  -7.2995177470147610E-03  -9.9359238520264626E-03   3.7713591009378433E-03   9.9153015762567520E-03  -5.1009825256187469E-05  -1.1592753231525421E-02   5.6701051071286201E-03   1.1349172564223409E-04
   102       46   1.6300000424962491E-04   2.9119813814759254E-02   4.6350490301847458E-03  -8.4842322394251823E-04   4.1729537770152092E-05   1.0479875527380500E-05  -1.1745579513444682E-06  -1.4626361632963381E-07   3.0840421771927140E-08  -1.4420176164264831E-09   1.8345106393098831E-02  -7.0254607126116753E-03  -9.5257749781012535E-03   3.6571971140801907E-03   9.5355520024895668E-03  -8.5168103396426886E-05  -1.1186349205672741E-02   5.4949871264398098E-03   1.2870439968537539E-04
   102       47   1.7499999376013875E-04   2.8031477704644203E-02   4.4978954829275608E-03  -8.1578805111348629E-04   3.8616795791313052E-05   1.0128458598046564E-05  -1.0926869435934350E-06  -1.4075838805638341E-07   2.8705201771117572E-08  -1.3156710165773688E-09   1.7708227038383484E-02  -6.6558788530528545E-03  -9.1710425913333893E-03   3.3804716076701880E-03   9.0751089155673981E-03   2.2423371774493717E-05  -1.0544124059379101E-02   5.1195630803704262E-03   1.4877530338708311E-04
   102       48   1.8800000543706119E-04   2.7092358097434044E-02   4.3245521374046803E-03  -7.8749121166765690E-04   3.8500154914800078E-05   9.7057700259028934E-06  -1.0902999747486319E-06  -1.3521851371933735E-07   2.8722745071263489E-08  -1.3521440633823545E-09   1.7071278765797615E-02  -6.5143643878400326E-03  -8.8459858670830727E-03   3.3953140955418348E-03   8.8499458506703377E-03  -9.2039568698965013E-05  -1.0399333201348782E-02   5.1235086284577847E-03   1.5576460282318294E-04
   102       49   1.9999999494757503E-04   2.6312137022614479E-02   4.1836327873170376E-03  -7.6541141606867313E-04   3.8306803617160767E-05   9.4066754172672518E-06  -1.0823810043802951E-06  -1.3152516942227521E-07   2.8493239767612977E-08  -1.3548481225811315E-09   1.6528248786926270E-02  -6.4022364094853401E-03  -8.5669495165348053E-03   3.4178795758634806E-03   8.6638014763593674E-03  -1.9390230590943247E-04  -1.0284479707479477E-02   5.1293103024363518E-03   1.6560280346311629E-04
   102       50   2.1899999410379678E-04   2.5237679481506348E-02   3.9740777574479580E-03  -7.3451164644211531E-04   3.8760961615480483E-05   8.9412142187939025E-06  -1.0924297839665087E-06  -1.2582505348746054E-07   2.8791989237220150E-08  -1.4104406531600944E-09   1.5758626163005829E-02  -6.2944311648607254E-03  -8.1744538620114326E-03   3.5218906123191118E-03   8.4535051137208939E-03  -3.9999047294259071E-04  -1.0248329490423203E-02   5.2399099804461002E-03   1.3323103485163301E-04
   102       51   2.3799999326001853E-04   2.4028876796364784E-02   3.8658415433019400E-03  -6.9661386078223586E-04   3.3054231607820839E-05   8.5936489995219745E-06  -9.4533424999099225E-07  -1.1919954090444662E-07   2.4998788816787965E-08  -1.1711261960201114E-09   1.5157484449446201E-02  -5.7173776440322399E-03  -7.8330980613827705E-03   2.9460918158292770E-03   7.7926185913383961E-03  -3.3690103009575978E-05  -9.1099906712770462E-03   4.4543654657900333E-03   1.4676313730888069E-04
   102       52   2.5599999935366213E-04   2.3235820233821869E-02   3.7138189654797316E-03  -6.7466666223481297E-04   3.3317453926429152E-05   8.2734304669429548E-06  -9.5003292699402664E-07  -1.1531000865261376E-07   2.5133244818675848E-08  -1.2034223617618522E-09   1.4576721005141735E-02  -5.6408257223665714E-03  -7.5270496308803558E-03   3.0403984710574150E-03   7.6324748806655407E-03  -2.1663795632775873E-04  -9.1101191937923431E-03   4.5772730372846127E-03   1.2678401253651828E-04
   102       53   2.7499999850988388E-04   2.2287467494606972E-02   3.6269093398004770E-03  -6.4624065998941660E-04   2.9004866519244388E-05   8.0317249739891849E-06  -8.3679253748414339E-07  -1.1074713057723784E-07   2.2161932733411049E-08  -1.0094898250656570E-09   1.4080548658967018E-02  -5.2086762152612209E-03  -7.2376802563667297E-03   2.6331101544201374E-03   7.1241143159568310E-03   1.5974495909176767E-05  -8.2852905616164207E-03   4.0375334210693836E-03   1.2898640125058591E-04
   102       54   2.9399999766610563E-04   2.1622035652399063E-02   3.4879557788372040E-03  -6.2687112949788570E-04   2.9609662306029350E-05   7.7258528108359315E-06  -8.5084241163713159E-07  -1.0707621100891629E-07   2.2551365219669606E-08  -1.0604161992944228E-09   1.3605148531496525E-02  -5.1619173027575016E-03  -7.0142601616680622E-03   2.7034506201744080E-03   7.0201177150011063E-03  -9.2144233349245042E-05  -8.2696778699755669E-03   4.0868371725082397E-03   1.7331942217424512E-04
   102       55   3.1299999682232738E-04   2.0887129008769989E-02   3.4106066450476646E-03  -6.0644448967650533E-04   2.6853176677832380E-05   7.5519478741625790E-06  -7.7687542443527491E-07  -1.0398743199857563E-07   2.0593295957382907E-08  -9.3237828568959458E-10   1.3170090503990650E-02  -4.8848888836801052E-03  -6.7536663264036179E-03   2.4967438075691462E-03   6.6737690940499306E-03  -1.9869987227139063E-05  -7.7961878851056099E-03   3.8170760963112116E-03   1.2492355017457157E-04
   102       56   3.3099998836405575E-04   2.0308420062065125E-02   3.3166997600346804E-03  -5.8877654373645782E-04   2.6086845537065528E-05   7.3092446655209642E-06  -7.5767673024529358E-07  -1.0043361697853470E-07   2.0159710345524218E-08  -9.2436325260791818E-10   1.2809205800294876E-02  -4.7480072826147079E-03  -6.5698712132871151E-03   2.4239593185484409E-03   6.4888913184404373E-03  -1.6299698472721502E-05  -7.5777117162942886E-03   3.7106282543390989E-03   1.4411195297725499E-04
   102       57   3.4999998752027750E-04   1.9850295037031174E-02   3.2019505742937326E-03  -5.7744450168684125E-04   2.7511388907441869E-05   7.1118756750365719E-06  -7.9068507830015733E-07  -9.8647873869595060E-08   2.0982103166033994E-08  -9.9305563772134064E-10   1.2416363693773746E-02  -4.8026191070675850E-03  -6.3779838383197784E-03   2.6188206393271685E-03   6.4899753779172897E-03  -2.3029184376355261E-04  -7.7928816899657249E-03   3.9461590349674225E-03   1.7966005543712527E-04
   102       58   3.6899998667649925E-04   1.9274687394499779E-02   3.1384606845676899E-03  -5.6044722441583872E-04   2.5366172849317081E-05   6.9528464337054174E-06  -7.3352629215150955E-07  -9.5897114249510196E-08   1.9476637191928603E-08  -8.9723511953465618E-10   1.2099305167794228E-02  -4.5744790695607662E-03  -6.2027578242123127E-03   2.4152221158146858E-03   6.2158242799341679E-03  -1.1779242777265608E-04  -7.3596830479800701E-03   3.6650886759161949E-03   1.5049782814458013E-04
   102       59   3.8799998583272099E-04   1.8695238977670670E-02   3.0927883926779032E-03  -5.4258550517261028E-04   2.2327838451019488E-05   6.8002455009263940E-06  -6.5526472781129996E-07  -9.2692388875548204E-08   1.7475660030186191E-08  -7.7081130367417927E-10   1.1816413141787052E-02  -4.2800754308700562E-03  -6.0346173122525215E-03   2.1197507157921791E-03   5.8782137930393219E-03   6.4414351072628051E-05  -6.7844907753169537E-03   3.2758589368313551E-03   1.6327518096659333E-04
   102       60   4.2500000563450158E-04   1.7917793244123459E-02   2.9442880768328905E-03  -5.2131904521957040E-04   2.2390959202311933E-05   6.5124950197059661E-06  -6.5176487851204001E-07  -8.9287226501255645E-08   1.7329364609963704E-08  -7.7666251208086123E-10   1.1269150301814079E-02  -4.1912770830094814E-03  -5.7706544175744057E-03   2.1550289820879698E-03   5.7202447205781937E-03  -2.2015907234163024E-05  -6.6815009340643883E-03   3.2641405705362558E-03   1.4042541442904621E-04
   102       61   4.6300000394694507E-04   1.7158471047878265E-02   2.8270590119063854E-03  -4.9946259241551161E-04   2.1148605810594745E-05   6.2458384491037577E-06  -6.1759538994010654E-07  -8.5427451779196417E-08   1.6452775142283826E-08  -7.3518341414668953E-10   1.0788472369313240E-02  -4.0024342015385628E-03  -5.5151907727122307E-03   2.0579420961439610E-03   5.4613398388028145E-03  -2.9014654501224868E-05  -6.3887163996696472E-03   3.1318773981183767E-03   1.6354261606466025E-04
   102       62   5.0000002374872565E-04   1.6491500660777092E-02   2.7326091658324003E-03  -4.8089661868289113E-04   1.9686374798766337E-05   6.0453962760220747E-06  -5.7672139064379735E-07  -8.2394606693014794E-08   1.5373265327411900E-08  -6.7303618234149098E-10   1.0369244031608105E-02  -3.8173154462128878E-03  -5.2856411784887314E-03   1.9500113558024168E-03   5.2119595929980278E-03  -2.0772244170075282E-05  -6.0908752493560314E-03   2.9895971529185772E-03   2.1573963749688119E-04
   102       63   5.3100002696737647E-04   1.6045546159148216E-02   2.6432641316205263E-03  -4.6910348464734852E-04   1.9920373233617283E-05   5.8839364101004321E-06  -5.7900837191482424E-07  -8.0587241768625972E-08   1.5389861829362417E-08  -6.8269789821329141E-10   1.0044447146356106E-02  -3.7825119215995073E-03  -5.1293359138071537E-03   1.9953174050897360E-03   5.1355808973312378E-03  -9.2280308308545500E-05  -6.0703381896018982E-03   3.0147735960781574E-03   1.6885031072888523E-04
   102       64   5.6299997959285975E-04   1.5605103224515915E-02   2.5630777236074209E-03  -4.5688272803090513E-04   1.9745873942156322E-05   5.7233091865782626E-06  -5.7184280422006850E-07  -7.8544459825025115E-08   1.5186044421966471E-08  -6.7883798582357713E-10   9.7457859665155411E-03  -3.7137891631573439E-03  -4.9821715801954269E-03   1.9898437894880772E-03   5.0272853113710880E-03  -1.2574535503517836E-04  -5.9761581942439079E-03   2.9848522972315550E-03   1.5359657118096948E-04
   102       65   5.9399998281151056E-04   1.5117827802896500E-02   2.5179989170283079E-03  -4.4196587987244129E-04   1.7469023077865131E-05   5.5942186918400694E-06  -5.1200066764067742E-07  -7.6085434841388633E-08   1.3618566718776037E-08  -5.7703614109172463E-10   9.5049906522035599E-03  -3.4802996087819338E-03  -4.8458622768521309E-03   1.7544587608426809E-03   4.7575291246175766E-03   2.0872785171377473E-05  -5.5149090476334095E-03   2.6724864728748798E-03   1.8044882745016366E-04
   102       66   6.2499998603016138E-04   1.4841984026134014E-02   2.4254394229501486E-03  -4.3510927935130894E-04   1.9362079910933971E-05   5.4327083489624783E-06  -5.5829178791100276E-07  -7.4800254878937267E-08   1.4814407478525027E-08  -6.7210248477778123E-10   9.2409513890743256E-03  -3.5808063112199306E-03  -4.7329789958894253E-03   1.9585643894970417E-03   4.8266113735735416E-03  -1.6939143824856728E-04  -5.7846433483064175E-03   2.9167318716645241E-03   1.6083533409982920E-04
   102       67   6.8800000008195639E-04   1.4073935337364674E-02   2.3361002095043659E-03  -4.1264406172558665E-04   1.6637379303574562E-05   5.2272298489697278E-06  -4.8381497208538349E-07  -7.1324812722650677E-08   1.2822032324777410E-08  -5.4336229959872639E-10   8.8216848671436310E-03  -3.2810955308377743E-03  -4.5091500505805016E-03   1.6825861530378461E-03   4.4671585783362389E-03  -7.2497182372899260E-06  -5.2005662582814693E-03   2.5287612807005644E-03   2.3269369557965547E-04
   102       68   7.5000000651925802E-04   1.3447939418256283E-02   2.2506236564368010E-03  -3.9469089824706316E-04   1.5086457096913364E-05   5.0312501116422936E-06  -4.4168231738694885E-07  -6.8239380368595448E-08   1.1731314586427288E-08  -4.8180015532750531E-10   8.4437131881713867E-03  -3.0864090658724308E-03  -4.2977016419172287E-03   1.5532639808952808E-03   4.2145051993429661E-03   1.9239274479332380E-05  -4.8826951533555984E-03   2.3670943919569254E-03   2.4121448223013431E-04
   102       69   8.1300002057105303E-04   1.2994443997740746E-02   2.1352928597480059E-03  -3.8156018126755953E-04   1.6338744899258018E-05   4.8013057494245004E-06  -4.7083179310902779E-07  -6.5903371648801112E-08   1.2461732090685018E-08  -5.4727578024937884E-10   8.1086605787277222E-03  -3.1023817136883736E-03  -4.1615162044763565E-03   1.6476319869980216E-03   4.1939448565244675E-03  -7.5448653660714626E-05  -4.9492875114083290E-03   2.4465420283377171E-03   1.9984251412097365E-04
   102       70   8.7500002700835466E-04   1.2496179901063442E-02   2.0692490506917238E-03  -3.6727311089634895E-04   1.4989042028901167E-05   4.6576701606682036E-06  -4.3328489596206055E-07  -6.3691366847251629E-08   1.1450361547815646E-08  -4.8402443164619058E-10   7.8168837353587151E-03  -2.9366433154791594E-03  -4.0016230195760727E-03   1.5218330081552267E-03   3.9851092733442783E-03  -2.6604580853017978E-05  -4.6577835455536842E-03   2.2770694922655821E-03   2.0042397954966873E-04
   102       71   9.3799998285248876E-04   1.2170000933110714E-02   1.9709409680217505E-03  -3.5931100137531757E-04   1.6717203834559768E-05   4.4988578338234220E-06  -4.7371122491313145E-07  -6.2529714739412157E-08   1.2448874819881439E-08  -5.6155363692411697E-10   7.5229401700198650E-03  -3.0173221603035927E-03  -3.8701312150806189E-03   1.7106746090576053E-03   4.0278504602611065E-03  -2.1373093477450311E-04  -4.8941653221845627E-03   2.5055601727217436E-03   2.2973485465627164E-04
   102       72   1.0000000474974513E-03   1.1702247895300388E-02   1.9304783781990409E-03  -3.4409671206958592E-04   1.4333121725940146E-05   4.3612849367491435E-06  -4.1201079170605226E-07  -5.9868078494673682E-08   1.0848118847661681E-08  -4.5910514279157155E-10   7.3162298649549484E-03  -2.7677512262016535E-03  -3.7557326722890139E-03   1.4383088564500213E-03   3.7495039869099855E-03  -2.7501255317474715E-05  -4.3833265081048012E-03   2.1427473984658718E-03   1.7932968330569565E-04
   102       73   1.0629999451339245E-03   1.1390114203095436E-02   1.8570821266621351E-03  -3.3444448490627110E-04   1.4938138519937638E-05   4.1860007513605524E-06  -4.2795008425855485E-07  -5.7717809198720715E-08   1.1314266856743416E-08  -5.0859816358439502E-10   7.0953052490949631E-03  -2.7567490469664335E-03  -3.6539048887789249E-03   1.4865068951621652E-03   3.7118338514119387E-03  -9.7277355962432921E-05  -4.4109630398452282E-03   2.2008356172591448E-03   2.4711398873478174E-04
   102       74   1.1249999515712261E-03   1.1165092699229717E-02   1.7746624071151018E-03  -3.2817228930070996E-04   1.6763124222052284E-05   4.0274803723150399E-06  -4.7363280941681296E-07  -5.6415171201251724E-08   1.2505805280227378E-08  -6.0362576048689220E-10   6.8845483474433422E-03  -2.8473527636379004E-03  -3.5702243912965059E-03   1.6589586157351732E-03   3.7798141129314899E-03  -2.5404492043890059E-04  -4.6467669308185577E-03   2.4094844702631235E-03   2.2472781711257994E-04
   102       75   1.1869999580085278E-03   1.0792170651257038E-02   1.7485653515905142E-03  -3.1609780853614211E-04   1.4582947187591344E-05   3.9288188418140635E-06  -4.1729194322215335E-07  -5.4288218365172725E-08   1.1050808268464607E-08  -5.0980808463663152E-10   6.7262849770486355E-03  -2.6315115392208099E-03  -3.4783005248755217E-03   1.4203011523932219E-03   3.5416951868683100E-03  -8.8482971477787942E-05  -4.2035481892526150E-03   2.0904853008687496E-03   2.1037345868535340E-04
   102       76   1.2499999720603228E-03   1.0499225929379463E-02   1.7151226056739688E-03  -3.0878011602908373E-04   1.3627672160509974E-05   3.8791627048340160E-06  -3.8972956417637761E-07  -5.3452424708666513E-08   1.0287174667666932E-08  -4.5647011170935059E-10   6.5392856486141682E-03  -2.5343322195112705E-03  -3.3630302641540766E-03   1.3648672029376030E-03   3.4117349423468113E-03  -9.0977926447521895E-05  -4.0563149377703667E-03   2.0275295246392488E-03   2.2086563694756478E-04
   102       77   1.3124999823048711E-03   1.0264071635901928E-02   1.6671965131536126E-03  -3.0185279319994152E-04   1.3760684851149563E-05   3.7758672988275066E-06  -3.9220108760673611E-07  -5.2241880155179388E-08   1.0343326195538793E-08  -4.6685177945704481E-10   6.3806162215769291E-03  -2.5048099923878908E-03  -3.2857069745659828E-03   1.3725491007789969E-03   3.3612956758588552E-03  -1.2158162280684337E-04  -4.0290481410920620E-03   2.0346294622868299E-03   2.8412116807885468E-04
   102       78   1.3749999925494194E-03   9.9831195548176765E-03   1.6322458395734429E-03  -2.9096342041157186E-04   1.2680476174864452E-05   3.6290512070991099E-06  -3.6671383440989302E-07  -4.9713367644699247E-08   9.7526307030193493E-09  -4.4162859480501027E-10   6.2755420804023743E-03  -2.3648024071007967E-03  -3.2508089207112789E-03   1.1931897606700659E-03   3.2182529103010893E-03   3.5581881093094125E-05  -3.7013327237218618E-03   1.7653693212196231E-03   2.6452820748090744E-04
   102       79   1.5000000130385160E-03   9.4928517937660217E-03   1.5884303720667958E-03  -2.7753153699450195E-04   1.0484998711035587E-05   3.5349244171811733E-06  -3.0756075375393266E-07  -4.7831495209038621E-08   8.1771753812631687E-09  -3.3497940532534187E-10   5.9979083016514778E-03  -2.1486312616616488E-03  -3.0684010125696659E-03   1.0245245648548007E-03   2.9511705506592989E-03   8.7210923084057868E-05  -3.3444426953792572E-03   1.5762469265609980E-03   4.0892019751481712E-04
   102       80   1.6250000335276127E-03   9.2418137937784195E-03   1.4895985368639231E-03  -2.7138963923789561E-04   1.2898664863314480E-05   3.3675007671263302E-06  -3.6697940686281072E-07  -4.6760717964389187E-08   9.6941201732647642E-09  -4.5079104338263676E-10   5.7361852377653122E-03  -2.2841186728328466E-03  -2.9603666625916958E-03   1.2743789702653885E-03   3.0574889387935400E-03  -1.3790630328003317E-04  -3.6929519847035408E-03   1.8793141935020685E-03   2.6819406775757670E-04
   102       81   1.7500000540167093E-03   8.8935922831296921E-03   1.4412363525480032E-03  -2.6164471637457609E-04   1.2117127880628686E-05   3.2647874377289554E-06  -3.4528272863099119E-07  -4.5277602112037130E-08   9.1063814267045018E-09  -4.1432665631724319E-10   5.5192229337990284E-03  -2.1802803967148066E-03  -2.8331372886896133E-03   1.2180107878521085E-03   2.9175700619816780E-03  -1.4732476847711951E-04  -3.5429939161986113E-03   1.8232855945825577E-03   3.5868812119588256E-04
   102       82   1.8749999580904841E-03   8.5604479536414146E-03   1.3996459310874343E-03  -2.5145531981252134E-04   1.0996779565175530E-05   3.1713184398540761E-06  -3.1365823360829381E-07  -4.3836703156330259E-08   8.2268085677128511E-09  -3.5541619647361244E-10   5.3504593670368195E-03  -2.0478381775319576E-03  -2.7574242558330297E-03   1.0743597522377968E-03   2.7679451741278172E-03  -3.2336662115994841E-05  -3.2480384688824415E-03   1.5949745429679751E-03   2.8898255550302565E-04
   102       83   2.0000000949949026E-03   8.3006070926785469E-03   1.3541170628741384E-03  -2.4436763487756252E-04   1.0870915502891876E-05   3.0713895284861792E-06  -3.1005669143269188E-07  -4.2398021093958960E-08   8.1702964394025912E-09  -3.6217698284879418E-10   5.1650754176080227E-03  -2.0080641843378544E-03  -2.6512150652706623E-03   1.0936597827821970E-03   2.7003234717994928E-03  -9.1412737674545497E-05  -3.2315652351826429E-03   1.6292735235765576E-03   3.6984382313676178E-04
   102       84   2.1879998967051506E-03   7.9899756237864494E-03   1.2748698936775327E-03  -2.3506123397964984E-04   1.1754014849429950E-05   2.9014161100349156E-06  -3.3169845892189187E-07  -4.0572142978589909E-08   8.7403018156351209E-09  -4.1483705359723899E-10   4.9365321174263954E-03  -2.0170358475297689E-03  -2.5535013992339373E-03   1.1624188628047705E-03   2.6835396420210600E-03  -1.6827067884150892E-04  -3.2883656676858664E-03   1.7009638249874115E-03   3.8030659197829664E-04
   102       85   2.3749999236315489E-03   7.6502347365021706E-03   1.2277341447770596E-03  -2.2465489746537060E-04   1.0908407602983061E-05   2.7811670406663325E-06  -3.0929354011277610E-07  -3.8743834807064559E-08   8.1581248423390207E-09  -3.8234043708840204E-10   4.7441679053008556E-03  -1.9035815494135022E-03  -2.4517707061022520E-03   1.0712726507335901E-03   2.5447749067097902E-03  -1.2484268518164754E-04  -3.0835221987217665E-03   1.5740176895633340E-03   3.6085824831388891E-04
   102       86   2.5629999581724405E-03   7.3294811882078648E-03   1.1932705529034138E-03  -2.1532658138312399E-04   9.6782550826901570E-06   2.7004916773876175E-06  -2.7604204433373525E-07  -3.7352485549035919E-08   7.2673196349626323E-09  -3.2346048062237287E-10   4.5688808895647526E-03  -1.7704861238598824E-03  -2.3489177692681551E-03   9.5634470926597714E-04   2.3844419047236443E-03  -6.9545778387691826E-05  -2.8425625059753656E-03   1.4262051554396749E-03   3.9333209861069918E-04
   102       87   2.7499999850988388E-03   7.0160776376724243E-03   1.1685631470754743E-03  -2.0534661598503590E-04   8.0051022450788878E-06   2.6135385269299150E-06  -2.3298400719795609E-07  -3.5566976919199078E-08   6.1617164703875460E-09  -2.5329249808692111E-10   4.4252262450754642E-03  -1.6026897355914116E-03  -2.2640191018581390E-03   7.8121758997440338E-04   2.1961855236440897E-03   4.4470722059486434E-05  -2.5095646269619465E-03   1.1943229474127293E-03   3.5409678821451962E-04
   102       88   2.9380000196397305E-03   6.7493654787540436E-03   1.1448174482211471E-03  -1.9790904480032623E-04   6.7775877141684759E-06   2.5617803203203948E-06  -1.9976778276031837E-07  -3.4528152781376775E-08   5.2734345779015257E-09  -1.9292299702211579E-10   4.2793336324393749E-03  -1.4826114056631923E-03  -2.1734747570008039E-03   6.7687069531530142E-04   2.0510021131485701E-03   9.2657304776366800E-05  -2.2933708969503641E-03   1.0648685274645686E-03   6.2923360383138061E-04
   102       89   3.1250000465661287E-03   6.7026079632341862E-03   1.0581787209957838E-03  -1.9687798339873552E-04   1.0388997907284647E-05   2.4001335532375379E-06  -2.9309350679795898E-07  -3.3728110082620333E-08   7.7486284055794385E-09  -3.8157521586867915E-10   4.1262335143983364E-03  -1.7246914794668555E-03  -2.1366644650697708E-03   1.0259010596200824E-03   2.2834958508610725E-03  -1.8670254212338477E-04  -2.8433038387447596E-03   1.4988506445661187E-03   3.6375492345541716E-04
   102       90   3.3120000734925270E-03   6.4335274510085583E-03   1.0513034649193287E-03  -1.8855444795917720E-04   8.2833257692982443E-06   2.3648797196074156E-06  -2.3764049217334104E-07  -3.2563207241764758E-08   6.2779683673852560E-09  -2.7886029596579931E-10   4.0238769724965096E-03  -1.5367048326879740E-03  -2.0700858440250158E-03   8.0992258153855801E-04   2.0799399353563786E-03  -3.0116932975943200E-05  -2.4480645079165697E-03   1.2069863732904196E-03   3.2264532637782395E-04
   102       91   3.5000001080334187E-03   6.2139020301401615E-03   1.0342880850657821E-03  -1.8142801127396524E-04   7.0937953751126770E-06   2.3018408228381304E-06  -2.0717658344437950E-07  -3.1283597934361751E-08   5.4957793871324156E-09  -2.2919897924023047E-10   3.9264522492885590E-03  -1.4150334754958749E-03  -2.0112406928092241E-03   6.8156962515786290E-04   1.9427579827606678E-03   5.0253413064638153E-05  -2.2090119309723377E-03   1.0457234457135201E-03   3.6612377152778208E-04
   102       92   3.6875000223517418E-03   6.0979453846812248E-03   9.9500268697738647E-04  -1.7857708735391498E-04   7.9288765846285969E-06   2.2321758024190785E-06  -2.2788027820297430E-07  -3.0730284095170646E-08   6.0352256525675330E-09  -2.7207341934953888E-10   3.8117093499749899E-03  -1.4601339353248477E-03  -1.9582330714911222E-03   7.7765714377164841E-04   1.9744848832488060E-03  -4.1965129639720544E-05  -2.3388408590108156E-03   1.1631803354248405E-03   4.1831983253359795E-04
   102       93   3.8749999366700649E-03   5.9524723328649998E-03   9.6315477276220918E-04  -1.7300958279520273E-04   8.0105874076252803E-06   2.1328814909793437E-06  -2.3110263214221050E-07  -2.9381876487377667E-08   6.1560871955634866E-09  -2.9039956550569457E-10   3.7363672163337469E-03  -1.4307784149423242E-03  -1.9364386098459363E-03   7.4508285615593195E-04   1.9417250296100974E-03  -9.7764859674498439E-06  -2.2666682489216328E-03   1.1024320265278220E-03   4.3795412057079375E-04
   102       94   4.0624998509883881E-03   5.8442992158234119E-03   9.3739974545314908E-04  -1.7160228162538260E-04   8.3392087617539801E-06   2.1252023998385994E-06  -2.3617229771843995E-07  -2.9622533759265934E-08   6.2229958963655463E-09  -2.9091959397042899E-10   3.6258413456380367E-03  -1.4552290085703135E-03  -1.8777104560285807E-03   8.1561045954003930E-04   1.9499281188473105E-03  -8.1199243140872568E-05  -2.3460409138351679E-03   1.1805308749899268E-03   3.6828665179200470E-04
   102       95   4.2500002309679985E-03   5.7167159393429756E-03   9.1389392036944628E-04  -1.6752754163462669E-04   8.3032664406346157E-06   2.0614029381249566E-06  -2.3579539742968336E-07  -2.8746431013360052E-08   6.2353233687417742E-09  -2.9782484811669008E-10   3.5456281621009111E-03  -1.4275730354711413E-03  -1.8323353724554181E-03   8.0936437007039785E-04   1.9077437464147806E-03  -1.0291026410413906E-04  -2.3220542352646589E-03   1.1933397036045790E-03   4.2346760164946318E-04
   102       96   4.4375001452863216E-03   5.4673850536346436E-03   9.3621446285396814E-04  -1.5998465823940933E-04   5.0753073992382269E-06   2.0804320683964761E-06  -1.5197106506548153E-07  -2.7817876002700359E-08   4.0337968520987033E-09  -1.4062592756935999E-10   3.4831927623599768E-03  -1.1696921428665519E-03  -1.7623411258682609E-03   5.0759699661284685E-04   1.6324433963745832E-03   1.0555754124652594E-04  -1.7944136634469032E-03   8.1373035209253430E-04   4.2479392141103745E-04
   102       97   4.6250000596046448E-03   5.4018930532038212E-03   9.0407131938263774E-04  -1.5871229697950184E-04   6.0364154705894180E-06   2.0296454295021249E-06  -1.7600635260350828E-07  -2.7560018267536179E-08   4.6579091694809449E-09  -1.8788486044751807E-10   3.3965404145419598E-03  -1.2308869045227766E-03  -1.7223553732037544E-03   6.1797647504135966E-04   1.6815358540043235E-03   4.0148896118807897E-07  -1.9581925589591265E-03   9.6145161660388112E-04   5.5365148000419140E-04
   102       98   4.9999998882412910E-03   5.2316328510642052E-03   8.5822149412706494E-04  -1.5406199963763356E-04   6.6461129790695850E-06   1.9447161321295425E-06  -1.9022870390017488E-07  -2.6767811078798331E-08   5.0130446460627809E-09  -2.1779979209046729E-10   3.2603454310446978E-03  -1.2509928783401847E-03  -1.6666144365444779E-03   6.7587837111204863E-04   1.6882750205695629E-03  -5.0422491767676547E-05  -2.0142919383943081E-03   1.0119370417669415E-03   4.8580532893538475E-04
   102       99   5.3130001761019230E-03   5.0819013267755508E-03   8.2950707292184234E-04  -1.4958054816816002E-04   6.6388433879183140E-06   1.8802901422532159E-06  -1.8952121649817855E-07  -2.5958449612062395E-08   4.9937196600069456E-09  -2.2093112062027132E-10   3.1632238533347845E-03  -1.2263128301128745E-03  -1.6201258404180408E-03   6.7040073918178678E-04   1.6518995398655534E-03  -5.7745430240174755E-05  -1.9791459199041128E-03   9.9775928538292646E-04   4.9756682710722089E-04
   102      100   5.6250002235174179E-03   4.9278498627245426E-03   8.0702110426500440E-04  -1.4448066940531135E-04   6.2716198954149149E-06   1.8149663674194016E-06  -1.8019984793227195E-07  -2.4953187960363721E-08   4.7633004207625618E-09  -2.1033448593943405E-10   3.0829992610961199E-03  -1.1721495538949966E-03  -1.5825510490685701E-03   6.1747367726638913E-04   1.5879512066021562E-03  -2.3867549316491932E-05  -1.8701661610975862E-03   9.2482601758092642E-04   5.5325141875073314E-04
   102      101   5.9380000457167625E-03   4.8042745329439640E-03   7.8770093386992812E-04  -1.4204674516804516E-04   6.1618161453225184E-06   1.7998042949329829E-06  -1.7532417473375972E-07  -2.4850571378465247E-08   4.5995456332548201E-09  -1.9715873378345350E-10   2.9826934915035963E-03  -1.1577231343835592E-03  -1.5202923677861691E-03   6.4100296003744006E-04   1.5556704020127654E-03  -6.9435671321116388E-05  -1.8795313080772758E-03   9.6003076760098338E-04   5.8036152040585876E-04
   102      102   6.2500000931322575E-03   4.6137967146933079E-03   7.8571762423962355E-04  -1.3529945863410830E-04   4.4980715756537393E-06   1.7558689933139249E-06  -1.3325293934940419E-07  -2.3599197263024507E-08   3.5228593375791206E-09  -1.2610484878550210E-10   2.9285468626767397E-03  -1.0036623571068048E-03  -1.4823287492617965E-03   4.5410482562147081E-04   1.3919919729232788E-03   6.5756838012021035E-05  -1.5542777255177498E-03   7.2267692303285003E-04   5.7399226352572441E-04
   102      103   6.5625002607703209E-03   4.5538316480815411E-03   7.5005419785156846E-04  -1.3374659465625882E-04   5.6210346883744933E-06   1.6909719988689176E-06  -1.6170386629710265E-07  -2.3203584831321677E-08   4.2662673394033845E-09  -1.8307171056886062E-10   2.8503465000540018E-03  -1.0726036271080375E-03  -1.4569044578820467E-03   5.6187214795500040E-04   1.4547057216987014E-03  -2.1946318156551570E-05  -1.7143548466265202E-03   8.5056253010407090E-04   6.8403227487578988E-04
   102      104   6.8749999627470970E-03   4.4023632071912289E-03   7.4510712875053287E-04  -1.2859901471529156E-04   4.4597436499316245E-06   1.6562815972065437E-06  -1.3195499093399121E-07  -2.2302604207879995E-08   3.4970897289099412E-09  -1.3195768089335758E-10   2.7992273680865765E-03  -9.6364744240418077E-04  -1.4251820975914598E-03   4.3166670366190374E-04   1.3378161238506436E-03   7.3305418482050300E-05  -1.4826245605945587E-03   6.8021158222109079E-04   8.8229571701958776E-04
   102      105   7.1874996647238731E-03   4.3194610625505447E-03   7.3404412250965834E-04  -1.2842893193010241E-04   4.4368402996042278E-06   1.6803678590804338E-06  -1.2866770759956125E-07  -2.2791553533352271E-08   3.3600173754422258E-09  -1.1671359712028817E-10   2.7007919270545244E-03  -9.7103242296725512E-04  -1.3466759119182825E-03   5.0379731692373753E-04   1.3210416072979569E-03  -3.3561711461516097E-05  -1.5751668252050877E-03   8.0222007818520069E-04   6.7319202935323119E-04
   102      106   7.4999998323619366E-03   4.2498176917433739E-03   6.9937761873006821E-04  -1.2377201346680522E-04   5.1750339480349794E-06   1.5546373788311030E-06  -1.5006591524979740E-07  -2.1250841086839500E-08   3.9798502271537473E-09  -1.7399935658968246E-10   2.6830192655324936E-03  -9.8699308000504971E-04  -1.3857105514034629E-03   4.8266944941133261E-04   1.3545695692300797E-03   3.8669350033160299E-05  -1.5339220408350229E-03   7.1312452200800180E-04   9.9459162447601557E-04
   102      107   7.6562501490116119E-03   4.3154326267540455E-03   6.5335119143128395E-04  -1.2530204548966140E-04   7.8217899499577470E-06   1.4647515627075336E-06  -2.1899472812947351E-07  -2.1011802076031927E-08   5.8075420028558256E-09  -3.1117416976478296E-10   2.6525112334638834E-03  -1.1731900740414858E-03  -1.4119970146566629E-03   7.1083154762163758E-04   1.5490171499550343E-03  -1.1515674850670621E-04  -1.9110123394057155E-03   9.8041642922908068E-04   9.1551651712507010E-04
   102      108   7.8125000000000000E-03   4.1372105479240417E-03   6.9262267788872123E-04  -1.2017506378469989E-04   4.4830990191258024E-06   1.5267787603079341E-06  -1.3233807294454891E-07  -2.0621854446289944E-08   3.5238361117961858E-09  -1.4435776185539595E-10   2.6344424113631248E-03  -9.1880204854533076E-04  -1.3529969146475196E-03   4.1135281207971275E-04   1.2758135562762618E-03   7.7665266871917993E-05  -1.4046359574422240E-03   6.3459714874625206E-04   7.2283664485439658E-04
   102      109   8.1249997019767761E-03   4.1513964533805847E-03   6.4854155061766505E-04  -1.2094689736841246E-04   6.6506595430837478E-06   1.4541801647283137E-06  -1.8785293320888741E-07  -2.0499408392993246E-08   4.9794799394931033E-09  -2.5248611534856025E-10   2.5701476261019707E-03  -1.0724380845203996E-03  -1.3476976891979575E-03   6.2006706139072776E-04   1.4299306785687804E-03  -7.6659540354739875E-05  -1.7366101965308189E-03   8.8048289762809873E-04   8.9927704539150000E-04
   102      110   8.4374994039535522E-03   3.9971703663468361E-03   6.6164630698040128E-04  -1.1634999827947468E-04   4.6916084102122113E-06   1.4669375332232448E-06  -1.3682104338386125E-07  -1.9970048725781453E-08   3.6342742149031437E-09  -1.5592206692449651E-10   2.5297249667346478E-03  -9.1501505812630057E-04  -1.3024777872487903E-03   4.3794690282084048E-04   1.2603499926626682E-03   4.5258726458996534E-05  -1.4187813503667712E-03   6.5597932552918792E-04   7.3895353125408292E-04
   102      111   8.5937492549419403E-03   3.9987559430301189E-03   6.4461462898179889E-04  -1.1683579214150086E-04   5.5283157962549012E-06   1.4444561884374707E-06  -1.5804580755229836E-07  -2.0012020485182802E-08   4.1869157030305360E-09  -1.9628143554939470E-10   2.4959705770015717E-03  -9.7585585899651051E-04  -1.2899376451969147E-03   5.2979041356593370E-04   1.3166858116164804E-03  -3.4885066270362586E-05  -1.5653982991352677E-03   7.7907426748424768E-04   1.0549062862992287E-03
   102      112   8.7500000372529030E-03   4.0074945427477360E-03   6.1903987079858780E-04  -1.1609004286583513E-04   6.6735979089571629E-06   1.3770444411420613E-06  -1.8842908389160584E-07  -1.9490444813641261E-08   5.0055910527646574E-09  -2.6071356185042305E-10   2.4868650361895561E-03  -1.0468817781656981E-03  -1.3184306444600224E-03   5.9817725559696555E-04   1.3998601352795959E-03  -5.2891704399371520E-05  -1.6752296360209584E-03   8.2547566853463650E-04   1.1168097844347358E-03
   102      113   9.0625006705522537E-03   3.8767249789088964E-03   6.3087948365136981E-04  -1.1276526493020356E-04   5.0364883463771548E-06   1.4011590110385441E-06  -1.4528862379847851E-07  -1.9262124340002629E-08   3.8579925920600999E-09  -1.7656351380956892E-10   2.4403682909905910E-03  -9.1946264728903770E-04  -1.2645967071875930E-03   4.6563360956497490E-04   1.2548157246783376E-03   1.5367924788733944E-05  -1.4416142366826534E-03   6.8467156961560249E-04   9.6187298186123371E-04
   102      114   9.1406255960464478E-03   4.0425537154078484E-03   5.7090626796707511E-04  -1.1858357174787670E-04   9.3260514404391870E-06   1.3205798268245417E-06  -2.5569852368789725E-07  -1.9819665908471507E-08   6.7541492398959235E-09  -3.8714639827297503E-10   2.3986725136637688E-03  -1.2449532514438033E-03  -1.2873654486611485E-03   8.9105957886204123E-04   1.5852875076234341E-03  -3.0707410769537091E-04  -2.1482191514223814E-03   1.2209422420710325E-03   1.0071388678625226E-03
   102      115   9.2187505215406418E-03   3.9139590226113796E-03   6.0826359549537301E-04  -1.1530546908034012E-04   6.5266585806966759E-06   1.3933652098785387E-06  -1.8237344079352624E-07  -1.9807613327316176E-08   4.8051336243304377E-09  -2.4216559313394725E-10   2.3907516151666641E-03  -1.0398925514891744E-03  -1.2404555454850197E-03   6.4986752113327384E-04   1.3664963189512491E-03  -1.4866671699564904E-04  -1.7380102071911097E-03   9.3440967611968517E-04   1.1336366878822446E-03
   102      116   9.2968754470348358E-03   3.8989351596683264E-03   5.9787806821987033E-04  -1.1325841478537768E-04   6.7265755205880851E-06   1.3377372169998125E-06  -1.8913809185505670E-07  -1.9038928655845666E-08   5.0192268119531036E-09  -2.6407842579345697E-10   2.4058388080447912E-03  -1.0366394417360425E-03  -1.2730740709230304E-03   6.1481475131586194E-04   1.3760001165792346E-03  -8.6975363956298679E-05  -1.6830159584060311E-03   8.5591169772669673E-04   1.1415334884077311E-03
   102      117   9.3359379097819328E-03   3.8439224008470774E-03   6.1072636162862182E-04  -1.1127431935165077E-04   5.6245135056087747E-06   1.3496963902071002E-06  -1.6091735233203508E-07  -1.8771160625874472E-08   4.2832728475161730E-09  -2.1148717499475111E-10   2.4104882031679153E-03  -9.4978197012096643E-04  -1.2652088189497590E-03   5.0193094648420811E-04   1.2871961807832122E-03  -1.7518955246487167E-06  -1.4944892609491944E-03   7.1416003629565239E-04   1.0885564843192697E-03
   102      118   9.3750003725290298E-03   3.9502186700701714E-03   5.7427311548963189E-04  -1.1513836943777278E-04   8.3020722740911879E-06   1.3038144288657350E-06  -2.2982344205502159E-07  -1.9180763644044418E-08   6.0904343790468829E-09  -3.4251154690245755E-10   2.3828214034438133E-03  -1.1541672283783555E-03  -1.2744972482323647E-03   7.7406840864568949E-04   1.4919498935341835E-03  -2.1610026306007057E-04  -1.9481863128021359E-03   1.0676808888092637E-03   9.2264654813334346E-04
   102      119   9.5312502235174179E-03   3.8691903464496136E-03   5.8801035629585385E-04  -1.1325203377055004E-04   6.9984826041036285E-06   1.3358893511394854E-06  -1.9523744754224026E-07  -1.9179067223262791E-08   5.1634616582418857E-09  -2.7319552176052753E-10   2.3603753652423620E-03  -1.0583422845229506E-03  -1.2413727818056941E-03   6.6918303491547704E-04   1.3871430419385433E-03  -1.5160485054366291E-04  -1.7630457878112793E-03   9.4143731985241175E-04   1.0071457363665104E-03
   102      120   9.5703126862645149E-03   3.9076684042811394E-03   5.7090900372713804E-04  -1.1432304745540023E-04   8.1272091847495176E-06   1.3035729580224142E-06  -2.2481835060261801E-07  -1.9147467611446700E-08   5.9515028461021302E-09  -3.3209765493147358E-10   2.3510758765041828E-03  -1.1392448795959353E-03  -1.2489111395552754E-03   7.7338941628113389E-04   1.4683181652799249E-03  -2.3351814888883382E-04  -1.9401462050154805E-03   1.0811290703713894E-03   1.1883797124028206E-03
   102      121   9.5715336501598358E-03   3.7029278464615345E-03   6.3412432791665196E-04  -1.0706468310672790E-04   3.3124072160717333E-06   1.3822766504745232E-06  -1.0085048529617779E-07  -1.8367062537549828E-08   2.7000555125056280E-09  -9.6596668164306010E-11   2.3897397331893444E-03  -7.7003828482702374E-04  -1.2242685770615935E-03   2.8774506063200533E-04   1.0953620076179504E-03   1.4256661233957857E-04  -1.1289579560980201E-03   4.5651925029233098E-04   1.1368687264621258E-03
   102      122   9.5727536827325821E-03   3.6565028131008148E-03   6.5041577909141779E-04  -1.0587356518954039E-04   2.1711075532948598E-06   1.4138837514110492E-06  -7.0976568622427294E-08  -1.8386225875133277E-08   1.9057919686815694E-09  -3.7365010391310349E-11   2.3912887554615736E-03  -6.8703392753377557E-04  -1.2082229368388653E-03   1.8789536261465400E-04   1.0075009195134044E-03   2.0979059627279639E-04  -9.6052087610587478E-04   3.3719485509209335E-04   1.2730602174997330E-03
   102      123   9.5733646303415298E-03   3.8740965537726879E-03   5.8410211931914091E-04  -1.1381882359273732E-04   7.2710899985395372E-06   1.3366831126404577E-06  -2.0208592843573570E-07  -1.9308657783767558E-08   5.3402091637622107E-09  -2.8535815377317419E-10   2.3460725788027048E-03  -1.0801634052768350E-03  -1.2283327523618937E-03   7.1051012491807342E-04   1.4019912341609597E-03  -2.0167717593722045E-04  -1.8330996390432119E-03   1.0166731663048267E-03   1.0882620699703693E-03
   102      124   9.5739746466279030E-03   3.8949060253798962E-03   5.7747203391045332E-04  -1.1452817125245929E-04   7.7625600169994868E-06   1.3282060535857454E-06  -2.1468740385444107E-07  -1.9383563198971387E-08   5.6696607408923683E-09  -3.0920691007629841E-10   2.3429240100085735E-03  -1.1180980363860726E-03  -1.2330280151218176E-03   7.5835792813450098E-04   1.4420369407162070E-03  -2.3418520868290216E-04  -1.9116781186312437E-03   1.0708331828936934E-03   1.0112188756465912E-03
   102      125   9.5751956105232239E-03   3.7445693742483854E-03   6.2550680013373494E-04  -1.0956593905575573E-04   4.1828561734291725E-06   1.3975371757624089E-06  -1.2207424049393012E-07  -1.8976260562908465E-08   3.2305838004731413E-09  -1.3104702045740879E-10   2.3658187128603458E-03  -8.4752874681726098E-04  -1.2073930120095611E-03   4.0906301001086831E-04   1.1661448515951633E-03   3.0129991500871256E-05  -1.3261311687529087E-03   6.2612810870632529E-04   1.1440506204962730E-03
   102      126   9.5776366069912910E-03   3.7387663032859564E-03   6.2752777012065053E-04  -1.0946880502160639E-04   4.0424806684313808E-06   1.4030706552148331E-06  -1.1827916068796185E-07  -1.9008288276722851E-08   3.1268683198248937E-09  -1.2301407115167251E-10   2.3652417585253716E-03  -8.3793775411322713E-04  -1.2051770463585854E-03   3.9762214873917401E-04   1.1560351122170687E-03   3.8454625610029325E-05  -1.3058549957349896E-03   6.1135226860642433E-04   1.0469463886693120E-03
   102      127   9.5800776034593582E-03   3.7971502169966698E-03   6.0898181982338428E-04  -1.1148193152621388E-04   5.4356551117962226E-06   1.3781714187643956E-06  -1.5424282651110843E-07  -1.9199701384309265E-08   4.0723562300115645E-09  -1.9180448895816937E-10   2.3545266594737768E-03  -9.4403373077511787E-04  -1.2130154063925147E-03   5.3656724048778415E-04   1.2635283637791872E-03  -6.8558802013285458E-05  -1.5383013524115086E-03   7.8946887515485287E-04   1.1907903244718909E-03
   102      128   9.5898434519767761E-03   3.7420161534100771E-03   6.2481849454343319E-04  -1.0946625116048381E-04   4.1962625800806563E-06   1.3947545767223346E-06  -1.2255549108886044E-07  -1.8937861057111149E-08   3.2465015120664020E-09  -1.3259143782917704E-10   2.3637332487851381E-03  -8.4718287689611316E-04  -1.2050142977386713E-03   4.1064806282520294E-04   1.1638952419161797E-03   2.4083303287625313E-05  -1.3303342275321484E-03   6.3596700783818960E-04   1.0332877282053232E-03
   102      129   9.5922853797674179E-03   3.7173097953200340E-03   6.3353206496685743E-04  -1.0888174438150600E-04   3.5921182188758394E-06   1.4126513860901468E-06  -1.0670351713315540E-07  -1.8966218817695335E-08   2.8242772565079122E-09  -1.0096462554898267E-10   2.3634550161659718E-03  -8.0356630496680737E-04  -1.1950327316299081E-03   3.5954278428107500E-04   1.1169592617079616E-03   5.6462828069925308E-05  -1.2440524296835065E-03   5.7761749485507607E-04   1.1044632410630584E-03
   102      130   9.5947263762354851E-03   3.7052277475595474E-03   6.3392799347639084E-04  -1.0776877024909481E-04   3.3950573197216727E-06   1.3965052403364098E-06  -1.0226808910829277E-07  -1.8633215859154006E-08   2.7219388964994096E-09  -9.5978058833878777E-11   2.3765740916132927E-03  -7.8210065839812160E-04  -1.2109988601878285E-03   3.1569963903166354E-04   1.1030215537175536E-03   1.1005825945176184E-04  -1.1717758607119322E-03   4.9904373008757830E-04   1.2750640744343400E-03
   102      131   9.5996093004941940E-03   3.7939993198961020E-03   6.0528836911544204E-04  -1.1076159717049450E-04   5.5281789173022844E-06   1.3563253560278099E-06  -1.5740833703148382E-07  -1.8895081055347873E-08   4.1730889854818543E-09  -2.0180535020841717E-10   2.3612033110111952E-03  -9.4355928013101220E-04  -1.2242689263075590E-03   5.2579113980755210E-04   1.2664508540183306E-03  -5.1648305088747293E-05  -1.5239771455526352E-03   7.7070371480658650E-04   1.0599122615531087E-03
   102      132   9.6044922247529030E-03   3.8256130646914244E-03   5.9311150107532740E-04  -1.1146810720674694E-04   6.3383608903677668E-06   1.3314928537511150E-06  -1.7856649492387078E-07  -1.8851620708915107E-08   4.7342911813075261E-09  -2.4376459184516364E-10   2.3618079721927643E-03  -1.0018569882959127E-03  -1.2399291153997183E-03   5.9154903283342719E-04   1.3305043103173375E-03  -8.8581917225383222E-05  -1.6335789114236832E-03   8.3985499804839492E-04   1.3150247978046536E-03
   102      133   9.6093751490116119E-03   3.8148649036884308E-03   5.9632462216541171E-04  -1.1116836685687304E-04   6.0992679209448397E-06   1.3370428177950089E-06  -1.7235420557426551E-07  -1.8839170223827750E-08   4.5701731288261271E-09  -2.3166425722198625E-10   2.3617339320480824E-03  -9.8397035617381334E-04  -1.2361933477222919E-03   5.7024892885237932E-04   1.3112263986840844E-03  -7.5113086495548487E-05  -1.5980364987626672E-03   8.1604102160781622E-04   1.1334870941936970E-03
   102      134   9.6118170768022537E-03   3.7317329552024603E-03   6.1957066645845771E-04  -1.0772167297545820E-04   4.2181527533102781E-06   1.3524559108191170E-06  -1.2459200604553189E-07  -1.8287636294189724E-08   3.3325939785555647E-09  -1.4419548888255918E-10   2.3841990623623133E-03  -8.3401176379993558E-04  -1.2353322235867381E-03   3.6515318788588047E-04   1.1624672915786505E-03   8.9854627731256187E-05  -1.2591175036504865E-03   5.4923840798437595E-04   1.2716141063719988E-03
   102      135   9.6142580732703209E-03   3.6702882498502731E-03   6.4546911744400859E-04  -1.0711853246903047E-04   2.6010379770013969E-06   1.4232253988666344E-06  -8.1381870131735923E-08  -1.8720188066367882E-08   2.1647719172790403E-09  -5.3908072450425948E-11   2.3703575134277344E-03  -7.2507379809394479E-04  -1.1897515505552292E-03   2.5601967354305089E-04   1.0366099886596203E-03   1.3444059004541487E-04  -1.0727229528129101E-03   4.4962778338231146E-04   1.2237451737746596E-03
   102      136   9.6166990697383881E-03   3.7548360414803028E-03   6.1777362134307623E-04  -1.0983538231812418E-04   4.6271188693935983E-06   1.3828389455738943E-06  -1.3365534812237456E-07  -1.8942058588322652E-08   3.5379450480377272E-09  -1.5409058751192362E-10   2.3594074882566929E-03  -8.7849702686071396E-04  -1.2097045546397567E-03   4.4875792809762061E-04   1.1967648752033710E-03  -9.1179242645011982E-07  -1.3928404077887535E-03   6.7955208942294121E-04   1.1263539781793952E-03
   102      137   9.6179200336337090E-03   3.7792669609189034E-03   6.0575240058824420E-04  -1.0974629549309611E-04   5.3140897762204986E-06   1.3449500784190604E-06  -1.5220889792999515E-07  -1.8640005094994194E-08   4.0433936199235632E-09  -1.9400898942922851E-10   2.3703482002019882E-03  -9.2235876945778728E-04  -1.2373217614367604E-03   4.8417571815662086E-04   1.2517709983512759E-03  -7.4472586675256025E-07  -1.4530706685036421E-03   6.9568533217534423E-04   9.6131482860073447E-04
   102      138   9.6191409975290298E-03   3.8296442944556475E-03   5.9219746617600322E-04  -1.1200279550394043E-04   6.4554242271697149E-06   1.3389044397627003E-06  -1.8121805567261617E-07  -1.9019079644522208E-08   4.7961847826627491E-09  -2.4702134782117469E-10   2.3525911383330822E-03  -1.0139109799638391E-03  -1.2303736293688416E-03   6.1645079404115677E-04   1.3383710756897926E-03  -1.1852820171043277E-04  -1.6740753781050444E-03   8.8285293895751238E-04   1.0928880656138062E-03
   102      139   9.6203619614243507E-03   3.7344605661928654E-03   6.2012195121496916E-04  -1.0831672989297658E-04   4.2519527596596163E-06   1.3663304798683384E-06  -1.2474096422465664E-07  -1.8528705680864732E-08   3.3206077887371066E-09  -1.4119702629322717E-10   2.3757126182317734E-03  -8.4247370250523090E-04  -1.2275970075279474E-03   3.8323883200064301E-04   1.1698296293616295E-03   7.3592702392488718E-05  -1.2838765978813171E-03   5.6798779405653477E-04   9.2875963309779763E-04
   102      140   9.6215829253196716E-03   3.7326437886804342E-03   6.2145688571035862E-04  -1.0844813368748873E-04   4.1965354284911882E-06   1.3721549976253300E-06  -1.2320528242071305E-07  -1.8593974360214816E-08   3.2780689274147790E-09  -1.3757711636586123E-10   2.3723188787698746E-03  -8.3950394764542580E-04  -1.2210903223603964E-03   3.8499626680277288E-04   1.1632438981905580E-03   6.3201805460266769E-05  -1.2876738328486681E-03   5.8294786140322685E-04   1.2395385419949889E-03
   102      141   9.6228029578924179E-03   3.7764320150017738E-03   6.0773699078708887E-04  -1.0998949437635019E-04   5.2297796173661482E-06   1.3552406699091080E-06  -1.4973898032621946E-07  -1.8763923748110756E-08   3.9724676881291998E-09  -1.8778610610947766E-10   2.3644536267966032E-03  -9.1911421623080969E-04  -1.2281370582059026E-03   4.8801986849866807E-04   1.2451962102204561E-03  -1.2431368304532953E-05  -1.4581797877326608E-03   7.0901127764955163E-04   8.6761155398562551E-04
   102      142   9.6240239217877388E-03   3.7383949384093285E-03   6.2061549397185445E-04  -1.0891364945564419E-04   4.3049112719018012E-06   1.3782928363070823E-06  -1.2559230810893496E-07  -1.8739809704015897E-08   3.3319376147034063E-09  -1.4032036643740753E-10   2.3674548137933016E-03  -8.5122149903327227E-04  -1.2180829653516412E-03   4.0358849219046533E-04   1.1750991689041257E-03   4.9150774430017918E-05  -1.3152753235772252E-03   6.0182693414390087E-04   1.0584600968286395E-03
   102      143   9.6252448856830597E-03   3.7864933256059885E-03   6.0937332455068827E-04  -1.1144606833113357E-04   5.3492094593821093E-06   1.3842517319062608E-06  -1.5169375444656907E-07  -1.9269455364678834E-08   3.9991436828756832E-09  -1.8570404936024687E-10   2.3447081912308931E-03  -9.3903829110786319E-04  -1.2031139340251684E-03   5.3782481700181961E-04   1.2551879044622183E-03  -7.6969867222942412E-05  -1.5378238167613745E-03   7.9696439206600189E-04   1.2530427193269134E-03
   102      144   9.6264649182558060E-03   3.7594102323055267E-03   6.1746319988742471E-04  -1.1044551501981914E-04   4.7267708396248054E-06   1.3925263147029909E-06  -1.3581818336660945E-07  -1.9134295925482547E-08   3.5863905178956657E-09  -1.5618926985094816E-10   2.3497384972870350E-03  -8.9028652291744947E-04  -1.1989208869636059E-03   4.7469150740653276E-04   1.2046708725392818E-03  -3.1606181437382475E-05  -1.4341508504003286E-03   7.2210119105875492E-04   1.0252932552248240E-03
   102      145   9.6289068460464478E-03   3.7045211065560579E-03   6.3293671701103449E-04  -1.0822296462720260E-04   3.4755121305352077E-06   1.4052116057428066E-06  -1.0382817805520972E-07  -1.8812290392133946E-08   2.7522879531005628E-09  -9.6709806829409217E-11   2.3644994944334030E-03  -7.9178874148055911E-04  -1.1998103000223637E-03   3.3831523614935577E-04   1.1084933066740632E-03   8.2719139754772186E-05  -1.2064176844432950E-03   5.3699954878538847E-04   9.7991584334522486E-04
   102      146   9.6484376117587090E-03   3.8507119752466679E-03   5.8505625929683447E-04  -1.1324635852361098E-04   7.0223163675109390E-06   1.3407542382992688E-06  -1.9527200834090763E-07  -1.9293516118068510E-08   5.1533999290143129E-09  -2.7128174706625430E-10   2.3368406109511852E-03  -1.0615336941555142E-03  -1.2217717012390494E-03   6.8910291884094477E-04   1.3827884104102850E-03  -1.8350483151152730E-04  -1.7918077064678073E-03   9.8195485770702362E-04   1.0839336318895221E-03
   102      147   9.6508786082267761E-03   3.7370321806520224E-03   6.2083237571641803E-04  -1.0940063657471910E-04   4.3394602471380495E-06   1.3891799426346552E-06  -1.2609376653927029E-07  -1.8928155043340666E-08   3.3367744123324883E-09  -1.3918964592019023E-10   2.3546630982309580E-03  -8.5708219558000565E-04  -1.2021530419588089E-03   4.2565932380966842E-04   1.1732946150004864E-03   1.2623991096916143E-05  -1.3525005197152495E-03   6.5254740184172988E-04   1.0474924929440022E-03
   102      148   9.6533205360174179E-03   3.7294540088623762E-03   6.2334450194612145E-04  -1.0921612556558102E-04   4.1684525058371946E-06   1.3932628917245893E-06  -1.2175006247616693E-07  -1.8914999344588068E-08   3.2245790482221537E-09  -1.3106780938354490E-10   2.3536467924714088E-03  -8.4399030311033130E-04  -1.1967493919655681E-03   4.1271699592471123E-04   1.1572747025638819E-03   1.5041596270748414E-05  -1.3326171319931746E-03   6.4659869531169534E-04   1.0271582286804914E-03
   102      149   9.6557615324854851E-03   3.6620043683797121E-03   6.4037408446893096E-04  -1.0603501868899912E-04   2.6786958642333047E-06   1.3955785789221409E-06  -8.4091439589428774E-08  -1.8332956486233343E-08   2.2519857090230744E-09  -6.3327842969584935E-11   2.3792169522494078E-03  -7.2248862124979496E-04  -1.2093167752027512E-03   2.3417129705194384E-04   1.0435404255986214E-03   1.7668846703600138E-04  -1.0349942604079843E-03   3.9207626832649112E-04   1.0505650425329804E-03
   102      150   9.6569824963808060E-03   3.7480588071048260E-03   6.1078788712620735E-04  -1.0845782526303083E-04   4.7876228563836776E-06   1.3426547411654610E-06  -1.3910693041907507E-07  -1.8383390809617595E-08   3.7107790173962485E-09  -1.7144201336360965E-10   2.3723233025521040E-03  -8.7741331662982702E-04  -1.2332160258665681E-03   4.2584977927617729E-04   1.2044145260006189E-03   3.9407957956427708E-05  -1.3586852001026273E-03   6.3061161199584603E-04   1.0610055178403854E-03
   102      151   9.6582025289535522E-03   3.6668733227998018E-03   6.3457048963755369E-04  -1.0531494626775384E-04   2.9065859052934684E-06   1.3664798643731046E-06  -9.0825345466782892E-08  -1.7974306487644753E-08   2.4476209947721372E-09  -8.0711437533409480E-11   2.3923909757286310E-03  -7.3127186624333262E-04  -1.2318965746089816E-03   2.2590969456359744E-04   1.0612992336973548E-03   2.0596718240994960E-04  -1.0235315421596169E-03   3.5820543416775763E-04   9.9723995663225651E-04
   102      152   9.6679683774709702E-03   3.7724711000919342E-03   6.0706480871886015E-04  -1.1040896060876548E-04   5.2758264246222097E-06   1.3653274208991206E-06  -1.5039081802115106E-07  -1.8952356128920655E-08   3.9784229244332892E-09  -1.8661915068829416E-10   2.3498721420764923E-03  -9.2621118528768420E-04  -1.2134639546275139E-03   5.1019369857385755E-04   1.2465538457036018E-03  -4.3506362999323756E-05  -1.4927398879081011E-03   7.4978958582505584E-04   9.6026767278090119E-04
   102      153   9.6704103052616119E-03   3.7492921110242605E-03   6.1743473634123802E-04  -1.1034858471248299E-04   4.6570621634600684E-06   1.3964652225695318E-06  -1.3375057505982113E-07  -1.9181168653403802E-08   3.5262905928590271E-09  -1.5119443197431082E-10   2.3415039759129286E-03  -8.8549853535369039E-04  -1.1911072069779038E-03   4.7417698078788817E-04   1.1965632438659668E-03  -3.8002937799319625E-05  -1.4318334870040417E-03   7.2844413807615638E-04   1.0492388391867280E-03
   102      154   9.6728513017296791E-03   3.8243136368691921E-03   5.8668392011895776E-04  -1.1139785056002438E-04   6.6121624513471033E-06   1.3194370467317640E-06  -1.8555266478870180E-07  -1.8797038592310855E-08   4.9172186322721245E-09  -2.5758487010030251E-10   2.3534502834081650E-03  -1.0207202285528183E-03  -1.2418248225003481E-03   6.1450287466868758E-04   1.3516071485355496E-03  -9.9390417744871229E-05  -1.6678249230608344E-03   8.5696222959086299E-04   1.0329617653042078E-03
   102      155   9.6777342259883881E-03   3.7653159815818071E-03   6.0489476891234517E-04  -1.0939437197521329E-04   5.2432283155212644E-06   1.3426798659565975E-06  -1.5041744916288735E-07  -1.8582339222916744E-08   3.9985033062350794E-09  -1.9112601779003313E-10   2.3614917881786823E-03  -9.1550097567960620E-04  -1.2292678002268076E-03   4.8131332732737064E-04   1.2417867546901107E-03  -5.7582246881793253E-06  -1.4473714400082827E-03   7.0026883622631431E-04   1.0038012405857444E-03
   102      156   9.6875000745058060E-03   3.6810068413615227E-03   6.3409347785636783E-04  -1.0730548819992691E-04   3.1968011171557009E-06   1.4007516710989876E-06  -9.6800214066661283E-08  -1.8639111587503976E-08   2.5720512386584460E-09  -8.4584506065965570E-11   2.3619069252163172E-03  -7.6704338425770402E-04  -1.1977147078141570E-03   3.0522307497449219E-04   1.0833489941433072E-03   1.0925318201771006E-04  -1.1503899004310369E-03   4.9343251157552004E-04   1.1804117821156979E-03
   102      157   9.7070317715406418E-03   3.9143608883023262E-03   5.5935804266482592E-04  -1.1543266009539366E-04   8.7974840425886214E-06   1.3024605323153082E-06  -2.4121746378114040E-07  -1.9444764021159244E-08   6.3648242232261509E-09  -3.6012073878488593E-10   2.3169107735157013E-03  -1.1940004769712687E-03  -1.2280530063435435E-03   8.6500734323635697E-04   1.5152944251894951E-03  -3.2253688550554216E-04  -2.0860852673649788E-03   1.2117638252675533E-03   1.0245098965242505E-03
   102      158   9.7265625372529030E-03   3.7158825434744358E-03   6.1658944468945265E-04  -1.0790380474645644E-04   4.2654760363802779E-06   1.3612150269182166E-06  -1.2493019596604427E-07  -1.8479704877449876E-08   3.3234830443262808E-09  -1.4158321737234303E-10   2.3603148292750120E-03  -8.4121775580570102E-04  -1.2174776056781411E-03   3.8866419345140457E-04   1.1642111930996180E-03   6.1235194152686745E-05  -1.2903404422104359E-03   5.8441812871024013E-04   1.1567304609343410E-03
   102      159   9.7363274544477463E-03   3.6737006157636642E-03   6.3354603480547667E-04  -1.0747328633442521E-04   3.1946574381436221E-06   1.4073910961087677E-06  -9.6368459878704016E-08  -1.8753576469521249E-08   2.5530686453834051E-09  -8.2158044256708251E-11   2.3495438508689404E-03  -7.6890439959242940E-04  -1.1854964541271329E-03   3.1790061620995402E-04   1.0802171891555190E-03   8.7856227764859796E-05  -1.1694942368194461E-03   5.2152347052469850E-04   1.1766196694225073E-03
   102      160   9.7387693822383881E-03   3.7432010285556316E-03   6.1170343542471528E-04  -1.0991241288138554E-04   4.8468305067217443E-06   1.3791186574962921E-06  -1.3897835060561192E-07  -1.9000749418296436E-08   3.6722711538317299E-09  -1.6342005526581715E-10   2.3361747153103352E-03  -8.9498568559065461E-04  -1.1936055961996317E-03   4.8408794100396335E-04   1.2071899836882949E-03  -4.2051924538100138E-05  -1.4479055535048246E-03   7.3689687997102737E-04   1.1236619902774692E-03
   102      161   9.7399894148111343E-03   3.7086375523358583E-03   6.2102894298732281E-04  -1.0840795584954321E-04   4.0748232095211279E-06   1.3831964906785288E-06  -1.1947301459258597E-07  -1.8738177232080488E-08   3.1691023139046592E-09  -1.2818622552313030E-10   2.3465226404368877E-03  -8.3258090307936072E-04  -1.1945972219109535E-03   3.9754234603606164E-04   1.1455981293693185E-03   2.8330990971880965E-05  -1.3053632574155927E-03   6.2446016818284988E-04   1.1243618791922927E-03
   102      162   9.7412103787064552E-03   3.7737712264060974E-03   6.0312467394396663E-04  -1.1124328739242628E-04   5.5476671150245238E-06   1.3745510614171508E-06  -1.5674702069645718E-07  -1.9224479785862059E-08   4.1321381871739504E-09  -1.9578459686808714E-10   2.3262475151568651E-03  -9.5114851137623191E-04  -1.1917700758203864E-03   5.6286592734977603E-04   1.2618934269994497E-03  -1.0805038618855178E-04  -1.5782577684149146E-03   8.4264943143352866E-04   1.0549634462222457E-03
   102      163   9.7436513751745224E-03   3.8583818823099136E-03   5.7371100410819054E-04  -1.1357955372659490E-04   7.6260789683146868E-06   1.3215844774094876E-06  -2.1090825441660854E-07  -1.9265341322238783E-08   5.5669078236064706E-09  -3.0211350088293898E-10   2.3205410689115524E-03  -1.1041394900530577E-03  -1.2183054350316525E-03   7.4945460073649883E-04   1.4233519323170185E-03  -2.3493531625717878E-04  -1.8912429222837090E-03   1.0641539702191949E-03   9.9177251104265451E-04
   102      164   9.7460933029651642E-03   3.6822392139583826E-03   6.2445469666272402E-04  -1.0655817459337413E-04   3.5825389659294160E-06   1.3651468862008187E-06  -1.0764423308273763E-07  -1.8254219469326927E-08   2.8773281535166007E-09  -1.1028331720064344E-10   2.3656650446355343E-03  -7.8617775579914451E-04  -1.2147515080869198E-03   3.1548982951790094E-04   1.1088246246799827E-03   1.1793340672738850E-04  -1.1692935368046165E-03   4.9122021300718188E-04   9.2890049563720822E-04
   102      165   9.7656250000000000E-03   3.7221575621515512E-03   6.1086821369826794E-04  -1.0812477557919919E-04   4.5824144763173535E-06   1.3521179198505706E-06  -1.3304050128226663E-07  -1.8480907471030150E-08   3.5357112793121814E-09  -1.5722169399712271E-10   2.3540963884443045E-03  -8.6453638505190611E-04  -1.2191917048767209E-03   4.1853191214613616E-04   1.1891259346157312E-03   4.2370480514364317E-05  -1.3375666458159685E-03   6.1481411103159189E-04   9.9610432516783476E-04
   102      166   9.7753908485174179E-03   3.8267970085144043E-03   5.8373337378725410E-04  -1.1319151235511526E-04   6.9384332164190710E-06   1.3501239664037712E-06  -1.9248236071689462E-07  -1.9432157216670021E-08   5.0683111041394113E-09  -2.6364788130450734E-10   2.3104820866137743E-03  -1.0572291212156415E-03  -1.1964670848101377E-03   7.0395902730524540E-04   1.3685614103451371E-03  -2.1781845134682953E-04  -1.8125433707609773E-03   1.0228503961116076E-03   9.4506674213334918E-04
   102      167   9.7802737727761269E-03   3.6817768123000860E-03   6.2240293482318521E-04  -1.0678838589228690E-04   3.6913020267093088E-06   1.3670774023921695E-06  -1.1013797518444335E-07  -1.8341005159072665E-08   2.9363693698769566E-09  -1.1384993642282737E-10   2.3575213272124529E-03  -7.9587043728679419E-04  -1.2095961719751358E-03   3.3270145650021732E-04   1.1168653145432472E-03   1.0126866254722700E-04  -1.1956640519201756E-03   5.1431416068226099E-04   1.0928957490250468E-03
   102      168   9.7851566970348358E-03   3.6500438582152128E-03   6.3219916773959994E-04  -1.0575728811090812E-04   2.9571399409178412E-06   1.3808133871862083E-06  -9.1213728126149363E-08  -1.8246964827994816E-08   2.4398503217781808E-09  -7.7736060644095772E-11   2.3609774652868509E-03  -7.4010103708133101E-04  -1.2023998424410820E-03   2.6251957751810551E-04   1.0589102748781443E-03   1.5131752297747880E-04  -1.0784717742353678E-03   4.2991107329726219E-04   1.1745231458917260E-03
   102      169   9.7949225455522537E-03   3.7885967176407576E-03   5.8975035790354013E-04  -1.1097155220340937E-04   6.2220783547672909E-06   1.3355244163903990E-06  -1.7486203773842135E-07  -1.8909696919422458E-08   4.6246353413437191E-09  -2.3476590116366935E-10   2.3291597608476877E-03  -9.9354644771665335E-04  -1.2136313598603010E-03   6.0060585383325815E-04   1.3135231565684080E-03  -1.1346305836923420E-04  -1.6405836213380098E-03   8.6431764066219330E-04   1.0710674105212092E-03
   102      170   9.7973635420203209E-03   3.7780876737087965E-03   5.9331418015062809E-04  -1.1071837798226625E-04   5.9778772083518561E-06   1.3419819424598245E-06  -1.6857362084010674E-07  -1.8905542020775101E-08   4.4597814330415986E-09  -2.2261618937147176E-10   2.3282957263290882E-03  -9.7511243075132370E-04  -1.2073032557964325E-03   5.8101845206692815E-04   1.2916270643472672E-03  -1.0676459351088852E-04  -1.6095712780952454E-03   8.5136998677626252E-04   1.1253004195168614E-03
   102      171   9.7998045384883881E-03   3.6892655771225691E-03   6.1962602194398642E-04  -1.0736096737673506E-04   3.9193200791487470E-06   1.3696344467462040E-06  -1.1575864533597269E-07  -1.8478276686550998E-08   3.0788231963896351E-09  -1.2335281407427345E-10   2.3482257965952158E-03  -8.1550318282097578E-04  -1.2021667789667845E-03   3.6617059959098697E-04   1.1333205038681626E-03   6.6845714172814041E-05  -1.2503694742918015E-03   5.6582724209874868E-04   1.0232408531010151E-03
   102      172   9.8022464662790298E-03   3.6417301744222641E-03   6.3347566174343228E-04  -1.0553866013651714E-04   2.8301024030952249E-06   1.3829898080075509E-06  -8.7913029744868254E-08  -1.8230680964848034E-08   2.3529163062363523E-09  -7.1393807532516007E-11   2.3587972391396761E-03  -7.3013739893212914E-04  -1.1986414901912212E-03   2.5191617896780372E-04   1.0471777059137821E-03   1.5569364768452942E-04  -1.0609234450384974E-03   4.2127975029870868E-04   9.8159641493111849E-04
   102      173   9.8046874627470970E-03   3.6025941371917725E-03   6.4480019500479102E-04  -1.0403162013972178E-04   1.9265314676886192E-06   1.3948376818007091E-06  -6.4643607800007885E-08  -1.8042841887222494E-08   1.7424847120750542E-09  -2.7426335508229371E-11   2.3684499319642782E-03  -6.6044036066159606E-04  -1.1990973725914955E-03   1.5549594536423683E-04   9.8020746372640133E-04   2.3932408657856286E-04  -8.9784170268103480E-04   2.8413228574208915E-04   1.0731692891567945E-03
   102      174   9.8437499254941940E-03   3.6820769309997559E-03   6.2245869776234031E-04  -1.0816005669767037E-04   3.8284429138002452E-06   1.3952433164376998E-06  -1.1255572474055953E-07  -1.8845147664592332E-08   2.9767706077876710E-09  -1.1286151180289750E-10   2.3258100263774395E-03  -8.1619928823783994E-04  -1.1723805218935013E-03   3.9345378172583878E-04   1.1212597601115704E-03   1.3334934919839725E-05  -1.2943353503942490E-03   6.3517817761749029E-04   1.0708384215831757E-03
   102      175   9.9999997764825821E-03   3.5974618513137102E-03   6.3179247081279755E-04  -1.0469686094438657E-04   2.5498909508314682E-06   1.3882937537346152E-06  -7.9865209556828631E-08  -1.8249334488018576E-08   2.1261521432336394E-09  -5.3823452639267799E-11   2.3298982996493578E-03  -7.0938770659267902E-04  -1.1772045399993658E-03   2.3909864830784500E-04   1.0213794885203242E-03   1.5814101789146662E-04  -1.0286178439855576E-03   4.0250230813398957E-04   9.5775537192821503E-04
   102      176   1.0004882700741291E-02   3.7161014042794704E-03   5.9584743576124310E-04  -1.0917147301370278E-04   5.3344901971286163E-06   1.3497202644430217E-06  -1.5131050190575479E-07  -1.8811116220263102E-08   3.9944363372512726E-09  -1.8822406133711667E-10   2.3023728281259537E-03  -9.2507532099261880E-04  -1.1845113476738334E-03   5.2907323697581887E-04   1.2360864784568548E-03  -7.4367781053297222E-05  -1.5127323567867279E-03   7.8391906572505832E-04   1.1248746886849403E-03
   102      177   1.0009765625000000E-02   3.6763525567948818E-03   6.0810340801253915E-04  -1.0784723417600617E-04   4.4146413529233541E-06   1.3659359865414444E-06  -1.2766815871145809E-07  -1.8675295976322559E-08   3.3758249529114437E-09  -1.4343223830870500E-10   2.3072196636348963E-03  -8.5465074516832829E-04  -1.1755271116271615E-03   4.4048167183063924E-04   1.1625792831182480E-03  -1.2346812582109123E-05  -1.3661574339494109E-03   6.7824503639712930E-04   1.0381054598838091E-03
   102      178   1.0012207552790642E-02   3.6252911668270826E-03   6.2537367921322584E-04  -1.0641518019838259E-04   3.1821152788324980E-06   1.3964018990009208E-06  -9.5590877435824950E-08  -1.8637846821434323E-08   2.5267534731199248E-09  -8.0603648755506185E-11   2.3103964049369097E-03  -7.6327857095748186E-04  -1.1594684328883886E-03   3.2906525302678347E-04   1.0653155623003840E-03   6.1774670029990375E-05  -1.1799278436228633E-03   5.5034749675542116E-04   9.4786344561725855E-04
   102      179   1.0013427585363388E-02   3.6495714448392391E-03   6.1533699044957757E-04  -1.0674258373910561E-04   3.8218036024773028E-06   1.3705601986657712E-06  -1.1262279997481528E-07  -1.8500429632695159E-08   2.9857496475216294E-09  -1.1583398823455937E-10   2.3139952681958675E-03  -8.0699648242443800E-04  -1.1748088290914893E-03   3.7552620051428676E-04   1.1144556337967515E-03   3.8268706703092903E-05  -1.2592264683917165E-03   5.9796235291287303E-04   1.3726608594879508E-03
   102      180   1.0014648549258709E-02   3.6129935178905725E-03   6.2295980751514435E-04  -1.0465046216268092E-04   3.0561186576960608E-06   1.3603906836578972E-06  -9.3710333715080196E-08  -1.8019097325350231E-08   2.5077224741210102E-09  -8.4168678970986122E-11   2.3334017023444176E-03  -7.4086530366912484E-04  -1.1897730873897672E-03   2.7137013967148960E-04   1.0562936076894403E-03   1.4036030916031450E-04  -1.0866653174161911E-03   4.4037363841198385E-04   1.1739295441657305E-03
   102      181   1.0019531473517418E-02   3.4992729779332876E-03   6.5986864501610398E-04  -1.0110517177963629E-04   3.4454646424819657E-07   1.4180922107698279E-06  -2.3404572502272458E-08  -1.7790972250963932E-08   6.5290256534566993E-10   5.1927830091447191E-11   2.3466288112103939E-03  -5.3722690790891647E-04  -1.1641852324828506E-03   1.4000793271407019E-05   8.4505125414580107E-04   3.2622250728309155E-04  -6.5590924350544810E-04   1.2485525803640485E-04   1.0799056617543101E-03
   102      182   1.0029297322034836E-02   3.6487521138042212E-03   6.1217794427648187E-04  -1.0628574091242626E-04   3.9128494790929835E-06   1.3559663329942850E-06  -1.1528278065497943E-07  -1.8316827166131588E-08   3.0627276270678294E-09  -1.2291782869322532E-10   2.3194882087409496E-03  -8.1008078996092081E-04  -1.1870852904394269E-03   3.6845411523245275E-04   1.1240198509767652E-03   6.0491231124615297E-05  -1.2459369609132409E-03   5.6715053506195545E-04   1.2801722623407841E-03
   102      183   1.0031738318502903E-02   3.7177335470914841E-03   5.8892113156616688E-04  -1.0835508874151856E-04   5.5925938795553520E-06   1.3172822264095885E-06  -1.5895881233518594E-07  -1.8411986602018260E-08   4.2177776826690661E-09  -2.0806714684518113E-10   2.3118339013308287E-03  -9.3492848100140691E-04  -1.2036892585456371E-03   5.2526994841173291E-04   1.2531041866168380E-03  -5.3343654144555330E-05  -1.5092641115188599E-03   7.6314748730510473E-04   1.1845579138025641E-03
   102      184   1.0032959282398224E-02   3.7241003010421991E-03   5.8719271328300238E-04  -1.0866175580304116E-04   5.7321908570884261E-06   1.3178391782275867E-06  -1.6235100019912352E-07  -1.8483341079900129E-08   4.3022558848804238E-09  -2.1368631863971643E-10   2.3098157253116369E-03  -9.4710791017860174E-04  -1.2046585325151682E-03   5.4098066175356507E-04   1.2666539987549186E-03  -6.2101484218146652E-05  -1.5333088813349605E-03   7.7591859735548496E-04   1.1590593494474888E-03
   102      185   1.0034179314970970E-02   3.6589230876415968E-03   6.0527509776875377E-04  -1.0591886530164629E-04   4.2524461605353281E-06   1.3298036947162473E-06  -1.2466888676954113E-07  -1.8053015082841739E-08   3.3230531659711460E-09  -1.4430996675418584E-10   2.3290226235985756E-03  -8.2943582674488425E-04  -1.2074945261701941E-03   3.7654716288670897E-04   1.1520416010171175E-03   7.6274234743323177E-05  -1.2597454478964210E-03   5.5362505372613668E-04   9.9945603869855404E-04
   102      186   1.0039062239229679E-02   3.6739564966410398E-03   6.0727278469130397E-04  -1.0801350435940549E-04   4.4545627133629750E-06   1.3692529137188103E-06  -1.2847453945141751E-07  -1.8750242247733695E-08   3.3924936193585609E-09  -1.4402101733423933E-10   2.2996854968369007E-03  -8.5894297808408737E-04  -1.1685580248013139E-03   4.5217119622975588E-04   1.1640150332823396E-03  -2.8142123483121395E-05  -1.3843722408637404E-03   7.0025940658524632E-04   1.2645405950024724E-03
   102      187   1.0078124701976776E-02   3.7114589940756559E-03   5.9206405421718955E-04  -1.0934376041404903E-04   5.4959759836492594E-06   1.3489129742083605E-06  -1.5517559859290486E-07  -1.8881042507246093E-08   4.0906442677624000E-09  -1.9469333090160745E-10   2.2880965843796730E-03  -9.3814777210354805E-04  -1.1750092962756753E-03   5.5451010121032596E-04   1.2460068101063371E-03  -1.0119221406057477E-04  -1.5519959852099419E-03   8.2109885988757014E-04   1.5494397375732660E-03
   102      188   1.0097656399011612E-02   3.6811137106269598E-03   5.9463584329932928E-04  -1.0715744429035112E-04   4.9946697799896356E-06   1.3233462823336595E-06  -1.4344665544285817E-07  -1.8273146551450736E-08   3.8092835552561155E-09  -1.7863852064259333E-10   2.3087125737220049E-03  -8.8794785551726818E-04  -1.1969923507422209E-03   4.6566658420488238E-04   1.2053847312927246E-03  -6.7046498770650942E-06  -1.4070473844185472E-03   6.8145123077556491E-04   1.0119430953636765E-03
   102      189   1.0100098326802254E-02   3.7571245338767767E-03   5.7476956862956285E-04  -1.1071038898080587E-04   6.6957418312085792E-06   1.3196510053603561E-06  -1.8636912102465431E-07  -1.8928606237977874E-08   4.9156962944607585E-09  -2.5563515193560704E-10   2.2803936153650284E-03  -1.0264426236972213E-03  -1.1855192715302110E-03   6.6613178933039308E-04   1.3363827019929886E-03  -1.8392885976936668E-04  -1.7396198818460107E-03   9.6316833514720201E-04   1.4185550389811397E-03
   102      190   1.0101318359375000E-02   3.6663757637143135E-03   6.0114066582173109E-04  -1.0714193922467530E-04   4.6067689254414290E-06   1.3435857226795633E-06  -1.3297182022142806E-07  -1.8428986336971320E-08   3.5237592843628818E-09  -1.5616270776508401E-10   2.3028710857033730E-03  -8.6261180695146322E-04  -1.1824514949694276E-03   4.4361833715811372E-04   1.1737045133486390E-03  -4.4604416871152353E-06  -1.3694362714886665E-03   6.7122105974704027E-04   1.0626466246321797E-03
   102      191   1.0102539323270321E-02   3.5621745046228170E-03   6.3207349739968777E-04  -1.0318182467017323E-04   2.1908956568950089E-06   1.3752256791121908E-06  -7.1081650787618855E-08  -1.7912565652977719E-08   1.9074732904300618E-09  -4.0160298697689001E-11   2.3264624178409576E-03  -6.7462614970281720E-04  -1.1755942832678556E-03   1.9140960648655891E-04   9.8608166445046663E-04   1.9621200044639409E-04  -9.4942428404465318E-04   3.4132390283048153E-04   1.0953505989164114E-03
   102      192   1.0107422247529030E-02   3.5458314232528210E-03   6.3516345107927918E-04  -1.0226509766653180E-04   1.8671946691029007E-06   1.3702417618333129E-06  -6.3128062777195737E-08  -1.7698630117024550E-08   1.7073779057241723E-09  -2.7011870171178565E-11   2.3340911138802767E-03  -6.4619473414495587E-04  -1.1810803553089499E-03   1.4740374172106385E-04   9.6014520386233926E-04   2.3733383568469435E-04  -8.7714235996827483E-04   2.7864269213750958E-04   1.1539330007508397E-03
   102      193   1.0109863243997097E-02   3.5655777901411057E-03   6.2961562070995569E-04  -1.0313778329873458E-04   2.3239185793499928E-06   1.3672322438651463E-06  -7.4744924916103628E-08  -1.7841903954263216E-08   2.0090276109385741E-09  -4.8313075762251856E-11   2.3271213285624981E-03  -6.8259570980444551E-04  -1.1787365656346083E-03   1.9951665308326483E-04   9.9461909849196672E-04   1.9125727703794837E-04  -9.6408335957676172E-04   3.5286080674268305E-04   1.0458953911438584E-03
   102      194   1.0112304240465164E-02   3.7500585895031691E-03   5.7327357353642583E-04  -1.0988610301865265E-04   6.6489697019278537E-06   1.3024343843426323E-06  -1.8582611005513172E-07  -1.8638045773400336E-08   4.9164561310988120E-09  -2.5806079495538370E-10   2.2888269741088152E-03  -1.0167317232117057E-03  -1.1972296051681042E-03   6.4240727806463838E-04   1.3317870907485485E-03  -1.5280448133125901E-04  -1.7017326317727566E-03   9.1951095964759588E-04   1.2113089906051755E-03
   102      195   1.0117187164723873E-02   3.6493113730102777E-03   6.0680683236569166E-04  -1.0693950025597587E-04   4.2240944821969606E-06   1.3595871450888808E-06  -1.2272461447082605E-07  -1.8522543498988853E-08   3.2466365151861964E-09  -1.3478144988976481E-10   2.2975658066570759E-03  -8.3676812937483191E-04  -1.1705906363204122E-03   4.1858796612359583E-04   1.1441468959674239E-03   6.0165230024722405E-06  -1.3258307008072734E-03   6.4545759232714772E-04   1.1174319079145789E-03
   102      196   1.0119628161191940E-02   3.5470987204462290E-03   6.3937384402379394E-04  -1.0357410064898431E-04   1.8021196410700213E-06   1.4059027080293163E-06  -6.0178997784987587E-08  -1.8233210496987340E-08   1.6022067006460361E-09  -1.4884661211911343E-11   2.3121417034417391E-03  -6.5296282991766930E-04  -1.1507034068927169E-03   1.8361739057581872E-04   9.5443928148597479E-04   1.7787730030249804E-04  -9.3383103376254439E-04   3.5683420719578862E-04   1.0934612946584821E-03
   102      197   1.0122070088982582E-02   3.6869223695248365E-03   5.9174193302169442E-04  -1.0760965233203024E-04   5.2087316362303682E-06   1.3238083056421601E-06  -1.4880643561809848E-07  -1.8371297372254958E-08   3.9471865775908554E-09  -1.8813922642024750E-10   2.3000424262136221E-03  -9.0545113198459148E-04  -1.1901233810931444E-03   4.9557513557374477E-04   1.2192499125376344E-03  -3.9109156205086038E-05  -1.4566801255568862E-03   7.3163153138011694E-04   1.1068482417613268E-03
   102      198   1.0124511085450649E-02   3.6610329989343882E-03   5.9910846175625920E-04  -1.0660549014573917E-04   4.6136487981129903E-06   1.3316833928911365E-06  -1.3343128557607997E-07  -1.8252610090030430E-08   3.5423706190584880E-09  -1.5886544857401930E-10   2.3067614529281855E-03  -8.5955392569303513E-04  -1.1914201313629746E-03   4.3101204209960997E-04   1.1756096500903368E-03   1.8387660020380281E-05  -1.3470695121213794E-03   6.3799472991377115E-04   1.0121148079633713E-03
   102      199   1.0126952081918716E-02   3.6454896908253431E-03   6.0769607080146670E-04  -1.0693430522223935E-04   4.1605676415201742E-06   1.3631939737024368E-06  -1.2098276158667431E-07  -1.8553414804500790E-08   3.1988842685848340E-09  -1.3099020479412360E-10   2.2948312107473612E-03  -8.3272659685462713E-04  -1.1665984056890011E-03   4.1642782161943614E-04   1.1383910896256566E-03   3.7704078295064392E-06  -1.3216561637818813E-03   6.4781081164255738E-04   1.0237840469926596E-03
   102      200   1.0136717930436134E-02   3.7368475459516048E-03   5.7581713190302253E-04  -1.0957330232486129E-04   6.4180276240222156E-06   1.3086839771858649E-06  -1.7963593279546330E-07  -1.8648703914436737E-08   4.7489026044900129E-09  -2.4539553722391361E-10   2.2862036712467670E-03  -1.0000765323638916E-03  -1.1933045461773872E-03   6.2240671832114458E-04   1.3145075645297766E-03  -1.3743729505222291E-04  -1.6659651882946491E-03   8.9170126011595130E-04   1.1688681552186608E-03
   102      201   1.0139159858226776E-02   3.6072188522666693E-03   6.1254837783053517E-04  -1.0428235691506416E-04   3.4559745927253971E-06   1.3372905414144043E-06  -1.0406165529275313E-07  -1.7858818424087985E-08   2.7819284653674003E-09  -1.0545674056228194E-10   2.3216051049530506E-03  -7.6626520603895187E-04  -1.1946705635637045E-03   2.9967981390655041E-04   1.0854563442990184E-03   1.3056177704129368E-04  -1.1284177890047431E-03   4.5796946506015956E-04   1.0772332316264510E-03
   102      202   1.0141600854694843E-02   3.6928805056959391E-03   5.8692530728876591E-04  -1.0756033589132130E-04   5.4587944759987295E-06   1.3106631513437605E-06  -1.5546171994174074E-07  -1.8277511060205143E-08   4.1264631711612765E-09  -2.0211557427707305E-10   2.3008191492408514E-03  -9.2159962514415383E-04  -1.1978393886238337E-03   5.1042687846347690E-04   1.2386048911139369E-03  -4.2090694478247315E-05  -1.4808875275775790E-03   7.4148306157439947E-04   1.1924420250579715E-03
   102      203   1.0144041851162910E-02   3.4878314472734928E-03   6.5253488719463348E-04  -1.0082097287522629E-04   5.8253232282368117E-07   1.4050016261535347E-06  -2.9423144809470614E-08  -1.7714121725020959E-08   8.1025197662398796E-10   3.9890899611316755E-11   2.3307115770876408E-03  -5.5246253032237291E-04  -1.1595253599807620E-03   3.7133184378035367E-05   8.5967505583539605E-04   3.0903052538633347E-04  -6.8975589238107204E-04   1.4949959586374462E-04   1.1569233611226082E-03
   102      204   1.0146483778953552E-02   3.6987501662224531E-03   5.8595015434548259E-04  -1.0804874909808859E-04   5.5855439313745592E-06   1.3158263527657255E-06  -1.5847631118504069E-07  -1.8410164059901035E-08   4.2004102418502498E-09  -2.0658245947213771E-10   2.2944123484194279E-03  -9.3382946215569973E-04  -1.1912629706785083E-03   5.3321046289056540E-04   1.2481651501730084E-03  -6.7203174694441259E-05  -1.5184009680524468E-03   7.7704276191070676E-04   1.0831339750438929E-03
   102      205   1.0156249627470970E-02   3.7775593809783459E-03   5.6106614647433162E-04  -1.1093051580246538E-04   7.4748509177879896E-06   1.2862105904787313E-06  -2.0707294368094153E-07  -1.8738798956974279E-08   5.4738542587529082E-09  -2.9862240458200517E-10   2.2766243200749159E-03  -1.0787011124193668E-03  -1.1976730311289430E-03   7.2648568311706185E-04   1.3923979131504893E-03  -2.2181027452461421E-04  -1.8418842228129506E-03   1.0329037904739380E-03   9.1685616644099355E-04
   102      206   1.0175781324505806E-02   3.5685780458152294E-03   6.2420690665021539E-04  -1.0358355211792514E-04   2.6244113087159349E-06   1.3659445130542736E-06  -8.2036841320132226E-08  -1.7967463961099384E-08   2.1911579217714916E-09  -6.0607172058801950E-11   2.3132620844990015E-03  -7.0722034433856606E-04  -1.1725656222552061E-03   2.3764223442412913E-04   1.0178285883739591E-03   1.5934558177832514E-04  -1.0230394545942545E-03   3.9958540583029389E-04   9.4834173796698451E-04
   102      207   1.0185547173023224E-02   3.6237370222806931E-03   6.0554320225492120E-04  -1.0537757043493912E-04   3.9773603930370882E-06   1.3385703141466365E-06  -1.1697070334548698E-07  -1.8107185084659250E-08   3.1099938180290110E-09  -1.2776625590849022E-10   2.3044310510158539E-03  -8.0969888949766755E-04  -1.1843566317111254E-03   3.6791578168049455E-04   1.1247009970247746E-03   6.6846805566456169E-05  -1.2392834760248661E-03   5.5415072711184621E-04   1.1134390952065587E-03
   102      208   1.0195312090218067E-02   3.5295656416565180E-03   6.3330453122034669E-04  -1.0192976333200932E-04   1.8200848899141420E-06   1.3691326330445008E-06  -6.1664671591188380E-08  -1.7682905806282179E-08   1.6646380940343874E-09  -2.3743455118685475E-11   2.3221122100949287E-03  -6.4207671675831079E-04  -1.1732864659279585E-03   1.4736539742443711E-04   9.5429579960182309E-04   2.3478192451875657E-04  -8.7307562353089452E-04   2.7696494362317026E-04   1.3606774155050516E-03
   102      209   1.0200195014476776E-02   3.6091229412704706E-03   6.1310839373618364E-04  -1.0582317918306217E-04   3.5886528166884091E-06   1.3701582020075875E-06  -1.0610762757323755E-07  -1.8440069027292338E-08   2.8064004453653979E-09  -1.0256043930789716E-10   2.2893783170729876E-03  -7.8792677959427238E-04  -1.1571892537176609E-03   3.6214524880051613E-04   1.0911383433267474E-03   4.2142532038269565E-05  -1.2286276323720813E-03   5.7948916219174862E-04   1.0801180033013225E-03
   102      210   1.0202636010944843E-02   3.7900253664702177E-03   5.5685837287455797E-04  -1.1221894237678498E-04   7.8598422987852246E-06   1.2993967857255484E-06  -2.1611150202716090E-07  -1.9117820215797110E-08   5.6923754598869891E-09  -3.1171301650978478E-10   2.2549398709088564E-03  -1.1151962680742145E-03  -1.1791945435106754E-03   7.9252826981246471E-04   1.4220536686480045E-03  -2.9055104823783040E-04  -1.9474164582788944E-03   1.1315519222989678E-03   1.0430540423840284E-03
   102      211   1.0205077007412910E-02   3.6423271521925926E-03   6.0030102031305432E-04  -1.0653681965777650E-04   4.4422035898605827E-06   1.3427199974103132E-06  -1.2852308373112464E-07  -1.8369107124271977E-08   3.4040215091124537E-09  -1.4753209764961639E-10   2.2899943869560957E-03  -8.4896205225959420E-04  -1.1729034595191479E-03   4.3194662430323660E-04   1.1580137070268393E-03   1.3670481848748750E-06  -1.3457852182909846E-03   6.5419118618592620E-04   9.9780294112861156E-04
   102      212   1.0209959931671619E-02   3.5881637595593929E-03   6.1358854873105884E-04  -1.0395386198069900E-04   3.2649597869749414E-06   1.3428282272798242E-06  -9.8868532916185359E-08  -1.7881362168736814E-08   2.6404523012502068E-09  -9.4626570468214766E-11   2.3103193379938602E-03  -7.5187109177932143E-04  -1.1823598761111498E-03   2.8971605934202671E-04   1.0657450184226036E-03   1.2698494538199157E-04  -1.1102665448561311E-03   4.5820503146387637E-04   9.9033804144710302E-04
   102      213   1.0214842855930328E-02   3.6138657014816999E-03   6.0737505555152893E-04  -1.0534434841247275E-04   3.8345519897120539E-06   1.3465548818203388E-06  -1.1305742475542502E-07  -1.8178372584998215E-08   3.0023195041195549E-09  -1.1915389508398988E-10   2.2971499711275101E-03  -8.0005009658634663E-04  -1.1738394387066364E-03   3.6351694143377244E-04   1.1097593232989311E-03   5.8090514357900247E-05  -1.2319596717134118E-03   5.6471792049705982E-04   1.1264481581747532E-03
   102      214   1.0234374552965164E-02   3.5571800544857979E-03   6.2414060812443495E-04  -1.0354583355365321E-04   2.5587742129573599E-06   1.3709661743632751E-06  -8.0087794174232840E-08  -1.8027758841299146E-08   2.1354165102849265E-09  -5.5939079757205690E-11   2.3015390615910292E-03  -7.0335838245227933E-04  -1.1604354949668050E-03   2.4253163428511471E-04   1.0093722958117723E-03   1.4458101941272616E-04  -1.0294897947460413E-03   4.1613818029873073E-04   1.0428122477605939E-03
   102      215   1.0236816480755806E-02   3.7004940677434206E-03   5.8042566524818540E-04  -1.0881151683861390E-04   5.9168819461774547E-06   1.3214212231105193E-06  -1.6628288790343504E-07  -1.8658761646861421E-08   4.3903738422557126E-09  -2.1849103082338672E-10   2.2714964579790831E-03  -9.6314598340541124E-04  -1.1746900854632258E-03   5.8696622727438807E-04   1.2717549689114094E-03  -1.2240929936524481E-04  -1.6027720412239432E-03   8.5495295934379101E-04   1.3286531902849674E-03
   102      216   1.0239257477223873E-02   3.7178935017436743E-03   5.7664874475449324E-04  -1.0983036918332800E-04   6.2970129874884151E-06   1.3256488955448731E-06  -1.7579249345089920E-07  -1.8880987440184072E-08   4.6337067516333263E-09  -2.3487770062224911E-10   2.2608335129916668E-03  -9.9520734511315823E-04  -1.1647607898339629E-03   6.3995365053415298E-04   1.2976947473362088E-03  -1.7969238979276270E-04  -1.6923405928537250E-03   9.4468519091606140E-04   1.0810608509927988E-03
   102      217   1.0244140401482582E-02   3.6786936689168215E-03   5.8517546858638525E-04  -1.0774314432637766E-04   5.4727888709749095E-06   1.3190837080401252E-06  -1.5523863794442150E-07  -1.8435102333569375E-08   4.1094421199261433E-09  -1.9944076945499489E-10   2.2789684589952230E-03  -9.2532840790227056E-04  -1.1775172315537930E-03   5.3232081700116396E-04   1.2345158029347658E-03  -7.7284574217628688E-05  -1.5137001173570752E-03   7.8623206354677677E-04   1.4796676114201546E-03
   102      218   1.0249023325741291E-02   3.6734805908054113E-03   5.8483128668740392E-04  -1.0722493607318029E-04   5.4050151447881944E-06   1.3107072618367965E-06  -1.5375383100035833E-07  -1.8279919800079369E-08   4.0760705921627505E-09  -1.9812314289158195E-10   2.2850567474961281E-03  -9.1716775204986334E-04  -1.1862484971061349E-03   5.1310326671227813E-04   1.2307458091527224E-03  -5.0719499995466322E-05  -1.4810765860602260E-03   7.4778898851945996E-04   1.0613107588142157E-03
   102      219   1.0250244289636612E-02   3.7088550161570311E-03   5.7350384304299951E-04  -1.0841768380487338E-04   6.2496101236320101E-06   1.2950333712069551E-06  -1.7555950648784346E-07  -1.8388140787806151E-08   4.6492756311522498E-09  -2.3986454489310916E-10   2.2791763767600060E-03  -9.8135322332382202E-04  -1.1920597171410918E-03   5.9616751968860626E-04   1.2963699409738183E-03  -1.1309930414427072E-04  -1.6197873046621680E-03   8.5215934086591005E-04   1.3320613652467728E-03
   102      220   1.0251464322209358E-02   3.6192522384226322E-03   6.0141261201351881E-04  -1.0530801228014752E-04   4.1392813727725297E-06   1.3311913562574773E-06  -1.2118697156893177E-07  -1.8071046881118491E-08   3.2224580781559098E-09  -1.3634564310915920E-10   2.2947962861508131E-03  -8.1989326281473041E-04  -1.1790489079430699E-03   3.8578498060815036E-04   1.1319081531837583E-03   4.6408269554376602E-05  -1.2688746210187674E-03   5.8636011090129614E-04   1.2177178869023919E-03
   102      221   1.0253906250000000E-02   3.6518070846796036E-03   5.9221242554485798E-04  -1.0670436313375831E-04   4.8879128371481784E-06   1.3256092188385082E-06  -1.4021112804130098E-07  -1.8298056403409646E-08   3.7158411902993294E-09  -1.7119558548550629E-10   2.2845023777335882E-03  -8.7949039880186319E-04  -1.1771641438826919E-03   4.6932356781326234E-04   1.1895942734554410E-03  -2.4468023184454069E-05  -1.4078209642320871E-03   7.0023717125877738E-04   1.0193847119808197E-03
   102      222   1.0273437015712261E-02   3.6399383097887039E-03   5.9868529206141829E-04  -1.0728514462243766E-04   4.5707602112088352E-06   1.3573124988397467E-06  -1.3102471996262466E-07  -1.8666167278524881E-08   3.4529055170651191E-09  -1.4866212427744330E-10   2.2683779243379831E-03  -8.6444709450006485E-04  -1.1518702376633883E-03   4.7099357470870018E-04   1.1652153916656971E-03  -4.8866706492844969E-05  -1.4068139716982841E-03   7.2301144246011972E-04   1.0683677392080426E-03
   102      223   1.0312499478459358E-02   3.6857866216450930E-03   5.8031902881339192E-04  -1.0875699808821082E-04   5.8268674365535844E-06   1.3286253306432627E-06  -1.6351421550098166E-07  -1.8751860508814389E-08   4.3087453605039627E-09  -2.1150743656495052E-10   2.2572972811758518E-03  -9.5789984334260225E-04  -1.1610664660111070E-03   5.9057178441435099E-04   1.2610115809366107E-03  -1.3682310236617923E-04  -1.6057139728218317E-03   8.7183096911758184E-04   1.0818346636369824E-03
   102      224   1.0468749329447746E-02   3.6582164466381073E-03   5.7402352103963494E-04  -1.0752985690487549E-04   5.8325263125880156E-06   1.3062714288025745E-06  -1.6393786950175127E-07  -1.8438957027910874E-08   4.3280334871553805E-09  -2.1510598857688024E-10   2.2470601834356785E-03  -9.5084303757175803E-04  -1.1631184024736285E-03   5.7672400726005435E-04   1.2567854719236493E-03  -1.1570844799280167E-04  -1.5780428657308221E-03   8.3824148168787360E-04   1.1816957267001271E-03
   102      225   1.0546874254941940E-02   3.6085031460970640E-03   5.8485148474574089E-04  -1.0624772403389215E-04   4.9185268835572060E-06   1.3269141163618769E-06  -1.4001678039221588E-07  -1.8394450407299701E-08   3.6932068514516914E-09  -1.6815560055505330E-10   2.2388400975614786E-03  -8.8239280739799142E-04  -1.1437444481998682E-03   4.9887842033058405E-04   1.1816967744380236E-03  -6.9142057327553630E-05  -1.4455368509516120E-03   7.5199862476438284E-04   1.0144965490326285E-03
   102      226   1.0549316182732582E-02   3.4656738862395287E-03   6.2594603514298797E-04  -1.0054880112875253E-04   1.6382439298467943E-06   1.3624460279970663E-06  -5.6186838293115215E-08  -1.7579457889382866E-08   1.5084500315509786E-09  -1.2240112569339434E-11   2.2758410777896643E-03  -6.2471331330016255E-04  -1.1420937953516841E-03   1.4595080574508756E-04   9.2769728507846594E-04   2.2035438450984657E-04  -8.5755065083503723E-04   2.8212237521074712E-04   1.0966288391500711E-03
   102      227   1.0551757179200649E-02   3.6454491782933474E-03   5.7093927171081305E-04  -1.0710176866268739E-04   5.8591040215105750E-06   1.2982272892259061E-06  -1.6467642183215503E-07  -1.8339701313152545E-08   4.3498218360582541E-09  -2.1739629540995509E-10   2.2386088967323303E-03  -9.5006526680663228E-04  -1.1595194227993488E-03   5.7769607519730926E-04   1.2547851074486971E-03  -1.1793281009886414E-04  -1.5779362292960286E-03   8.4078276995569468E-04   1.1251156684011221E-03
   102      228   1.0556640103459358E-02   3.5995852667838335E-03   5.8577879099175334E-04  -1.0571829625405371E-04   4.7668772822362371E-06   1.3231007187641808E-06  -1.3621229300042614E-07  -1.8278216273870385E-08   3.5954921262515427E-09  -1.6170899341805267E-10   2.2433963604271412E-03  -8.6885318160057068E-04  -1.1496973456814885E-03   4.7451100545004010E-04   1.1714047286659479E-03  -4.0829971112543717E-05  -1.4037617947906256E-03   7.0911773946136236E-04   1.1805144604295492E-03
   102      229   1.0566405951976776E-02   3.5139848478138447E-03   6.0936697991564870E-04  -1.0223052231594920E-04   2.8452320748328930E-06   1.3405411891653785E-06  -8.7240970003676921E-08  -1.7748559955066412E-08   2.3222885836560181E-09  -7.1294983805536560E-11   2.2654340136796236E-03  -7.1640388341620564E-04  -1.1493479833006859E-03   2.6504776906222105E-04   1.0207002051174641E-03   1.3008652604185045E-04  -1.0558062931522727E-03   4.3356986134313047E-04   1.1771868448704481E-03
   102      230   1.0585937649011612E-02   3.4925246145576239E-03   6.1535096028819680E-04  -1.0168270819121972E-04   2.4004436909308424E-06   1.3507634548659553E-06  -7.5793337828145013E-08  -1.7718118527909610E-08   2.0228445585246391E-09  -4.9407349739238882E-11   2.2625536657869816E-03  -6.8278319668024778E-04  -1.1378999333828688E-03   2.2927529062144458E-04   9.8209839779883623E-04   1.4521206321660429E-04  -9.9778256844729185E-04   4.0282102418132126E-04   1.4193399110808969E-03
   102      231   1.0588379576802254E-02   3.4869140945374966E-03   6.1541551258414984E-04  -1.0116422345163301E-04   2.3117302134778583E-06   1.3433627827907912E-06  -7.3757149721132009E-08  -1.7568844157267449E-08   1.9747130597380647E-09  -4.6953056026532991E-11   2.2688207682222128E-03  -6.7315314663574100E-04  -1.1461670510470867E-03   2.0847340056207031E-04   9.7650062525644898E-04   1.7212872626259923E-04  -9.6285296604037285E-04   3.6350326263345778E-04   1.0005325311794877E-03
   102      232   1.0590820573270321E-02   3.5727152135223150E-03   5.8920885203406215E-04  -1.0432471754029393E-04   4.3280756472086068E-06   1.3133764014128246E-06  -1.2557055129036598E-07  -1.7941916397035129E-08   3.3315736835959342E-09  -1.4486611910058400E-10   2.2502681240439415E-03  -8.2876801025122404E-04  -1.1533637298271060E-03   4.1599493124522269E-04   1.1323352809995413E-03   7.9939245551940985E-06  -1.3091948349028826E-03   6.3424761174246669E-04   1.4359707711264491E-03
   102      233   1.0595703497529030E-02   3.5755278076976538E-03   5.8779848041012883E-04  -1.0439956531627104E-04   4.4079565668653231E-06   1.3118041124471347E-06  -1.2749300992709323E-07  -1.7957249909272832E-08   3.3789475661905044E-09  -1.4813818227654707E-10   2.2503703366965055E-03  -8.3552009891718626E-04  -1.1571728391572833E-03   4.2161825695075095E-04   1.1422231327742338E-03   1.1772611287597101E-05  -1.3157483190298080E-03   6.2784156762063503E-04   1.1216896818950772E-03
   102      234   1.0598145425319672E-02   3.6059806589037180E-03   5.7852553436532617E-04  -1.0556030611041933E-04   5.1260772124805953E-06   1.3020988944845158E-06  -1.4590547436910128E-07  -1.8106247168248046E-08   3.8601712937236243E-09  -1.8272348911718694E-10   2.2430114913731813E-03  -8.9110026601701975E-04  -1.1586972977966070E-03   4.9655087059363723E-04   1.1970507912337780E-03  -4.9242782552028075E-05  -1.4409690629690886E-03   7.2873674798756838E-04   1.4557463582605124E-03
   102      235   1.0600586421787739E-02   3.5979435779154301E-03   5.8067456120625138E-04  -1.0524605022510514E-04   4.9540240070200525E-06   1.3034431276537362E-06  -1.4158258920815570E-07  -1.8054169714787349E-08   3.7490583970622993E-09  -1.7491513792933233E-10   2.2443204652518034E-03  -8.7699136929586530E-04  -1.1570171918720007E-03   4.7863795771263540E-04   1.1815086472779512E-03  -3.8494923501275480E-05  -1.4124073786661029E-03   7.1235740324482322E-04   9.9760259035974741E-04
   102      236   1.0605469346046448E-02   3.5396586172282696E-03   5.9634895296767354E-04  -1.0275029490003362E-04   3.6467004065343644E-06   1.3125305713401758E-06  -1.0829628394048996E-07  -1.7651698769327595E-08   2.8844535648886449E-09  -1.1381626197071171E-10   2.2619122173637152E-03  -7.7296601375564933E-04  -1.1614763643592596E-03   3.3158890437334776E-04   1.0821302421391010E-03   8.9696666691452265E-05  -1.1665254132822156E-03   5.0537881907075644E-04   1.1954406509175897E-03
   102      237   1.0625000111758709E-02   3.4870924428105354E-03   6.1644555535167456E-04  -1.0209302126895636E-04   2.3572551981487777E-06   1.3645667422679253E-06  -7.4133829741640511E-08  -1.7922745954024322E-08   1.9678993989913351E-09  -4.3646170011513163E-11   2.2489922121167183E-03  -6.8372755777090788E-04  -1.1216091224923730E-03   2.4459356791339815E-04   9.7620784072205424E-04   1.1674439156195149E-04  -1.0214535286650062E-03   4.3983699288219213E-04   1.2374605285003781E-03
   102      238   1.0703125968575478E-02   3.5478931386023760E-03   5.9071875875815749E-04  -1.0418127203593031E-04   4.0908385017246474E-06   1.3278793176141335E-06  -1.1869366289829486E-07  -1.8096432796710360E-08   3.1355804619437322E-09  -1.2878184629805389E-10   2.2300174459815025E-03  -8.1429368583485484E-04  -1.1328546097502112E-03   4.1267226333729923E-04   1.1110920459032059E-03  -3.7627414712915197E-06  -1.2976616853848100E-03   6.4037449192255735E-04   1.2400092091411352E-03
   102      239   1.0742188431322575E-02   3.5750279203057289E-03   5.7629216462373734E-04  -1.0453365393914282E-04   4.9469686018710490E-06   1.2932629260831163E-06  -1.4130496595043951E-07  -1.7922351602805975E-08   3.7415470721668953E-09  -1.7511105065981525E-10   2.2302244324237108E-03  -8.7311526294797659E-04  -1.1515557998791337E-03   4.7622536658309400E-04   1.1774364393204451E-03  -3.4600925573613495E-05  -1.4034822816029191E-03   7.0072890957817435E-04   1.1193667305633426E-03
   102      240   1.0747071355581284E-02   3.5687803756445646E-03   5.7901127729564905E-04  -1.0457551252329722E-04   4.7900143727019895E-06   1.3026540273131104E-06  -1.3703444778911944E-07  -1.8004081780986780E-08   3.6245166867843182E-09  -1.6576361117071059E-10   2.2264521103352308E-03  -8.6323358118534088E-04  -1.1437988141551614E-03   4.6951405238360167E-04   1.1641875607892871E-03  -3.7556266761384904E-05  -1.3919384218752384E-03   7.0181337650865316E-04   1.1046449653804302E-03
   102      241   1.0751953348517418E-02   3.5678052809089422E-03   5.7704001665115356E-04  -1.0412285337224603E-04   4.8369834075856488E-06   1.2890608331872500E-06  -1.3875302329324768E-07  -1.7807044727646826E-08   3.6812595194390951E-09  -1.7163934162844896E-10   2.2322311997413635E-03  -8.6235144408419728E-04  -1.1523361317813396E-03   4.6083930647000670E-04   1.1665734928101301E-03  -2.3014210455585271E-05  -1.3794300612062216E-03   6.8348698550835252E-04   1.0488796979188919E-03
   102      242   1.0754395276308060E-02   3.5525031853467226E-03   5.8237084886059165E-04  -1.0375788406236097E-04   4.4669277485809289E-06   1.2998322063140222E-06  -1.2906694735193014E-07  -1.7821925268890482E-08   3.4235696499962387E-09  -1.5235006312064314E-10   2.2319222334772348E-03  -8.3542143693193793E-04  -1.1458080261945724E-03   4.2959017446264625E-04   1.1370884021744132E-03  -4.4550583879754413E-06  -1.3271640054881573E-03   6.5008411183953285E-04   1.1085505830124021E-03
   102      243   1.0756836272776127E-02   3.4662194084376097E-03   6.1113521223887801E-04  -1.0120582737727091E-04   2.3839006644266192E-06   1.3484391274687368E-06  -7.4861162602246623E-08  -1.7715290567821285E-08   1.9891708280539433E-09  -4.6503207534742685E-11   2.2402799222618341E-03  -6.8075442686676979E-04  -1.1242169421166182E-03   2.3601304565090686E-04   9.7647303482517600E-04   1.3480897177942097E-04  -1.0017013410106301E-03   4.1108109871856868E-04   9.7800686489790678E-04
   102      244   1.0761719197034836E-02   3.4138218034058809E-03   6.2563118990510702E-04  -9.9056444014422596E-05   1.2058125093972194E-06   1.3585662372861407E-06  -4.4899202578108088E-08  -1.7378740224671674E-08   1.2117733483307802E-09   8.5431314800210600E-12   2.2538865450769663E-03  -5.8708467986434698E-04  -1.1236454593017697E-03   1.0778501018648967E-04   8.8364852126687765E-04   2.3852137383073568E-04  -7.8919122461229563E-04   2.4363987904507667E-04   1.1924882419407368E-03
   102      245   1.0766602121293545E-02   3.4623339306563139E-03   6.1003421433269978E-04  -1.0073558951262385E-04   2.3696461539657321E-06   1.3380775953919510E-06  -7.4877426925468171E-08  -1.7546970099147075E-08   1.9982679955177218E-09  -4.8544900738134444E-11   2.2448948584496975E-03  -6.7598925670608878E-04  -1.1309608817100525E-03   2.2344618628267199E-04   9.7454973729327321E-04   1.5167298261076212E-04  -9.8184740636497736E-04   3.8764692726545036E-04   1.3547290582209826E-03
   102      246   1.0771485045552254E-02   3.5373396240174770E-03   5.8589904801920056E-04  -1.0327780910301954E-04   4.1659664020698983E-06   1.3050608913545148E-06  -1.2121921599828056E-07  -1.7783101213808550E-08   3.2157345675187798E-09  -1.3714258895181075E-10   2.2320873104035854E-03  -8.1265310291200876E-04  -1.1433059116825461E-03   4.0023995097726583E-04   1.1143559822812676E-03   1.9313531083753332E-05  -1.2766501167789102E-03   6.0931686311960220E-04   1.0261560091748834E-03
   102      247   1.0773926973342896E-02   3.5089880693703890E-03   5.9430458350107074E-04  -1.0224051220575348E-04   3.5069617752014892E-06   1.3152437077224022E-06  -1.0418850848736838E-07  -1.7670394925062283E-08   2.7677036218420881E-09  -1.0466708749712339E-10   2.2382116876542568E-03  -7.6225667726248503E-04  -1.1423394316807389E-03   3.3161102328449488E-04   1.0651844786480069E-03   7.7228563895914704E-05  -1.1606256011873484E-03   5.1373196765780449E-04   1.1152300285175443E-03
   102      248   1.0776367969810963E-02   3.6038113757967949E-03   5.6276621762663126E-04  -1.0516001930227503E-04   5.7974602896138094E-06   1.2652242276089964E-06  -1.6356639775949589E-07  -1.7846595312676072E-08   4.3339554167687311E-09  -2.1967504204578603E-10   2.2272130008786917E-03  -9.3380338512361050E-04  -1.1651988606899977E-03   5.4693478159606457E-04   1.2435179669409990E-03  -7.6472220825962722E-05  -1.5205319505184889E-03   7.7672221232205629E-04   1.3724310556426644E-03
   102      249   1.0778808966279030E-02   3.5911037120968103E-03   5.7054008357226849E-04  -1.0560371447354555E-04   5.4096340136311483E-06   1.2962113942194264E-06  -1.5276962983534759E-07  -1.8168540449892134E-08   4.0328420602975257E-09  -1.9475400458990322E-10   2.2146301344037056E-03  -9.1192498803138733E-04  -1.1403789976611733E-03   5.3903454681858420E-04   1.2107008369639516E-03  -9.7430784080643207E-05  -1.5066979685798287E-03   7.9744949471205473E-04   1.4240564778447151E-03
   102      250   1.0781250894069672E-02   3.5830573178827763E-03   5.7327520335093141E-04  -1.0541969822952524E-04   5.2160803534206934E-06   1.3022565781284356E-06  -1.4764326294880448E-07  -1.8184238115281914E-08   3.8952485681420512E-09  -1.8436706328284203E-10   2.2144797258079052E-03  -8.9816597755998373E-04  -1.1376314796507359E-03   5.2246672566980124E-04   1.1963419383391738E-03  -8.5589228547178209E-05  -1.4782153302803636E-03   7.7598862117156386E-04   1.7168627819046378E-03
   102      251   1.0800782591104507E-02   3.5471124574542046E-03   5.8036105474457145E-04  -1.0360345913795754E-04   4.5135443542676512E-06   1.2956128330188221E-06  -1.3027626266648440E-07  -1.7783152728156892E-08   3.4562495088152900E-09  -1.5503895389734623E-10   2.2266923915594816E-03  -8.3768129115924239E-04  -1.1433849576860666E-03   4.3425871990621090E-04   1.1384519748389721E-03  -9.6112999017350376E-06  -1.3340469449758530E-03   6.5746926702558994E-04   1.2841292191296816E-03
   102      252   1.0820313356816769E-02   3.5410341806709766E-03   5.8039696887135506E-04  -1.0333876707591116E-04   4.4464686652645469E-06   1.2939194675709587E-06  -1.2853242026267253E-07  -1.7735017010522824E-08   3.4103342372304724E-09  -1.5192111457729141E-10   2.2267152089625597E-03  -8.3185231778770685E-04  -1.1449871817603707E-03   4.2442523408681154E-04   1.1341535719111562E-03   2.6031066227005795E-06  -1.3161310926079750E-03   6.3761038472875953E-04   1.0651517659425735E-03
   102      253   1.0839844122529030E-02   3.4147561527788639E-03   6.1856320826336741E-04  -9.9021483038086444E-05   1.5240407265082467E-06   1.3450214737531496E-06  -5.3038878178313098E-08  -1.7320685330446395E-08   1.4249397217724891E-09  -7.5123050141678860E-12   2.2463307250291109E-03  -6.0926761943846941E-04  -1.1275162687525153E-03   1.3356366252992302E-04   9.0922880917787552E-04   2.2829555382486433E-04  -8.2775863120332360E-04   2.6011432055383921E-04   1.0732130613178015E-03
   102      254   1.0859375819563866E-02   3.5856387112289667E-03   5.6306557962670922E-04  -1.0484900121809915E-04   5.6520093494327739E-06   1.2685615047303145E-06  -1.5965787270033616E-07  -1.7850119604645442E-08   4.2290357882279750E-09  -2.1178814257893919E-10   2.2147886920720339E-03  -9.2236424097791314E-04  -1.1518016690388322E-03   5.4223026381805539E-04   1.2262301752343774E-03  -8.6206382547970861E-05  -1.5119037125259638E-03   7.8604609007015824E-04   1.2159224133938551E-03
   102      255   1.0878907516598701E-02   3.6171001847833395E-03   5.5426091421395540E-04  -1.0652415221557021E-04   6.4002874751167838E-06   1.2705625067610526E-06  -1.7833637855346751E-07  -1.8200104534571437E-08   4.7061168295670086E-09  -2.4439603119041919E-10   2.1977650467306376E-03  -9.8464137408882380E-04  -1.1424110271036625E-03   6.3593289814889431E-04   1.2839833507314324E-03  -1.7138918337877840E-04  -1.6660153632983565E-03   9.1799919027835131E-04   1.0277031688019633E-03
   102      256   1.0888673365116119E-02   3.5512170288711786E-03   5.7411758461967111E-04  -1.0425001528346911E-04   4.8772749323688913E-06   1.2965087989869062E-06  -1.3903465401199355E-07  -1.7972293875345713E-08   3.6735250397157415E-09  -1.6941022196181876E-10   2.2082868963479996E-03  -8.6832669330760837E-04  -1.1334288865327835E-03   4.8387685092166066E-04   1.1663824552670121E-03  -5.3729956562165171E-05  -1.4111674390733242E-03   7.2118261596187949E-04   1.2720006052404642E-03
   102      257   1.0893555358052254E-02   3.5103752743452787E-03   5.8431254001334310E-04  -1.0235000809188932E-04   3.9856040530139580E-06   1.2978638324057101E-06  -1.1653077081064112E-07  -1.7621447412352609E-08   3.0933531292021144E-09  -1.2907125368499806E-10   2.2226811852306128E-03  -7.9552992247045040E-04  -1.1395005276426673E-03   3.7831283407285810E-04   1.0975085897371173E-03   3.9842518162913620E-05  -1.2357810046523809E-03   5.7280616601929069E-04   1.3063967926427722E-03
   102      258   1.0898438282310963E-02   3.4701216500252485E-03   5.9670116752386093E-04  -1.0099859355250373E-04   3.0501648780045798E-06   1.3146809578756802E-06  -9.2408647844877123E-08  -1.7493997361839320E-08   2.4598463266300996E-09  -8.3002264783527124E-11   2.2283620201051235E-03  -7.2399503551423550E-04  -1.1320071062073112E-03   2.8655937057919800E-04   1.0234509827569127E-03   1.0658081009751186E-04  -1.0831699473783374E-03   4.6128086978569627E-04   1.2098718434572220E-03
   102      259   1.0900879278779030E-02   3.6237270105630159E-03   5.4940296104177833E-04  -1.0653684876160696E-04   6.6678248913376592E-06   1.2575901564559899E-06  -1.8550889535617898E-07  -1.8112007893478221E-08   4.9007016222901711E-09  -2.5955784743736388E-10   2.1972244139760733E-03  -1.0018140310421586E-03  -1.1473266640678048E-03   6.5485242521390319E-04   1.3021741760894656E-03  -1.8340103270020336E-04  -1.6989200375974178E-03   9.4177777646109462E-04   1.3559161452576518E-03
   102      260   1.0903321206569672E-02   3.5445590037852526E-03   5.7469180319458246E-04  -1.0394959099357948E-04   4.7885819185466971E-06   1.2942158491568989E-06  -1.3692634581730090E-07  -1.7899170146051802E-08   3.6222675969810325E-09  -1.6622558884904493E-10   2.2083509247750044E-03  -8.5965765174478292E-04  -1.1321363272145391E-03   4.7293052193708718E-04   1.1560026323422790E-03  -4.8959926061797887E-05  -1.3947375118732452E-03   7.1515794843435287E-04   1.1385841062292457E-03
   102      261   1.0908203199505806E-02   3.4162877127528191E-03   6.1101187020540237E-04  -9.8746742878574878E-05   1.8601957663122448E-06   1.3233344589025364E-06  -6.2153880264759209E-08  -1.7131950968973797E-08   1.6750381082175636E-09  -2.7565857582678710E-11   2.2427199874073267E-03  -6.2899442855268717E-04  -1.1331861605867743E-03   1.5481420268770307E-04   9.3043170636519790E-04   2.1612321143038571E-04  -8.6413725512102246E-04   2.8496261802501976E-04   1.2299413792788982E-03
   102      262   1.0910645127296448E-02   3.5299721639603376E-03   5.7568307965993881E-04  -1.0278441914124414E-04   4.5457873056875542E-06   1.2792542065653834E-06  -1.3131237608376978E-07  -1.7564953935789163E-08   3.4891407540982300E-09  -1.5897717864366001E-10   2.2206536959856749E-03  -8.3480903413146734E-04  -1.1463535483926535E-03   4.2604745249263942E-04   1.1380430078133941E-03   5.2844984566036146E-06  -1.3173336628824472E-03   6.3477136427536607E-04   1.2940525775775313E-03
   102      263   1.0913086123764515E-02   3.5530605819076300E-03   5.7074287906289101E-04  -1.0413325799163431E-04   5.0400362852087710E-06   1.2856795592597337E-06  -1.4355531163801061E-07  -1.7871094826205081E-08   3.7997454072069559E-09  -1.7965710863432349E-10   2.2072868887335062E-03  -8.7737524881958961E-04  -1.1353910667821765E-03   4.9433752428740263E-04   1.1747295502573252E-03  -6.3451465393882245E-05  -1.4308105455711484E-03   7.4097467586398125E-04   1.0896149324253201E-03
   102      264   1.0917969048023224E-02   3.4868952352553606E-03   5.9008668176829815E-04  -1.0163232946069911E-04   3.5097041291010100E-06   1.3069160331724561E-06  -1.0412895790068433E-07  -1.7570817689716023E-08   2.7650541856161226E-09  -1.0499437430588898E-10   2.2227060981094837E-03  -7.5943116098642349E-04  -1.1343415826559067E-03   3.3277846523560584E-04   1.0600012028589845E-03   7.3380884714424610E-05  -1.1584524763748050E-03   5.1593140233308077E-04   1.0383150074630976E-03
   102      265   1.0927734896540642E-02   3.5456127952784300E-03   5.7187193306162953E-04  -1.0387423390056938E-04   4.9121535994345322E-06   1.2872559409515816E-06  -1.4014034377396456E-07  -1.7848904576567293E-08   3.7076588466078420E-09  -1.7287953013589430E-10   2.2075476590543985E-03  -8.6797610856592655E-04  -1.1364937527105212E-03   4.8012012848630548E-04   1.1674339184537530E-03  -4.6520206524292007E-05  -1.4045750722289085E-03   7.1168079739436507E-04   1.0803276672959328E-03
   102      266   1.0930176824331284E-02   3.4336685203015804E-03   6.0621043667197227E-04  -9.9883654911536723E-05   2.2884519239596557E-06   1.3292961966726580E-06  -7.2622754032636294E-08  -1.7410112462812322E-08   1.9376327209386091E-09  -4.4793155296041220E-11   2.2287729661911726E-03  -6.6651863744482398E-04  -1.1233704863116145E-03   2.1485930483322591E-04   9.6410693367943168E-04   1.5927058120723814E-04  -9.6154032507911325E-04   3.7012342363595963E-04   1.1293204734101892E-03
   102      267   1.0932617820799351E-02   3.4589658025652170E-03   5.9850153047591448E-04  -1.0085033864015713E-04   2.8827810183429392E-06   1.3215528724686010E-06  -8.7813766924682568E-08  -1.7539099061991692E-08   2.3336486076885876E-09  -7.3171885217604427E-11   2.2227885201573372E-03  -7.1297847898676991E-04  -1.1254786513745785E-03   2.7679390041157603E-04   1.0111662559211254E-03   1.1168963828822598E-04  -1.0639339452609420E-03   4.4774400885216892E-04   1.3526831753551960E-03
   102      268   1.0935058817267418E-02   3.5118211526423693E-03   5.8377656387165189E-04  -1.0312540689483285E-04   4.0950944821815938E-06   1.3122870541337761E-06  -1.1872443650418063E-07  -1.7898029724960907E-08   3.1378633025269664E-09  -1.3016515643116122E-10   2.2055658046156168E-03  -8.0907926894724369E-04  -1.1203421745449305E-03   4.1355806752108037E-04   1.1024280684068799E-03  -8.9393170128460042E-06  -1.2928890064358711E-03   6.4226513495668769E-04   1.3093458255752921E-03
   102      269   1.0937500745058060E-02   3.5281190648674965E-03   5.8028165949508548E-04  -1.0409059177618474E-04   4.4418743527785409E-06   1.3175638287066249E-06  -1.2722915698759607E-07  -1.8127712664295359E-08   3.3515608066636560E-09  -1.4418556626427659E-10   2.1961966995149851E-03  -8.3946791710332036E-04  -1.1134704109281301E-03   4.6140799531713128E-04   1.1297620367258787E-03  -5.4428015573648736E-05  -1.3713937951251864E-03   7.1102828951552510E-04   1.4310117112472653E-03
   102      270   1.0942383669316769E-02   3.5023130476474762E-03   5.8217829791828990E-04  -1.0192196350544691E-04   3.9906799429445527E-06   1.2897530723421369E-06  -1.1674118383098175E-07  -1.7509124816683652E-08   3.1011608836450932E-09  -1.3040353519233605E-10   2.2212255280464888E-03  -7.9340464435517788E-04  -1.1429846053943038E-03   3.7143155350349844E-04   1.0977498022839427E-03   5.2527197112794966E-05  -1.2221107026562095E-03   5.5412924848496914E-04   1.3464026851579547E-03
   102      271   1.0947266593575478E-02   3.5632236395031214E-03   5.6440033949911594E-04  -1.0440046753501520E-04   5.4141728469403461E-06   1.2740945294353878E-06  -1.5323867330607754E-07  -1.7853951206348029E-08   4.0553835845003050E-09  -1.9871138068339178E-10   2.2031546104699373E-03  -9.0447545517235994E-04  -1.1396296322345734E-03   5.2729545859619975E-04   1.2040210422128439E-03  -8.3460821770131588E-05  -1.4842342352494597E-03   7.7480421168729663E-04   1.2499433942139149E-03
   102      272   1.0952149517834187E-02   3.4224709961563349E-03   6.0631206724792719E-04  -9.9139193480368704E-05   2.1513471892831149E-06   1.3193189261073712E-06  -6.9520837087111431E-08  -1.7199322854821730E-08   1.8658592448872469E-09  -4.1142401985272414E-11   2.2335229441523552E-03  -6.5134064061567187E-04  -1.1288162786513567E-03   1.8886479665525258E-04   9.5056602731347084E-04   1.8436473328620195E-04  -9.2003913596272469E-04   3.3436954254284501E-04   1.2668810086324811E-03
   102      273   1.0957032442092896E-02   3.4776532556861639E-03   5.8868137421086431E-04  -1.0105755063705146E-04   3.4741203762678197E-06   1.2959785635757726E-06  -1.0364649938310322E-07  -1.7386739159519493E-08   2.7625224330307674E-09  -1.0632260349918710E-10   2.2229382302612066E-03  -7.5213285163044930E-04  -1.1358699994161725E-03   3.2116463989950716E-04   1.0524764657020569E-03   8.2032449427060783E-05  -1.1413604952394962E-03   5.0439790356904268E-04   1.3022918719798326E-03
   102      274   1.0966798290610313E-02   3.5096306819468737E-03   5.7819724315777421E-04  -1.0223848221357912E-04   4.2514689084782731E-06   1.2844520824728534E-06  -1.2348553468655155E-07  -1.7537963969971315E-08   3.2789619908157874E-09  -1.4339682219421945E-10   2.2156895138323307E-03  -8.1261311424896121E-04  -1.1408155551180243E-03   3.9953761734068394E-04   1.1150571517646313E-03   2.5766086764633656E-05  -1.2697860365733504E-03   5.9739133575931191E-04   1.4289403334259987E-03
   102      275   1.0971680283546448E-02   3.5684127360582352E-03   5.6121038505807519E-04  -1.0466951789567247E-04   5.6177523219957948E-06   1.2708658232440939E-06  -1.5842022094147978E-07  -1.7893148296366235E-08   4.1902117331460431E-09  -2.0838147873902813E-10   2.1978854201734066E-03  -9.2007184866815805E-04  -1.1377277551218867E-03   5.5016455007717013E-04   1.2187511892989278E-03  -1.0347081843065098E-04  -1.5217459294945002E-03   8.0601737136021256E-04   1.4044726267457008E-03
   102      276   1.0976563207805157E-02   3.5135964863002300E-03   5.7940121041610837E-04  -1.0308832133887336E-04   4.2980573198292404E-06   1.3029249430474010E-06  -1.2396736792652518E-07  -1.7848440947432209E-08   3.2760674173459847E-09  -1.4068389508903323E-10   2.2025217767804861E-03  -8.2288461271673441E-04  -1.1243020417168736E-03   4.2833090992644429E-04   1.1188365751877427E-03  -1.3258141734695528E-05  -1.3154243351891637E-03   6.4973958069458604E-04   1.3498663902282715E-03
   102      277   1.0981446132063866E-02   3.5415897145867348E-03   5.6952465092763305E-04  -1.0389780800323933E-04   5.0007306526822504E-06   1.2853322459704941E-06  -1.4232877276754152E-07  -1.7865195545141432E-08   3.7636440630706147E-09  -1.7684544106888467E-10   2.1991322282701731E-03  -8.7428820552304387E-04  -1.1305353837087750E-03   4.9344863509759307E-04   1.1710262624546885E-03  -6.2984770920593292E-05  -1.4259491581469774E-03   7.3585461359471083E-04   1.5794890932738781E-03
   102      278   1.0986328125000000E-02   3.4810786601155996E-03   5.8864767197519541E-04  -1.0193177877226844E-04   3.5671007481141714E-06   1.3141540193828405E-06  -1.0511109138633401E-07  -1.7722353362614740E-08   2.7807374181065825E-09  -1.0481093076775139E-10   2.2078659385442734E-03  -7.6669960981234908E-04  -1.1211589444428682E-03   3.5364466020837426E-04   1.0626246221363544E-03   4.6393062802962959E-05  -1.1898088268935680E-03   5.5106217041611671E-04   1.2857118854299188E-03
   102      279   1.0996093973517418E-02   3.5031244624406099E-03   5.7904527056962252E-04  -1.0227243183180690E-04   4.1734770093171392E-06   1.2908333246741677E-06  -1.2117519077037286E-07  -1.7612666880495453E-08   3.2120537341029376E-09  -1.3773954199436389E-10   2.2095558233559132E-03  -8.0859370063990355E-04  -1.1342780198901892E-03   3.9941596332937479E-04   1.1092299828305840E-03   2.1942743842373602E-05  -1.2672115117311478E-03   5.9879466425627470E-04   1.1467743897810578E-03
   102      280   1.1015625670552254E-02   3.5002608783543110E-03   5.8061641175299883E-04  -1.0266344179399312E-04   4.1304392652818933E-06   1.3026069609622937E-06  -1.1977486735759157E-07  -1.7775604987946281E-08   3.1694726843056742E-09  -1.3338331827927874E-10   2.1989590022712946E-03  -8.0833100946620107E-04  -1.1184553150087595E-03   4.1321708704344928E-04   1.1009754380211234E-03  -9.1824358605663292E-06  -1.2915892293676734E-03   6.4191356068477035E-04   1.4886414865031838E-03
   102      281   1.1035157367587090E-02   3.5811997950077057E-03   5.5231939768418670E-04  -1.0516455949982628E-04   6.1426135289366357E-06   1.2584482647071127E-06  -1.7179058886540588E-07  -1.7936056195821948E-08   4.5381942648248241E-09  -2.3369298163267160E-10   2.1881496068090200E-03  -9.5933151897042990E-04  -1.1398881906643510E-03   6.0110865160822868E-04   1.2595530133694410E-03  -1.3833593402523547E-04  -1.6032535349950194E-03   8.6299062240868807E-04   1.0448517277836800E-03
   102      282   1.1040040291845798E-02   3.5079042427241802E-03   5.7554186787456274E-04  -1.0277437831973657E-04   4.4124490159447305E-06   1.2920962717544171E-06  -1.2706149732366612E-07  -1.7739877122835424E-08   3.3610860761257300E-09  -1.4774786949445229E-10   2.1980528254061937E-03  -8.2831183681264520E-04  -1.1255153222009540E-03   4.3372574145905674E-04   1.1245055356994271E-03  -1.5390485714306124E-05  -1.3236036757007241E-03   6.5562629606574774E-04   1.2969507370144129E-03
   102      283   1.1044923216104507E-02   3.4969041589647532E-03   5.7815306354314089E-04  -1.0229565668851137E-04   4.1788894122873899E-06   1.2932429171996773E-06  -1.2108921509934589E-07  -1.7662429740994412E-08   3.2054310317164436E-09  -1.3676040855337135E-10   2.2012349218130112E-03  -8.0975634045898914E-04  -1.1271981056779623E-03   4.0662463288754225E-04   1.1076419614255428E-03   1.0416979421279393E-05  -1.2774793431162834E-03   6.1377778183668852E-04   1.1383662931621075E-03
   102      284   1.1054688133299351E-02   3.3651595003902912E-03   6.1530480161309242E-04  -9.7001342510338873E-05   1.1880804322572658E-06   1.3233304798632162E-06  -4.4773450724733266E-08  -1.6882504283444177E-08   1.2191987419640782E-09   4.6469546960414831E-12   2.2347520571202040E-03  -5.7373155141249299E-04  -1.1252650292590261E-03   8.3762810390908271E-05   8.7430613348260522E-04   2.7341357781551778E-04  -7.4063363717868924E-04   1.8742136307992041E-04   1.3209050521254539E-03
   102      285   1.1093750596046448E-02   3.5348276142030954E-03   5.6103634415194392E-04  -1.0330489021725953E-04   5.2934965424356051E-06   1.2604692756212899E-06  -1.5025467803297943E-07  -1.7619763426068857E-08   3.9815830632505822E-09  -1.9481587176795045E-10   2.1932101808488369E-03  -8.8993564713746309E-04  -1.1376016773283482E-03   5.0711253425106406E-04   1.1903224512934685E-03  -6.2634120695292950E-05  -1.4464310370385647E-03   7.3985150083899498E-04   1.2214970774948597E-03
   102      286   1.1098633520305157E-02   3.4007511567324400E-03   6.0197367565706372E-04  -9.8524367786012590E-05   2.1531486709136516E-06   1.3113809700371348E-06  -6.9309656680616172E-08  -1.7110490801997003E-08   1.8562176240521921E-09  -4.0754562918854376E-11   2.2191633470356464E-03  -6.4924953039735556E-04  -1.1240422027185559E-03   1.8799850658979267E-04   9.4893737696111202E-04   1.8947335775010288E-04  -9.1191811952739954E-04   3.2182238646782935E-04   1.1790536809712648E-03
   102      287   1.1099854484200478E-02   3.4744830336421728E-03   5.7891767937690020E-04  -1.0110266885021701E-04   3.8985576793493237E-06   1.2814864476240473E-06  -1.1431731650191068E-07  -1.7370478389011623E-08   3.0383928706356755E-09  -1.2659963355421411E-10   2.2054247092455626E-03  -7.8261393355205655E-04  -1.1332668364048004E-03   3.6322177038528025E-04   1.0837964946404099E-03   5.3875377489021048E-05  -1.2049650540575385E-03   5.4698949679732323E-04   1.3574276817962527E-03
   102      288   1.1101074516773224E-02   3.4395644906908274E-03   5.9109576977789402E-04  -1.0018740431405604E-04   3.0473274819087237E-06   1.3039907571510412E-06  -9.2157222297828412E-08  -1.7364126136953928E-08   2.4519930530431111E-09  -8.3112357274206516E-11   2.2063341457396746E-03  -7.1999226929619908E-04  -1.1198596330359578E-03   2.8922210913151503E-04   1.0161526734009385E-03   9.9787954241037369E-05  -1.0817645816132426E-03   4.6506780199706554E-04   1.1059211101382971E-03
   102      289   1.1103516444563866E-02   3.5237756092101336E-03   5.6613632477819920E-04  -1.0345297778258100E-04   5.0106491471524350E-06   1.2790353594027692E-06  -1.4251941138354596E-07  -1.7791387918464352E-08   3.7689273924002009E-09  -1.7767375071198188E-10   2.1851176861673594E-03  -8.7267067283391953E-04  -1.1216104030609131E-03   4.9770600162446499E-04   1.1662606848403811E-03  -7.2351976996287704E-05  -1.4304816722869873E-03   7.4632064206525683E-04   1.1502448469400406E-03
   102      290   1.1108399368822575E-02   3.4653942566365004E-03   5.8661919320002198E-04  -1.0200479300692677E-04   3.5838202165905386E-06   1.3194533039495582E-06  -1.0518157722572141E-07  -1.7828439169420562E-08   2.7764259780127531E-09  -1.0359211405353008E-10   2.1856122184544802E-03  -7.6888711191713810E-04  -1.0990595910698175E-03   3.7507290835492313E-04   1.0546297999098897E-03   5.5709488151478581E-06  -1.2244997778907418E-03   6.0691667022183537E-04   1.4142800355330110E-03
   102      291   1.1113282293081284E-02   3.4612109884619713E-03   5.8577215531840920E-04  -1.0146872955374420E-04   3.5490627396939090E-06   1.3084752481518080E-06  -1.0470164113485225E-07  -1.7642184602095767E-08   2.7730120422120308E-09  -1.0483160867158503E-10   2.1919154096394777E-03  -7.6217588502913713E-04  -1.1074559297412634E-03   3.5831631976179779E-04   1.0512839071452618E-03   2.7269630663795397E-05  -1.1978120310232043E-03   5.7720323093235493E-04   1.2198517797514796E-03
   102      292   1.1118165217339993E-02   3.5202032886445522E-03   5.6372606195509434E-04  -1.0281053255312145E-04   5.0357707550574560E-06   1.2632310699700611E-06  -1.4360115585532185E-07  -1.7561033516244606E-08   3.8067882179859680E-09  -1.8223236808445620E-10   2.1928388159722090E-03  -8.6954858852550387E-04  -1.1349895503371954E-03   4.8108468763530254E-04   1.1692779371514916E-03  -4.3187032133573666E-05  -1.4025985728949308E-03   7.0647947723045945E-04   1.0808360530063510E-03
   102      293   1.1123048141598701E-02   3.4688143059611320E-03   5.8042258024215698E-04  -1.0125298285856843E-04   3.8084228890511440E-06   1.2908942608191865E-06  -1.1164382840433973E-07  -1.7485096037717085E-08   2.9607738483150570E-09  -1.1986188430679334E-10   2.1983152255415916E-03  -7.7840627636760473E-04  -1.1240637395530939E-03   3.6532152444124222E-04   1.0760951554402709E-03   4.3971958803012967E-05  -1.2069214135408401E-03   5.5726553546264768E-04   1.3902839273214340E-03
   102      294   1.1132813058793545E-02   3.3607683144509792E-03   6.1382527928799391E-04  -9.7590076620690525E-05   1.2822603139284183E-06   1.3360357797864708E-06  -4.6455141955448198E-08  -1.7137166352654276E-08   1.2478915678570957E-09   4.7099268929429172E-12   2.2149474825710058E-03  -5.8581627672538161E-04  -1.1065490543842316E-03   1.1599384015426040E-04   8.7925873231142759E-04   2.3159992997534573E-04  -7.9020316479727626E-04   2.4367914011236280E-04   1.1949760373681784E-03
   102      295   1.1142577975988388E-02   3.4811967052519321E-03   5.7610421208664775E-04  -1.0192419722443447E-04   4.1482089727651328E-06   1.2897520491605974E-06  -1.2024287343592732E-07  -1.7610835456594032E-08   3.1832709801449255E-09  -1.3541590071497467E-10   2.1896401885896921E-03  -8.0556276952847838E-04  -1.1183407623320818E-03   4.0761375566944480E-04   1.0997916106134653E-03   1.9528592929418664E-06  -1.2778048403561115E-03   6.2322529265657067E-04   1.2563244672492146E-03
   102      296   1.1152343824505806E-02   3.4111470449715853E-03   5.9779384173452854E-04  -9.9609147582668811E-05   2.5201907192240469E-06   1.3195591463954770E-06  -7.8289673410836258E-08  -1.7393327667036829E-08   2.0825527968781898E-09  -5.5407799876006081E-11   2.1984351333230734E-03  -6.8147643469274044E-04  -1.1035983916372061E-03   2.5030612596310675E-04   9.7109784837812185E-04   1.1486768926260993E-04  -1.0161530226469040E-03   4.3205966358073056E-04   1.3401176547631621E-03
   102      297   1.1162109673023224E-02   3.4622945822775364E-03   5.8152584824711084E-04  -1.0149539593840018E-04   3.7493673517019488E-06   1.3008778978473856E-06  -1.0982652298707762E-07  -1.7618495107285526E-08   2.9072633189741737E-09  -1.1486824685880137E-10   2.1867002360522747E-03  -7.7632797183468938E-04  -1.1086574522778392E-03   3.7595041794702411E-04   1.0666662128642201E-03   1.7435595509596169E-05  -1.2248641578480601E-03   5.9332628734409809E-04   1.3992848107591271E-03
   102      298   1.1171875521540642E-02   3.4518912434577942E-03   5.8052572421729565E-04  -1.0036873572971672E-04   3.6228866520104930E-06   1.2811949545721291E-06  -1.0723543653057277E-07  -1.7262898666103865E-08   2.8538869045746651E-09  -1.1365382246442124E-10   2.2002041805535555E-03  -7.5948052108287811E-04  -1.1273258132860065E-03   3.3576044370420277E-04   1.0583826806396246E-03   7.1366914198733866E-05  -1.1581056751310825E-03   5.1678728777915239E-04   1.0887695243582129E-03
   102      299   1.1174317449331284E-02   3.5147673916071653E-03   5.6153500918298960E-04  -1.0274193482473493E-04   5.0896333050332032E-06   1.2615892046596855E-06  -1.4475614307229989E-07  -1.7572265420540134E-08   3.8327208073951624E-09  -1.8388963962667759E-10   2.1862122230231762E-03  -8.7399210315197706E-04  -1.1332483263686299E-03   4.8784620594233274E-04   1.1746882228180766E-03  -4.4859029003418982E-05  -1.4099084073677659E-03   7.0609635440632701E-04   1.3285360764712095E-03
   102      300   1.1176758445799351E-02   3.4585685934871435E-03   5.7965709129348397E-04  -1.0095893958350644E-04   3.7540216908382718E-06   1.2890816378785530E-06  -1.1018165224641052E-07  -1.7446049938030228E-08   2.9214686225742525E-09  -1.1713177650030104E-10   2.1931591909378767E-03  -7.7310967026278377E-04  -1.1207805946469307E-03   3.6016464582644403E-04   1.0696429526433349E-03   4.6411121729761362E-05  -1.1969694169238210E-03   5.5205030366778374E-04   1.2603460345417261E-03
   102      301   1.1181641370058060E-02   3.5462561063468456E-03   5.5204285308718681E-04  -1.0404152271803468E-04   5.8423725022294093E-06   1.2532907476270339E-06  -1.6405329006374814E-07  -1.7756644155042522E-08   4.3369050573005552E-09  -2.1993826204713685E-10   2.1759970113635063E-03  -9.3244347954168916E-04  -1.1306565720587969E-03   5.7045900030061603E-04   1.2297313660383224E-03  -1.1870967864524573E-04  -1.5491517260670662E-03   8.2693580770865083E-04   9.8688935395330191E-04
   102      302   1.1191407218575478E-02   3.5341887269169092E-03   5.5634503951296210E-04  -1.0390584066044539E-04   5.5579889703949448E-06   1.2654229522013338E-06  -1.5642683592886897E-07  -1.7829259846280365E-08   4.1304559772470384E-09  -2.0399347488986308E-10   2.1725802216678858E-03  -9.1341004008427262E-04  -1.1224271729588509E-03   5.5158679606392980E-04   1.2082752073183656E-03  -1.0985622793668881E-04  -1.5161405317485332E-03   8.0621655797585845E-04   1.4211095403879881E-03
   102      303   1.1210937984287739E-02   3.4086324740201235E-03   5.8979209279641509E-04  -9.8599666671361774E-05   2.7733005936170230E-06   1.2847877997046453E-06  -8.5647549497025466E-08  -1.6969815774814379E-08   2.2945363387094631E-09  -7.4371737934786353E-11   2.2075674496591091E-03  -6.9075130159035325E-04  -1.1269139358773828E-03   2.4122864124365151E-04   9.9089229479432106E-04   1.4986941823735833E-04  -1.0002793278545141E-03   3.8913622847758234E-04   1.3707842445001006E-03
   102      304   1.1213378980755806E-02   3.4842062741518021E-03   5.7024433044716716E-04  -1.0216895316261798E-04   4.4603107198781800E-06   1.2820499932786333E-06  -1.2821114125927124E-07  -1.7632872939543631E-08   3.3916762731678318E-09  -1.5064076375193025E-10   2.1786652505397797E-03  -8.2836725050583482E-04  -1.1140289716422558E-03   4.4190199696458876E-04   1.1204613838344812E-03  -2.9306160286068916E-05  -1.3336103875190020E-03   6.7249819403514266E-04   1.4101215638220310E-03
   102      305   1.1215820908546448E-02   3.5159960389137268E-03   5.5875512771308422E-04  -1.0297450353391469E-04   5.2500504352792632E-06   1.2603313734871335E-06  -1.4877559806336649E-07  -1.7626817339078116E-08   3.9360044112868309E-09  -1.9108756244001768E-10   2.1779742091894150E-03  -8.8629411766305566E-04  -1.1272395495325327E-03   5.0960067892447114E-04   1.1837061028927565E-03  -6.9522087869700044E-05  -1.4459569938480854E-03   7.4433523695915937E-04   1.2487785425037146E-03
   102      306   1.1220702901482582E-02   3.3716475591063499E-03   6.0320063494145870E-04  -9.7896037914324552E-05   1.8660755358723691E-06   1.3162771210772917E-06  -6.1634075620986550E-08  -1.7088062520542735E-08   1.6502412769625607E-09  -2.5459934507865434E-11   2.2040752228349447E-03  -6.2685785815119743E-04  -1.1084378929808736E-03   1.6960805805865675E-04   9.2064565978944302E-04   1.9142244127579033E-04  -8.7837682804092765E-04   3.1070914701558650E-04   1.3093029847368598E-03
   102      307   1.1225585825741291E-02   3.5081810783594847E-03   5.6111405137926340E-04  -1.0284981544828042E-04   5.0844041652453598E-06   1.2662809467656189E-06  -1.4439656581544114E-07  -1.7650375383482242E-08   3.8189984508107955E-09  -1.8222216791041745E-10   2.1757313515990973E-03  -8.7468611309304833E-04  -1.1220042360946536E-03   4.9829419003799558E-04   1.1701876064762473E-03  -6.5407402871642262E-05  -1.4267608057707548E-03   7.3436438106000423E-04   1.3802179601043463E-03
   102      308   1.1230468750000000E-02   3.5540591925382614E-03   5.4700009059160948E-04  -1.0457851021783426E-04   6.1679106693190988E-06   1.2512593912106240E-06  -1.7214912872987043E-07  -1.7870968704869483E-08   4.5436658879793868E-09  -2.3428767259581207E-10   2.1650949493050575E-03  -9.5886382041499019E-04  -1.1258213780820370E-03   6.1049062060192227E-04   1.2549171224236488E-03  -1.5284692926798016E-04  -1.6130661824718118E-03   8.7776756845414639E-04   1.1635607806965709E-03
   102      309   1.1232910677790642E-02   3.4152497537434101E-03   5.8948062360286713E-04  -9.9599528766702861E-05   2.9172065296734218E-06   1.3025023690715898E-06  -8.8536026510155352E-08  -1.7314327749318181E-08   2.3524382442019487E-09  -7.5830924872732908E-11   2.1919538266956806E-03  -7.0873211370781064E-04  -1.1099746916443110E-03   2.8068755636923015E-04   1.0021352209150791E-03   1.0238641698379070E-04  -1.0629339376464486E-03   4.5521958963945508E-04   1.5000456478446722E-03
   102      310   1.1235351674258709E-02   3.5316997673362494E-03   5.5222492665052414E-04  -1.0349903459427878E-04   5.6943636081996374E-06   1.2503537618613336E-06  -1.6026952209813317E-07  -1.7659752771237436E-08   4.2388839105456100E-09  -2.1331360289256196E-10   2.1732654422521591E-03  -9.1929832706227899E-04  -1.1294697178527713E-03   5.5269408039748669E-04   1.2168553657829762E-03  -1.0289305646438152E-04  -1.5179405454546213E-03   8.0042326590046287E-04   1.1432755272835493E-03
   102      311   1.1240234598517418E-02   3.4734110813587904E-03   5.7173700770363212E-04  -1.0183978156419471E-04   4.2945648601744324E-06   1.2840304179917439E-06  -1.2387970116378710E-07  -1.7600015667085245E-08   3.2770397506709514E-09  -1.4232601208696849E-10   2.1769481245428324E-03  -8.1555516226217151E-04  -1.1116273235529661E-03   4.2610141099430621E-04   1.1074790963903069E-03  -1.6825630154926330E-05  -1.3060027267783880E-03   6.4985611243173480E-04   1.1354734888300300E-03
   102      312   1.1250000447034836E-02   3.3569517545402050E-03   6.0587772168219090E-04  -9.7460419056005776E-05   1.6211898810070124E-06   1.3193163113101036E-06  -5.5397187281869265E-08  -1.7033180199632625E-08   1.4887893140524966E-09  -1.3957535648090325E-11   2.2014523856341839E-03  -6.0730119002982974E-04  -1.1019343510270119E-03   1.4839398500043899E-04   8.9795945677906275E-04   2.0042755932081491E-04  -8.4402743959799409E-04   2.9364490183070302E-04   1.5099178999662399E-03
   102      313   1.1289062909781933E-02   3.3325727563351393E-03   6.1128905508667231E-04  -9.6798845333978534E-05   1.1581322496567736E-06   1.3298438261699630E-06  -4.3178655317888115E-08  -1.7015983289070391E-08   1.1620995277183965E-09   1.0342868055068788E-11   2.1990612149238586E-03  -5.7310319971293211E-04  -1.0955961188301444E-03   1.0636718070600182E-04   8.6288060992956161E-04   2.3258951841853559E-04  -7.7083252836018801E-04   2.3627030896022916E-04   1.2141981860622764E-03
   102      314   1.1298827826976776E-02   3.4613253083080053E-03   5.6986801791936159E-04  -1.0117536294274032E-04   4.2477258830331266E-06   1.2727865623674006E-06  -1.2297208229483658E-07  -1.7414343744803773E-08   3.2604701161176308E-09  -1.4249944280120275E-10   2.1762668620795012E-03  -8.0767669714987278E-04  -1.1147009208798409E-03   4.1183151188306510E-04   1.1011253809556365E-03  -8.3145761209379998E-07  -1.2819353723898530E-03   6.2633509514853358E-04   1.2492733076214790E-03
   102      315   1.1303710751235485E-02   3.4756287932395935E-03   5.6500348728150129E-04  -1.0167073196498677E-04   4.5991087063157465E-06   1.2667338751271018E-06  -1.3195152348544070E-07  -1.7470089375137832E-08   3.4945077942438729E-09  -1.5939059794245480E-10   2.1736461203545332E-03  -8.3481165347620845E-04  -1.1181212030351162E-03   4.4585776049643755E-04   1.1298210592940450E-03  -2.3491433239541948E-05  -1.3374300906434655E-03   6.6441943636164069E-04   1.2887069024145603E-03
   102      316   1.1308593675494194E-02   3.4975048620253801E-03   5.5826670723035932E-04  -1.0253702203044668E-04   5.1210554374847561E-06   1.2603950381162576E-06  -1.4529358338677412E-07  -1.7591231582514411E-08   3.8421665848886732E-09  -1.8424078929157872E-10   2.1675268653780222E-03  -8.7555870413780212E-04  -1.1185599723830819E-03   5.0147692672908306E-04   1.1702412739396095E-03  -6.8520530476234853E-05  -1.4299978502094746E-03   7.3695182800292969E-04   1.1192744132131338E-03
   102      317   1.1318359524011612E-02   3.5123473498970270E-03   5.5320927640423179E-04  -1.0312686936231330E-04   5.4978845582809299E-06   1.2551437293950585E-06  -1.5494048000164184E-07  -1.7667787233222043E-08   4.0941952050843611E-09  -2.0236058662082002E-10   2.1626066882163286E-03  -9.0472825104370713E-04  -1.1186767369508743E-03   5.4130080388858914E-04   1.1988434707745910E-03  -1.0119604849023744E-04  -1.4961044071242213E-03   7.9083227319642901E-04   1.0557506466284394E-03
   102      318   1.1328125372529030E-02   3.4176753833889961E-03   5.8248772984370589E-04  -9.9935175967402756E-05   3.2856212328624679E-06   1.2950785048815305E-06  -9.7837691725999321E-08  -1.7369346849704925E-08   2.5934945302452661E-09  -9.3172039528077732E-11   2.1767776925116777E-03  -7.3623255593702197E-04  -1.1028896551579237E-03   3.2355290022678673E-04   1.0264234151691198E-03   6.2183760746847838E-05  -1.1320967460051179E-03   5.1751913269981742E-04   1.1641896562650800E-03
   102      319   1.1337891221046448E-02   3.4805794712156057E-03   5.6297919945791364E-04  -1.0231523629045114E-04   4.7837652346061077E-06   1.2737699535136926E-06  -1.3629137640691624E-07  -1.7661745843611243E-08   3.5998117819957542E-09  -1.6567174021542286E-10   2.1611843258142471E-03  -8.5233832942321897E-04  -1.1063945712521672E-03   4.8014897038228810E-04   1.1424971744418144E-03  -6.2610088207293302E-05  -1.3930506538599730E-03   7.2046031709760427E-04   1.2480762088671327E-03
   102      320   1.1340333148837090E-02   3.4838712308555841E-03   5.6069961283355951E-04  -1.0219583055004478E-04   4.8992551455739886E-06   1.2648083611566108E-06  -1.3953540189959313E-07  -1.7569483645729633E-08   3.6908165412796734E-09  -1.7318686762468616E-10   2.1639075130224228E-03  -8.5854867938905954E-04  -1.1118601541966200E-03   4.8373689060099423E-04   1.1502571869641542E-03  -6.1383303545881063E-05  -1.4002296375110745E-03   7.2327122325077653E-04   1.0506316320970654E-03
   102      321   1.1342774145305157E-02   3.3412424381822348E-03   6.0533900978043675E-04  -9.7295138402841985E-05   1.5314835764002055E-06   1.3241838132671546E-06  -5.2662127103531020E-08  -1.7091595694296302E-08   1.4087886412994521E-09  -7.3361976216101965E-12   2.1882397122681141E-03  -6.0181878507137299E-04  -1.0910392738878727E-03   1.4932091289665550E-04   8.8952342048287392E-04   1.9402982434257865E-04  -8.4116385551169515E-04   2.9610935598611832E-04   1.2134710559621453E-03
   102      322   1.1347657069563866E-02   3.4733759239315987E-03   5.6363776093348861E-04  -1.0188252781517804E-04   4.6677496357006021E-06   1.2700676279564505E-06  -1.3344188687369751E-07  -1.7559290910185155E-08   3.5280451893271447E-09  -1.6109862055468938E-10   2.1645589731633663E-03  -8.4153696661815047E-04  -1.1104121804237366E-03   4.6143581857904792E-04   1.1336030438542366E-03  -4.2465049773454666E-05  -1.3616618234664202E-03   6.9041945971548557E-04   1.3114333851262927E-03
   102      323   1.1357422918081284E-02   3.4872204996645451E-03   5.5661879014223814E-04  -1.0193554771831259E-04   5.0792086767614819E-06   1.2500936463766266E-06  -1.4448164620262105E-07  -1.7421109888005049E-08   3.8273295643875826E-09  -1.8442475324675911E-10   2.1678262855857611E-03  -8.6849316721782088E-04  -1.1224824702367187E-03   4.8758683260530233E-04   1.1650109663605690E-03  -5.1927105232607573E-05  -1.4063349226489663E-03   7.1344821481034160E-04   1.5846263850107789E-03
   102      324   1.1367187835276127E-02   3.4153913147747517E-03   5.7860172819346189E-04  -9.9500975920818746E-05   3.4078868793585571E-06   1.2798965371985105E-06  -1.0131891770015500E-07  -1.7190897594332455E-08   2.6926030294305292E-09  -1.0187908155989689E-10   2.1787032019346952E-03  -7.4134726310148835E-04  -1.1115169618278742E-03   3.2242742599919438E-04   1.0359653970226645E-03   7.4571340519469231E-05  -1.1294557480141521E-03   5.0112942699342966E-04   1.1257171863690019E-03
   102      325   1.1406250298023224E-02   3.4619979560375214E-03   5.6074926396831870E-04  -1.0105202818522230E-04   4.6586305870732758E-06   1.2526816135505214E-06  -1.3373147567108390E-07  -1.7292183684958218E-08   3.5477996096489051E-09  -1.6464686558581576E-10   2.1667196415364742E-03  -8.3446939243003726E-04  -1.1175797553732991E-03   4.4460472417995334E-04   1.1291614500805736E-03  -2.1557063519139774E-05  -1.3343894388526678E-03   6.6290644463151693E-04   1.3155785854905844E-03
   102      326   1.1445312760770321E-02   3.4139093477278948E-03   5.7408877182751894E-04  -9.9666562164202332E-05   3.6227397686161567E-06   1.2757599279211718E-06  -1.0668118477497046E-07  -1.7230272320034601E-08   2.8303928090167574E-09  -1.1168933139460435E-10   2.1668777335435152E-03  -7.5728277442976832E-04  -1.1049605673179030E-03   3.4911656985059381E-04   1.0488593252375722E-03   4.7419896873179823E-05  -1.1722262715920806E-03   5.4267566883936524E-04   1.2624373193830252E-03
   102      327   1.1455077677965164E-02   3.5028418060392141E-03   5.4741190979257226E-04  -1.0316324187442660E-04   5.7111096793960314E-06   1.2502978279371746E-06  -1.6013733272757236E-07  -1.7704980592725406E-08   4.2258228027947098E-09  -2.1165197372496891E-10   2.1432975772768259E-03  -9.2043407494202256E-04  -1.1068986495956779E-03   5.7171040680259466E-04   1.2102308683097363E-03  -1.3384442718233913E-04  -1.5430437633767724E-03   8.3703000564128160E-04   1.0658610844984651E-03
   102      328   1.1464843526482582E-02   3.4196858759969473E-03   5.7118502445518970E-04  -9.9947064882144332E-05   3.8201746974664275E-06   1.2726380873573362E-06  -1.1176035030757703E-07  -1.7265138652078349E-08   2.9638314025248746E-09  -1.2134139526498444E-10   2.1620951592922211E-03  -7.7233376214280725E-04  -1.1026324937120080E-03   3.7180393701419234E-04   1.0625977301970124E-03   2.6074030756717548E-05  -1.2102501932531595E-03   5.7589414063841105E-04   1.2329958844929934E-03
   102      329   1.1474609375000000E-02   3.4171531442552805E-03   5.7155155809596181E-04  -9.9932134617120028E-05   3.7830691326234955E-06   1.2749509323839447E-06  -1.1066206440091264E-07  -1.7290730625063588E-08   2.9318207861450674E-09  -1.1868199478737296E-10   2.1607070229947567E-03  -7.7020697062835097E-04  -1.1015932541340590E-03   3.6954198731109500E-04   1.0605439310893416E-03   2.8554502932820469E-05  -1.2051004450768232E-03   5.7090190239250660E-04   1.2034802930429578E-03
   102      330   1.1484375223517418E-02   3.3453183714300394E-03   5.9387629153206944E-04  -9.7570984507910907E-05   2.1023602130298968E-06   1.3070527984382352E-06  -6.7175513152051280E-08  -1.7093029214265698E-08   1.7867575197172414E-09  -3.5098771111741200E-11   2.1704859100282192E-03  -6.4306537387892604E-04  -1.0889935074374080E-03   2.0579792908392847E-04   9.3077082419767976E-04   1.5224986418616027E-04  -9.3030720017850399E-04   3.6245095543563366E-04   1.2530017411336303E-03
   102      331   1.1494141072034836E-02   3.5132870543748140E-03   5.4045813158154488E-04  -1.0336485865991563E-04   6.1099772210582159E-06   1.2359532775008120E-06  -1.7054384215953178E-07  -1.7656775597174601E-08   4.5020129846307100E-09  -2.3245705360608326E-10   2.1400148980319500E-03  -9.4844767590984702E-04  -1.1126865865662694E-03   6.0450861928984523E-04   1.2408067705109715E-03  -1.5272997552528977E-04  -1.5966997016221285E-03   8.7046733824536204E-04   1.0843623895198107E-03
   102      332   1.1503906920552254E-02   3.4142835065722466E-03   5.7028827723115683E-04  -9.9840326583944261E-05   3.8153079913172405E-06   1.2721733355647302E-06  -1.1150056167252842E-07  -1.7265596952142914E-08   2.9543805180054505E-09  -1.2051741549168327E-10   2.1578727755695581E-03  -7.7197531936690211E-04  -1.1007224675267935E-03   3.7244817940518260E-04   1.0623346315696836E-03   2.6598148906487040E-05  -1.2091815005987883E-03   5.7294126600027084E-04   1.1955732479691505E-03
   102      333   1.1513672769069672E-02   3.4060387406498194E-03   5.7369744172319770E-04  -9.9896155006717891E-05   3.6193980577081675E-06   1.2838024758821120E-06  -1.0621567980706459E-07  -1.7363197102326922E-08   2.8108606553445270E-09  -1.0913919767929769E-10   2.1522734314203262E-03  -7.5947155710309744E-04  -1.0894413571804762E-03   3.6536317202262580E-04   1.0446361266076565E-03   1.9133467503706925E-05  -1.1977379908785224E-03   5.7960086269304156E-04   1.4412305317819118E-03
   102      334   1.1518554762005806E-02   3.3961632288992405E-03   5.7578564155846834E-04  -9.9415527074597776E-05   3.4173515359725570E-06   1.2832208540203283E-06  -1.0110912285199447E-07  -1.7272176577876053E-08   2.6789670481974781E-09  -1.0002061678893170E-10   2.1559060551226139E-03  -7.4272841447964311E-04  -1.0919804917648435E-03   3.3992814132943749E-04   1.0294346138834953E-03   4.3440497393021360E-05  -1.1550299823284149E-03   5.4152723168954253E-04   1.6793918330222368E-03
   102      335   1.1523437686264515E-02   3.3257864415645599E-03   5.9499690541997552E-04  -9.6439420303795487E-05   1.8288807268618257E-06   1.2956933232999290E-06  -6.0608037699694250E-08  -1.6807492286829984E-08   1.6253370871410766E-09  -2.5323925248454948E-11   2.1768750157207251E-03  -6.1659677885472775E-04  -1.0966034606099129E-03   1.6215475625358522E-04   9.0801581973209977E-04   1.9670381152536720E-04  -8.5794850019738078E-04   2.9518295195885003E-04   1.5237553743645549E-03
   102      336   1.1562500149011612E-02   3.3403341658413410E-03   5.9057294856756926E-04  -9.7617361461743712E-05   2.2303154310066020E-06   1.3044734714640072E-06  -7.0314392530690384E-08  -1.7119724304848205E-08   1.8664889633868142E-09  -4.0701789161268209E-11   2.1592464763671160E-03  -6.5244548022747040E-04  -1.0816376889124513E-03   2.2432692639995366E-04   9.3710341025143862E-04   1.3118745118845254E-04  -9.5955666620284319E-04   3.9280639612115920E-04   1.6073872102424502E-03
   102      337   1.1572265997529030E-02   3.4870961681008339E-03   5.4274476133286953E-04  -1.0244375152979046E-04   5.7613519857113715E-06   1.2352411431493238E-06  -1.6159717119990091E-07  -1.7513716699113502E-08   4.2689496382308789E-09  -2.1615396972318734E-10   2.1364274434745312E-03  -9.1942277504131198E-04  -1.1086040176451206E-03   5.6723185116425157E-04   1.2109701056033373E-03  -1.2373476056382060E-04  -1.5326612628996372E-03   8.2175317220389843E-04   1.3398501323536038E-03
   102      338   1.1582031846046448E-02   3.3670845441520214E-03   5.7826359989121556E-04  -9.7994881798513234E-05   2.9925117814855184E-06   1.2741753607770079E-06  -9.0521375284424721E-08  -1.6967156568625796E-08   2.4095383466260500E-09  -8.2266915502060556E-11   2.1611698903143406E-03  -7.0485781179741025E-04  -1.0985017288476229E-03   2.8112306608818471E-04   9.9580653477460146E-04   1.0199985990766436E-04  -1.0553636820986867E-03   4.5008363667875528E-04   1.2111980468034744E-03
   102      339   1.1601562611758709E-02   3.4135105088353157E-03   5.6715880054980516E-04  -1.0067960101878271E-04   4.0329277908313088E-06   1.2848216783822863E-06  -1.1629038709770612E-07  -1.7571732513488314E-08   3.0633300340809910E-09  -1.2602924259752513E-10   2.1336083300411701E-03  -7.9399853711947799E-04  -1.0785192716866732E-03   4.2134770774282515E-04   1.0753152891993523E-03  -3.3104512112913653E-05  -1.2866761535406113E-03   6.5673998324200511E-04   1.0739645222201943E-03
   102      340   1.1611327528953552E-02   3.4145023673772812E-03   5.6263856822624803E-04  -9.9942233646288514E-05   4.1791572584770620E-06   1.2596190117619699E-06  -1.2085429546004889E-07  -1.7238871663494137E-08   3.2007667627453884E-09  -1.3890918970638211E-10   2.1445902530103922E-03  -7.9744955291971564E-04  -1.0969535214826465E-03   4.0956956217996776E-04   1.0863434290513396E-03  -4.8812198656378314E-06  -1.2689355062320828E-03   6.2211818294599652E-04   1.2059630826115608E-03
   102      341   1.1621093377470970E-02   3.3299038186669350E-03   5.8565294602885842E-04  -9.6409916295669973E-05   2.2786903173255268E-06   1.2753066584991757E-06  -7.2377943638457509E-08  -1.6695025806257036E-08   1.9392478733948337E-09  -4.9381821548566407E-11   2.1685617975890636E-03  -6.4668961567804217E-04  -1.1010012822225690E-03   1.9835621060337871E-04   9.4034848734736443E-04   1.7522409325465560E-04  -9.1617507860064507E-04   3.3227942185476422E-04   1.1608325876295567E-03
   102      342   1.1623535305261612E-02   3.5018587950617075E-03   5.3303729509934783E-04  -1.0267202014802024E-04   6.3190041146299336E-06   1.2132924211982754E-06  -1.7630034676585637E-07  -1.7411116104426583E-08   4.6628572114570943E-09  -2.4619681293636120E-10   2.1327296271920204E-03  -9.5765508012846112E-04  -1.1166206095367670E-03   6.1199563788250089E-04   1.2518138391897082E-03  -1.5184754738584161E-04  -1.6074749873951077E-03   8.7306409841403365E-04   1.4610785292461514E-03
   102      343   1.1624755337834358E-02   3.4081067424267530E-03   5.6090101134032011E-04  -9.9117525678593665E-05   4.1427265387028456E-06   1.2423141697581741E-06  -1.2049676456626912E-07  -1.6956377635324316E-08   3.2041755915201975E-09  -1.4137664650082371E-10   2.1540739107877016E-03  -7.8850996214896441E-04  -1.1109159095212817E-03   3.8449591374956071E-04   1.0831905528903008E-03   3.0063782105571590E-05  -1.2280779192224145E-03   5.7490839390084147E-04   1.0308878263458610E-03
   102      344   1.1625976301729679E-02   3.3397183287888765E-03   5.8271165471524000E-04  -9.6858602773863822E-05   2.5184594960592221E-06   1.2734815300063929E-06  -7.8515199675166514E-08  -1.6765838495302887E-08   2.0994623817216507E-09  -6.0762388176538451E-11   2.1642362698912621E-03  -6.6543836146593094E-04  -1.0984988184645772E-03   2.2637229994870722E-04   9.5704803243279457E-04   1.4788632688578218E-04  -9.6369738457724452E-04   3.7651421735063195E-04   1.5885933535173535E-03
   102      345   1.1628417298197746E-02   3.3885841257870197E-03   5.6958792265504599E-04  -9.9069489806424826E-05   3.6223050301487092E-06   1.2686359696090221E-06  -1.0647483605907837E-07  -1.7150616926642215E-08   2.8228708259803170E-09  -1.1148885981082657E-10   2.1470021456480026E-03  -7.5455784099176526E-04  -1.0925715323537588E-03   3.5414140438660979E-04   1.0419945465400815E-03   3.6235142033547163E-05  -1.1759933549910784E-03   5.5450043873861432E-04   1.1917514493688941E-03
   102      346   1.1630859225988388E-02   3.3897380344569683E-03   5.6918454356491566E-04  -9.9141689133830369E-05   3.6513954455585917E-06   1.2691846222878667E-06  -1.0713335285572612E-07  -1.7174093258631729E-08   2.8380802152838669E-09  -1.1238274200131571E-10   2.1463253069669008E-03  -7.5736286817118526E-04  -1.0929472045972943E-03   3.5759471938945353E-04   1.0455573210492730E-03   3.5446177207631990E-05  -1.1807401897385716E-03   5.5465410696342587E-04   1.3237695675343275E-03
   102      347   1.1640625074505806E-02   3.3627410884946585E-03   5.7680497411638498E-04  -9.8179800261277705E-05   3.0503588277497329E-06   1.2778931477441802E-06  -9.1698176163390599E-08  -1.7059589296763988E-08   2.4342960980305861E-09  -8.3283477336770773E-11   2.1503069438040257E-03  -7.1088166441768408E-04  -1.0892662685364485E-03   2.9695584089495242E-04   9.9843076895922422E-04   8.1857710028998554E-05  -1.0795131092891097E-03   4.7702642041258514E-04   1.1862121755257249E-03
   102      348   1.1645507998764515E-02   3.3800066448748112E-03   5.7311775162816048E-04  -9.9236785899847746E-05   3.4225613489979878E-06   1.2839368537242990E-06  -1.0084541912647182E-07  -1.7310334499143210E-08   2.6647328787987590E-09  -9.8416066962592197E-11   2.1393655333667994E-03  -7.4350449722260237E-04  -1.0803648037835956E-03   3.4973450237885118E-04   1.0268295882269740E-03   2.9434680982376449E-05  -1.1666207574307919E-03   5.5638316553086042E-04   1.1396342888474464E-03
   102      349   1.1650390923023224E-02   3.3755598124116659E-03   5.7394598843529820E-04  -9.9039039923809469E-05   3.3383728350599995E-06   1.2839067267123028E-06  -9.8698542672082112E-08  -1.7276869712645748E-08   2.6087918492123663E-09  -9.4491976743160677E-11   2.1404328290373087E-03  -7.3660089401528239E-04  -1.0810643434524536E-03   3.3955802791751921E-04   1.0205742437392473E-03   3.9174195990199223E-05  -1.1493960628286004E-03   5.4044002899900079E-04   1.4385853428393602E-03
   102      350   1.1660156771540642E-02   3.4207715652883053E-03   5.5877654813230038E-04  -1.0053914593299851E-04   4.4490661821328104E-06   1.2618460232260986E-06  -1.2742978583446529E-07  -1.7396432738792100E-08   3.3654861120169244E-09  -1.4980373885808973E-10   2.1323342807590961E-03  -8.2030135672539473E-04  -1.0884513612836599E-03   4.4789307867176831E-04   1.1055088834837079E-03  -4.3426432966953143E-05  -1.3307685730978847E-03   6.8005057983100414E-04   1.1991020292043686E-03
   102      351   1.1665039695799351E-02   3.3563626930117607E-03   5.7611119700595737E-04  -9.7764641395770013E-05   3.0048172448005062E-06   1.2713234127659234E-06  -9.0714763700816547E-08  -1.6942722780299846E-08   2.4128694597891354E-09  -8.2576695481506590E-11   2.1520245354622602E-03  -7.0477271219715476E-04  -1.0929669952020049E-03   2.8484023641794920E-04   9.9380721803754568E-04   9.5890558441169560E-05  -1.0593147017061710E-03   4.5739207416772842E-04   1.1976218083873391E-03
   102      352   1.1669922620058060E-02   3.3408342860639095E-03   5.7877885410562158E-04  -9.6823918283917010E-05   2.6966449695464689E-06   1.2653973726628465E-06  -8.3089254587775940E-08  -1.6725282492302540E-08   2.2195245641398742E-09  -6.9859659723725542E-11   2.1611177362501621E-03  -6.7775498609989882E-04  -1.1019917437806726E-03   2.3948773741722107E-04   9.7185577033087611E-04   1.4471009490080178E-04  -9.8311447072774172E-04   3.8215826498344541E-04   1.3434638967737556E-03
   102      353   1.1679687537252903E-02   3.3661739435046911E-03   5.7318795006722212E-04  -9.8373755463398993E-05   3.2559989904257236E-06   1.2732826917272178E-06  -9.6945861116637388E-08  -1.7080614256315130E-08   2.5712407758504696E-09  -9.3236217357794970E-11   2.1443122532218695E-03  -7.2605587774887681E-04  -1.0873444844037294E-03   3.1904541538096964E-04   1.0125647531822324E-03   6.2421764596365392E-05  -1.1156889377161860E-03   5.0778925651684403E-04   1.2663941597566009E-03
   102      354   1.1689452454447746E-02   3.3508541528135538E-03   5.7784287491813302E-04  -9.7966716566588730E-05   2.9145808184694033E-06   1.2815639820473734E-06  -8.8081591798072623E-08  -1.7066266622123294E-08   2.3374890911753710E-09  -7.6013452476875187E-11   2.1437008399516344E-03  -7.0068152854219079E-04  -1.0811840184032917E-03   2.8966667014174163E-04   9.8487199284136295E-04   7.9813326010480523E-05  -1.0668135946616530E-03   4.7605461440980434E-04   1.2333125341683626E-03
   102      355   1.1699218302965164E-02   3.4508055541664362E-03   5.4708920652046800E-04  -1.0170566383749247E-04   5.2761829465453047E-06   1.2478517419367563E-06  -1.4865457842461183E-07  -1.7529220741607787E-08   3.9211256464000144E-09  -1.9000387374568106E-10   2.1207858808338642E-03  -8.8360434165224433E-04  -1.0890907142311335E-03   5.3397711599245667E-04   1.1684446362778544E-03  -1.1229521624045447E-04  -1.4734393917024136E-03   7.9143000766634941E-04   1.4107064343988895E-03
   102      356   1.1708984151482582E-02   3.3689851406961679E-03   5.7023490080609918E-04  -9.8489173979032785E-05   3.4184865853603696E-06   1.2687394246313488E-06  -1.0110910864113976E-07  -1.7083348069490967E-08   2.6802802199910047E-09  -1.0125962568441338E-10   2.1405364386737347E-03  -7.3785480344668031E-04  -1.0873310966417193E-03   3.3484128653071821E-04   1.0243102442473173E-03   5.0463349907658994E-05  -1.1411027517169714E-03   5.2778801182284951E-04   1.5368955209851265E-03
   102      357   1.1713867075741291E-02   3.3025525044649839E-03   5.8931467356160283E-04  -9.5890594820957631E-05   1.8954408460558625E-06   1.2868035810242873E-06  -6.2066064288046618E-08  -1.6732785823592167E-08   1.6600086860663055E-09  -2.8145701047588290E-11   2.1569083910435438E-03  -6.1899406136944890E-04  -1.0864763753488660E-03   1.7200487491209060E-04   9.0777222067117691E-04   1.8577453738544136E-04  -8.6862489115446806E-04   3.0676089227199554E-04   1.2852230574935675E-03
   102      358   1.1718750000000000E-02   3.4491312690079212E-03   5.4308888502418995E-04  -1.0096785990754142E-04   5.3799531087861396E-06   1.2255374031155952E-06  -1.5198112635061989E-07  -1.7228492410481522E-08   4.0228114173146423E-09  -1.9990169242145583E-10   2.1300765220075846E-03  -8.8449160102754831E-04  -1.1056537041440606E-03   5.1998748676851392E-04   1.1760629713535309E-03  -8.3607643318828195E-05  -1.4510385226458311E-03   7.5612054206430912E-04   1.1672822292894125E-03
   102      359   1.1757812462747097E-02   3.3616076689213514E-03   5.6807609507814050E-04  -9.8034521215595305E-05   3.4292418149561854E-06   1.2592640814546030E-06  -1.0156718843745693E-07  -1.6949572412272573E-08   2.6967119648446669E-09  -1.0344358702951695E-10   2.1400486584752798E-03  -7.3558569420129061E-04  -1.0912416037172079E-03   3.2761142938397825E-04   1.0243393480777740E-03   6.2733386585023254E-05  -1.1279941536486149E-03   5.0955719780176878E-04   1.2470260262489319E-03
   102      360   1.1767577379941940E-02   3.4574975725263357E-03   5.3672556532546878E-04  -1.0121756349690259E-04   5.7418346841586754E-06   1.2146836070314748E-06  -1.6129082780480530E-07  -1.7220882497781531E-08   4.2673189426523095E-09  -2.1801156713241454E-10   2.1245006937533617E-03  -9.1085239546373487E-04  -1.1087047168985009E-03   5.5286788847297430E-04   1.2043972965329885E-03  -1.0397363075753674E-04  -1.5038077253848314E-03   7.8925484558567405E-04   1.5202407957985997E-03
   102      361   1.1777343228459358E-02   3.3815717324614525E-03   5.6364503689110279E-04  -9.9437063909135759E-05   3.8862499422975816E-06   1.2695103350779391E-06  -1.1270186917045066E-07  -1.7301848842521395E-08   2.9753026709045116E-09  -1.2136168459075947E-10   2.1228087134659290E-03  -7.7656429493799806E-04  -1.0757383424788713E-03   3.9774310425855219E-04   1.0582567192614079E-03  -1.0660271072993055E-05  -1.2436073739081621E-03   6.1878329142928123E-04   1.2039276771247387E-03
   102      362   1.1796874925494194E-02   3.3485826570540667E-03   5.6956626940518618E-04  -9.7635296697262675E-05   3.2460659440403106E-06   1.2606706150108948E-06  -9.6829360529682162E-08  -1.6900054689017452E-08   2.5726232255607329E-09  -9.4586165289012314E-11   2.1372952032834291E-03  -7.2098337113857269E-04  -1.0874608997255564E-03   3.1052264967001975E-04   1.0087084956467152E-03   7.4141069489996880E-05  -1.0986294364556670E-03   4.8862589756026864E-04   1.0699428385123610E-03
   102      363   1.1874999850988388E-02   3.3360442612320185E-03   5.7066202862188220E-04  -9.7818367066793144E-05   3.1383760870085098E-06   1.2737029919662746E-06  -9.3485219565536681E-08  -1.7072112612481760E-08   2.4732156322926357E-09  -8.5713547370858123E-11   2.1214066073298454E-03  -7.1635353378951550E-04  -1.0695816017687321E-03   3.1925679650157690E-04   9.9712132941931486E-04   5.0954258767887950E-05  -1.1104281293228269E-03   5.1540462300181389E-04   1.6593147302046418E-03
   102      364   1.1884765699505806E-02   3.3219542820006609E-03   5.7253439445048571E-04  -9.6923045930452645E-05   2.8821793875977164E-06   1.2660740367209655E-06  -8.7257618019975780E-08  -1.6847774730877063E-08   2.3181467856403515E-09  -7.5944917021786296E-11   2.1295545157045126E-03  -6.9291278487071395E-04  -1.0780474403873086E-03   2.7932020020671189E-04   9.7807822749018669E-04   9.3802264018449932E-05  -1.0437667369842529E-03   4.5054839574731886E-04   1.0770309017971158E-03
   102      365   1.1894531548023224E-02   3.4080329351127148E-03   5.4463057313114405E-04  -9.9847893579863012E-05   4.9569503062230069E-06   1.2276091183593962E-06  -1.4083042287893477E-07  -1.7114277994778604E-08   3.7266865149376827E-09  -1.7853230005471232E-10   2.1141441538929939E-03  -8.5028121247887611E-04  -1.0909595293924212E-03   4.8401491949334741E-04   1.1376750189810991E-03  -6.2819737649988383E-05  -1.3862656196579337E-03   7.1318866685032845E-04   1.3275998644530773E-03
   102      366   1.1904297396540642E-02   3.2604399602860212E-03   5.8958661975339055E-04  -9.4618008006364107E-05   1.5128988479773398E-06   1.2834934750571847E-06  -5.2121588822728881E-08  -1.6552654358292784E-08   1.3992732528222973E-09  -9.9393757113652725E-12   2.1413036156445742E-03  -5.8602716308087111E-04  -1.0735987452790141E-03   1.3592411414720118E-04   8.7081419769674540E-04   2.0747585222125053E-04  -8.0435693962499499E-04   2.6501086540520191E-04   1.4443198451772332E-03
   102      367   1.1914062313735485E-02   3.4629004076123238E-03   5.2641390357166529E-04  -1.0183138510910794E-04   6.3037027757673059E-06   1.2057123512931867E-06  -1.7536451935029618E-07  -1.7342753011462264E-08   4.6292547573045795E-09  -2.4368387863127339E-10   2.1017161197960377E-03  -9.5387204783037305E-04  -1.0983343236148357E-03   6.1941979220137000E-04   1.2433640658855438E-03  -1.6427696391474456E-04  -1.6103819943964481E-03   8.8114803656935692E-04   1.1664887424558401E-03
   102      368   1.1923827230930328E-02   3.3518923446536064E-03   5.6237593526020646E-04  -9.8402029834687710E-05   3.6694561913463986E-06   1.2616084177352604E-06  -1.0716985343606211E-07  -1.7112583350353816E-08   2.8329667500770483E-09  -1.1206999217527880E-10   2.1129653323441744E-03  -7.5586547609418631E-04  -1.0703789303079247E-03   3.7229555891826749E-04   1.0365061461925507E-03   9.3179723990033381E-06  -1.1980070266872644E-03   5.8368314057588577E-04   1.2243608944118023E-03
   102      369   1.1933593079447746E-02   3.3408610615879297E-03   5.6622701231390238E-04  -9.8262498795520514E-05   3.4115275866497541E-06   1.2723368172373739E-06  -1.0025202357155649E-07  -1.7175723954210298E-08   2.6454638479833648E-09  -9.7588680192384203E-11   2.1101916208863258E-03  -7.3835905641317368E-04  -1.0633458150550723E-03   3.5433511948212981E-04   1.0166442953050137E-03   1.7993081200984307E-05  -1.1667363578453660E-03   5.6525215040892363E-04   1.4807821717113256E-03
   102      370   1.1953124776482582E-02   3.4357055556029081E-03   5.3246435709297657E-04  -1.0095739708049223E-04   5.7805127653409727E-06   1.2136255236327997E-06  -1.6182787021534750E-07  -1.7253489303925562E-08   4.2733714344933560E-09  -2.1789807458372223E-10   2.1013803780078888E-03  -9.1355730546638370E-04  -1.0924560483545065E-03   5.6882982607930899E-04   1.2016899418085814E-03  -1.2705202971119434E-04  -1.5248245326802135E-03   8.1689044600352645E-04   1.0435804724693298E-03
   102      371   1.1962890625000000E-02   3.4542824141681194E-03   5.2467122441157699E-04  -1.0131764429388568E-04   6.2844496824254747E-06   1.1961607242483296E-06  -1.7510608074644551E-07  -1.7193034551610253E-08   4.6282653265450335E-09  -2.4473964521654068E-10   2.1016215905547142E-03  -9.4899238320067525E-04  -1.1017854558303952E-03   6.0907943407073617E-04   1.2402972206473351E-03  -1.5086101484484971E-04  -1.5926706837490201E-03   8.6151651339605451E-04   1.2350610923022032E-03
   102      372   1.1972656473517418E-02   3.2729583326727152E-03   5.8400654233992100E-04  -9.5756229711696506E-05   1.9518245153449243E-06   1.2903130937047536E-06  -6.2781822407487198E-08  -1.6853707762720660E-08   1.6655997692183178E-09  -2.7247183675971343E-11   2.1206780802458525E-03  -6.2433979474008083E-04  -1.0572420433163643E-03   2.0252323884051293E-04   9.0221007121726871E-04   1.3814790872856975E-04  -9.1265211813151836E-04   3.6714633461087942E-04   1.3488436816260219E-03
   102      373   1.1977539397776127E-02   3.2531209290027618E-03   5.9083517407998443E-04  -9.5282288384623826E-05   1.4768098708373145E-06   1.3039750683674356E-06  -5.0365102310934162E-08  -1.6869115881945618E-08   1.3357993600138229E-09  -2.6206356962960031E-12   2.1200643386691809E-03  -5.8965402422472835E-04  -1.0484465165063739E-03   1.6265497833956033E-04   8.6397613631561399E-04   1.6101535584311932E-04  -8.4619817789644003E-04   3.2573135104030371E-04   1.0829168604686856E-03
   102      374   1.1982422322034836E-02   3.2290723174810410E-03   5.9597752988338470E-04  -9.3997077783569694E-05   9.7568977253104094E-07   1.2995275255889283E-06  -3.7898150395676566E-08  -1.6589945417422314E-08   1.0185882137747626E-09   1.8729576917175805E-11   2.1310411393642426E-03  -5.4702145280316472E-04  -1.0560903465375304E-03   9.7145952167920768E-05   8.2534248940646648E-04   2.2305741731543094E-04  -7.3760160012170672E-04   2.2979771893005818E-04   1.2684876564890146E-03
   102      375   1.1987304314970970E-02   3.3292823936790228E-03   5.6411029072478414E-04  -9.7438351076561958E-05   3.3586136396479560E-06   1.2576284689203021E-06  -9.9251437291059119E-08  -1.6935826963049294E-08   2.6275293052435700E-09  -9.8024907635441139E-11   2.1139115560799837E-03  -7.2911457391455770E-04  -1.0727352928370237E-03   3.3244918449781835E-04   1.0121619561687112E-03   4.8426107241539285E-05  -1.1291579576209188E-03   5.2116124425083399E-04   1.1653075926005840E-03
   102      376   1.1992187239229679E-02   3.4438315778970718E-03   5.2765285363420844E-04  -1.0134623153135180E-04   6.0887009567522909E-06   1.2080705573680461E-06  -1.6971797833775781E-07  -1.7300237686868059E-08   4.4798800225009927E-09  -2.3285101624637150E-10   2.0940259564667940E-03  -9.3690253561362624E-04  -1.0900129564106464E-03   6.0274079442024231E-04   1.2236951151862741E-03  -1.5690176223870367E-04  -1.5808271709829569E-03   8.6409947834908962E-04   1.4109479961916804E-03
   102      377   1.2001952156424522E-02   3.3420776017010212E-03   5.5864930618554354E-04  -9.7787102276924998E-05   3.7197019082668703E-06   1.2474988579924684E-06  -1.0867181288176653E-07  -1.6929629254036627E-08   2.8776161453691884E-09  -1.1666313748381896E-10   2.1115972194820642E-03  -7.5536128133535385E-04  -1.0765081970021129E-03   3.6503194132819772E-04   1.0395967401564121E-03   2.5664714485174045E-05  -1.1836198391392827E-03   5.6036573369055986E-04   1.4371380675584078E-03
   102      378   1.2011718004941940E-02   3.3290083520114422E-03   5.6285492610186338E-04  -9.7512413049116731E-05   3.4230411074531730E-06   1.2568140164148645E-06  -1.0086726831559645E-07  -1.6952618864252145E-08   2.6693740551309020E-09  -1.0099359543103148E-10   2.1099953446537256E-03  -7.3398533277213573E-04  -1.0699437698349357E-03   3.4135143505409360E-04   1.0155633790418506E-03   3.8134086935315281E-05  -1.1437535285949707E-03   5.3712836233898997E-04   1.1784834787249565E-03
   102      379   1.2014159932732582E-02   3.3030789345502853E-03   5.7325087254866958E-04  -9.7155258117709309E-05   2.7572280032472918E-06   1.2832714446631144E-06  -8.3191231681212230E-08  -1.7088170878309938E-08   2.1940711469881080E-09  -6.4590131854114219E-11   2.1055438555777073E-03  -6.8807811476290226E-04  -1.0526616824790835E-03   2.9366277158260345E-04   9.6301996381953359E-04   5.9454356232890859E-05  -1.0631441837176681E-03   4.9260677769780159E-04   1.8636158201843500E-03
   102      380   1.2016600929200649E-02   3.3155868295580149E-03   5.6833488633856177E-04  -9.7404961707070470E-05   3.0818082450423390E-06   1.2722820201815921E-06  -9.1742784036341618E-08  -1.7052151690677420E-08   2.4226702866059213E-09  -8.1870489554436432E-11   2.1060097496956587E-03  -7.1105977986007929E-04  -1.0588460136204958E-03   3.1973962904885411E-04   9.8826910834759474E-04   4.4351530959829688E-05  -1.1071137851104140E-03   5.2049267105758190E-04   1.5618064207956195E-03
   102      381   1.2021483853459358E-02   3.2213525846600533E-03   5.9749552747234702E-04  -9.4141149020288140E-05   8.7219012812056462E-07   1.3100037676849752E-06  -3.4819052530110639E-08  -1.6718070483534575E-08   9.2910457105688238E-10   2.6477665546198459E-11   2.1219302434474230E-03  -5.4200756130740047E-04  -1.0448530083522201E-03   9.9802215117961168E-05   8.1603141734376550E-04   2.1092411770951003E-04  -7.4009731179103255E-04   2.4268336710520089E-04   1.1776343453675508E-03
   102      382   1.2026366777718067E-02   3.2971194013953209E-03   5.7180400472134352E-04  -9.6405747171957046E-05   2.7190203581994865E-06   1.2675950529228430E-06  -8.2768494280571758E-08  -1.6828034077320808E-08   2.1954755791142588E-09  -6.6766626949377184E-11   2.1139315795153379E-03  -6.7957182181999087E-04  -1.0645989095792174E-03   2.7121574385091662E-04   9.5961510669440031E-04   9.0028726845048368E-05  -1.0269694030284882E-03   4.5022467384114861E-04   1.0818858863785863E-03
   102      383   1.2031249701976776E-02   3.3764636609703302E-03   5.4536474635824561E-04  -9.8875636467710137E-05   4.6393665797950234E-06   1.2263485587027390E-06  -1.3250530628283741E-07  -1.6987542039714754E-08   3.5064382508664949E-09  -1.6291630544618130E-10   2.1041147410869598E-03  -8.2377449143677950E-04  -1.0833669221028686E-03   4.5268371468409896E-04   1.1098772520199418E-03  -3.8945181586313993E-05  -1.3298642588779330E-03   6.6899036755785346E-04   1.3807395007461309E-03
   102      384   1.2050781399011612E-02   3.3034135121852160E-03   5.6850328110158443E-04  -9.6709940407890826E-05   2.9340119453991065E-06   1.2647458333958639E-06  -8.8177642965092673E-08  -1.6879409869829942E-08   2.3347763722370019E-09  -7.6639396218158851E-11   2.1092691458761692E-03  -6.9644773611798882E-04  -1.0641504777595401E-03   2.9441888909786940E-04   9.7654393175616860E-04   7.2401067882310599E-05  -1.0641118278726935E-03   4.7830291441641748E-04   1.2985684443265200E-03
   102      385   1.2070312164723873E-02   3.3668181858956814E-03   5.4639257723465562E-04  -9.8705422715283930E-05   4.5179344851931091E-06   1.2300888556637801E-06  -1.2922416203764442E-07  -1.7001751118073116E-08   3.4174376661866290E-09  -1.5612770798423270E-10   2.0992539357393980E-03  -8.1507430877536535E-04  -1.0777658317238092E-03   4.4525892008095980E-04   1.0993045289069414E-03  -3.7077348679304123E-05  -1.3160436647012830E-03   6.6281144972890615E-04   1.4509228058159351E-03
   102      386   1.2109374627470970E-02   3.4106764942407608E-03   5.3039391059428453E-04  -1.0032808495452628E-04   5.6650528676982503E-06   1.2105285804864252E-06  -1.5864007707477867E-07  -1.7184133227488019E-08   4.1866901057119321E-09  -2.1175440567677839E-10   2.0862878300249577E-03  -9.0289709623903036E-04  -1.0821857722476125E-03   5.6147592840716243E-04   1.1880745878443122E-03  -1.2603930372279137E-04  -1.5082678291946650E-03   8.0923544010147452E-04   1.2779110111296177E-03
   102      387   1.2114257551729679E-02   3.3576753921806812E-03   5.4786063265055418E-04  -9.8759897809941322E-05   4.3994282350467984E-06   1.2394367558954400E-06  -1.2578854580169718E-07  -1.7108050087699667E-08   3.3190905579516539E-09  -1.4786202817695937E-10   2.0906492136418819E-03  -8.0842804163694382E-04  -1.0674165096133947E-03   4.4481299119070172E-04   1.0888357646763325E-03  -4.5475382648874074E-05  -1.3133011525496840E-03   6.6996511304751039E-04   1.2593461433425546E-03
   102      388   1.2119140475988388E-02   3.3635820727795362E-03   5.4582447046414018E-04  -9.8998592875432223E-05   4.5514198063756339E-06   1.2373199069770635E-06  -1.2968557427939231E-07  -1.7138237495828434E-08   3.4211566912745184E-09  -1.5522529095424176E-10   2.0885241683572531E-03  -8.2011782797053456E-04  -1.0671593481674790E-03   4.6102475607767701E-04   1.0999718215316534E-03  -5.9523244999581948E-05  -1.3404405908659101E-03   6.9331668782979250E-04   1.4215039554983377E-03
   102      389   1.2128906324505806E-02   3.3037289977073669E-03   5.6434830185025930E-04  -9.7028147138189524E-05   3.1594104257237632E-06   1.2632867765205447E-06  -9.3759609853805159E-08  -1.6962538040843356E-08   2.4771384943278463E-09  -8.6472579097218727E-11   2.0961726550012827E-03  -7.1412342367693782E-04  -1.0550682200118899E-03   3.2598903635516763E-04   9.9005468655377626E-04   3.8068228604970500E-05  -1.1154526146128774E-03   5.2941119065508246E-04   1.1796577600762248E-03
   102      390   1.2138672173023224E-02   3.2053985632956028E-03   5.9337745187804103E-04  -9.3385431682690978E-05   8.9357371280129883E-07   1.2951944654560066E-06  -3.5579517998485244E-08  -1.6516512602038347E-08   9.5476770933800026E-10   2.3165832099825145E-11   2.1163534838706255E-03  -5.3862918866798282E-04  -1.0469735134392977E-03   9.1823319962713867E-05   8.1436766777187586E-04   2.2353835811372846E-04  -7.2449143044650555E-04   2.2376772540155798E-04   1.3532870216295123E-03
   102      391   1.2148437090218067E-02   3.2882909290492535E-03   5.6429725373163819E-04  -9.5713963673915714E-05   2.9414854907372501E-06   1.2441120134099037E-06  -8.8835747646953678E-08  -1.6577221373381690E-08   2.3632316104027495E-09  -8.0987251627195889E-11   2.1098412107676268E-03  -6.9016235647723079E-04  -1.0732868686318398E-03   2.7651194250211120E-04   9.7531033679842949E-04   1.0056510654976591E-04  -1.0326735209673643E-03   4.3700533569790423E-04   1.3669835170730948E-03
   102      392   1.2167967855930328E-02   3.2678344286978245E-03   5.7215685956180096E-04  -9.5628303824923933E-05   2.4487617338309065E-06   1.2688035440078238E-06  -7.5509603902901290E-08  -1.6761696031153406E-08   1.9998254163766660E-09  -5.2462749422499400E-11   2.1016281098127365E-03  -6.5786222694441676E-04  -1.0551892919465899E-03   2.4790960014797747E-04   9.3580642715096474E-04   1.0600476525723934E-04  -9.8306324798613787E-04   4.1840845369733870E-04   1.2195534072816372E-03
   102      393   1.2177733704447746E-02   3.2712416723370552E-03   5.6996301282197237E-04  -9.5645227702334523E-05   2.5730298602866242E-06   1.2629196817215416E-06  -7.8843171991138661E-08  -1.6722298212812348E-08   2.0903205832922822E-09  -5.9503547922279409E-11   2.1015305537730455E-03  -6.6599930869415402E-04  -1.0576021159067750E-03   2.5687864399515092E-04   9.4468944007530808E-04   1.0078737977892160E-04  -9.9844962824136019E-04   4.2859718087129295E-04   1.3177534565329552E-03
   102      394   1.2187499552965164E-02   3.3305946271866560E-03   5.4875930072739720E-04  -9.7265139629598707E-05   4.0579589040135033E-06   1.2238949693710310E-06  -1.1760488405343494E-07  -1.6731309671058625E-08   3.1189011373555786E-09  -1.3593542957934801E-10   2.0967759191989899E-03  -7.7491399133577943E-04  -1.0757889831438661E-03   3.9048545295372605E-04   1.0595306521281600E-03   9.0897292466252111E-06  -1.2228906853124499E-03   5.8725971030071378E-04   1.4355222228914499E-03
   102      395   1.2207031250000000E-02   3.2810389529913664E-03   5.6645536096766591E-04  -9.6333984402008355E-05   2.8556025881698588E-06   1.2658816785915405E-06  -8.5753846690295177E-08  -1.6893418219865453E-08   2.2637354213372873E-09  -7.0956740483296699E-11   2.0914857741445303E-03  -6.9031654857099056E-04  -1.0508242994546890E-03   2.9600242851302028E-04   9.6629565814509988E-04   6.3469422457274050E-05  -1.0618501110002398E-03   4.8433776828460395E-04   1.3166909338906407E-03
   102      396   1.2216797098517418E-02   3.3322619274258614E-03   5.5091216927394271E-04  -9.8364995210431516E-05   4.0673207877262030E-06   1.2514033187471796E-06  -1.1673452604554768E-07  -1.7175020516901895E-08   3.0716571508548896E-09  -1.2876011368234686E-10   2.0773999858647585E-03  -7.8505306737497449E-04  -1.0517942719161510E-03   4.2527116602286696E-04   1.0598978260532022E-03  -4.1770090319914743E-05  -1.2769170571118593E-03   6.5550149884074926E-04   1.3170051388442516E-03
   102      397   1.2221679091453552E-02   3.3078698907047510E-03   5.5472331587225199E-04  -9.6747455245349556E-05   3.5951582049165154E-06   1.2373678828225820E-06  -1.0534603944734044E-07  -1.6757676135625843E-08   2.7899806909204017E-09  -1.1115834641639566E-10   2.0934944041073322E-03  -7.4150983709841967E-04  -1.0669350158423185E-03   3.5186277818866074E-04   1.0234396904706955E-03   3.4109227271983400E-05  -1.1560756247490644E-03   5.4167205234989524E-04   1.3818413717672229E-03
   102      398   1.2226562015712261E-02   3.3926349133253098E-03   5.2655703620985150E-04  -9.9395241704769433E-05   5.6457706705259625E-06   1.1934005215152865E-06  -1.5848411294427933E-07  -1.6927559798318725E-08   4.1912877613015098E-09  -2.1396946714435927E-10   2.0827138796448708E-03  -8.9540571207180619E-04  -1.0861454065889120E-03   5.4632138926535845E-04   1.1831716401502490E-03  -1.0586365533526987E-04  -1.4812132576480508E-03   7.7876931754872203E-04   1.1436879867687821E-03
   102      399   1.2236326932907104E-02   3.2657566480338573E-03   5.6651455815881491E-04  -9.5199859060812742E-05   2.6606817300489638E-06   1.2494190286815865E-06  -8.1446181354749569E-08  -1.6554389858924878E-08   2.1669492866749351E-09  -6.6515133678723970E-11   2.1003733854740858E-03  -6.6840281942859292E-04  -1.0613367194309831E-03   2.5634569465182722E-04   9.4860605895519257E-04   1.0546636622166261E-04  -9.9790457170456648E-04   4.2364580440334976E-04   1.4372734585776925E-03
   102      400   1.2241209857165813E-02   3.2841179054230452E-03   5.6236854288727045E-04  -9.6265634056180716E-05   3.0591170343541307E-06   1.2544886658361065E-06  -9.1252502443239791E-08  -1.6803006985810498E-08   2.4141468824012691E-09  -8.2866311035267870E-11   2.0899963565170765E-03  -7.0294726174324751E-04  -1.0540676303207874E-03   3.1019546440802515E-04   9.7976333927363157E-04   5.4562668083235621E-05  -1.0862660128623247E-03   5.0148949958384037E-04   1.2707883724942803E-03
   102      401   1.2246092781424522E-02   3.1964534427970648E-03   5.8932963293045759E-04  -9.3198686954565346E-05   1.0051693379864446E-06   1.2890368452644907E-06  -3.8306680494315515E-08  -1.6487186726976688E-08   1.0240637227099114E-09   1.7988137021585082E-11   2.1056118421256542E-03  -5.4579717107117176E-04  -1.0428349487483501E-03   1.0405870125396177E-04   8.2084030145779252E-04   2.1390490292105824E-04  -7.4152072193101048E-04   2.3621061700396240E-04   1.8230106215924025E-03
   102      402   1.2265624478459358E-02   3.4173650201410055E-03   5.1542464643716812E-04  -1.0009168181568384E-04   6.3706993387313560E-06   1.1734279041775153E-06  -1.7733943025177723E-07  -1.6923923595868473E-08   4.6905421768883571E-09  -2.5106597356661098E-10   2.0770831033587456E-03  -9.4829639419913292E-04  -1.0933460434898734E-03   6.1215192545205355E-04   1.2384761357679963E-03  -1.5146401710808277E-04  -1.5905414475128055E-03   8.5712585132569075E-04   1.2672946322709322E-03
   102      403   1.2285156175494194E-02   3.2284178305417299E-03   5.7695066789165139E-04  -9.4371273007709533E-05   1.8746018213278148E-06   1.2730350817946601E-06  -6.0645142241355643E-08  -1.6607453190431443E-08   1.6093052446208844E-09  -2.4488338440376012E-11   2.0952015183866024E-03  -6.1189185362309217E-04  -1.0457995813339949E-03   1.9179785158485174E-04   8.8740920182317495E-04   1.4615648251492530E-04  -8.8679039618000388E-04   3.4779123961925507E-04   1.8875319510698318E-03
   102      404   1.2304686941206455E-02   3.3381546381860971E-03   5.3924467647448182E-04  -9.7720243502408266E-05   4.5821898311260156E-06   1.2116551033614087E-06  -1.3094457074203092E-07  -1.6779537759248342E-08   3.4663902859222162E-09  -1.6118741064108377E-10   2.0809054840356112E-03  -8.1373692955821753E-04  -1.0714593809098005E-03   4.4632412027567625E-04   1.0965681867673993E-03  -3.7701105611631647E-05  -1.3131230371072888E-03   6.6087895538657904E-04   1.5092416433617473E-03
   102      405   1.2324217706918716E-02   3.3812264446169138E-03   5.2658363711088896E-04  -9.9690521892625839E-05   5.6040521485556383E-06   1.2063329677403090E-06  -1.5675840359108406E-07  -1.7129677232219365E-08   4.1325169952699525E-09  -2.0783300080928768E-10   2.0640897564589977E-03  -8.9599157217890024E-04  -1.0666856542229652E-03   5.6327652418985963E-04   1.1756450403481722E-03  -1.3766236952506006E-04  -1.5063014579936862E-03   8.2028395263478160E-04   1.7698939191177487E-03
   102      406   1.2343749403953552E-02   3.2724454067647457E-03   5.5882567539811134E-04  -9.5809205959085375E-05   3.1102315460884711E-06   1.2443862260624883E-06  -9.2680309649040282E-08  -1.6681486414427127E-08   2.4552568866909041E-09  -8.6766094309354003E-11   2.0826631225645542E-03  -7.0366042200475931E-04  -1.0524351382628083E-03   3.1160726211965084E-04   9.8055822309106588E-04   5.4830485169077292E-05  -1.0867855744436383E-03   4.9968977691605687E-04   1.3509377604350448E-03
   102      407   1.2353515252470970E-02   3.3104731701314449E-03   5.4795807227492332E-04  -9.7502961580175906E-05   3.9949113670445513E-06   1.2391077461870736E-06  -1.1508603137144746E-07  -1.6971428706824554E-08   3.0348172863625678E-09  -1.2750693556551340E-10   2.0691556856036186E-03  -7.7464984497055411E-04  -1.0490486165508628E-03   4.1202860302291811E-04   1.0490281274542212E-03  -3.0734867323189974E-05  -1.2530856765806675E-03   6.3654792029410601E-04   1.2736141216009855E-03
   102      408   1.2363281100988388E-02   3.3496734686195850E-03   5.3515378385782242E-04  -9.8890406661666930E-05   4.9486425268696621E-06   1.2227433217049111E-06  -1.3964042011593847E-07  -1.7116509098968891E-08   3.6787619617228984E-09  -1.7419685138797547E-10   2.0608617924153805E-03  -8.4741151658818126E-04  -1.0537960333749652E-03   5.0763523904606700E-04   1.1222930625081062E-03  -1.0495836613699794E-04  -1.4126799069344997E-03   7.6043582521378994E-04   1.6857415903359652E-03
   102      409   1.2373046949505806E-02   3.2734635751694441E-03   5.5638753110542893E-04  -9.5820170827209949E-05   3.2239813663181849E-06   1.2402400670907809E-06  -9.5533316368801025E-08  -1.6674059466481594E-08   2.5283828364308647E-09  -9.2127520889828673E-11   2.0806440152227879E-03  -7.1174069307744503E-04  -1.0547267738729715E-03   3.2004195963963866E-04   9.8997715394943953E-04   5.2653776947408915E-05  -1.0990293230861425E-03   5.0463317893445492E-04   1.5569009119644761E-03
   102      410   1.2377928942441940E-02   3.2803143840283155E-03   5.5286986753344536E-04  -9.5826922915875912E-05   3.4241568300785730E-06   1.2302459708735114E-06  -1.0086480983773072E-07  -1.6603875607756891E-08   2.6721527213169338E-09  -1.0332950467484281E-10   2.0829543936997652E-03  -7.2511605685576797E-04  -1.0623557027429342E-03   3.3151937532238662E-04   1.0070177959278226E-03   5.2791092457482591E-05  -1.1176123516634107E-03   5.0772388931363821E-04   1.3312692753970623E-03
   102      411   1.2382811866700649E-02   3.2675710972398520E-03   5.5595993762835860E-04  -9.5258626970462501E-05   3.1534693789581070E-06   1.2308937584748492E-06  -9.4033950404082134E-08  -1.6500864674640070E-08   2.4961166467107887E-09  -9.1070109786706155E-11   2.0866531413048506E-03  -7.0301786763593554E-04  -1.0632714256644249E-03   3.0030758352950215E-04   9.8559493198990822E-04   7.9205696238204837E-05  -1.0659777326509356E-03   4.6550590195693076E-04   1.3071356806904078E-03
   102      412   1.2392576783895493E-02   3.2874117605388165E-03   5.5312615586444736E-04  -9.6832452982198447E-05   3.5588150240073446E-06   1.2471875834307866E-06  -1.0377348758083826E-07  -1.6921223533472585E-08   2.7365325561135023E-09  -1.0569747854738409E-10   2.0671426318585873E-03  -7.4120028875768185E-04  -1.0414657881483436E-03   3.7240475649014115E-04   1.0126443812623620E-03  -6.0409174693631940E-06  -1.1866785353049636E-03   5.9304363094270229E-04   1.3532221782952547E-03
   102      413   1.2402342632412910E-02   3.3378272783011198E-03   5.3690903587266803E-04  -9.8628057457972318E-05   4.7741095841047354E-06   1.2268874343135394E-06  -1.3504057960744831E-07  -1.7113592321038595E-08   3.5562128797295145E-09  -1.6507872846460714E-10   2.0566040184348822E-03  -8.3428929792717099E-04  -1.0475738672539592E-03   4.9478461733087897E-04   1.1067962041124701E-03  -1.0025192023022100E-04  -1.3905835803598166E-03   7.4946176027879119E-04   1.7022184329107404E-03
   102      414   1.2407225556671619E-02   3.2846340909600258E-03   5.5108155356720090E-04  -9.6310817752964795E-05   3.5814227885566652E-06   1.2343264188530156E-06  -1.0467663003055350E-07  -1.6734777119609134E-08   2.7674296187996106E-09  -1.0939173178403649E-10   2.0735727157443762E-03  -7.3921500006690621E-04  -1.0532670421525836E-03   3.5886082332581282E-04   1.0168353328481317E-03   2.0476541976677254E-05  -1.1629387736320496E-03   5.5515620624646544E-04   1.2574001448228955E-03
   102      415   1.2412108480930328E-02   3.2484356779605150E-03   5.6373036932200193E-04  -9.5422074082307518E-05   2.6992058792529861E-06   1.2595914995472413E-06  -8.1566284393375099E-08  -1.6762879084808446E-08   2.1525659033017064E-09  -6.3438601594079103E-11   2.0736912265419960E-03  -6.7515380214899778E-04  -1.0392863769084215E-03   2.8316563111729920E-04   9.4795797485858202E-04   6.8765744799748063E-05  -1.0355402482673526E-03   4.6887647476978600E-04   1.3320839498192072E-03
   102      416   1.2416991405189037E-02   3.1777217518538237E-03   5.8237346820533276E-04  -9.2277055955491960E-05   1.1188368489456479E-06   1.2675679954554653E-06  -4.1424176089321918E-08  -1.6231208377348594E-08   1.1116577658398796E-09   9.7760879252950517E-12   2.0973114296793938E-03  -5.4819200886413455E-04  -1.0477770119905472E-03   1.0080933861900121E-04   8.2740653306245804E-04   2.2985102259553969E-04  -7.3115213308483362E-04   2.1185852529015392E-04   1.4223980251699686E-03
   102      417   1.2421874329447746E-02   3.2880615908652544E-03   5.4802827071398497E-04  -9.6212133939843625E-05   3.7292213619366521E-06   1.2250195595697733E-06  -1.0862923716103978E-07  -1.6656301227158110E-08   2.8743367685990506E-09  -1.1788554854508249E-10   2.0754414144903421E-03  -7.4842345202341676E-04  -1.0602199472486973E-03   3.6501395516097546E-04   1.0293945670127869E-03   2.4448041585856117E-05  -1.1723792413249612E-03   5.5211450671777129E-04   1.3073439477011561E-03
   102      418   1.2441406026482582E-02   3.3155414275825024E-03   5.4041581461206079E-04  -9.7666648798622191E-05   4.3897589421248995E-06   1.2252822898517479E-06  -1.2534603399672051E-07  -1.6933130453367085E-08   3.3068727756102589E-09  -1.4794106217852487E-10   2.0597241818904877E-03  -8.0207979772239923E-04  -1.0485071688890457E-03   4.4925187830813229E-04   1.0756708215922117E-03  -6.0888152802363038E-05  -1.3143668184056878E-03   6.8637280492112041E-04   1.1574995005503297E-03
   102      419   1.2460937723517418E-02   3.2747457735240459E-03   5.5146799422800541E-04  -9.6163988928310573E-05   3.4901095204986632E-06   1.2375760434224503E-06  -1.0213571499662066E-07  -1.6756800391704019E-08   2.6970896627176444E-09  -1.0389834825819122E-10   2.0670569501817226E-03  -7.3272356530651450E-04  -1.0467749089002609E-03   3.5510404268279672E-04   1.0080413194373250E-03   1.8607430320116691E-05  -1.1550569906830788E-03   5.5450364015996456E-04   1.6649079043418169E-03
   102      420   1.2465820647776127E-02   3.3994207624346018E-03   5.1140697905793786E-04  -1.0032561112893745E-04   6.4703776843089145E-06   1.1810550404334208E-06  -1.7913784233769547E-07  -1.7118379602720779E-08   4.7226618171691825E-09  -2.5160204475405124E-10   2.0470274612307549E-03  -9.5858186250552535E-04  -1.0678787948563695E-03   6.4675335306674242E-04   1.2386710150167346E-03  -2.0090624457225204E-04  -1.6428062226623297E-03   9.2330289771780372E-04   1.3582564424723387E-03
   102      421   1.2470703572034836E-02   3.4461030736565590E-03   4.9612839939072728E-04  -1.0186776489717886E-04   7.5988787102687638E-06   1.1588826964725740E-06  -2.0833307701195736E-07  -1.7243010574929940E-08   5.4915409997136067E-09  -3.0778238291340188E-10   2.0393945742398500E-03  -1.0436741868034005E-03  -1.0757326381281018E-03   7.5663387542590499E-04   1.3250603806227446E-03  -2.8461791225709021E-04  -1.8269780557602644E-03   1.0650794720277190E-03   1.3290442293509841E-03
   102      422   1.2480469420552254E-02   3.2779618632048368E-03   5.4889335297048092E-04  -9.6219533588737249E-05   3.6332282888906775E-06   1.2321238500589970E-06  -1.0588559007373988E-07  -1.6734782448679653E-08   2.7970274985023025E-09  -1.1147598122374092E-10   2.0655486732721329E-03  -7.4242509435862303E-04  -1.0483325459063053E-03   3.6669577821157873E-04   1.0177860967814922E-03   1.0231352462142240E-05  -1.1744636576622725E-03   5.7059578830376267E-04   1.5246751718223095E-03
   102      423   1.2490235269069672E-02   3.1822891905903816E-03   5.7711597764864564E-04  -9.2666363343596458E-05   1.4265896197684924E-06   1.2631452364075813E-06  -4.9198909835013183E-08  -1.6300097271937375E-08   1.3132281928562861E-09  -4.6001423156805110E-12   2.0855041220784187E-03  -5.7180220028385520E-04  -1.0413894196972251E-03   1.3825953647028655E-04   8.4809958934783936E-04   1.9372814858797938E-04  -7.9233391443267465E-04   2.6703975163400173E-04   1.4433020260185003E-03
   102      424   1.2500000186264515E-02   3.1972487922757864E-03   5.7334575103595853E-04  -9.3526949058286846E-05   1.7757167825038778E-06   1.2654744523388217E-06  -5.7964196997772888E-08  -1.6481287445913040E-08   1.5382697338139906E-09  -1.9927235209160621E-11   2.0759121980518103E-03  -6.0086546000093222E-04  -1.0332609526813030E-03   1.8553360132500529E-04   8.7246985640376806E-04   1.4433030446525663E-04  -8.7193894432857633E-04   3.4348442568443716E-04   1.5905643813312054E-03
   102      425   1.2539062649011612E-02   3.2466112170368433E-03   5.5383954895660281E-04  -9.4916897069197148E-05   3.0928592877899064E-06   1.2314784498812514E-06  -9.2133063844812568E-08  -1.6510220746113191E-08   2.4403341569723125E-09  -8.6623791473172673E-11   2.0692225079983473E-03  -6.9794035516679287E-04  -1.0496552567929029E-03   3.0367178260348737E-04   9.7556022228673100E-04   6.6751446865964681E-05  -1.0676613310351968E-03   4.7863673535175622E-04   1.2711322633549571E-03
   102      426   1.2558594346046448E-02   3.2460391521453857E-03   5.5544462520629168E-04  -9.5491173851769418E-05   3.0771543606533669E-06   1.2462154472814291E-06  -9.1296342930036190E-08  -1.6731446450535259E-08   2.4093944617220586E-09  -8.2654563748896237E-11   2.0571546629071236E-03  -7.0110114756971598E-04  -1.0323275346308947E-03   3.2352036214433610E-04   9.7038288367912173E-04   3.0016208256711252E-05  -1.1012551840394735E-03   5.2964471979066730E-04   1.3866507215425372E-03
   102      427   1.2568360194563866E-02   3.1689333263784647E-03   5.7623285101726651E-04  -9.2226044216658920E-05   1.3444954447550117E-06   1.2597070053743664E-06  -4.7061934793646287E-08  -1.6225184751306188E-08   1.2574346008875636E-09  -9.2064333587216218E-13   2.0801739301532507E-03  -5.6388723896816373E-04  -1.0387188522145152E-03   1.2885739852208644E-04   8.3982426440343261E-04   2.0154418598394841E-04  -7.7464396599680185E-04   2.5276275118812919E-04   1.2611756101250648E-03
   102      428   1.2578126043081284E-02   3.2208214979618788E-03   5.6010810658335686E-04  -9.4192771939560771E-05   2.5809954422584269E-06   1.2424022770574084E-06  -7.8765715727513452E-08  -1.6473864050681186E-08   2.0859896032732195E-09  -6.0502630683245684E-11   2.0674364641308784E-03  -6.5962772350758314E-04  -1.0419142199680209E-03   2.5747387553565204E-04   9.3516218475997448E-04   9.8784737929236144E-05  -9.8893360700458288E-04   4.2169238440692425E-04   1.5025702305138111E-03
   102      429   1.2587891891598701E-02   3.3446848392486572E-03   5.1972822984680533E-04  -9.8268552392255515E-05   5.5620512284804136E-06   1.1839754279208137E-06  -1.5583114532091713E-07  -1.6806628977406035E-08   4.1143204398963462E-09  -2.0863476224430855E-10   2.0480914972722530E-03  -8.8503037113696337E-04  -1.0645865695551038E-03   5.4704782087355852E-04   1.1662952601909637E-03  -1.1665983038255945E-04  -1.4728931710124016E-03   7.8435568138957024E-04   1.3412298867478967E-03
   102      430   1.2592774815857410E-02   3.4077921882271767E-03   5.0400925101712346E-04  -1.0141720849787816E-04   6.9629513745894656E-06   1.1859947335324250E-06  -1.9107875459667412E-07  -1.7423122500304089E-08   5.0206288015886003E-09  -2.7112609379820185E-10   2.0206426270306110E-03  -1.0003896895796061E-03  -1.0483345249667764E-03   7.2022044332697988E-04   1.2719461228698492E-03  -2.7836035587824881E-04  -1.7614556709304452E-03   1.0382526088505983E-03   1.3888817047700286E-03
   102      431   1.2597657740116119E-02   3.2662013545632362E-03   5.4774811724200845E-04  -9.6453957667108625E-05   3.6388303215062479E-06   1.2415026731105172E-06  -1.0546289530566355E-07  -1.6901845256711567E-08   2.7746187569732683E-09  -1.0832835323215662E-10   2.0460034720599651E-03  -7.4578617932274938E-04  -1.0294377570971847E-03   3.8700847653672099E-04   1.0137273930013180E-03  -2.2910657207830809E-05  -1.2051183730363846E-03   6.1307440046221018E-04   1.2990469112992287E-03
   102      432   1.2602540664374828E-02   3.2070393208414316E-03   5.6390458485111594E-04  -9.3950737209524959E-05   2.3072859676176449E-06   1.2513551155279856E-06  -7.1601853335323540E-08  -1.6498541199894134E-08   1.8960586434246807E-09  -4.6253834096177115E-11   2.0631579682230949E-03  -6.3971057534217834E-04  -1.0319600114598870E-03   2.3891667660791427E-04   9.1066700406372547E-04   1.0202424164162949E-04  -9.5870724180713296E-04   4.1177147068083286E-04   1.1337468167766929E-03
   102      433   1.2607423588633537E-02   3.1962681096047163E-03   5.6476955069229007E-04  -9.3094917247071862E-05   2.1208179532550275E-06   1.2408593192958506E-06  -6.7237593270874640E-08  -1.6258603352525824E-08   1.7911322425234744E-09  -4.0322942901349634E-11   2.0725107751786709E-03  -6.2101508956402540E-04  -1.0428510140627623E-03   2.0341115305200219E-04   8.9731876505538821E-04   1.4359127089846879E-04  -8.9978030882775784E-04   3.5004224628210068E-04   1.4496215153485537E-03
   102      434   1.2612305581569672E-02   3.2239023130387068E-03   5.5670447181910276E-04  -9.4252405688166618E-05   2.7685100576491095E-06   1.2346629318926716E-06  -8.3785849369633070E-08  -1.6431945581985019E-08   2.2223693996181737E-09  -7.1022202008386159E-11   2.0637251436710358E-03  -6.7188503453508019E-04  -1.0409182868897915E-03   2.7504513855092227E-04   9.4589253421872854E-04   8.1118123489432037E-05  -1.0197656229138374E-03   4.5146245975047350E-04   1.2252810411155224E-03
   102      435   1.2617188505828381E-02   3.1442781910300255E-03   5.8140186592936516E-04  -9.1516907559707761E-05   8.9549922677178984E-07   1.2678028724621981E-06  -3.5410327114959728E-08  -1.6170526251357842E-08   9.5029717428474214E-10   2.1511032538557018E-11   2.0773147698491812E-03  -5.2934203995391726E-04  -1.0302944574505091E-03   8.8406653958372772E-05   8.0201739910990000E-04   2.2614927729591727E-04  -7.0677621988579631E-04   2.0893153850920498E-04   1.4669111697003245E-03
   102      436   1.2626953423023224E-02   3.2842075452208519E-03   5.3703511366620660E-04  -9.6380070317536592E-05   4.2282936192350462E-06   1.2099856121494668E-06  -1.2128195692184818E-07  -1.6662037083392534E-08   3.2038598440919941E-09  -1.4205599196959184E-10   2.0516177173703909E-03  -7.8396062599495053E-04  -1.0501642245799303E-03   4.2060046689584851E-04   1.0609428863972425E-03  -2.6547495508566499E-05  -1.2609050609171391E-03   6.2994298059493303E-04   1.4686576323583722E-03
   102      437   1.2636719271540642E-02   3.3235102891921997E-03   5.2473082905635238E-04  -9.7884178103413433E-05   5.1696292757696938E-06   1.1970936384386732E-06  -1.4539256198986550E-07  -1.6855947748695144E-08   3.8335667973399268E-09  -1.8729848227927448E-10   2.0416043698787689E-03  -8.5695617599412799E-04  -1.0524344397708774E-03   5.1871151663362980E-04   1.1335022281855345E-03  -1.0502254008315504E-04  -1.4241724275052547E-03   7.5919844675809145E-04   1.2388265458866954E-03
   102      438   1.2656250968575478E-02   3.1578298658132553E-03   5.7511089835315943E-04  -9.2094924184493721E-05   1.3210146789788269E-06   1.2605917163455160E-06  -4.6304844403266543E-08  -1.6240756295360370E-08   1.2351378808617142E-09   9.3283518930176168E-13   2.0693996921181679E-03  -5.6182389380410314E-04  -1.0289339115843177E-03   1.3389122614171356E-04   8.3349295891821384E-04   1.8804150749929249E-04  -7.8193674562498927E-04   2.7017964748665690E-04   1.4055679785087705E-03
   102      439   1.2675782665610313E-02   3.3079818822443485E-03   5.2771426271647215E-04  -9.7490097687114030E-05   4.9065424718719441E-06   1.2024870557070244E-06  -1.3855900249382103E-07  -1.6833521243597716E-08   3.6535288128192178E-09  -1.7409811092772287E-10   2.0379351917654276E-03  -8.3686009747907519E-04  -1.0450312402099371E-03   4.9745343858376145E-04   1.1104269651696086E-03  -9.5446725026704371E-05  -1.3887347886338830E-03   7.3963683098554611E-04   1.1391208972781897E-03
   102      440   1.2695313431322575E-02   3.2249426003545523E-03   5.5174523731693625E-04  -9.4462418928742409E-05   3.0153571515256772E-06   1.2301203469178290E-06  -8.9873879005608615E-08  -1.6481386921896046E-08   2.3768982337912803E-09  -8.1913378857656483E-11   2.0536477677524090E-03  -6.9101399276405573E-04  -1.0384010383859277E-03   3.0246895039454103E-04   9.6509302966296673E-04   6.1227940022945404E-05  -1.0615652427077293E-03   4.8103005974553525E-04   1.3303622836247087E-03
   102      441   1.2705078348517418E-02   3.2624693121761084E-03   5.4007547441869974E-04  -9.5916802820283920E-05   3.9165402085927781E-06   1.2178111319371965E-06  -1.1301840174837707E-07  -1.6664886359762932E-08   2.9827957881423117E-09  -1.2552313355396194E-10   2.0432984456419945E-03  -7.6071795774623752E-04  -1.0387357324361801E-03   3.9803626714274287E-04   1.0333731770515442E-03  -1.8327558791497722E-05  -1.2216230388730764E-03   6.1063643079251051E-04   1.3780031586065888E-03
   102      442   1.2714844197034836E-02   3.2220510765910149E-03   5.5262882960960269E-04  -9.4634371635038406E-05   2.9786260711262003E-06   1.2365072734610294E-06  -8.8758810079525574E-08  -1.6565767424481237E-08   2.3442152663477600E-09  -7.8852743778945467E-11   2.0474623888731003E-03  -6.8975583417341113E-04  -1.0294751264154911E-03   3.0868515023030341E-04   9.5951254479587078E-04   4.5395718188956380E-05  -1.0724868625402451E-03   5.0219817785546184E-04   1.4571952633559704E-03
   102      443   1.2734375894069672E-02   3.2148687168955803E-03   5.5159948533400893E-04  -9.3941431259736419E-05   2.9147995519451797E-06   1.2240814157848945E-06  -8.7498243317440938E-08  -1.6349718023889181E-08   2.3196888854215558E-09  -7.8682754756087547E-11   2.0543432328850031E-03  -6.8051932612434030E-04  -1.0402128100395203E-03   2.8607773128896952E-04   9.5549965044483542E-04   7.6858312240801752E-05  -1.0344326728954911E-03   4.5702079660259187E-04   1.2843374861404300E-03
   102      444   1.2773438356816769E-02   3.2226906623691320E-03   5.4807384731248021E-04  -9.4530194473918527E-05   3.1795843824511394E-06   1.2256617765160627E-06  -9.4031449293652258E-08  -1.6491737753199232E-08   2.4850150825983519E-09  -8.9777407730196046E-11   2.0441825035959482E-03  -7.0270255673676729E-04  -1.0330151999369264E-03   3.2264000037685037E-04   9.7448634915053844E-04   4.0306236769538373E-05  -1.0942213702946901E-03   5.1188375800848007E-04   1.1333167785778642E-03
   102      445   1.2783203274011612E-02   3.3126128837466240E-03   5.2092480473220348E-04  -9.8003736638929695E-05   5.2937634791305754E-06   1.1982684782196884E-06  -1.4820928129211097E-07  -1.6946978931287049E-08   3.9005900731581278E-09  -1.9139852203142738E-10   2.0215490367263556E-03  -8.6711166659370065E-04  -1.0363957844674587E-03   5.4553622612729669E-04   1.1370680294930935E-03  -1.4085862494539469E-04  -1.4660326996818185E-03   8.0871331738308072E-04   1.3708828482776880E-03
   102      446   1.2792969122529030E-02   3.2983371056616306E-03   5.2286579739302397E-04  -9.7089963674079627E-05   5.0321414164500311E-06   1.1904412531293929E-06  -1.4186076668920578E-07  -1.6717310202807312E-08   3.7426701737786061E-09  -1.8146104063809787E-10   2.0300024189054966E-03  -8.4302952745929360E-04  -1.0449400870129466E-03   5.0463079242035747E-04   1.1171473888680339E-03  -9.7752839792519808E-05  -1.3981395168229938E-03   7.4392580427229404E-04   1.3253228971734643E-03
   102      447   1.2812500819563866E-02   3.2504603732377291E-03   5.3738657152280211E-04  -9.5605202659498900E-05   3.9348624341073446E-06   1.2133303926020744E-06  -1.1334525140682672E-07  -1.6621562792806799E-08   2.9891846775598196E-09  -1.2614828626134056E-10   2.0341738127171993E-03  -7.6082913437858224E-04  -1.0348908836022019E-03   4.0035924757830799E-04   1.0330448858439922E-03  -1.9501976566971280E-05  -1.2221579672768712E-03   6.0940347611904144E-04   1.3481028145179152E-03
   102      448   1.2851563282310963E-02   3.2755050342530012E-03   5.2672025049105287E-04  -9.6398012829013169E-05   4.6499444579239935E-06   1.1960944448219379E-06  -1.3187057845698291E-07  -1.6656626300459720E-08   3.4779394919581819E-09  -1.6215090381521691E-10   2.0273344125598669E-03  -8.1373332068324089E-04  -1.0398473823443055E-03   4.6826162724755704E-04   1.0872697457671165E-03  -6.9550675107166171E-05  -1.3350872322916985E-03   6.9370871642604470E-04   1.4042526017874479E-03
   102      449   1.2871094048023224E-02   3.1960813794285059E-03   5.5073271505534649E-04  -9.3731308879796416E-05   2.8241247491678223E-06   1.2283020396353095E-06  -8.4806870859210903E-08  -1.6397324387185108E-08   2.2426811518982959E-09  -7.2423109176433798E-11   2.0377750042825937E-03  -6.7416764795780182E-04  -1.0249984916299582E-03   2.8951675631105900E-04   9.4325502868741751E-04   6.1340157117228955E-05  -1.0371521348133683E-03   4.7411737614311278E-04   1.6457628225907683E-03
   102      450   1.2880859896540642E-02   3.1312266364693642E-03   5.6891492567956448E-04  -9.1155583504587412E-05   1.3544265584641835E-06   1.2442162642400945E-06  -4.7180318318851278E-08  -1.6035935246350164E-08   1.2605041455060473E-09  -2.2246230465400307E-12   2.0539427641779184E-03  -5.5895687546581030E-04  -1.0249695042148232E-03   1.3095886970404536E-04   8.3070766413584352E-04   1.9406618957873434E-04  -7.7181804226711392E-04   2.5782588636502624E-04   1.4909863239154220E-03
   102      451   1.2890625745058060E-02   3.2037072815001011E-03   5.4712843848392367E-04  -9.4001967227086425E-05   3.0582532417611219E-06   1.2233531379024498E-06  -9.0792546814100206E-08  -1.6422369242263812E-08   2.3989001896040918E-09  -8.3775535120178546E-11   2.0348012913018465E-03  -6.9189409259706736E-04  -1.0266067693009973E-03   3.1218276126310229E-04   9.6187170129269361E-04   4.5965989556862041E-05  -1.0739146964624524E-03   4.9928837688639760E-04   1.4810402644798160E-03
   102      452   1.2929688207805157E-02   3.1117822509258986E-03   5.7226128410547972E-04  -9.0561152319423854E-05   1.0277492492605234E-06   1.2488455922721187E-06  -3.8680326497342321E-08  -1.5980509360247197E-08   1.0359275659510558E-09   1.4114201127291004E-11   2.0517420489341021E-03  -5.3352129179984331E-04  -1.0200589895248413E-03   9.9785058409906924E-05   8.0377404810860753E-04   2.1596899023279548E-04  -7.1862642653286457E-04   2.1994180860929191E-04   1.2821017298847437E-03
   102      453   1.2949218973517418E-02   3.3090978395193815E-03   5.1105703460052609E-04  -9.7789736173581332E-05   5.7034649216802791E-06   1.1773718142649159E-06  -1.5886317328295263E-07  -1.6818406223251259E-08   4.1838585929099281E-09  -2.1321856780165405E-10   2.0087056327611208E-03  -8.9370191562920809E-04  -1.0376732097938657E-03   5.7910906616598368E-04   1.1649806983768940E-03  -1.6166693239938468E-04  -1.5184759395197034E-03   8.4302906179800630E-04   1.3157156063243747E-03
   102      454   1.2958984822034836E-02   3.1939749605953693E-03   5.4647866636514664E-04  -9.3803857453167439E-05   3.0081789645919343E-06   1.2237898090461385E-06  -8.9325268959328241E-08  -1.6421479287487273E-08   2.3569537432877041E-09  -8.0518668121865034E-11   2.0283896010369062E-03  -6.8797165295109153E-04  -1.0222588898614049E-03   3.0984095064923167E-04   9.5690810121595860E-04   4.6455261326627806E-05  -1.0676141828298569E-03   4.9562100321054459E-04   1.3317281845957041E-03
   102      455   1.2968750670552254E-02   3.1951218843460083E-03   5.4493721108883619E-04  -9.3716545961797237E-05   3.0783251077082241E-06   1.2182443924757536E-06  -9.1274905855698307E-08  -1.6364161581350345E-08   2.4115245356171044E-09  -8.5048239284457594E-11   2.0292648114264011E-03  -6.9185358006507158E-04  -1.0252492502331734E-03   3.1242551631294191E-04   9.6196058439090848E-04   4.7412497224286199E-05  -1.0721599683165550E-03   4.9604970263317227E-04   1.2846790486946702E-03
   102      456   1.3046875596046448E-02   3.2125695142894983E-03   5.3565198322758079E-04  -9.4554881798103452E-05   3.6890894534735708E-06   1.2088694347767159E-06  -1.0682508388981660E-07  -1.6484797527027695E-08   2.8161308840424226E-09  -1.1405597299951609E-10   2.0153366494923830E-03  -7.3869491461664438E-04  -1.0211045155301690E-03   3.7972719292156398E-04   1.0064740199595690E-03  -1.0716806173149962E-05  -1.1829221621155739E-03   5.8821862330660224E-04   1.4557974645867944E-03
   102      457   1.3066407293081284E-02   3.2608918845653534E-03   5.1908183377236128E-04  -9.6177151135634631E-05   4.8933338803180959E-06   1.1851487897729385E-06  -1.3793938080652879E-07  -1.6619329912259673E-08   3.6348009047060259E-09  -1.7383153250172256E-10   2.0058206282556057E-03  -8.2962837768718600E-04  -1.0288202902302146E-03   4.9766135634854436E-04   1.0990215232595801E-03  -1.0000194015447050E-04  -1.3798582367599010E-03   7.3798495577648282E-04   1.4018048532307148E-03
   102      458   1.3076173141598701E-02   3.2150465995073318E-03   5.3181411931291223E-04  -9.4368922873400152E-05   3.8582229535677470E-06   1.1968181752308737E-06  -1.1137279187778404E-07  -1.6374688271980631E-08   2.9397722034474327E-09  -1.2401560334218686E-10   2.0171040669083595E-03  -7.4881163891404867E-04  -1.0294095845893025E-03   3.8579149986617267E-04   1.0207926388829947E-03  -4.4188873289385810E-06  -1.1918244417756796E-03   5.8171624550595880E-04   1.7598246922716498E-03
   102      459   1.3085938058793545E-02   3.2309007365256548E-03   5.2742747357115149E-04  -9.5174778834916651E-05   4.2361225496279076E-06   1.1962069947912823E-06  -1.2097278556666424E-07  -1.6519992485086732E-08   3.1890687868241230E-09  -1.4147019666843619E-10   2.0087359007447958E-03  -7.7932159183546901E-04  -1.0234283981844783E-03   4.3317361269146204E-04   1.0475498856976628E-03  -5.1647308282554150E-05  -1.2717550853267312E-03   6.5590359736233950E-04   1.4622261514887214E-03
   102      460   1.3090820983052254E-02   3.1774754170328379E-03   5.4393726168200374E-04  -9.3342561740428209E-05   2.9854270451323828E-06   1.2180111070847488E-06  -8.8724306124277064E-08  -1.6338512764946245E-08   2.3423323280979957E-09  -7.9971924915600567E-11   2.0173734519630671E-03  -6.8387074861675501E-04  -1.0152735048905015E-03   3.0919120763428509E-04   9.5036177663132548E-04   4.2430368921486661E-05  -1.0645517613738775E-03   4.9854902317747474E-04   1.4161531580612063E-03
   102      461   1.3095702975988388E-02   3.1623858958482742E-03   5.4848572472110391E-04  -9.2851063527632505E-05   2.6368093131168280E-06   1.2249264500496793E-06  -7.9651258033663908E-08  -1.6304159800029083E-08   2.1021362428541579E-09  -6.2332673744780465E-11   2.0194128155708313E-03  -6.5767986234277487E-04  -1.0132928146049380E-03   2.7479353593662381E-04   9.2416920233517885E-04   7.0027956098783761E-05  -1.0061868233606219E-03   4.5211618999019265E-04   1.4137343969196081E-03
   102      462   1.3105468824505806E-02   3.2758479937911034E-03   5.1296071615070105E-04  -9.6911273431032896E-05   5.3336593737185467E-06   1.1809013358288212E-06  -1.4909903711668449E-07  -1.6742252029189331E-08   3.9240113380856201E-09  -1.9430748676718679E-10   1.9961781799793243E-03  -8.6430984083563089E-04  -1.0251549538224936E-03   5.4825330153107643E-04   1.1317345779389143E-03  -1.4460689271800220E-04  -1.4633303508162498E-03   8.0811785301193595E-04   1.3275987002998590E-03
   102      463   1.3110351748764515E-02   3.2039994839578867E-03   5.3392472909763455E-04  -9.4153139798436314E-05   3.6794053812627681E-06   1.2018267625535373E-06  -1.0669517536143758E-07  -1.6380367284796193E-08   2.8158817499956967E-09  -1.1478191314084896E-10   2.0128674805164337E-03  -7.3541898746043444E-04  -1.0219756513834000E-03   3.7376457476057112E-04   1.0038879700005054E-03  -3.3150988656416303E-06  -1.1720220791175961E-03   5.7713908609002829E-04   1.3297935947775841E-03
   102      464   1.3115234673023224E-02   3.1736558303236961E-03   5.4329319391399622E-04  -9.3140668468549848E-05   2.9696184355998412E-06   1.2150992461101850E-06  -8.8321243651989789E-08  -1.6293068227923868E-08   2.3318840192132484E-09  -7.9467252223075491E-11   2.0173708908259869E-03  -6.8172835744917393E-04  -1.0174176422879100E-03   3.0394381610676646E-04   9.4970356440171599E-04   5.0933922466356307E-05  -1.0545687982812524E-03   4.8551030340604484E-04   1.6806146595627069E-03
   102      465   1.3125000521540642E-02   3.2781681511551142E-03   5.0967629067599773E-04  -9.6696108812466264E-05   5.4748857110098470E-06   1.1692357020365307E-06  -1.5296711808332475E-07  -1.6624763787831398E-08   4.0305265791573675E-09  -2.0307798498375718E-10   1.9991470035165548E-03  -8.7212992366403341E-04  -1.0337184648960829E-03   5.5101158795878291E-04   1.1434979969635606E-03  -1.3637891970574856E-04  -1.4673606492578983E-03   7.9938193084672093E-04   1.5748445875942707E-03
   102      466   1.3144532218575478E-02   3.2064786646515131E-03   5.3268577903509140E-04  -9.4600422016810626E-05   3.7936360968160443E-06   1.2076112625436508E-06  -1.0930987315305174E-07  -1.6522447410238783E-08   2.8777671357005374E-09  -1.1822352818935400E-10   2.0035144407302141E-03  -7.4674340430647135E-04  -1.0130022419616580E-03   3.9706024108454585E-04   1.0114752221852541E-03  -3.0807859729975462E-05  -1.2096335412934422E-03   6.1611842829734087E-04   1.3134414330124855E-03
   102      467   1.3164062984287739E-02   3.2094619236886501E-03   5.2966870134696364E-04  -9.4510156486649066E-05   3.9393503357132431E-06   1.1986070376224234E-06  -1.1321551340870428E-07  -1.6447295081434277E-08   2.9836559889417913E-09  -1.2663067816554019E-10   2.0046066492795944E-03  -7.5581576675176620E-04  -1.0188071755692363E-03   4.0408209315501153E-04   1.0233045322820544E-03  -2.9111160984029993E-05  -1.2207526015117764E-03   6.1626080423593521E-04   1.6014608554542065E-03
   102      468   1.3203125447034836E-02   3.2114733476191759E-03   5.2675226470455527E-04  -9.4602975877933204E-05   4.0964846448332537E-06   1.1937012232010602E-06  -1.1729619586731133E-07  -1.6440555583585592E-08   3.0918581028771541E-09  -1.3470967397122280E-10   2.0002240780740976E-03  -7.6679908670485020E-04  -1.0174430208280683E-03   4.2002485133707523E-04   1.0331943631172180E-03  -4.3956486479146406E-05  -1.2474007671698928E-03   6.4058840507641435E-04   1.5376877272501588E-03
   102      469   1.3222657144069672E-02   3.1677403021603823E-03   5.3962669335305691E-04  -9.3172675406094640E-05   3.1068948374013416E-06   1.2120966630391194E-06  -9.1680220748457941E-08  -1.6318953299787609E-08   2.4170740964279958E-09  -8.5463185139911246E-11   2.0050127059221268E-03  -6.9169915514066815E-04  -1.0095179313793778E-03   3.2358535099774599E-04   9.5633085584267974E-04   2.8601902158698067E-05  -1.0853430721908808E-03   5.1818683277815580E-04   1.3309048954397440E-03
   102      470   1.3242187909781933E-02   3.1943025533109903E-03   5.2953365957364440E-04  -9.3963637482374907E-05   3.8011248761904426E-06   1.1954579122175346E-06  -1.0965184316091836E-07  -1.6353471465890834E-08   2.8907229943087032E-09  -1.2033535279343255E-10   2.0009803120046854E-03  -7.4339116690680385E-04  -1.0172999463975430E-03   3.8746607606299222E-04   1.0111143346875906E-03  -1.4084968825045507E-05  -1.1910663451999426E-03   5.9083936503157020E-04   1.4304841170087457E-03
   102      471   1.3251952826976776E-02   3.1947710085660219E-03   5.2828458137810230E-04  -9.3866037786938250E-05   3.8537173168151639E-06   1.1905245855814428E-06  -1.1115235309944183E-07  -1.6298329796882172E-08   2.9334772388978081E-09  -1.2396608739528858E-10   2.0017006900161505E-03  -7.4596982449293137E-04  -1.0195706272497773E-03   3.8896041223779321E-04   1.0145182022824883E-03  -1.3272275282361079E-05  -1.1940564727410674E-03   5.9092458104714751E-04   1.5741984825581312E-03
   102      472   1.3256835751235485E-02   3.1286349985748529E-03   5.4676155559718609E-04  -9.1149006038904190E-05   2.3521229195466731E-06   1.2043419701512903E-06  -7.2846795262648811E-08  -1.5888245386008748E-08   1.9366228620754100E-09  -5.3105519981500038E-11   2.0198591519147158E-03  -6.2727159820497036E-04  -1.0209442116320133E-03   2.2446372895501554E-04   8.9867424685508013E-04   1.2447223707567900E-04  -9.1982947196811438E-04   3.6811130121350288E-04   1.5726943966001272E-03
   102      473   1.3261718675494194E-02   3.1829187646508217E-03   5.3272518562152982E-04  -9.3748596555087715E-05   3.5690347885974916E-06   1.2029249774059281E-06  -1.0355275037454703E-07  -1.6374306355260160E-08   2.7282729408995010E-09  -1.0810959766294204E-10   1.9981137011200190E-03  -7.2654476389288902E-04  -1.0101433144882321E-03   3.7056111614219844E-04   9.9108845461159945E-04  -8.4289176811580546E-06  -1.1630151420831680E-03   5.7841010857373476E-04   1.5194270526990294E-03
   102      474   1.3281250372529030E-02   3.2211828511208296E-03   5.1841553067788482E-04  -9.4821465609129518E-05   4.5540086830442306E-06   1.1777459576478577E-06  -1.2914742342218233E-07  -1.6396423774267532E-08   3.4048976971234879E-09  -1.5817326615152894E-10   1.9939849153161049E-03  -7.9921464202925563E-04  -1.0225089499726892E-03   4.5914444490335882E-04   1.0682006832212210E-03  -6.7209366534370929E-05  -1.3103958917781711E-03   6.8051053676754236E-04   1.4297494199126959E-03
   102      475   1.3286133296787739E-02   3.2940970268100500E-03   4.9634574679657817E-04  -9.7577787528280169E-05   6.2662752497999463E-06   1.1540402056198218E-06  -1.7309920963270997E-07  -1.6741278585641339E-08   4.5546704185994713E-09  -2.4090779371377380E-10   1.9767966587096453E-03  -9.3182228738442063E-04  -1.0264537995681167E-03   6.3796713948249817E-04   1.1999023845419288E-03  -2.1146133076399565E-04  -1.6090850112959743E-03   9.1712747234851122E-04   1.4112017815932631E-03
   102      476   1.3288574293255806E-02   3.2717543654143810E-03   5.0371076213195920E-04  -9.6918993222061545E-05   5.7321694839629345E-06   1.1663477152978885E-06  -1.5922189788852847E-07  -1.6710639982875364E-08   4.1880059420407179E-09  -2.1389771898139287E-10   1.9786662887781858E-03  -8.9201738592237234E-04  -1.0203790152445436E-03   5.8862002333626151E-04   1.1581205762922764E-03  -1.7712665430735797E-04  -1.5264715766534209E-03   8.5814512567594647E-04   1.4170979848131537E-03
   102      477   1.3291016221046448E-02   3.1539204064756632E-03   5.3864880464971066E-04  -9.2442067398224026E-05   2.9955263016745448E-06   1.2029582876493805E-06  -8.8982979207230528E-08  -1.6142843506372628E-08   2.3505621893349371E-09  -8.1765740012063048E-11   2.0059966482222080E-03  -6.7970057716593146E-04  -1.0148041183128953E-03   3.0155220883898437E-04   9.4789668219164014E-04   5.6117944041034207E-05  -1.0465295054018497E-03   4.7540885861963034E-04   1.6371897654607892E-03
   102      478   1.3295899145305157E-02   3.1586431432515383E-03   5.3649570327252150E-04  -9.2520625912584364E-05   3.1292706808017101E-06   1.1979631153735681E-06  -9.2505921145402681E-08  -1.6120836221489299E-08   2.4449005042725958E-09  -8.8948189091997421E-11   2.0061496179550886E-03  -6.8916589953005314E-04  -1.0177879594266415E-03   3.1188485445454717E-04   9.5880549633875489E-04   5.1460669055813923E-05  -1.0635374346747994E-03   4.8403997789137065E-04   1.6552276210859418E-03
   102      479   1.3300782069563866E-02   3.1486719381064177E-03   5.3994066547602415E-04  -9.2311849584802985E-05   2.8932261102454504E-06   1.2054283615725581E-06  -8.6315324665520166E-08  -1.6138990588387969E-08   2.2800721311000416E-09  -7.6563255735351277E-11   2.0051426254212856E-03  -6.7211239365860820E-04  -1.0124589316546917E-03   2.9317376902326941E-04   9.3950767768546939E-04   6.0756559832952917E-05  -1.0323821334168315E-03   4.6644857502542436E-04   1.3318818528205156E-03
   102      480   1.3320312835276127E-02   3.0924945604056120E-03   5.5798335233703256E-04  -9.0727146016433835E-05   1.5814093785593286E-06   1.2367594308670959E-06  -5.2200920919176497E-08  -1.6082720932786287E-08   1.3779426488724766E-09  -9.9480163689991130E-12   2.0072865299880505E-03  -5.7452527107670903E-04  -9.9454727023839951E-04   1.7484418640378863E-04   8.3558459300547838E-04   1.3909651897847652E-04  -8.3449127851054072E-04   3.2993307104334235E-04   2.2611934691667557E-03
   102      481   1.3359375298023224E-02   3.0794350896030664E-03   5.5768102174624801E-04  -8.9824825408868492E-05   1.4304691831057426E-06   1.2243399396538734E-06  -4.8730328217061469E-08  -1.5831366440011152E-08   1.2965245543838932E-09  -5.8378865977481986E-12   2.0135999657213688E-03  -5.5802409769967198E-04  -1.0040269698947668E-03   1.4323013601824641E-04   8.2379381638020277E-04   1.7659190052654594E-04  -7.8145170118659735E-04   2.7462089201435447E-04   1.9049881957471371E-03
   102      482   1.3398437760770321E-02   3.1296820379793644E-03   5.3991738241165876E-04  -9.1633548436220735E-05   2.7167161533725448E-06   1.2015291304123821E-06  -8.1812046914819803E-08  -1.6018274706652846E-08   2.1637838187871239E-09  -6.8758249094358348E-11   2.0003914833068848E-03  -6.5607775468379259E-04  -1.0095115285366774E-03   2.7271060389466584E-04   9.2274136841297150E-04   7.6695156167261302E-05  -9.9665892776101828E-04   4.3975285370834172E-04   1.5798930544406176E-03
   102      483   1.3437500223517418E-02   3.1307463068515062E-03   5.3735513938590884E-04  -9.1691974375862628E-05   2.8461570309445960E-06   1.1973824030064861E-06  -8.5134836069755693E-08  -1.6013324000141438E-08   2.2510397990060937E-09  -7.5231036678058416E-11   1.9965115934610367E-03  -6.6530372714623809E-04  -1.0089048882946372E-03   2.8556253528222442E-04   9.3184615252539515E-04   6.6669097577687353E-05  -1.0172987822443247E-03   4.5549127389676869E-04   1.4851848827674985E-03
   102      484   1.3457031920552254E-02   3.1521399505436420E-03   5.3008826216682792E-04  -9.2563765065278858E-05   3.3913386232597986E-06   1.1902466212632135E-06  -9.9084893179224309E-08  -1.6132066349427987E-08   2.6151389942441483E-09  -1.0133404532153278E-10   1.9888691604137421E-03  -7.0757343200966716E-04  -1.0082070948556066E-03   3.4412954119034111E-04   9.7295735031366348E-04   1.7537959138280712E-05  -1.1148587800562382E-03   5.3517101332545280E-04   1.4185663312673569E-03
   102      485   1.3476562686264515E-02   3.1062718480825424E-03   5.4448377341032028E-04  -9.1239227913320065E-05   2.3293889626074815E-06   1.2149067742939224E-06  -7.1437938231611042E-08  -1.6077095210675907E-08   1.8835373261083532E-09  -4.7353166526820090E-11   1.9911294803023338E-03  -6.2865798827260733E-04  -9.9540036171674728E-04   2.4688846315257251E-04   8.9039898011833429E-04   8.5822866822127253E-05  -9.5119501929730177E-04   4.1624470031820238E-04   1.4111595228314400E-03
   102      486   1.3496093451976776E-02   3.1444032210856676E-03   5.3023517830297351E-04  -9.2304690042510629E-05   3.3144231110782130E-06   1.1892586826434126E-06  -9.7113584729413560E-08  -1.6089586551970569E-08   2.5640212175659371E-09  -9.7833366408117683E-11   1.9867084920406342E-03  -7.0080044679343700E-04  -1.0064113885164261E-03   3.3603268093429506E-04   9.6558354562148452E-04   2.3008997231954709E-05  -1.1008215369656682E-03   5.2566971862688661E-04   1.5671980800107121E-03
   102      487   1.3515625149011612E-02   3.1729701440781355E-03   5.2056519780308008E-04  -9.3387068773154169E-05   4.0313366298505571E-06   1.1781957027778844E-06  -1.1550596923370904E-07  -1.6218567822079422E-08   3.0452242949507990E-09  -1.3255954667279468E-10   1.9785319454967976E-03  -7.5606012251228094E-04  -1.0081320069730282E-03   4.1029928252100945E-04   1.0208499152213335E-03  -3.5716828278964385E-05  -1.2241957010701299E-03   6.2157213687896729E-04   1.3705552555620670E-03
   102      488   1.3554687611758709E-02   3.1647002324461937E-03   5.1974435336887836E-04  -9.2856840637978166E-05   3.9670467231189832E-06   1.1702300071192440E-06  -1.1405072086745349E-07  -1.6074620745598622E-08   3.0116775739941204E-09  -1.3111614571847952E-10   1.9808483775705099E-03  -7.4823468457907438E-04  -1.0135123739019036E-03   3.9429229218512774E-04   1.0160712990909815E-03  -1.4813851521466859E-05  -1.1965732555836439E-03   5.9010082622990012E-04   1.2781238183379173E-03
   102      489   1.3574218377470970E-02   3.1788267660886049E-03   5.1676121074706316E-04  -9.3917115009389818E-05   4.2902838686131872E-06   1.1792609484473360E-06  -1.2185942921405513E-07  -1.6352945664266372E-08   3.2053595333536578E-09  -1.4329730457784962E-10   1.9673686474561691E-03  -7.7762821456417441E-04  -1.0007270611822605E-03   4.4597472879104316E-04   1.0393031407147646E-03  -7.0975409471429884E-05  -1.2818857794627547E-03   6.7429221235215664E-04   1.2222781078889966E-03
   102      490   1.3583984225988388E-02   3.1097028404474258E-03   5.3776393178850412E-04  -9.1509311459958553E-05   2.6831085051526316E-06   1.2062578207405750E-06  -8.0418658399139531E-08  -1.6105856204262636E-08   2.1171719932766564E-09  -6.4335904659262866E-11   1.9790886435657740E-03  -6.5471534617245197E-04  -9.9168834276497364E-04   2.8492859564721584E-04   9.1504317242652178E-04   5.3642779676010832E-05  -1.0123155079782009E-03   4.6635913895443082E-04   1.4045344432815909E-03
   102      491   1.3593750074505806E-02   3.1102227512747049E-03   5.3452397696673870E-04  -9.0972695033997297E-05   2.7845694603456650E-06   1.1882908665938885E-06  -8.3579465126604191E-08  -1.5868044656031088E-08   2.2123083365244156E-09  -7.3301212322185449E-11   1.9870740361511707E-03  -6.5707188332453370E-04  -1.0053698206320405E-03   2.7587378281168640E-04   9.2331302585080266E-04   7.5612188084051013E-05  -9.9809083621948957E-04   4.3860336882062256E-04   1.4350633136928082E-03
   102      492   1.3632812537252903E-02   3.1340776477009058E-03   5.2701443200930953E-04  -9.2293914349284023E-05   3.3974674806813709E-06   1.1890377891177195E-06  -9.8915627688711538E-08  -1.6141241232503489E-08   2.6051032442353517E-09  -1.0028338576217877E-10   1.9715810194611549E-03  -7.0753897307440639E-04  -9.9604472052305937E-04   3.5322032636031508E-04   9.6896622562780976E-04   2.7517282887856709E-06  -1.1258288286626339E-03   5.5161904310807586E-04   1.7001101514324546E-03
   102      493   1.3652343302965164E-02   3.2692544627934694E-03   4.8292000428773463E-04  -9.6833529823925346E-05   6.6621896621654741E-06   1.1270518598394119E-06  -1.8325165740407101E-07  -1.6538198366333745E-08   4.8232964289240954E-09  -2.6200669411835520E-10   1.9482526695355773E-03  -9.5484452322125435E-04  -1.0179748060181737E-03   6.7347817821428180E-04   1.2209016131237149E-03  -2.3960192629601806E-04  -1.6613308107480407E-03   9.5831812359392643E-04   1.1194152757525444E-03
   102      494   1.3671875000000000E-02   3.1730525661259890E-03   5.1262584747746587E-04  -9.3663584266323596E-05   4.4199819058121648E-06   1.1695273087752867E-06  -1.2524523640422558E-07  -1.6270023550646329E-08   3.2959734941329089E-09  -1.5054588131668822E-10   1.9612472970038652E-03  -7.8496709465980530E-04  -1.0011078556999564E-03   4.5469796168617904E-04   1.0473357979208231E-03  -7.4719639087561518E-05  -1.2944510672241449E-03   6.8052072310820222E-04   1.5683594392612576E-03
   102      495   1.3710937462747097E-02   3.1275064684450626E-03   5.2366679301485419E-04  -9.1873778728768229E-05   3.4701017739280360E-06   1.1776684232245316E-06  -1.0095697433598616E-07  -1.6005804681640257E-08   2.6630986305065107E-09  -1.0555066543016522E-10   1.9695365335792303E-03  -7.0974364643916488E-04  -1.0000268230214715E-03   3.5183798172511160E-04   9.7344606183469296E-04   1.0764280887087807E-05  -1.1219581356272101E-03   5.4092356003820896E-04   1.5232233563438058E-03
   102      496   1.3749999925494194E-02   3.2002311199903488E-03   4.9970817053690553E-04  -9.4625087513122708E-05   5.2684822549053933E-06   1.1502803545226925E-06  -1.4715442375745624E-07  -1.6332968755250477E-08   3.8727430151652698E-09  -1.9285062435869804E-10   1.9494498847052455E-03  -8.4805965889245272E-04  -1.0033249855041504E-03   5.3879129700362682E-04   1.1104767909273505E-03  -1.4051326434127986E-04  -1.4339861227199435E-03   7.8881694935262203E-04   1.3552707387134433E-03
   102      497   1.3769531622529030E-02   3.1507897656410933E-03   5.1262747729197145E-04  -9.2597605544142425E-05   4.1851653804769740E-06   1.1592693454076652E-06  -1.1949020972679136E-07  -1.6024955584725831E-08   3.1523756938156566E-09  -1.4169902751159924E-10   1.9618966616690159E-03  -7.6217902824282646E-04  -1.0048318654298782E-03   4.1905330726876855E-04   1.0271042119711637E-03  -3.8698002754244953E-05  -1.2335916981101036E-03   6.2443345086649060E-04   1.4314089203253388E-03
   102      498   1.3789062388241291E-02   3.2111436594277620E-03   4.9450265942141414E-04  -9.5103612693492323E-05   5.6166327340179123E-06   1.1447669976405450E-06  -1.5601597169734305E-07  -1.6398061575273459E-08   4.1033239028820390E-09  -2.0941684497621793E-10   1.9428252708166838E-03  -8.7485264521092176E-04  -1.0025560623034835E-03   5.7588488562032580E-04   1.1368023697286844E-03  -1.7047756409738213E-04  -1.4947253512218595E-03   8.3686085417866707E-04   1.4199403813108802E-03
   102      499   1.3828124850988388E-02   3.1687398441135883E-03   5.0496362382546067E-04  -9.3508060672320426E-05   4.7294229261751752E-06   1.1544315157152596E-06  -1.3323185044100683E-07  -1.6185948581437515E-08   3.5072236226341147E-09  -1.6670509417338053E-10   1.9493690924718976E-03  -8.0528471153229475E-04  -1.0001942282542586E-03   4.8191312816925347E-04   1.0680491104722023E-03  -9.3267706688493490E-05  -1.3366705970838666E-03   7.0963730104267597E-04   1.2696998892351985E-03
   102      500   1.3906249776482582E-02   3.1694555655121803E-03   5.0110509619116783E-04  -9.3707494670525193E-05   4.9325299187330529E-06   1.1506722330523189E-06  -1.3837228607371799E-07  -1.6220033316471927E-08   3.6409708581430777E-09  -1.7633561277818899E-10   1.9397671567276120E-03  -8.2042114809155464E-04  -9.9450198467820883E-04   5.0713255768641829E-04   1.0803915793076158E-03  -1.1935702787013724E-04  -1.3779384316876531E-03   7.4963492807000875E-04   1.3322728918865323E-03
   102      501   1.3984374701976776E-02   3.0960014555603266E-03   5.1951402565464377E-04  -9.1123016318306327E-05   3.4002393931586994E-06   1.1716275594153558E-06  -9.8875830190081615E-08  -1.5919987106371991E-08   2.6046851342442778E-09  -1.0154883878232823E-10   1.9473396241664886E-03  -7.0166401565074921E-04  -9.8557898309081793E-04   3.5099819069728255E-04   9.6081133233383298E-04   3.6624123822548427E-06  -1.1149935889989138E-03   5.4428802104666829E-04   1.4963158173486590E-03
   102      502   1.4023437164723873E-02   3.1851779203861952E-03   4.8975489335134625E-04  -9.4285947852768004E-05   5.6017829592747148E-06   1.1329271956128650E-06  -1.5561019495180517E-07  -1.6238248079503137E-08   4.0942444989866544E-09  -2.0973509040622673E-10   1.9270475022494793E-03  -8.6937623564153910E-04  -9.9530781153589487E-04   5.7260924950242043E-04   1.1295108124613762E-03  -1.6941296053119004E-04  -1.4850859297439456E-03   8.3127146353945136E-04   1.1832340387627482E-03
   102      503   1.4062499627470970E-02   3.1597753986716270E-03   4.9564044456928968E-04  -9.3433605798054487E-05   5.0964799811481498E-06   1.1403866437831311E-06  -1.4251635604978219E-07  -1.6151242121509313E-08   3.7491689752755519E-09  -1.8468768181456596E-10   1.9282239954918623E-03  -8.3039212040603161E-04  -9.9156692158430815E-04   5.2189402049407363E-04   1.0900800116360188E-03  -1.2957912986166775E-04  -1.3990674633532763E-03   7.6415011426433921E-04   1.3700370909646153E-03
   102      504   1.4218749478459358E-02   3.0752781312912703E-03   5.1316310418769717E-04  -9.0439192717894912E-05   3.5013047181564616E-06   1.1569894695639960E-06  -1.0146185758230786E-07  -1.5766511651804649E-08   2.6739965797162313E-09  -1.0761071200793282E-10   1.9320307765156031E-03  -7.0474372478201985E-04  -9.8084728233516216E-04   3.5717478021979332E-04   9.6297968411818147E-04  -3.0429333719439455E-07  -1.1210283264517784E-03   5.4844841361045837E-04   1.2750903842970729E-03
   102      505   1.4374999329447746E-02   3.1113200820982456E-03   4.9366679741069674E-04  -9.1744455858133733E-05   4.7354628804896493E-06   1.1280312719463836E-06  -1.3325276881914760E-07  -1.5850144308160452E-08   3.5093634664917772E-09  -1.6885855214088252E-10   1.9126025727018714E-03  -7.9625623766332865E-04  -9.8357757087796926E-04   4.7915862523950636E-04   1.0548435384407640E-03  -9.4384762633126229E-05  -1.3221102999523282E-03   7.0261204382404685E-04   1.2842484284192324E-03
   102      506   1.4531249180436134E-02   3.0669185798615217E-03   4.9922300968319178E-04  -9.0206267486792058E-05   4.0671266106073745E-06   1.1307549812045181E-06  -1.1602335803218011E-07  -1.5634476824288868E-08   3.0582965049319455E-09  -1.3684330057994742E-10   1.9086627289652824E-03  -7.4216810753569007E-04  -9.7694562282413244E-04   4.0924176573753357E-04   9.9983462132513523E-04  -3.9138823922257870E-05  -1.2023193994536996E-03   6.0911214677616954E-04   1.4833585591986775E-03
   102      507   1.4687499031424522E-02   3.0903520528227091E-03   4.8448622692376375E-04  -9.1193942353129387E-05   4.9780965127865784E-06   1.1108853641417227E-06  -1.3938888798747939E-07  -1.5722925184036285E-08   3.6705545269910544E-09  -1.8149882985429855E-10   1.8898340640589595E-03  -8.1010960275307298E-04  -9.7464048303663731E-04   5.0335907144472003E-04   1.0661212727427483E-03  -1.1612583330133930E-04  -1.3570055598393083E-03   7.3320558294653893E-04   1.3493571896106005E-03
   102      508   1.4765623956918716E-02   3.1175168696790934E-03   4.7155804350040853E-04  -9.2053342086728662E-05   5.8142577472608536E-06   1.0898670552705880E-06  -1.6101371613785886E-07  -1.5754682891611083E-08   4.2403542899194235E-09  -2.2349279371614017E-10   1.8806740408763289E-03  -8.7175046792253852E-04  -9.8044530022889376E-04   5.8221694780513644E-04   1.1296995216980577E-03  -1.7291706171818078E-04  -1.4873399632051587E-03   8.2841084804385900E-04   1.4297664165496826E-03
   102      509   1.4843748882412910E-02   3.0901820864528418E-03   4.7724312753416598E-04  -9.1360008809715509E-05   5.3243393267621286E-06   1.1010662319677067E-06  -1.4816158966368675E-07  -1.5734396896505132E-08   3.8986822659126119E-09  -1.9817748830863735E-10   1.8756047356873751E-03  -8.3510408876463771E-04  -9.6969876904040575E-04   5.4077222011983395E-04   1.0894075967371464E-03  -1.4822998491581529E-04  -1.4165389584377408E-03   7.8227382618933916E-04   1.3080785283818841E-03
   102      510   1.4999999664723873E-02   3.0896125826984644E-03   4.6883709728717804E-04  -9.1199442977085710E-05   5.6915218920039479E-06   1.0821368050528690E-06  -1.5779531281623349E-07  -1.5610954307021530E-08   4.1565297870249651E-09  -2.1815385609080806E-10   1.8665847601369023E-03  -8.5873878560960293E-04  -9.7220245515927672E-04   5.6968111312016845E-04   1.1143432930111885E-03  -1.6608688747510314E-04  -1.4627174241468310E-03   8.1310194218531251E-04   1.4265271602198482E-03
   102      511   1.5078125521540642E-02   3.1166148837655783E-03   4.5625044731423259E-04  -9.2087946541141719E-05   6.5155713855347130E-06   1.0622144372973708E-06  -1.7911092697886488E-07  -1.5652453555503598E-08   4.7184456342108660E-09  -2.5952426319086896E-10   1.8568785162642598E-03  -9.1966695617884398E-04  -9.7653316333889961E-04   6.4895907416939735E-04   1.1763434158638120E-03  -2.2552686277776957E-04  -1.5941914170980453E-03   9.1217056615278125E-04   1.4570658095180988E-03
   102      512   1.5117187984287739E-02   3.1159510836005211E-03   4.5543999294750392E-04  -9.2272181063890457E-05   6.5650765463942662E-06   1.0651779120962601E-06  -1.8017225045241503E-07  -1.5725140301015017E-08   4.7418295956447309E-09  -2.6062460523057496E-10   1.8509700894355774E-03  -9.2472776304930449E-04  -9.7143469611182809E-04   6.6011160379275680E-04   1.1794494930654764E-03  -2.3873210011515766E-04  -1.6115490579977632E-03   9.3041639775037766E-04   1.3794334372505546E-03
   102      513   1.5156250447034836E-02   3.0306475237011909E-03   4.7860728227533400E-04  -8.8965272880159318E-05   4.6775435293966439E-06   1.0859524763873196E-06  -1.3185402281123970E-07  -1.5265856134760725E-08   3.4810840876531302E-09  -1.7051951517466080E-10   1.8689504358917475E-03  -7.7662168769165874E-04  -9.6807541558519006E-04   4.5911647612228990E-04   1.0328073985874653E-03  -7.5060910603497177E-05  -1.2756854994222522E-03   6.6306168446317315E-04   1.3599832309409976E-03
   102      514   1.5234375372529030E-02   3.0262696091085672E-03   4.7639789409004152E-04  -8.8878339738585055E-05   4.7428907237190288E-06   1.0826371408256819E-06  -1.3345866989311617E-07  -1.5252265228582473E-08   3.5219156480081892E-09  -1.7354898074195546E-10   1.8633058061823249E-03  -7.8085670247673988E-04  -9.6592510817572474E-04   4.6617258340120316E-04   1.0366220958530903E-03  -8.0758996773511171E-05  -1.2857822002843022E-03   6.7068781936541200E-04   1.4128015609458089E-03
   102      515   1.5253907069563866E-02   3.0210304539650679E-03   4.7771207755431533E-04  -8.8837325165513903E-05   4.6482773541356437E-06   1.0870620599234826E-06  -1.3090611616917158E-07  -1.5283388776765605E-08   3.4526170811233214E-09  -1.6814641345952452E-10   1.8604882061481476E-03  -7.7445147326216102E-04  -9.6124771516770124E-04   4.6141271013766527E-04   1.0282433358952403E-03  -8.1737707660067827E-05  -1.2775884242728353E-03   6.6984043223783374E-04   1.3634136412292719E-03
   102      516   1.5273437835276127E-02   3.0157745350152254E-03   4.7815465950407088E-04  -8.8602741016075015E-05   4.5718511501036119E-06   1.0861426744668279E-06  -1.2894390977180592E-07  -1.5241448991787365E-08   3.4012856975351724E-09  -1.6460048601896204E-10   1.8611234845593572E-03  -7.6803081901744008E-04  -9.6251262584701180E-04   4.5125233009457588E-04   1.0230370098724961E-03  -7.0380294346250594E-05  -1.2597009772434831E-03   6.5124547109007835E-04   1.4350148849189281E-03
   102      517   1.5312500298023224E-02   2.9752498958259821E-03   4.8951368080452085E-04  -8.7329513917211443E-05   3.6888682188873645E-06   1.1028803328372305E-06  -1.0608977873971526E-07  -1.5137954889610228E-08   2.7995514795264853E-09  -1.2067426224948719E-10   1.8632924184203148E-03  -7.0084765320643783E-04  -9.5281016547232866E-04   3.6721277865581214E-04   9.5263635739684105E-04  -1.1180945875821635E-05  -1.1190153891220689E-03   5.5062311002984643E-04   1.4769813278689981E-03
   102      518   1.5625000000000000E-02   3.0390266329050064E-03   4.5402412069961429E-04  -8.9431508968118578E-05   5.8994473874918185E-06   1.0451055914018070E-06  -1.6326133334132464E-07  -1.5192785696171995E-08   4.3071590738463783E-09  -2.3201551790918984E-10   1.8320631934329867E-03  -8.6278637172654271E-04  -9.6243142616003752E-04   5.7881430257111788E-04   1.1171045480296016E-03  -1.6957891057245433E-04  -1.4683626359328628E-03   8.1348279491066933E-04   1.5184192452579737E-03
   102      519   1.5781249850988388E-02   2.9564048163592815E-03   4.7225199523381889E-04  -8.6510954133700579E-05   4.2896494960587006E-06   1.0636135812092107E-06  -1.2180778696802008E-07  -1.4828771099928417E-08   3.2208793410148928E-09  -1.5397125241456422E-10   1.8372453050687909E-03  -7.3661661008372903E-04  -9.5201196381822228E-04   4.1334173874929547E-04   9.8962767515331507E-04  -3.9694015868008137E-05  -1.1893312912434340E-03   5.9662834974005818E-04   1.3366605853661895E-03
   102      520   1.5937499701976776E-02   2.9537510126829147E-03   4.6642898814752698E-04  -8.6549662228208035E-05   4.5455617510015145E-06   1.0549033504503313E-06  -1.2832234119741770E-07  -1.4816492921454483E-08   3.3912113117651188E-09  -1.6658927015633651E-10   1.8251304281875491E-03  -7.5445906259119511E-04  -9.4726757379248738E-04   4.4090911978855729E-04   1.0055738966912031E-03  -6.4665742684155703E-05  -1.2332205660641193E-03   6.3495425274595618E-04   1.6420243773609400E-03
   102      521   1.6249999403953552E-02   3.0735598411411047E-03   4.1434288141317666E-04  -9.0607500169426203E-05   8.0407380664837547E-06   9.7603515314403921E-07  -2.1862865651200991E-07  -1.5075398707153909E-08   5.7689852894782234E-09  -3.4103017632070021E-10   1.7848241841420531E-03  -1.0147177381440997E-03  -9.6382381161674857E-04   7.8170624328777194E-04   1.2691386509686708E-03  -3.2397356699220836E-04  -1.7992428038269281E-03   1.0661164997145534E-03   1.3804334448650479E-03
   102      522   1.6874998807907104E-02   2.7539245784282684E-03   4.8586115008220077E-04  -7.9234829172492027E-05   1.7618043557376950E-06   1.0476225043021259E-06  -5.7046474211119858E-08  -1.3639969154155551E-08   1.5370464900854586E-09  -3.7205759306768726E-11   1.8076887354254723E-03  -5.2255892660468817E-04  -9.2499394668266177E-04   1.3501834473572671E-04   7.7269232133403420E-04   1.8492138769943267E-04  -7.0953607792034745E-04   2.1702272351831198E-04   1.3777584536001086E-03
   102      523   1.7500000074505806E-02   2.5877181906253099E-03   5.1613262621685863E-04  -7.4349532951600850E-05  -1.0879115279749385E-06   1.0939862704617553E-06   1.7220278536456135E-08  -1.3238988572084054E-08  -4.2674444533652434E-10   1.0618316642618808E-10   1.7864203546196222E-03  -3.0326371779665351E-04  -8.7776099098846316E-04  -1.2873935338575393E-04   5.3953722817823291E-04   3.6585773341357708E-04  -2.5892103440128267E-04  -1.0316593397874385E-04   1.1400355724617839E-03
   102      524   1.8750000745058060E-02   2.6990284677594900E-03   4.3839760473929346E-04  -7.9201694461517036E-05   3.6086501040699659E-06   9.8889086075359955E-07  -1.0312123777111992E-07  -1.3671068721521351E-08   2.7239790423294608E-09  -1.2360852619242024E-10   1.6823848709464073E-03  -6.5256247762590647E-04  -8.6235068738460541E-04   3.5745307104662061E-04   8.7981141405180097E-04  -3.1977171602193266E-05  -1.0555548360571265E-03   5.3528841817751527E-04   2.6934529887512326E-04
   102      525   1.9999999552965164E-02   2.6192264631390572E-03   4.2222326737828553E-04  -7.6811753388028592E-05   3.6446472222451121E-06   9.5259701993199997E-07  -1.0380622228467473E-07  -1.3223485417768188E-08   2.7431443783143550E-09  -1.2764093948458566E-10   1.6291345236822963E-03  -6.4257276244461536E-04  -8.3769985940307379E-04   3.5852965083904564E-04   8.6387310875579715E-04  -3.7961992347845808E-05  -1.0427361121401191E-03   5.3090206347405910E-04   2.4880800629034638E-04
   102      526   2.1324999630451202E-02   2.5405187625437975E-03   4.0743421413935721E-04  -7.4476447480265051E-05   3.6294720757723553E-06   9.1939250523864757E-07  -1.0315979892538962E-07  -1.2798377468925537E-08   2.7268638458366468E-09  -1.2891138156945203E-10   1.5777369262650609E-03  -6.2937324400991201E-04  -8.1275333650410175E-04   3.5573772038333118E-04   8.4434141172096133E-04  -4.2197316361125559E-05  -1.0241644922643900E-03   5.2375876111909747E-04   2.5746686151251197E-04
   102      527   2.2649999707937241E-02   2.4485664907842875E-03   4.0059999446384609E-04  -7.1706199378240854E-05   3.1281986139219953E-06   8.9936122549261199E-07  -8.9934360403276514E-08  -1.2367777024735460E-08   2.3786626002220146E-09  -1.0561677921128165E-10   1.5336881624534726E-03  -5.8068719226866961E-04  -7.8588782344013453E-04   3.0647113453596830E-04   7.8878685599192977E-04  -1.1672160326270387E-05  -9.2902733013033867E-04   4.5903047430329025E-04   6.7328925069887191E-05
   102      528   2.3974999785423279E-02   2.3854691535234451E-03   3.8763883640058339E-04  -6.9872658059466630E-05   3.1699976261734264E-06   8.7156075778693776E-07  -9.0767287019843934E-08  -1.2034813146044598E-08   2.4003168341835135E-09  -1.0911174741501384E-10   1.4901183312758803E-03  -5.7401490630581975E-04  -7.6483062002807856E-04   3.1032745027914643E-04   7.7653862535953522E-04  -2.0822219084948301E-05  -9.2399085406213999E-04   4.6210887376219034E-04   5.5641739891143516E-05
   102      529   2.5299999862909317E-02   2.3215664550662041E-03   3.7761070416308939E-04  -6.7993380071129650E-05   3.0668406907352619E-06   8.4887591356164194E-07  -8.7850565932967584E-08  -1.1715075132201491E-08   2.3228505785510833E-09  -1.0518344528698265E-10   1.4510945184156299E-03  -5.5721122771501541E-04  -7.4473989661782980E-04   2.9977897065691650E-04   7.5445632683113217E-04  -1.8238935808767565E-05  -8.9570158161222935E-04   4.4663425069302320E-04   5.6255106755997986E-05
   102      530   2.6844000443816185E-02   2.2538949269801378E-03   3.6670907866209745E-04  -6.6006396082229912E-05   2.9707709927606629E-06   8.2428601899664500E-07  -8.5111146574945451E-08  -1.1372323527325534E-08   2.2504831331815467E-09  -1.0178625997614432E-10   1.4092376222833991E-03  -5.4042722331359982E-04  -7.2337267920374870E-04   2.8998809284530580E-04   7.3200673796236515E-04  -1.6624395357212052E-05  -8.6794729577377439E-04   4.3205055408179760E-04   5.5873621022328734E-05
   102      531   2.8387000784277916E-02   2.1922043524682522E-03   3.5672020749188960E-04  -6.4204941736534238E-05   2.8868478239019169E-06   8.0197906981993583E-07  -8.2700879033836827E-08  -1.1063983507142439E-08   2.1864945409788561E-09  -9.8794146474734390E-11   1.3707008911296725E-03  -5.2557303570210934E-04  -7.0371228503063321E-04   2.8175589977763593E-04   7.1188790025189519E-04  -1.5778574379510246E-05  -8.4366317605599761E-04   4.1965825948864222E-04   5.5908338254084811E-05
   102      532   2.9930999502539635E-02   2.1352600306272507E-03   3.4759505069814622E-04  -6.2538863858208060E-05   2.8062813726137392E-06   7.8134570458132657E-07  -8.0419901848927111E-08  -1.0776567194170639E-08   2.1264361382833386E-09  -9.5997383653401158E-11   1.3350887456908822E-03  -5.1174446707591414E-04  -6.8543531233444810E-04   2.7411949122324586E-04   6.9315347354859114E-04  -1.5100992641237099E-05  -8.2117802230641246E-04   4.0830942452885211E-04   5.5439722927985713E-05
   102      533   3.1475000083446503E-02   2.0827455446124077E-03   3.3911096397787333E-04  -6.0997030232101679E-05   2.7357109502190724E-06   7.6204679544389364E-07  -7.8422310423320596E-08  -1.0509241477052456E-08   2.0739665540503438E-09  -9.3653057531284389E-11   1.3021379709243774E-03  -4.9923540791496634E-04  -6.6857546335086226E-04   2.6740608154796064E-04   6.7611999111250043E-04  -1.4728097994520795E-05  -8.0097862519323826E-04   3.9825608837418258E-04   5.5832075304351747E-05
   102      534   3.4563001245260239E-02   1.9885858055204153E-03   3.2392091816291213E-04  -5.8247227570973337E-05   2.6079310373461340E-06   7.2796035510691581E-07  -7.4772927405319933E-08  -1.0038599285167038E-08   1.9772696813191715E-09  -8.9158160021529653E-11   1.2429880443960428E-03  -4.7679973067715764E-04  -6.3829950522631407E-04   2.5535686290822923E-04   6.4553134143352509E-04  -1.4040929272596259E-05  -7.6466723112389445E-04   3.8016171311028302E-04   5.6130771554308012E-05
   102      535   3.7650000303983688E-02   1.9066683016717434E-03   3.1047410448081791E-04  -5.5859796702861786E-05   2.5049062060134020E-06   6.9804087843294838E-07  -7.1790466904531058E-08  -9.6271355332078201E-09   1.8983326022237179E-09  -8.5666446159038401E-11   1.1914648348465562E-03  -4.5770732685923576E-04  -6.1207922408357263E-04   2.4535937700420618E-04   6.1940198065713048E-04  -1.3721147297474090E-05  -7.3391245678067207E-04   3.6495632957667112E-04   5.6955148465931416E-05
   102      536   4.0738001465797424E-02   1.8339329399168491E-03   2.9856737819500268E-04  -5.3722524171462283E-05   2.4115222458931385E-06   6.7121260372005054E-07  -6.9107471745155635E-08  -9.2582057575896215E-09   1.8273306201521677E-09  -8.2508673504566588E-11   1.1461224639788270E-03  -4.4026362593285739E-04  -5.8886839542537928E-04   2.3590748605784029E-04   5.9581728419288993E-04  -1.3079054951958824E-05  -7.0585822686553001E-04   3.5093037877231836E-04   5.6678953114897013E-05
   102      537   4.3825000524520874E-02   1.7688194056972861E-03   2.8800350264646113E-04  -5.1806739065796137E-05   2.3240831978910137E-06   6.4725662696218933E-07  -6.6618859762002103E-08  -8.9270164593813206E-09   1.7616816894161502E-09  -7.9538771402543063E-11   1.1056435760110617E-03  -4.2431338806636631E-04  -5.6792574469000101E-04   2.2723524307366461E-04   5.7438435032963753E-04  -1.2528014849522151E-05  -6.8044039653614163E-04   3.3829978201538324E-04   5.5676569900242612E-05
   102      538   4.6913001686334610E-02   1.7102898564189672E-03   2.7850756305269897E-04  -5.0092741730622947E-05   2.2450999495049473E-06   6.2590316929345136E-07  -6.4360811791175365E-08  -8.6311375824266179E-09   1.7020840292758521E-09  -7.6823061800901371E-11   1.0691932402551174E-03  -4.1002107900567353E-04  -5.4906198056414723E-04   2.1951578673906624E-04   5.5514433188363910E-04  -1.2093178156646900E-05  -6.5767625346779823E-04   3.2700688461773098E-04   5.6267232139362022E-05
   102      539   5.0000000745058060E-02   1.6573627945035696E-03   2.6990773039869964E-04  -4.8544741730438545E-05   2.1742878288932843E-06   6.0670305401799851E-07  -6.2321454663560871E-08  -8.3666469308241176E-09   1.6478333142444512E-09  -7.4296971352971752E-11   1.0362212779000401E-03  -3.9714216836728156E-04  -5.3205824224278331E-04   2.1251144062262028E-04   5.3777144057676196E-04  -1.1641451237665024E-05  -6.3705095089972019E-04   3.1673538614995778E-04   5.6224234867841005E-05
   102      540   5.3125001490116119E-02   1.6087577678263187E-03   2.6190612697973847E-04  -4.7111458115978166E-05   2.1137248040759005E-06   5.8857222029473633E-07  -6.0582728167446476E-08  -8.1178592736819155E-09   1.6019272575107379E-09  -7.2319622512750925E-11   1.0059418855234981E-03  -3.8557394873350859E-04  -5.1664322381839156E-04   2.0621182920876890E-04   5.2209699060767889E-04  -1.1189797078259289E-05  -6.1838276451453567E-04   3.0739445355720818E-04   5.6230437621707097E-05
   102      541   5.6249998509883881E-02   1.5642936341464520E-03   2.5468025705777109E-04  -4.5812921598553658E-05   2.0548020529531641E-06   5.7237701867052238E-07  -5.8893672161275390E-08  -7.8937194558648116E-09   1.5573597966778152E-09  -7.0308196764568009E-11   9.7805203404277563E-04  -3.7503213388845325E-04  -5.0243246369063854E-04   2.0050955936312675E-04   5.0770776579156518E-04  -1.0832098269020207E-05  -6.0127169126644731E-04   2.9885515687055886E-04   5.7317167375003919E-05
   102      542   5.9374999254941940E-02   1.5235295286402106E-03   2.4804100394248962E-04  -4.4627136958297342E-05   2.0022798707941547E-06   5.5759392125764862E-07  -5.7381456031180278E-08  -7.6905086743295215E-09   1.5172744172176067E-09  -6.8489887372624736E-11   9.5227878773584962E-04  -3.6561288288794458E-04  -4.8934714868664742E-04   1.9560509826987982E-04   4.9471785314381123E-04  -1.0727269000199158E-05  -5.8601761702448130E-04   2.9135073418729007E-04   5.7591340009821579E-05
   102      543   6.2500000000000000E-02   1.4857455389574170E-03   2.4192330602090806E-04  -4.3521427869563922E-05   1.9522892671375303E-06   5.4377846936404239E-07  -5.5958491174123992E-08  -7.4998922627855791E-09   1.4797391090226597E-09  -6.6798649944743715E-11   9.2847185442224145E-04  -3.5676051629707217E-04  -4.7724499017931521E-04   1.9088936096522957E-04   4.8257704474963248E-04  -1.0488473890291061E-05  -5.7162443408742547E-04   2.8418318834155798E-04   5.6138847867259756E-05
   102      544   6.8750001490116119E-02   1.4178744750097394E-03   2.3092208721209317E-04  -4.1542989492882043E-05   1.8620107766764704E-06   5.1916219945269404E-07  -5.3372708919141587E-08  -7.1595831485637973E-09   1.4114226454253753E-09  -6.3688852802723517E-11   8.8576221605762839E-04  -3.4074019640684128E-04  -4.5541190775111318E-04   1.8241393263451755E-04   4.6068601659499109E-04  -1.0134926924365573E-05  -5.4576992988586426E-04   2.7136248536407948E-04   5.7130211644107476E-05
   102      545   7.5000002980232239E-02   1.3582149986177683E-03   2.2117661137599498E-04  -3.9786838897271082E-05   1.7841532553575234E-06   4.9714611805029563E-07  -5.1141448409453005E-08  -6.8564598443288105E-09   1.3523763220391061E-09  -6.1039680254726392E-11   8.4872526349499822E-04  -3.2618519617244601E-04  -4.3630867730826139E-04   1.7448318249080330E-04   4.4114078627899289E-04  -9.5838058769004419E-06  -5.2254012553021312E-04   2.5977709447033703E-04   5.6803364714141935E-05
   102      546   8.1249997019767761E-02   1.3053485890850425E-03   2.1253355953376740E-04  -3.8228947232710198E-05   1.7144757293863222E-06   4.7759516519363387E-07  -4.9146063219041025E-08  -6.5862177933695421E-09   1.2997238840739556E-09  -5.8690260984484155E-11   8.1606395542621613E-04  -3.1310928170569241E-04  -4.1940811206586659E-04   1.6725153545849025E-04   4.2368532740511000E-04  -8.9733039203565568E-06  -5.0169671885669231E-04   2.4934107204899192E-04   5.7443816331215203E-05
   102      547   8.7499998509883881E-02   1.2585165677592158E-03   2.0483057596720755E-04  -3.6859863030258566E-05   1.6561818938498618E-06   4.6044081614127208E-07  -4.7453585949597255E-08  -6.3515321890861287E-09   1.2546909067268075E-09  -5.6682384480533088E-11   7.8671722440049052E-04  -3.0207124655134976E-04  -4.0439024451188743E-04   1.6147762653417885E-04   4.0869004442356527E-04  -8.7770149548305199E-06  -4.8405106645077467E-04   2.4062153534032404E-04   5.6530225265305489E-05
   102      548   9.3750000000000000E-02   1.2163477949798107E-03   1.9804998009931296E-04  -3.5632729122880846E-05   1.5987052393029444E-06   4.4520956521409971E-07  -4.5821227701026146E-08  -6.1404037410284218E-09   1.2116926351168900E-09  -5.4706506685819889E-11   7.6005357550457120E-04  -2.9214960522949696E-04  -3.9068624028004706E-04   1.5638336481060833E-04   3.9512902731075883E-04  -8.6847494458197616E-06  -4.6814006054773927E-04   2.3277630680240691E-04   5.5585700465599075E-05
   102      549   1.0000000149011612E-01   1.1779931373894215E-03   1.9189766317140311E-04  -3.4509786928538233E-05   1.5453763353434624E-06   4.3126678406224528E-07  -4.4313161140507873E-08  -5.9467768487309058E-09   1.1719994974512815E-09  -5.2878312839510500E-11   7.3599861934781075E-04  -2.8287878376431763E-04  -3.7824787432327867E-04   1.5146266377996653E-04   3.8257866981439292E-04  -8.4628036347567104E-06  -4.5331718865782022E-04   2.2543556406162679E-04   5.5889264331199229E-05
   102      550   1.0625000298023224E-01   1.1431532911956310E-03   1.8610994447953999E-04  -3.3485055610071868E-05   1.5031980638013920E-06   4.1830151076283073E-07  -4.3085218948135662E-08  -5.7691615928945339E-09   1.1394616361570797E-09  -5.1483484142522684E-11   7.1437912993133068E-04  -2.7453899383544922E-04  -3.6720215575769544E-04   1.4693834236823022E-04   3.7134424201212823E-04  -8.1487523857504129E-06  -4.3995998566970229E-04   2.1876662503927946E-04   5.5566932132933289E-05
   102      551   1.1249999701976776E-01   1.1111237108707428E-03   1.8082778842654079E-04  -3.2542426197323948E-05   1.4626539268647321E-06   4.0647736909704690E-07  -4.1908077008656619E-08  -5.6072715359789527E-09   1.1080817374775620E-09  -5.0069715734624154E-11   6.9459166843444109E-04  -2.6670572697184980E-04  -3.5704585025086999E-04   1.4257324801292270E-04   3.6084957537241280E-04  -7.7389113357639872E-06  -4.2737717740237713E-04   2.1243687660899013E-04   5.5945529311429709E-05
   102      552   1.1874999850988388E-01   1.0816343128681183E-03   1.7607439076527953E-04  -3.1680188840255141E-05   1.4223071502783569E-06   3.9579552435498044E-07  -4.0756631847216340E-08  -5.4595226117726270E-09   1.0776016745595030E-09  -4.8653064216308550E-11   6.7612895509228110E-04  -2.5957255274988711E-04  -3.4750919439829886E-04   1.3876320736017078E-04   3.5119426320306957E-04  -7.5573052527033724E-06  -4.1597025119699538E-04   2.0678990404121578E-04   5.6057357141980901E-05
   102      553   1.2500000000000000E-01   1.0543699609115720E-03   1.7174625827465206E-04  -3.0886934837326407E-05   1.3827427665091818E-06   3.8601751839451026E-07  -3.9644010740857993E-08  -5.3227120488941182E-09   1.0484102475061263E-09  -4.7281213666483524E-11   6.5892899874597788E-04  -2.5302430731244385E-04  -3.3862958662211895E-04   1.3530268915928900E-04   3.4227035939693451E-04  -7.4140857577731367E-06  -4.0542712667956948E-04   2.0156173559371382E-04   5.6358479923801497E-05
   102      554   1.3750000298023224E-01   1.0056955507025123E-03   1.6374893311876804E-04  -2.9463082682923414E-05   1.3218526646596729E-06   3.6814401482843095E-07  -3.7882646353182281E-08  -5.0775836868410806E-09   1.0017032758824485E-09  -4.5216715788276574E-11   6.2839395832270384E-04  -2.4162991030607373E-04  -3.2311709946952760E-04   1.2924631300847977E-04   3.2671962981112301E-04  -7.0966048042464536E-06  -3.8699369179084897E-04   1.9238298409618437E-04   5.6623335694894195E-05
   102      555   1.5000000596046448E-01   9.6273986855521798E-04   1.5677991905249655E-04  -2.8199241569382139E-05   1.2639529813895933E-06   3.5234933193351026E-07  -3.6233775091432108E-08  -4.8590789170077642E-09   9.5819729928336983E-10  -4.3242978642332730E-11   6.0171523364260793E-04  -2.3109087487682700E-04  -3.0933399102650583E-04   1.2347490701358765E-04   3.1259070965461433E-04  -6.6274251366849057E-06  -3.7011352833360434E-04   1.8392008496448398E-04   5.5561049521202222E-05
   102      556   1.6249999403953552E-01   9.2490622773766518E-04   1.5058451390359551E-04  -2.7093450626125559E-05   1.2159752031948301E-06   3.3848681368908728E-07  -3.4851350250164614E-08  -4.6684505150551558E-09   9.2164420539830871E-10  -4.1626192076593682E-11   5.7798833586275578E-04  -2.2210075985640287E-04  -2.9705392080359161E-04   1.1891752365045249E-04   3.0045566381886601E-04  -6.6015354605042376E-06  -3.5597226815298200E-04   1.7699689487926662E-04   5.5584743677172810E-05
   102      557   1.7499999701976776E-01   8.9091836707666516E-04   1.4511257177218795E-04  -2.6093479391420260E-05   1.1681960359055665E-06   3.2608127753519511E-07  -3.3495066276145735E-08  -4.4962211731558455E-09   8.8581464385839581E-10  -3.9954393959984458E-11   5.5698002688586712E-04  -2.1352896874304861E-04  -2.8604181716218591E-04   1.1421447561588138E-04   2.8907667729072273E-04  -6.2383378462982364E-06  -3.4242321271449327E-04   1.7023563850671053E-04   5.6523585953982547E-05
   102      558   1.8750000000000000E-01   8.6080405162647367E-04   1.4013137842994183E-04  -2.5208526494679973E-05   1.1309123237879248E-06   3.1494076324634079E-07  -3.2410550687700379E-08  -4.3436183538858586E-09   8.5698709240134008E-10  -3.8684562497781627E-11   5.3828378440812230E-04  -2.0632088126149029E-04  -2.7654034784063697E-04   1.1021783575415611E-04   2.7933411183767021E-04  -5.8703612921817694E-06  -3.3073264057748020E-04   1.6434624558314681E-04   5.5434509704355150E-05
   102      559   2.0000000298023224E-01   8.3378690760582685E-04   1.3578127254731953E-04  -2.4424658477073535E-05   1.0949647730740253E-06   3.0519640858983621E-07  -3.1387774157565218E-08  -4.2089380869470006E-09   8.3004103590411660E-10  -3.7461481833256371E-11   5.2103959023952484E-04  -2.0019653311464936E-04  -2.6781443739309907E-04   1.0710999777074903E-04   2.7079929714091122E-04  -5.8704808907350525E-06  -3.2075057970359921E-04   1.5944252663757652E-04   5.7038163504330441E-05
   102      560   2.1875000000000000E-01   7.9742947127670050E-04   1.2985977809876204E-04  -2.3364727894659154E-05   1.0474481086930609E-06   2.9199017603787070E-07  -3.0019922547808164E-08  -4.0268610668192650E-09   7.9381801132427654E-10  -3.5816721116743722E-11   4.9820594722405076E-04  -1.9159546354785562E-04  -2.5612555327825248E-04   1.0256632231175900E-04   2.5907161762006581E-04  -5.6996191233338322E-06  -3.0692902510054410E-04   1.5261505905073136E-04   5.6827189837349579E-05
   102      561   2.3749999701976776E-01   7.6501909643411636E-04   1.2458338460419327E-04  -2.2407244614441879E-05   1.0035173545475118E-06   2.8002602903143270E-07  -2.8764530313196701E-08  -3.8613707786794293E-09   7.6060746589945438E-10  -3.4300982193480323E-11   4.7830922994762659E-04  -1.8337681831326336E-04  -2.4573178961873055E-04   9.7954783996101469E-05   2.4820188991725445E-04  -5.2577629503502976E-06  -2.9391335556283593E-04   1.4608234050683677E-04   5.6396696891169995E-05
   102      562   2.5624999403953552E-01   7.3663849616423249E-04   1.1997230467386544E-04  -2.1580899556283839E-05   9.6687188033683924E-07   2.6971514444085187E-07  -2.7713557670949740E-08  -3.7195464486217134E-09   7.3280764789629416E-10  -3.3048966341375774E-11   4.6032606041990221E-04  -1.7684334306977689E-04  -2.3658257850911468E-04   9.4620525487698615E-05   2.3921357933431864E-04  -5.2008899729116820E-06  -2.8335626120679080E-04   1.4086722512729466E-04   5.6721353757893667E-05
   102      563   2.7500000596046448E-01   7.1105023380368948E-04   1.1580400314414874E-04  -2.0828818378504366E-05   9.3352474550556508E-07   2.6025242050309316E-07  -2.6764777061316636E-08  -3.5887646188115241E-09   7.0788869210858252E-10  -3.1958401203180387E-11   4.4432390131987631E-04  -1.7072285118047148E-04  -2.2835927666164935E-04   9.1372014139778912E-05   2.3092978517524898E-04  -5.0514095164544415E-06  -2.7357463841326535E-04   1.3602679246105254E-04   5.6505235988879576E-05
   102      564   2.9374998807907104E-01   6.8792194360867143E-04   1.1195025581400841E-04  -2.0148028852418065E-05   9.0570097199815791E-07   2.5164382577713695E-07  -2.5950969373411681E-08  -3.4711380436647232E-09   6.8623656757083040E-10  -3.1022451968398812E-11   4.3003365863114595E-04  -1.6511962166987360E-04  -2.2101841750554740E-04   8.8328524725511670E-05   2.2344398894347250E-04  -4.8153697207453661E-06  -2.6465358678251505E-04   1.3155443593859673E-04   5.6084601965267211E-05
   102      565   3.1250000000000000E-01   6.6678528673946857E-04   1.0864776413654909E-04  -1.9531500583980232E-05   8.7312656660287757E-07   2.4413100163656054E-07  -2.5041952511628551E-08  -3.3656641917900743E-09   6.6233407647331433E-10  -2.9856266764438644E-11   4.1676138062030077E-04  -1.5984303900040686E-04  -2.1400921104941517E-04   8.5563959146384150E-05   2.1635864686686546E-04  -4.7414650907739997E-06  -2.5634668418206275E-04   1.2747329310514033E-04   5.5796215747250244E-05
   102      566   3.3125001192092896E-01   6.4777268562465906E-04   1.0546722478466108E-04  -1.8970416931551881E-05   8.5040193198437919E-07   2.3702888540810818E-07  -2.4373633777940995E-08  -3.2686811035631536E-09   6.4450861314568897E-10  -2.9085624533853327E-11   4.0506065124645829E-04  -1.5526213974226266E-04  -2.0812953880522400E-04   8.2887941971421242E-05   2.1018086408730596E-04  -4.3650343286572024E-06  -2.4879840202629566E-04   1.2360283290036023E-04   5.7258723245467991E-05
   102      567   3.4999999403953552E-01   6.3061621040105820E-04   1.0262723662890494E-04  -1.8474569515092298E-05   8.3109313209206448E-07   2.3075074295775266E-07  -2.3810970972704126E-08  -3.1834379576878291E-09   6.2961608149336712E-10  -2.8467235513307543E-11   3.9397095679305494E-04  -1.5166260709520429E-04  -2.0261839381419122E-04   8.1235528341494501E-05   2.0503555424511433E-04  -4.5528327063948382E-06  -2.4294789182022214E-04   1.2081881141057238E-04   5.6606630096212029E-05
   102      568   3.8749998807907104E-01   5.9926905669271946E-04   9.7465475846547633E-05  -1.7556569218868390E-05   7.9114420259429608E-07   2.1928489957190322E-07  -2.2647377306839189E-08  -3.0260678407501018E-09   5.9861077206235791E-10  -2.7060572532766614E-11   3.7455486017279327E-04  -1.4398267376236618E-04  -1.9254330254625529E-04   7.7124495874159038E-05   1.9480586342979223E-04  -4.2809710976143833E-06  -2.3080145183485001E-04   1.1474984785309061E-04   5.6031181884463876E-05
   102      569   4.2500001192092896E-01   5.7230674428865314E-04   9.3097565695643425E-05  -1.6761248843977228E-05   7.5409593591757584E-07   2.0935827649282146E-07  -2.1593834276245616E-08  -2.8883988534289529E-09   5.7081950277648730E-10  -2.5790508617618002E-11   3.5791931441053748E-04  -1.3722880976274610E-04  -1.8391394405625761E-04   7.3317853093612939E-05   1.8578342860564590E-04  -3.9348528844129760E-06  -2.2001002798788249E-04   1.0935514728771523E-04   5.6208195019280538E-05
   102      570   4.6250000596046448E-01   5.4941803682595491E-04   8.9512264821678400E-05  -1.6112966477521695E-05   7.2238094617205206E-07   2.0146036661117250E-07  -2.0700587910482682E-08  -2.7788980005993835E-09   5.4733045873334163E-10  -2.4677712998077972E-11   3.4267190494574606E-04  -1.3261100684758276E-04  -1.7632244271226227E-04   7.1403024776373059E-05   1.7897346697282046E-04  -4.3292193367960863E-06  -2.1232294966466725E-04   1.0570955055300146E-04   5.6795815908117220E-05
   102      571   5.0000000000000000E-01   5.2772788330912590E-04   8.5781452071387321E-05  -1.5443854863406159E-05   6.9587559892170248E-07   1.9280375340713363E-07  -1.9921593263916293E-08  -2.6601019165184425E-09   5.2659271387867079E-10  -2.3819351005482936E-11   3.3056671964004636E-04  -1.2595720181707293E-04  -1.6954864258877933E-04   6.7175751610193402E-05   1.7096922965720296E-04  -3.4520255667302990E-06  -2.0238892466295511E-04   1.0054096492240205E-04   5.6393782870145515E-05
   102      572   5.3125000000000000E-01   5.1302049541845918E-04   8.3643972175195813E-05  -1.5033780073281378E-05   6.7065815301248222E-07   1.8799732970364857E-07  -1.9240271598164327E-08  -2.5913360346407899E-09   5.0891685310361368E-10  -2.2910753155747088E-11   3.2042220118455589E-04  -1.2318146764300764E-04  -1.6462254279758781E-04   6.6003165557049215E-05   1.6654399223625660E-04  -3.7767435969726648E-06  -1.9742878794204444E-04   9.8236305348109454E-05   5.6731449149083346E-05
   102      573   5.6250000000000000E-01   4.9954140558838844E-04   8.1303580373059958E-05  -1.4638939319411293E-05   6.5863645204444765E-07   1.8288075409600424E-07  -1.8865202733309161E-08  -2.5234596634504669E-09   4.9871168306125924E-10  -2.2530194723757724E-11   3.1184381805360317E-04  -1.2057121057296172E-04  -1.6084553499240428E-04   6.4289379224646837E-05   1.6260858683381230E-04  -3.3510177672724240E-06  -1.9234966021031141E-04   9.5497758593410254E-05   5.5085434723878279E-05
   102      574   6.2500000000000000E-01   4.7244780580513179E-04   7.6825795986223966E-05  -1.3828823284711689E-05   6.2213450746639865E-07   1.7270468788410653E-07  -1.7812585184628915E-08  -2.3826309814012347E-09   4.7080822573875025E-10  -2.1268974428889642E-11   2.9586435994133353E-04  -1.1279500176897272E-04  -1.5174625150393695E-04   6.0189082432771102E-05   1.5305980923585594E-04  -3.1380259315483272E-06  -1.8122837354894727E-04   9.0049354184884578E-05   5.6960878282552585E-05
   102      575   6.8750000000000000E-01   4.5135788968764246E-04   7.3446703027002513E-05  -1.3227869203547016E-05   5.9587858913801028E-07   1.6522504608929012E-07  -1.7065708846075722E-08  -2.2800075161200084E-09   4.5117604097200115E-10  -2.0402752404224955E-11   2.8173485770821571E-04  -1.0894826118601486E-04  -1.4521047705784440E-04   5.8285662817070261E-05   1.4701450709253550E-04  -3.1662816581956577E-06  -1.7403002129867673E-04   8.6451451352331787E-05   5.6082499213516712E-05
   102      576   7.5000000000000000E-01   4.3102257768623531E-04   7.0083027821965516E-05  -1.2616904314199928E-05   5.6828577044143458E-07   1.5752904403143475E-07  -1.6272522884719365E-08  -2.1734185562394259E-09   4.3017225892505451E-10  -1.9456254315985966E-11   2.6982364943251014E-04  -1.0304387978976592E-04  -1.3844907516613603E-04   5.5045860790414736E-05   1.3974978355690837E-04  -2.9304628696991131E-06  -1.6551731096114963E-04   8.2271973951719701E-05   5.6390501413261518E-05
   102      577   8.1250000000000000E-01   4.1482661617919803E-04   6.7514636612031609E-05  -1.2158242498117033E-05   5.4720874231861671E-07   1.5189142743565753E-07  -1.5673247588665618E-08  -2.0958526025793844E-09   4.1436731823552009E-10  -1.8727307898869228E-11   2.5894024292938411E-04  -1.0005250805988908E-04  -1.3334424875210971E-04   5.3629544709110633E-05   1.3507579569704831E-04  -3.0199962566257454E-06  -1.6002167831175029E-04   7.9555749834980816E-05   5.5603271903237328E-05
   102      578   8.7500000000000000E-01   3.9915900561027229E-04   6.4934218244161457E-05  -1.1687814549077302E-05   5.2570243269656203E-07   1.4597254960335704E-07  -1.5057137758844874E-08  -2.0137580492018969E-09   3.9806849483348117E-10  -1.7990222159203206E-11   2.4970152298919857E-04  -9.5615039754193276E-05  -1.2824848818127066E-04   5.1071194320684299E-05   1.2949935626238585E-04  -2.7504745503392769E-06  -1.5338654338847846E-04   7.6257463661022484E-05   5.6267224863404408E-05
   102      579   9.3750000000000000E-01   3.8586166920140386E-04   6.2819977756589651E-05  -1.1310689842503052E-05   5.0829413567043957E-07   1.4134670323073806E-07  -1.4560201933022654E-08  -1.9501158465828894E-09   3.8493064291600376E-10  -1.7378414679525278E-11   2.4085708719212562E-04  -9.3002505309414119E-05  -1.2394238729029894E-04   4.9926817155210301E-05   1.2561643961817026E-04  -2.8635206490434939E-06  -1.4886935241520405E-04   7.4037590820807964E-05   5.6446366215823218E-05
   102      580   1.0000000000000000E+00   3.7304605939425528E-04   6.0669699450954795E-05  -1.0920120985247195E-05   4.9134246182802599E-07   1.3636966400554229E-07  -1.4070942633281902E-08  -1.8813643976045569E-09   3.7196057345312283E-10  -1.6810134881306560E-11   2.3353565484285355E-04  -8.9141292846761644E-05  -1.1978614929830655E-04   4.7646059101680294E-05   1.2093752593500540E-04  -2.5309586817456875E-06  -1.4322457718662918E-04   7.1182701503857970E-05   5.6119075452443212E-05
   102      581   1.0625000000000000E+00   3.6292424192652106E-04   5.9086913097416982E-05  -1.0635179933160543E-05   4.7772493871889310E-07   1.3288311606629577E-07  -1.3688589817206775E-08  -1.8331081097500146E-09   3.6194333641326182E-10  -1.6346077269524528E-11   2.2663634445052594E-04  -8.7359541794285178E-05  -1.1658717266982421E-04   4.6825665776850656E-05   1.1803775851149112E-04  -2.6595773761073360E-06  -1.3988729915581644E-04   6.9572604843415320E-05   5.5476761190220714E-05
   102      582   1.1250000000000000E+00   3.5304139601066709E-04   5.7494955399306491E-05  -1.0342680980102159E-05   4.6359946281882003E-07   1.2924529357860592E-07  -1.3288368627684122E-08  -1.7824270948096910E-09   3.5138494891562289E-10  -1.5853677745591988E-11   2.2056512534618378E-04  -8.4885665273759514E-05  -1.1353562877047807E-04   4.5260796468937770E-05   1.1465668649179861E-04  -2.4157864118024008E-06  -1.3573942123912275E-04   6.7459477577358484E-05   5.5202312069013715E-05
   102      583   1.2500000000000000E+00   3.3374861232005060E-04   5.4271902627078816E-05  -9.7690044640330598E-06   4.3985025399706501E-07   1.2196845489143016E-07  -1.2597223708610272E-08  -1.6826630089283867E-09   3.3304908830800173E-10  -1.5064968370004372E-11   2.0894147746730596E-04  -7.9748475400265306E-05  -1.0715518146753311E-04   4.2653289710870013E-05   1.0821505566127598E-04  -2.2801409613748547E-06  -1.2817287642974406E-04   6.3705301727168262E-05   5.5698783398838714E-05
   102      584   1.3750000000000000E+00   3.1897710869088769E-04   5.1928243919974193E-05  -9.3439402917283587E-06   4.1965091668316745E-07   1.1672457844724704E-07  -1.2026894147254552E-08  -1.6100172306465765E-09   3.1804198163953856E-10  -1.4369413645076712E-11   1.9928440451622009E-04  -7.6717718911822885E-05  -1.0257060785079375E-04   4.0956347220344469E-05   1.0364637273596600E-04  -2.2114959392638411E-06  -1.2272718595340848E-04   6.1004044255241752E-05   5.7017048675334081E-05
   102      585   1.5000000000000000E+00   3.0469341436401010E-04   4.9572761781746522E-05  -8.9207742348662578E-06   4.0090336028697493E-07   1.1142002165343001E-07  -1.1484576845077754E-08  -1.5369199246606513E-09   3.0363520031606583E-10  -1.3717769975496452E-11   1.9065944070462137E-04  -7.2893875767476857E-05  -9.7847507277037948E-05   3.8965215935604647E-05   9.8819538834504783E-05  -2.0797681372641819E-06  -1.1702786287060007E-04   5.8158799220109358E-05   5.6003740610321984E-05
   102      586   1.6250000000000000E+00   2.9312245897017419E-04   4.7730150981806219E-05  -8.5866131485090591E-06   3.8511001321239746E-07   1.0728738430998419E-07  -1.1038165048660176E-08  -1.4796680547490837E-09   2.9188665373602873E-10  -1.3175265566045535E-11   1.8315350462216884E-04  -7.0452253567054868E-05  -9.4245784566737711E-05   3.7597459595417604E-05   9.5215196779463440E-05  -1.9933172552555334E-06  -1.1270233517279848E-04   5.5994707508943975E-05   5.5543288908666000E-05
   102      587   1.7500000000000000E+00   2.8194574406370521E-04   4.5866272557759658E-05  -8.2551187006174587E-06   3.7131920294086740E-07   1.0309728537549745E-07  -1.0636041380962524E-08  -1.4223178190775343E-09   2.8118712913638433E-10  -1.2708238975034369E-11   1.7639831639826298E-04  -6.7491360823623836E-05  -9.0538967924658209E-05   3.6104767787037417E-05   9.1476322268135846E-05  -1.9568626612453954E-06  -1.0835994180524722E-04   5.3868159739067778E-05   5.6826473155524582E-05
   102      588   1.8750000000000000E+00   2.7280140784569085E-04   4.4422551582101732E-05  -7.9916790127754211E-06   3.5834034406434512E-07   9.9866412028859486E-08  -1.0269836536735966E-08  -1.3773547857809376E-09   2.7154239967686067E-10  -1.2251287657971677E-11   1.7046074208337814E-04  -6.5553540480323136E-05  -8.7697473645675927E-05   3.4997152397409081E-05   8.8614993728697300E-05  -1.8519650666348753E-06  -1.0488358384463936E-04   5.2102426707278937E-05   5.6446497183060274E-05
   102      589   2.0000000000000000E+00   2.6396539760753512E-04   4.2961688450304791E-05  -7.7302165664150380E-06   3.4698715012382308E-07   9.6582006392509356E-08  -9.9407859721623026E-09  -1.3322091207967901E-09   2.6279925458005948E-10  -1.1859960062643449E-11   1.6510671412106603E-04  -6.3210543885361403E-05  -8.4765109932050109E-05   3.3799125958466902E-05   8.5634012066293508E-05  -1.8270440023115952E-06  -1.0142828978132457E-04   5.0419221224728972E-05   5.6817909353412688E-05
   102      590   2.1875000000000000E+00   2.5282709975726902E-04   4.1166676965076476E-05  -7.4060444603674114E-06   3.3226734785785084E-07   9.2529575113076135E-08  -9.5238492647808926E-09  -1.2761552925510955E-09   2.5185434293639730E-10  -1.1372106381579705E-11   1.5798126696608961E-04  -6.0750066040782258E-05  -8.1260688602924347E-05   3.2451567676616833E-05   8.2116064731962979E-05  -1.7670231500233058E-06  -9.7255120635963976E-05   4.8348105337936431E-05   5.5989628890529275E-05
   102      591   2.3750000000000000E+00   2.4193699937313795E-04   3.9367758290609345E-05  -7.0840624175616540E-06   3.1824274060454627E-07   8.8489059635321610E-08  -9.1170466731682609E-09  -1.2206012867110871E-09   2.4103924411988942E-10  -1.0886476616012164E-11   1.5136438014451414E-04  -5.7899575040210038E-05  -7.7681761467829347E-05   3.0969757062848657E-05   7.8480479714926332E-05  -1.6701794720574981E-06  -9.2954745923634619E-05   4.6204713726183400E-05   5.5859592976048589E-05
   102      592   2.5625000000000000E+00   2.3317841987591237E-04   3.7975907616782933E-05  -6.8306694629427511E-06   3.0604817879975599E-07   8.5363105029045983E-08  -8.7727256570246936E-09  -1.1772165464662976E-09   2.3197159471077811E-10  -1.0462825918156060E-11   1.4571803330909461E-04  -5.5995158618316054E-05  -7.4937634053640068E-05   2.9898783395765349E-05   7.5707575888372958E-05  -1.6061919723142637E-06  -8.9641122031025589E-05   4.4551507016876712E-05   5.6490149290766567E-05
   102      593   2.7500000000000000E+00   2.2467623057309538E-04   3.6566983908414841E-05  -6.5789963628049009E-06   2.9530585266002163E-07   8.2188350347678352E-08  -8.4614590889486863E-09  -1.1335701266546039E-09   2.2372260988223758E-10  -1.0101241891546930E-11   1.4054622442927212E-04  -5.3784689953317866E-05  -7.2145026933867484E-05   2.8759728593286127E-05   7.2883151005953550E-05  -1.5450625596713508E-06  -8.6315631051547825E-05   4.2899937398033217E-05   5.6043467338895425E-05
   102      594   2.9375000000000000E+00   2.1768952137790620E-04   3.5448167182039469E-05  -6.3768657128093764E-06   2.8593106549124059E-07   7.9683239562200470E-08  -8.1953048791660876E-09  -1.0989643639547353E-09   2.1670253091965463E-10  -9.7786813368916370E-12   1.3603721163235605E-04  -5.2283881814219058E-05  -6.9957524829078466E-05   2.7930967917200178E-05   7.0694244641344994E-05  -1.5073508166096872E-06  -8.3711129263974726E-05   4.1605624574003741E-05   5.6643704738235101E-05
   102      595   3.1250000000000000E+00   2.1087429195176810E-04   3.4319946280447766E-05  -6.1753362388117239E-06   2.7737937102756405E-07   7.7136363074714609E-08  -7.9482491699423008E-09  -1.0639652492372420E-09   2.1016716145183523E-10  -9.4947921053245565E-12   1.3186673459131271E-04  -5.0546452257549390E-05  -6.7729721195064485E-05   2.7034528102376498E-05   6.8447021476458758E-05  -1.4674395742986235E-06  -8.1072183093056083E-05   4.0298866224475205E-05   5.6766279158182442E-05
   102      596   3.5000000000000000E+00   1.9917296594940126E-04   3.2415409805253148E-05  -5.8325199461251032E-06   2.6187683488387847E-07   7.2864366984504159E-08  -7.5030897050964995E-09  -1.0050649201787110E-09   1.9836837727993384E-10  -8.9554336168973236E-12   1.2457949924282730E-04  -4.7695557441329584E-05  -6.3953011704143137E-05   2.5515078959870152E-05   6.4623731304891407E-05  -1.3813292980557890E-06  -7.6543103205040097E-05   3.8047961425036192E-05   5.5972417612792924E-05
   102      597   3.8750000000000000E+00   1.8979572632815689E-04   3.0902923754183576E-05  -5.5596865422558039E-06   2.4943039989011595E-07   6.9464839214106178E-08  -7.1489543174152459E-09  -9.5807572986217338E-10   1.8904054710500162E-10  -8.5341586228415700E-12   1.1860487575177103E-04  -4.5586326450575143E-05  -6.0984399169683456E-05   2.4369644961552694E-05   6.1642829678021371E-05  -1.3322122640602174E-06  -7.3012954089790583E-05   3.6295034078648314E-05   5.6413122365484014E-05
   102      598   4.2500000000000000E+00   1.8057931447401643E-04   2.9386090318439528E-05  -5.2873797358188313E-06   2.3745167254674016E-07   6.6046176527834177E-08  -6.8033698674696552E-09  -9.1097135390683093E-10   1.7988208145247597E-10  -8.1244759184140314E-12   1.1297702440060675E-04  -4.3209813156863675E-05  -5.7973691582446918E-05   2.3118942408473231E-05   5.8577388699632138E-05  -1.2454645457182778E-06  -6.9377863837871701E-05   3.4483116905903444E-05   5.5961521866265684E-05
   102      599   4.6250000000000000E+00   1.7360536730848253E-04   2.8268013920751400E-05  -5.0855228437285405E-06   2.2810063171618822E-07   6.3543076578298496E-08  -6.5377419034007289E-09  -8.7636586876271849E-10   1.7288134812609712E-10  -7.8038252943057884E-12   1.0848845704458654E-04  -4.1690993384690955E-05  -5.5774245993234217E-05   2.2293510482995771E-05   5.6380522437393665E-05  -1.2248129905856331E-06  -6.6786829847842455E-05   3.3205171348527074E-05   5.5783384595997632E-05
   102      600   5.0000000000000000E+00   1.6677896201144904E-04   2.7141823011334054E-05  -4.8837841859494802E-06   2.1937751171208220E-07   6.1003248674751376E-08  -6.2859295546502381E-09  -8.4144818890408146E-10   1.6620710363568492E-10  -7.5082778536184058E-12   1.0431095870444551E-04  -3.9948812627699226E-05  -5.3550531447399408E-05   2.1379275494837202E-05   5.4123527661431581E-05  -1.1656112519631279E-06  -6.4114072301890701E-05   3.1874431442702189E-05   5.4942873248364776E-05
   102      601   5.6250000000000000E+00   1.5775817155372351E-04   2.5688968889880925E-05  -4.6213444875320420E-06   2.0721525118005957E-07   5.7748408721636224E-08  -5.9389999584880115E-09  -7.9645662287575192E-10   1.5703757738627644E-10  -7.0858054666833592E-12   9.8588374385144562E-05  -3.7879199226154014E-05  -5.0682363507803530E-05   2.0252218746463768E-05   5.1229599193902686E-05  -1.1068789262935752E-06  -6.0678779846057296E-05   3.0164001145749353E-05   5.6810629757819697E-05
   102      602   6.2500000000000000E+00   1.4887587167322636E-04   2.4226817913586274E-05  -4.3591194298642222E-06   1.9575739429456007E-07   5.4452797826343158E-08  -5.6085505129033209E-09  -7.5107392527584693E-10   1.4828603622785153E-10  -6.6965183398437489E-12   9.3145652499515563E-05  -3.5616638342617080E-05  -4.7789322707103565E-05   1.9061972125200555E-05   4.8291160055669025E-05  -1.0298232382410788E-06  -5.7198310969397426E-05   2.8431624741642736E-05   5.6363751355092973E-05
   102      603   6.8750000000000000E+00   1.4260159514378756E-04   2.3220722141559236E-05  -4.1771718315430917E-06   1.8730278839029779E-07   5.2195268551713525E-08  -5.3686299850141950E-09  -7.1985850613742741E-10   1.4196170627922555E-10  -6.4063546134640603E-12   8.9120803750120103E-05  -3.4234613849548623E-05  -4.5811499148840085E-05   1.8304468540009111E-05   4.6306096919579431E-05  -9.9868191227869829E-07  -5.4845470003783703E-05   2.7263135052635334E-05   5.5818192777223885E-05
   102      604   7.5000000000000000E+00   1.3643647253047675E-04   2.2208954760571942E-05  -3.9959686546353623E-06   1.7936987717348529E-07   4.9923407630103611E-08  -5.1398538758462564E-09  -6.8859806745535934E-10   1.3590036040955766E-10  -6.1355707840771156E-12   8.5305597167462111E-05  -3.2709522201912478E-05  -4.3811509385704994E-05   1.7505597497802228E-05   4.4288688513915986E-05  -9.6109567948587937E-07  -5.2467450586846098E-05   2.6086841899086721E-05   5.6579880038043484E-05
   102      605   8.7500000000000000E+00   1.2609886471182108E-04   2.0527637389022857E-05  -3.6929263842466753E-06   1.6567167904213420E-07   4.6139916776155587E-08  -4.7476360620635205E-09  -6.3637140002015258E-10   1.2552919814723396E-10  -5.6656485059036754E-12   7.8855940955691040E-05  -3.0212080673663877E-05  -4.0491577237844467E-05   1.6160665836650878E-05   4.0920094761531800E-05  -8.7446812813141150E-07  -4.8464178689755499E-05   2.4088889404083602E-05   5.7240180467488244E-05
   102      606   1.0000000000000000E+01   1.1783780064433813E-04   1.9180035451427102E-05  -3.4507861528254580E-06   1.5490910243443068E-07   4.3108240532774289E-08  -4.4391006426280910E-09  -5.9458005186030505E-10   1.1737591454341612E-10  -5.3004636270392869E-12   7.3695460741873831E-05  -2.8228600058355369E-05  -3.7835809052921832E-05   1.5105615602806211E-05   3.8240876165218651E-05  -8.2143588997496408E-07  -4.5296143071027473E-05   2.2517106117447838E-05   5.6235261581605300E-05
   102      607   1.2500000000000000E+01   1.0543373355176300E-04   1.7161442883661948E-05  -3.0874934964231215E-06   1.3857420810836629E-07   3.8570487248534846E-08  -3.9710790211699987E-09  -5.3197296567830676E-10   1.0500247199507484E-10  -4.7414095219466823E-12   6.5941407228820026E-05  -2.5251927581848577E-05  -3.3851905755000189E-05   1.3511923498299439E-05   3.4212400350952521E-05  -7.3247753107352764E-07  -4.0522216295357794E-05   2.0142544599366374E-05   5.6099419452948496E-05
   102      608   1.5000000000000000E+01   9.6462194051127881E-05   1.5702706150477752E-05  -2.8250606192159466E-06   1.2680928307418071E-07   3.5291176203600116E-08  -3.6343485998457936E-09  -4.8674592134645422E-10   9.6105977342997306E-11  -4.3408085285967513E-12   6.0308197134872898E-05  -2.3132975911721587E-05  -3.0980863812146708E-05   1.2375861842883751E-05   3.1316401873482391E-05  -6.7452174334903248E-07  -3.7093283026479185E-05   1.8439057384966873E-05   5.6745077017694712E-05
   102      609   1.7500000000000000E+01   8.8890221377369016E-05   1.4470336282101925E-05  -2.6032532787212403E-06   1.1678683620175434E-07   3.2524845039461070E-08  -3.3467819626764594E-09  -4.4857345615767485E-10   8.8494059302668404E-11  -3.9946088971343219E-12   5.5588043323950842E-05  -2.1295320038916543E-05  -2.8540238417917863E-05   1.1394929060770664E-05   2.8845848646597005E-05  -6.1931211803312181E-07  -3.4166827390436083E-05   1.6983929526759312E-05   5.5600092309759930E-05
   102      610   2.0000000000000000E+01   8.3365252066869289E-05   1.3574416698247660E-05  -2.4418191060249228E-06   1.0944597761408659E-07   3.0514396343050976E-08  -3.1366813590949505E-09  -4.2082964890610697E-10   8.2935880385548444E-11  -3.7409264054544256E-12   5.2118211897322908E-05  -1.9986906409030780E-05  -2.6770596377900802E-05   1.0690862836781889E-05   2.7057320039602928E-05  -5.8134332903136965E-07  -3.2046820706455037E-05   1.5929948858683929E-05   5.6156593927880749E-05
   102      611   2.3750000000000000E+01   7.6481643191073090E-05   1.2450902431737632E-05  -2.2401095520763192E-06   1.0051278565015309E-07   2.7988525275191023E-08  -2.8803652796227652E-09  -3.8602354646144477E-10   7.6161216222558892E-11  -3.4380933430083749E-12   4.7815072321100160E-05  -1.8339642338105477E-05  -2.4559605662943795E-05   9.8148739198222756E-06   2.4828455934766680E-05  -5.3829342050448759E-07  -2.9411990908556618E-05   1.4622899470850825E-05   5.5643431551288813E-05
   102      612   2.7500000000000000E+01   7.0973226684145629E-05   1.1552120668056887E-05  -2.0785657852684380E-06   9.3346130825011642E-08   2.5964613570295114E-08  -2.6750015535981220E-09  -3.5812972032367441E-10   7.0735146906475421E-11  -3.1955629548746645E-12   4.4374424760462716E-05  -1.7018384824041277E-05  -2.2791533410781994E-05   9.1094179879291914E-06   2.3042728571454063E-05  -4.9983231065198197E-07  -2.7297190172248520E-05   1.3571200724982191E-05   5.5725959100527689E-05
   102      613   3.1250000000000000E+01   6.6824642999563366E-05   1.0880788977374323E-05  -1.9574611087591620E-06   8.7800493986378569E-08   2.4458442382524481E-08  -2.5164736960903156E-09  -3.3733804638558240E-10   6.6541064325242871E-11  -3.0032634365517730E-12   4.1763691115193069E-05  -1.6041256458265707E-05  -2.1464302335516550E-05   8.5818555817240849E-06   2.1700716388295405E-05  -4.7197335106829996E-07  -2.5706596716190688E-05   1.2780937140632886E-05   5.6257584219565615E-05
   102      614   3.5000000000000000E+01   6.2706363678444177E-05   1.0206852493865881E-05  -1.8364478364674142E-06   8.2443690985201101E-08   2.2942236554968076E-08  -2.3624855405302014E-09  -3.1644165066069263E-10   6.2467142569744283E-11  -2.8207822362624757E-12   3.9210284739965573E-05  -1.5028449524834286E-05  -2.0133538782829419E-05   8.0449344750377350E-06   2.0353898435132578E-05  -4.4135123289379408E-07  -2.4112476239679381E-05   1.1988503501925152E-05   5.5877149861771613E-05
   102      615   4.2500000000000000E+01   5.7185658079106361E-05   9.3108410510467365E-06  -1.6749248743508360E-06   7.5103926633346418E-08   2.0928908384121314E-08  -2.1524537707762192E-09  -2.8864827195107523E-10   5.6912582285795210E-11  -2.5678677934015681E-12   3.5752498661167920E-05  -1.3709788618143648E-05  -1.8363334675086662E-05   7.3345431701454800E-06   1.8561120668891817E-05  -3.9967088127923489E-07  -2.1984913473716006E-05   1.0929012205451727E-05   5.6008877436397597E-05
   102      616   5.0000000000000000E+01   5.3047035180497915E-05   8.6376012404798530E-06  -1.5537472108917427E-06   6.9667628110892110E-08   1.9413676000112901E-08  -1.9969177422751727E-09  -2.6773522288081608E-10   5.2806103240099489E-11  -2.3833673749862339E-12   3.3159110898850486E-05  -1.2725972737825941E-05  -1.7038109945133328E-05   6.8061222009418998E-06   1.7221884263562970E-05  -3.7021672483206203E-07  -2.0397154003148898E-05   1.0138734978681896E-05   5.5464915931224823E-05
   102      617   6.2500000000000000E+01   4.6854827814968303E-05   7.6270666795608122E-06  -1.3721920595344272E-06   6.1594128908382118E-08   1.7141980279689051E-08  -1.7651978767574406E-09  -2.3643118018945586E-10   4.6676593146166567E-11  -2.1079609412166800E-12   2.9296754291863181E-05  -1.1231859389226884E-05  -1.5046040971355978E-05   6.0105658121756278E-06   1.5209584489639383E-05  -3.2786041970211954E-07  -1.8015845853369683E-05   8.9559243861003779E-06   5.6593024055473506E-05
   102      618   7.5000000000000000E+01   4.2718693293863907E-05   6.9542397795885336E-06  -1.2510859050962608E-06   5.6145708526855742E-08   1.5629101568492842E-08  -1.6091782351068673E-09  -2.1555014717566934E-10   4.2554192808408331E-11  -1.9220133297415121E-12   2.6708641598816030E-05  -1.0242510143143591E-05  -1.3718588888878003E-05   5.4805173022032250E-06   1.3867647794540972E-05  -2.9894928843532398E-07  -1.6426103684352711E-05   8.1655380199663341E-06   5.6908986152848229E-05
   102      619   8.7500000000000000E+01   3.9956066757440567E-05   6.5061794884968549E-06  -1.1703552900144132E-06   5.2480480405847629E-08   1.4622899335847706E-08  -1.5043408740922359E-09  -2.0166057712600605E-10   3.9782871441573775E-11  -1.7960042090689465E-12   2.4972960090963170E-05  -9.5895047707017511E-06  -1.2834225344704464E-05   5.1291008276166394E-06   1.2974114724784158E-05  -2.8024371090396016E-07  -1.5367206287919544E-05   7.6390651884139515E-06   5.6200558901764452E-05
   102      620   1.0000000000000000E+02   3.7204619729891419E-05   6.0573715927603189E-06  -1.0897305173784844E-06   4.8880359315717214E-08   1.3616008764927301E-08  -1.4008679771748689E-09  -1.8779269805868637E-10   3.7041227723966230E-11  -1.6718016944763936E-12   2.3257676730281673E-05  -8.9234436018159613E-06  -1.1947828170377761E-05   4.7747398639330640E-06   1.2078354302502703E-05  -2.6160785182582913E-07  -1.4307550372905098E-05   7.1132039920485113E-06   5.6787688663462177E-05
   102      621   1.1250000000000000E+02   3.5134868085151538E-05   5.7206225392292254E-06  -1.0291503258486046E-06   4.6172285550483139E-08   1.2857945819177985E-08  -1.3234238149806288E-09  -1.7733411961096124E-10   3.4997352238441692E-11  -1.5802567587819283E-12   2.1958745492156595E-05  -8.4340599642018788E-06  -1.1285291293461341E-05   4.5126762415748090E-06   1.1410122169763781E-05  -2.4863572889444185E-07  -1.3516931176127400E-05   6.7208025029685814E-06   5.5568390962434933E-05
   102      622   1.1875000000000000E+02   3.4099233744200319E-05   5.5535406318085734E-06  -9.9892577054561116E-07   4.4745732452611264E-08   1.2485359413005881E-08  -1.2824632467101083E-09  -1.7218775016925036E-10   3.3907477520189744E-11  -1.5285598307934745E-12   2.1312114768079482E-05  -8.1818943726830184E-06  -1.0951775038847700E-05   4.3754207581514493E-06   1.1069823813159019E-05  -2.3845248620091297E-07  -1.3110947293171193E-05   6.5172748691111337E-06   5.6443845096509904E-05
   102      623   1.2187500000000000E+02   3.3584674383746460E-05   5.4684269343852066E-06  -9.8378188795322785E-07   4.4126991838311369E-08   1.2292371565081339E-08  -1.2647158875722653E-09  -1.6953713433132123E-10   3.3442252439508380E-11  -1.5094584653388421E-12   2.0989695258322172E-05  -8.0617464846000075E-06  -1.0787226528918836E-05   4.3132849896210246E-06   1.0906433089985512E-05  -2.3722388675651018E-07  -1.2919697837787680E-05   6.4233663579216227E-06   5.6715216487646103E-05
   102      624   1.2343750000000000E+02   3.3466494642198086E-05   5.3900143939245027E-06  -9.8264524694968713E-07   4.6871775793988490E-08   1.2190091602803932E-08  -1.3325760495064287E-09  -1.6939059876985851E-10   3.5183671948102457E-11  -1.6371806254439347E-12   2.0778847101610154E-05  -8.2583846960915253E-06  -1.0693780495785177E-05   4.6508694140356965E-06   1.1096516573161352E-05  -5.1068673201370984E-07  -1.3429372302198317E-05   6.7233586378279142E-06   5.3469881095224991E-05
   102      625   1.2363281250000000E+02   3.3519350836286321E-05   5.3912422117718961E-06  -9.9185854196548462E-07   4.8169390254315658E-08   1.2339898880497913E-08  -1.3619810834697432E-09  -1.7221091219710161E-10   3.5871056125458267E-11  -1.6676441044055634E-12   2.0609579223673791E-05  -8.4044686445849948E-06  -1.0457829375809524E-05   5.0730759539874271E-06   1.1133774023619480E-05  -1.1541865205799695E-06  -1.4201212252373807E-05   7.4894269346259534E-06   5.5253101891139522E-05
   102      626   1.2382812500000000E+02   3.2905743864830583E-05   5.5815585255913902E-06  -9.7418228506285232E-07   3.4779723989686318E-08   1.2595065435050401E-08  -1.0246692383475420E-09  -1.7041026922903768E-10   2.7173213332232216E-11  -1.0414606460215636E-12   2.0582410797942430E-05  -7.3001538112293929E-06  -1.0044102054962423E-05   3.9228543755598366E-06   9.6746898634592071E-06  -1.1392193073334056E-06  -1.2719869118882343E-05   7.0426376623800024E-06   7.4520954512991011E-05
   102      627   1.2392578125000000E+02   3.2196534448303282E-05   5.7348038353666198E-06  -9.3732643335897592E-07   2.0460198868477164E-08   1.2463387655259339E-08  -6.7332645015127923E-10  -1.6244443290513999E-10   1.8302779430934280E-11  -4.4669945368537578E-13   2.0878080249531195E-05  -5.9740341384895146E-06  -1.0099497558258008E-05   1.9950830392190255E-06   8.0850322774494998E-06  -1.4163823891522043E-07  -1.0031347301264759E-05   5.4205252126848791E-06   8.6091255070641637E-05
   102      628   1.2402343750000000E+02   3.1528255931334570E-05   5.7878737607097719E-06  -8.8374787310385727E-07   8.9487652843445176E-09   1.1831828850006332E-08  -4.0250386357243428E-10  -1.4829673600225135E-10   1.1697972451818472E-11  -6.1673647959448186E-14   2.1528945580939762E-05  -4.6866839511494618E-06  -1.0780248885566834E-05  -5.5656670383541496E-07   6.5455392359581310E-06   1.6682220120856073E-06  -6.5525377976882737E-06   2.9450588954205159E-06   8.8094093371182680E-05
   102      629   1.2412109375000000E+02   3.1578139896737412E-05   5.5497839639429003E-06  -8.4114998344375635E-07   1.4752895793890275E-08   1.0644776615720275E-08  -5.6769500211828472E-10  -1.3340814564166692E-10   1.6322304619009742E-11  -5.0218011173053245E-13   2.2431535398936830E-05  -4.7152520892268512E-06  -1.2434575182851404E-05  -2.4051616946962895E-06   6.3986467466747854E-06   3.6840281154582044E-06  -4.3500149331521243E-06   8.2697943071252666E-07   6.0669593949569389E-05
   102      630   1.2421875000000000E+02   3.3022457500919700E-05   4.9451018639956601E-06  -8.6002893340264563E-07   4.9150557401844708E-08   9.5131165167572362E-09  -1.4225830513581172E-09  -1.3169404455837252E-10   3.8142464880985827E-11  -2.1015847482402927E-12   2.3072831027093343E-05  -7.4511190177872777E-06  -1.4953427125874441E-05  -1.6807146039354848E-06   9.0101129899267107E-06   4.6880286390660331E-06  -6.1194409681775142E-06   9.2742402557632886E-07   8.9312372438143939E-05
   102      631   1.2426757812500000E+02   3.4303335269214585E-05   4.5701985982304905E-06  -9.0844008582280367E-07   7.5803910704053123E-08   9.3755181396204534E-09  -2.0651980126018543E-09  -1.4116664781571586E-10   5.4180427505601259E-11  -3.2006190232858334E-12   2.3011558369034901E-05  -9.9981043604202569E-06  -1.6266045349766500E-05   8.5562490426127624E-08   1.1460222594905645E-05   4.3891454879485536E-06  -9.0252888185204938E-06   2.2916212856216589E-06   1.1908748274436221E-04
   102      632   1.2431640625000000E+02   3.5793123970506713E-05   4.2402721192047466E-06  -9.8486384558782447E-07   1.0405753414488572E-07   9.7707681945280456E-09  -2.7308528771641249E-09  -1.5900372685173636E-10   7.0518001160646548E-11  -4.2623435163313683E-12   2.2528294721269049E-05  -1.3109466635796707E-05  -1.7352205759380013E-05   2.7253961434325902E-06   1.4404825378733221E-05   3.4635691008588765E-06  -1.3067932741250843E-05   4.4984330997976940E-06   1.3883294013794512E-04
   102      633   1.2436523437500000E+02   3.7250098102958873E-05   4.0483555494574830E-06  -1.0837590025403188E-06   1.2827970863327209E-07   1.0816592954654425E-08  -3.2820812734257743E-09  -1.8437469606613632E-10   8.3706763742696921E-11  -5.0432674529587995E-12   2.1528665456571616E-05  -1.6409790987381712E-05  -1.7980171833187342E-05   5.9588519434328191E-06   1.7434296751162037E-05   1.9724691355804680E-06  -1.7731415937305428E-05   7.2917096076707821E-06   1.4302962517831475E-04
   102      634   1.2441406250000000E+02   3.8347145164152607E-05   4.0857617022993509E-06  -1.1911710089407279E-06   1.4190452191087388E-07   1.2481048194956657E-08  -3.5653604513186110E-09  -2.1383955717269032E-10   9.0014259934712015E-11  -5.2988121702901569E-12   1.9993882233393379E-05  -1.9363713363418356E-05  -1.7951497284229845E-05   9.2793052317574620E-06   1.9996527043986134E-05   1.4520550450924929E-07  -2.2177704522619024E-05   1.0172637303185184E-05   1.2502155732363462E-04
   102      635   1.2446289062500000E+02   3.8799604226369411E-05   4.3960685616184492E-06  -1.2887527418570244E-06   1.4054442942779133E-07   1.4537295811578588E-08  -3.4880589527830352E-09  -2.4210636273558350E-10   8.7366433532132248E-11  -4.9192360254690648E-12   1.7987231331062503E-05  -2.1495368855539709E-05  -1.7159552953671664E-05   1.2198654985695612E-05   2.1628446120303124E-05  -1.7737559119268553E-06  -2.5664601707831025E-05   1.2685050023719668E-05   9.2052214313298464E-05
   102      636   1.2451171875000000E+02   3.8371166738215834E-05   4.9711952669895254E-06  -1.3545685533244978E-06   1.2202417565276846E-07   1.6603909358536839E-08  -3.0140321349847454E-09  -2.6284457943503980E-10   7.5116288189569502E-11  -3.9026750581205860E-12   1.5677391274948604E-05  -2.2386017008102499E-05  -1.5631498172297142E-05   1.4196324627846479E-05   2.1958496290608309E-05  -3.4460922506696079E-06  -2.7461826903163455E-05   1.4316384294943418E-05   7.3233932198490947E-05
   102      637   1.2456054687500000E+02   3.7002497265348211E-05   5.7232755352742970E-06  -1.3708080359720043E-06   8.8821543897665833E-08   1.8209286523074297E-08  -2.2192818693866911E-09  -2.7060517715504773E-10   5.5397558068603914E-11  -2.4413587471072695E-12   1.3299943930178415E-05  -2.1899420971749350E-05  -1.3542260603571776E-05   1.5002197869762313E-05   2.0928217054461129E-05  -4.6377749640669208E-06  -2.7298945497022942E-05   1.4822077901044395E-05   9.3024515081197023E-05
   102      638   1.2460937500000000E+02   3.4800814319169149E-05   6.5057151914515998E-06  -1.3273497643240262E-06   4.7059476315780557E-08   1.8920495392649173E-08  -1.2605566590551120E-09  -2.6223989646467771E-10   3.2226141893909599E-11  -8.4476620577228489E-13   1.1124490811198484E-05  -2.0160581698291935E-05  -1.1183690730831586E-05   1.4580007700715214E-05   1.8753044059849344E-05  -5.2142190725135151E-06  -2.5309333068435080E-05   1.4195536095940042E-05   1.1528728646226227E-04
   102      639   1.2463378906250000E+02   3.3444059226894751E-05   6.8605768319685012E-06  -1.2826831152779050E-06   2.5075998166812496E-08   1.8862088779769692E-08  -7.6911388369182987E-10  -2.5192875563462280E-10   2.0545305040586825E-11  -8.1247339314260286E-14   1.0192693480348680E-05  -1.8894012100645341E-05  -1.0007199307437986E-05   1.3922164725954644E-05   1.7334921722067520E-05  -5.2303971642686520E-06  -2.3702703401795588E-05   1.3462831702781841E-05   1.3168173609301448E-04
   102      640   1.2465820312500000E+02   3.1982843211153522E-05   7.1637909968558233E-06  -1.2260441053513205E-06   3.9477701108125984E-09   1.8554425551542408E-08  -3.0348984436656679E-10  -2.3881657762458985E-10   9.5420581158744966E-12   6.1814740609164587E-13   9.3831558842794038E-06  -1.7463296899222769E-05  -8.8768592831911519E-06   1.3060889614280313E-05   1.5802703273948282E-05  -5.1133083616150543E-06  -2.1856674720766023E-05   1.2557246009237133E-05   1.3836896687280387E-04
   102      641   1.2468261718750000E+02   3.0481705834972672E-05   7.3823734965117183E-06  -1.1582819752220530E-06  -1.4577273610427710E-08   1.7925536610619019E-08   9.1474709751349081E-11  -2.2234976360113734E-10   4.3775923099127756E-13   1.1561110142138675E-12   8.7299458755296655E-06  -1.5970948879839852E-05  -7.8562725320807658E-06   1.2080959095328581E-05   1.4274620298238005E-05  -4.8913543650996871E-06  -1.9934779629693367E-05   1.1568043191800825E-05   1.4400233339983970E-04
   102      642   1.2470703125000000E+02   2.8967080652364530E-05   7.5152292993152514E-06  -1.0835991588464822E-06  -3.0297648834221036E-08   1.7082177450333802E-08   4.1861009103527635E-10  -2.0437672387796368E-10  -7.0007289895701597E-12   1.5675365736336766E-12   8.2201986515428871E-06  -1.4451838978857268E-05  -6.9408984018082265E-06   1.1025083040294703E-05   1.2775374671036843E-05  -4.5997371671546716E-06  -1.7998050680034794E-05   1.0547094461799134E-05   1.4771378482691944E-04
   102      643   1.2473144531250000E+02   2.7456761017674580E-05   7.5542238846537657E-06  -1.0034668775915634E-06  -4.2991153748062061E-08   1.6053624207756911E-08   6.7666711123237633E-10  -1.8538606760820642E-10  -1.2797980557255340E-11   1.8582548694245915E-12   7.8785133155179210E-06  -1.2923053873237222E-05  -6.1783898672729265E-06   9.8645987236523069E-06   1.1330766028549988E-05  -4.1693074308568612E-06  -1.5998482922441326E-05   9.4121178335626610E-06   1.4486894360743463E-04
   102      644   1.2475585937500000E+02   2.5961739083868451E-05   7.5156976890866645E-06  -9.2348864200175740E-07  -5.3185544857115019E-08   1.4996752284446302E-08   8.8651158636210425E-10  -1.6748594178217502E-10  -1.7620328807144148E-11   2.0940291601406757E-12   7.6532542152563110E-06  -1.1399136383261066E-05  -5.5065979722712655E-06   8.6658819782314822E-06   9.9277722256374545E-06  -3.6986643863201607E-06  -1.4021525203133933E-05   8.2783817560994066E-06   1.4529435429722071E-04
   102      645   1.2478027343750000E+02   2.4594643036834896E-05   7.3500177677487954E-06  -8.4494644170263200E-07  -5.8054666851603542E-08   1.3778266527708638E-08   9.7260777209839944E-10  -1.4957117489000638E-10  -1.9384448907144858E-11   2.1092227357050186E-12   7.5890684456680901E-06  -1.0068215487990528E-05  -5.0342368922429159E-06   7.5851598921872210E-06   8.7827775132609531E-06  -3.2274037948809564E-06  -1.2348613381618634E-05   7.2829657256079372E-06   1.3612638576887548E-04
   102      646   1.2480468750000000E+02   2.3312790290219709E-05   7.0978858275339007E-06  -7.7266167863854207E-07  -5.9633933346958656E-08   1.2615740452304181E-08   9.9590047319964015E-10  -1.3411509403038480E-10  -1.9846955676139366E-11   2.0542519508365276E-12   7.6264423114480451E-06  -8.8511224021203816E-06  -4.6770960580033716E-06   6.5748840825108346E-06   7.7827653512940742E-06  -2.7680582661560038E-06  -1.0860062502615619E-05   6.3858119574433658E-06   1.3330341607797891E-04
   102      647   1.2482910156250000E+02   2.2134221580927260E-05   6.7496598603611346E-06  -7.0567585908065666E-07  -5.7538692033176631E-08   1.1430683954927190E-08   9.4145780060728157E-10  -1.1965470281261048E-10  -1.8450779099010717E-11   1.8704081252568505E-12   7.7864087870693766E-06  -7.7764043453498743E-06  -4.4741559577232692E-06   5.6380790738330688E-06   6.9680336309829727E-06  -2.2905419427843299E-06  -9.5689420049893670E-06   5.5643668019911274E-06   1.3735359243582934E-04
   102      648   1.2485351562500000E+02   2.1120358724147081E-05   6.3019410845299717E-06  -6.4891145257206517E-07  -5.0921446614893284E-08   1.0283915941045052E-08   7.8976125639229622E-10  -1.0744951456365115E-10  -1.4732583208942884E-11   1.5341745885841251E-12   8.0250210885424167E-06  -6.9544353209494147E-06  -4.4007110773236491E-06   4.9390778258384671E-06   6.4353052948717959E-06  -1.9364090348972240E-06  -8.7272064774879254E-06   5.0289891078136861E-06   1.0308097989764065E-04
   102      649   1.2487792968750000E+02   2.0171926735201851E-05   5.8063133110408671E-06  -6.0279728586465353E-07  -4.2834781055489657E-08   9.3562659841950335E-09   6.2582911075637071E-10  -9.9206733106260714E-11  -1.1083990496263407E-11   1.2385889839802711E-12   8.3156855907873251E-06  -6.2051608438196126E-06  -4.3986283344565891E-06   4.2693695831985679E-06   5.9823501032951754E-06  -1.5641320487702615E-06  -7.9539449870935641E-06   4.5079614210408181E-06   9.6406780357938260E-05
   102      650   1.2490234375000000E+02   1.9325483663124032E-05   5.2462251005636062E-06  -5.6505820111851790E-07  -3.2209513278758095E-08   8.4905558139780624E-09   4.1106376635902109E-10  -9.2526528105985051E-11  -6.2272647975702977E-12   8.6402006426247735E-13   8.6681056927773170E-06  -5.6012008826655801E-06  -4.4932262426300440E-06   3.7125967082829447E-06   5.6934754866233561E-06  -1.2279436987228110E-06  -7.4034965109603945E-06   4.1090970626100898E-06   1.1238567822147161E-04
   102      651   1.2492675781250000E+02   1.8553368136053905E-05   4.6443428800557740E-06  -5.3632982144335983E-07  -2.0074161000138702E-08   7.7685813337780019E-09   1.7448878453230066E-10  -8.8514959251106973E-11  -1.0314832755292658E-12   4.8799408524508037E-13   9.0574030764400959E-06  -5.0950625336554367E-06  -4.6518266572093125E-06   3.2250304684566800E-06   5.5088767112465575E-06  -9.0572461886040401E-07  -6.9817933763260953E-06   3.7725671973021235E-06   1.0269768245052546E-04
   102      652   1.2495117187500000E+02   1.7811387806432322E-05   4.0287736737809610E-06  -5.1545310952860746E-07  -7.7537114506753824E-09   7.2103607529072633E-09  -5.3539485345144300E-11  -8.6669664500771404E-11   3.8075632056988606E-12   1.5197206286367976E-13   9.4476181402569637E-06  -4.6205132093746215E-06  -4.8137080739252269E-06   2.7711437269317685E-06   5.3473904699785635E-06  -6.1142401364122634E-07  -6.6128332036896609E-06   3.4799995773937553E-06   9.6851013950072229E-05
   102      653   1.2497558593750000E+02   1.7086316802306101E-05   3.3967069157370133E-06  -4.9786024192144396E-07   4.8331374458143728E-09   6.6970335943494774E-09  -2.8267668761294829E-10  -8.5212142897361787E-11   8.6711263169725328E-12  -1.8620116570573081E-13   9.8653927125269547E-06  -4.1586031329643447E-06  -5.0106000344385393E-06   2.3012032670521876E-06   5.2042682909814175E-06  -2.8255755069039878E-07  -6.2279696066980250E-06   3.1538013445242541E-06   7.0325273554772139E-05
   102      654   1.2500000000000000E+02   1.6525982573512010E-05   2.6927586986857932E-06  -4.8429080834466731E-07   2.1677488248883492E-08   6.0534453005800515E-09  -6.2157468061485588E-10  -8.3471202172447079E-11   1.6438886710212763E-11  -7.4132383174815852E-13   1.0317925443814602E-05  -3.9788956200936809E-06  -5.3117082643439062E-06   2.1264770566631341E-06   5.3711205509898718E-06  -1.1778713826515741E-07  -6.3622646848671138E-06   3.1633164780942025E-06   5.6563709222245961E-05
