       1   9.9999997473787516E-06   1.1852006614208221E-01   1.8604639917612076E-02  -3.5739627201110125E-03   1.7298151215072721E-04   4.5065975427860394E-05  -4.6799164010735694E-06  -6.2723762539462768E-07   1.2119966186219244E-07  -5.3367510410851082E-09   7.3774233460426331E-02  -2.9664665460586548E-02  -3.8577456027269363E-02   1.6134437173604965E-02   3.9585176855325699E-02  -1.1590346693992615E-03  -4.7102376818656921E-02   2.3492606356739998E-02   2.1325181296560913E-04
       2   1.0499999916646630E-05   1.1583937704563141E-01   1.8074780702590942E-02  -3.4880260936915874E-03   1.7366508836857975E-04   4.3745501898229122E-05  -4.6962541091488674E-06  -6.1065878753652214E-07   1.2173336472187657E-07  -5.4740709742873150E-09   7.2062380611896515E-02  -2.9261080548167229E-02  -3.7823982536792755E-02   1.6011292114853859E-02   3.9002262055873871E-02  -1.1804592795670033E-03  -4.6427130699157715E-02   2.3122644051909447E-02   3.2100695534609258E-04
       3   1.1000000085914508E-05   1.1261929571628571E-01   1.7850352451205254E-02  -3.3918551634997129E-03   1.5619034820701927E-04   4.3064512283308432E-05  -4.2383985601190943E-06  -5.9604866464724182E-07   1.0969424835138852E-07  -4.6669268449761603E-09   7.0436552166938782E-02  -2.7590114623308182E-02  -3.6768268793821335E-02   1.4443144202232361E-02   3.7054624408483505E-02  -3.4802357549779117E-04  -4.3346680700778961E-02   2.1168366074562073E-02   2.6476848870515823E-04
       4   1.1000000085914508E-05   1.1261929571628571E-01   1.7850352451205254E-02  -3.3918551634997129E-03   1.5619034820701927E-04   4.3064512283308432E-05  -4.2383985601190943E-06  -5.9604866464724182E-07   1.0969424835138852E-07  -4.6669268449761603E-09   7.0436552166938782E-02  -2.7590114623308182E-02  -3.6768268793821335E-02   1.4443144202232361E-02   3.7054624408483505E-02  -3.4802357549779117E-04  -4.3346680700778961E-02   2.1168366074562073E-02   2.6476848870515823E-04
       5   1.1500000255182385E-05   1.1140080541372299E-01   1.7028266564011574E-02  -3.3525920007377863E-03   1.8349943275097758E-04   4.1354458517162129E-05  -4.9465056690678466E-06  -5.8393146673552110E-07   1.2849268671288883E-07  -6.1321956401627631E-09   6.8788073956966400E-02  -2.9245374724268913E-02  -3.6313254386186600E-02   1.6920765861868858E-02   3.8598794490098953E-02  -2.3185266181826591E-03  -4.7100879251956940E-02   2.4138521403074265E-02   2.4492107331752777E-04
       6   1.2000000424450263E-05   1.0787951946258545E-01   1.7060983926057816E-02  -3.2461988739669323E-03   1.5130770043469965E-04   4.1119405068457127E-05  -4.1066073208639864E-06  -5.6975858342411811E-07   1.0635124425562026E-07  -4.5737027498660154E-09   6.7463748157024384E-02  -2.6513248682022095E-02  -3.5255696624517441E-02   1.3918943703174591E-02   3.5590581595897675E-02  -3.7418334977701306E-04  -4.1673198342323303E-02   2.0372841507196426E-02   3.3099733991548419E-04
       7   1.2999999853491317E-05   1.0310879349708557E-01   1.6583371907472610E-02  -3.1047589145600796E-03   1.3219885295256972E-04   3.9870366890681908E-05  -3.6015576370118652E-06  -5.4773914826000691E-07   9.3022983094215306E-08  -3.7091556492896416E-09   6.4823798835277557E-02  -2.4509290233254433E-02  -3.3660076558589935E-02   1.2240108102560043E-02   3.3159535378217697E-02   3.5639709676615894E-04  -3.8135822862386703E-02   1.8292039632797241E-02   2.0862271776422858E-04
       8   1.4000000192027073E-05   1.0137200355529785E-01   1.5326485969126225E-02  -3.0558351427316666E-03   1.7565627058502287E-04   3.7428933865157887E-05  -4.7202302084770054E-06  -5.3251852705216152E-07   1.2256248282938031E-07  -5.9843152655503218E-09   6.2189869582653046E-02  -2.7256092056632042E-02  -3.2848820090293884E-02   1.6430079936981201E-02   3.5711985081434250E-02  -3.0406399164348841E-03  -4.4490609318017960E-02   2.3350730538368225E-02   2.6081965188495815E-04
       9   1.4999999621068127E-05   9.6209213137626648E-02   1.5346528962254524E-02  -2.8917945455759764E-03   1.2917366984765977E-04   3.6836721847066656E-05  -3.5185316846764181E-06  -5.0811780738513335E-07   9.1109839672753878E-08  -3.8036955807285722E-09   6.0369573533535004E-02  -2.3216674104332924E-02  -3.1440917402505875E-02   1.1862511746585369E-02   3.1307760626077652E-02   2.6468549549463205E-05  -3.6317400634288788E-02   1.7593124881386757E-02   2.9384691151790321E-04
      10   1.5999999959603883E-05   9.3660026788711548E-02   1.4671974815428257E-02  -2.8106705285608768E-03   1.3782457972411066E-04   3.5264598409412429E-05  -3.7414504276966909E-06  -4.9109871724795084E-07   9.7120803843608883E-08  -4.3513272984796458E-09   5.8465346693992615E-02  -2.3391274735331535E-02  -3.0674299225211143E-02   1.2532586231827736E-02   3.1310785561800003E-02  -5.9324200265109539E-04  -3.6921694874763489E-02   1.8170611932873726E-02   2.0887583377771080E-04
      11   1.7000000298139639E-05   9.1339781880378723E-02   1.4115639962255955E-02  -2.7498381678014994E-03   1.4424324035644531E-04   3.4233289625262842E-05  -3.8928469621168915E-06  -4.8141043862415245E-07   1.0090891322533935E-07  -4.6755990190661123E-09   5.6528624147176743E-02  -2.3559534922242165E-02  -2.9669160023331642E-02   1.3427273370325565E-02   3.1191539019346237E-02  -1.7036164645105600E-03  -3.7915624678134918E-02   1.9402666017413139E-02   2.1184436627663672E-04
      12   1.8000000636675395E-05   8.8568724691867828E-02   1.3770419172942638E-02  -2.6630908250808716E-03   1.3583824329543859E-04   3.3286083635175601E-05  -3.6730082229041727E-06  -4.6643850737382309E-07   9.5188276816315920E-08  -4.3396228832648376E-09   5.5001601576805115E-02  -2.2539824247360229E-02  -2.8852403163909912E-02   1.2543648481369019E-02   2.9972705990076065E-02  -1.2180395424365997E-03  -3.6007612943649292E-02   1.8157014623284340E-02   2.8367468621581793E-04
      13   1.8999999156221747E-05   8.6386121809482574E-02   1.3341851532459259E-02  -2.5964307133108377E-03   1.3669731561094522E-04   3.2263189496006817E-05  -3.6939145502401516E-06  -4.5365374035100103E-07   9.5854353787672153E-08  -4.4672638921383623E-09   5.3512845188379288E-02  -2.2269684821367264E-02  -2.8122849762439728E-02   1.2635319493710995E-02   2.9528098180890083E-02  -1.4821138465777040E-03  -3.5754922777414322E-02   1.8169393762946129E-02   2.6734478888101876E-04
      14   1.9999999494757503E-05   8.4441535174846649E-02   1.2939361855387688E-02  -2.5412610266357660E-03   1.3879284961149096E-04   3.1417726859217510E-05  -3.7413888094306458E-06  -4.4415804723030305E-07   9.7057800019229035E-08  -4.6068122649955967E-09   5.2071098238229752E-02  -2.2145735099911690E-02  -2.7372464537620544E-02   1.2955667451024055E-02   2.9191615059971809E-02  -2.0271143876016140E-03  -3.5924598574638367E-02   1.8635639920830727E-02   1.9127174164168537E-04
      15   2.2000000171829015E-05   7.9542033374309540E-02   1.2613353319466114E-02  -2.3826465476304293E-03   1.1035550414817408E-04   3.0153789339237846E-05  -3.0080507258389844E-06  -4.1755063762138889E-07   7.7985376378819637E-08  -3.3566300849940944E-09   4.9902547150850296E-02  -1.9362598657608032E-02  -2.6074690744280815E-02   9.9706668406724930E-03   2.6095015928149223E-02  -2.1251027646940202E-05  -3.0308526009321213E-02   1.4667747542262077E-02   2.0527705783024430E-04
      16   2.4000000848900527E-05   7.6625078916549683E-02   1.1925236321985722E-02  -2.2958063054829836E-03   1.1706224904628471E-04   2.8631777240661904E-05  -3.1762292564962991E-06  -4.0090662878355943E-07   8.2469526319073339E-08  -3.7845921951884520E-09   4.7699335962533951E-02  -1.9388524815440178E-02  -2.5027893483638763E-02   1.0664899833500385E-02   2.5847082957625389E-02  -8.9162646327167749E-04  -3.0899500474333763E-02   1.5498394146561623E-02   2.3865950061008334E-04
      17   2.5999999706982635E-05   7.3514848947525024E-02   1.1477106250822544E-02  -2.1986574865877628E-03   1.1042175174225122E-04   2.7465637685963884E-05  -3.0006031010998413E-06  -3.8386508549592691E-07   7.7899933614844485E-08  -3.5447074164807191E-09   4.5893341302871704E-02  -1.8444344401359558E-02  -2.4114659056067467E-02   9.9312309175729752E-03   2.4688832461833954E-02  -5.0526793347671628E-04  -2.9151631519198418E-02   1.4355809427797794E-02   1.7207335622515529E-04
      18   2.8000000384054147E-05   7.0937842130661011E-02   1.1047617532312870E-02  -2.1253689192235470E-03   1.0842624760698527E-04   2.6529056412982754E-05  -2.9411496598186204E-06  -3.7181601442171086E-07   7.6293574124974839E-08  -3.4912446267298947E-09   4.4130969792604446E-02  -1.7956677824258804E-02  -2.3127671331167221E-02   9.9276490509510040E-03   2.3931445553898811E-02  -8.9606764959171414E-04  -2.8685240074992180E-02   1.4425660483539104E-02   1.8772832117974758E-04
      19   2.9000000722589903E-05   6.9487482309341431E-02   1.0913588106632233E-02  -2.0785105880349874E-03   1.0172223119297996E-04   2.6091996915056370E-05  -2.7675293949869229E-06  -3.6380785672918137E-07   7.1774771015498118E-08  -3.2045206488362510E-09   4.3435372412204742E-02  -1.7253307625651360E-02  -2.2747933864593506E-02   9.1961342841386795E-03   2.3138297721743584E-02  -3.9912105421535671E-04  -2.7258349582552910E-02   1.3411886990070343E-02   2.1964994084555656E-04
      20   3.0999999580672011E-05   6.7057028412818909E-02   1.0608252137899399E-02  -2.0054900087416172E-03   9.4894188805483282E-05   2.5306542738690041E-05  -2.5880881366902031E-06  -3.5156986655238143E-07   6.7099598766162671E-08  -2.9294962011761072E-09   4.2005464434623718E-02  -1.6417931765317917E-02  -2.1916644647717476E-02   8.6083607748150826E-03   2.2078095003962517E-02  -2.5836430722847581E-04  -2.5900999084115028E-02   1.2722427025437355E-02   1.9552183221094310E-04
      21   3.3000000257743523E-05   6.4990594983100891E-02   1.0283511132001877E-02  -1.9432846456766129E-03   9.1980968136340380E-05   2.4528157155145891E-05  -2.5082940737775061E-06  -3.4087312883457344E-07   6.5004662985757022E-08  -2.8351072600685256E-09   4.0708161890506744E-02  -1.5914093703031540E-02  -2.1241223439574242E-02   8.3461739122867584E-03   2.1404763683676720E-02  -2.4133941042236984E-04  -2.5099761784076691E-02   1.2311499565839767E-02   1.8312345491722226E-04
      22   3.5000000934815034E-05   6.3254192471504211E-02   9.9300676956772804E-03  -1.8894942477345467E-03   9.3144306447356939E-05   2.3686896383878775E-05  -2.5365748115291353E-06  -3.3063807336475293E-07   6.5806148086267058E-08  -2.9549569457998359E-09   3.9530519396066666E-02  -1.5721872448921204E-02  -2.0690530538558960E-02   8.4184091538190842E-03   2.1080221980810165E-02  -4.2284521623514593E-04  -2.4899452924728394E-02   1.2296574190258980E-02   1.9801415328402072E-04
      23   3.6999997973907739E-05   6.1729673296213150E-02   9.5833688974380493E-03  -1.8423667643219233E-03   9.5955132564995438E-05   2.2874364731251262E-05  -2.6089398943440756E-06  -3.2136543381966476E-07   6.7778991308387049E-08  -3.1557041424434829E-09   3.8431782275438309E-02  -1.5667172148823738E-02  -2.0171035081148148E-02   8.6686396971344948E-03   2.0887497812509537E-02  -7.8593712532892823E-04  -2.5045039132237434E-02   1.2603653594851494E-02   2.3068975133355707E-04
      24   3.8999998650979251E-05   6.0527168214321136E-02   9.2032738029956818E-03  -1.8066649790853262E-03   1.0315799590898678E-04   2.2074384105508216E-05  -2.7920561933569843E-06  -3.1396211852552369E-07   7.2607996060014557E-08  -3.5548881616165318E-09   3.7382069975137711E-02  -1.5987200662493706E-02  -1.9738677889108658E-02   9.3608302995562553E-03   2.1101035177707672E-02  -1.4204230392351747E-03  -2.5923263281583786E-02   1.3391443528234959E-02   2.7256825705990195E-04
      25   4.0999999328050762E-05   5.8532088994979858E-02   9.1212205588817596E-03  -1.7416417831555009E-03   8.9259643573313951E-05   2.1639194528688677E-05  -2.4348698843823513E-06  -3.0325551847454335E-07   6.3319809839867958E-08  -2.9331876927329859E-09   3.6576148122549057E-02  -1.4688616618514061E-02  -1.9210370257496834E-02   7.9300645738840103E-03   1.9671164453029633E-02  -4.6165584353730083E-04  -2.3303635418415070E-02   1.1547178030014038E-02   2.2406461357604712E-04
      26   4.3000000005122274E-05   5.7206735014915466E-02   8.9050047099590302E-03  -1.7050943570211530E-03   8.8111381046473980E-05   2.1192483472987078E-05  -2.3997563403099775E-06  -2.9756495223409729E-07   6.2343637807771302E-08  -2.8902309434641893E-09   3.5650156438350677E-02  -1.4445889741182327E-02  -1.8684385344386101E-02   7.9537127166986465E-03   1.9287271425127983E-02  -6.8451970582827926E-04  -2.3090187460184097E-02   1.1604124680161476E-02   2.3543715360574424E-04
      27   4.6000001020729542E-05   5.5312715470790863E-02   8.6016785353422165E-03  -1.6463292995467782E-03   8.5568208305630833E-05   2.0428362404345535E-05  -2.3319864794757450E-06  -2.8702402232738677E-07   6.0605650276102097E-08  -2.8231137427781050E-09   3.4489154815673828E-02  -1.3976487331092358E-02  -1.8100919201970100E-02   7.6730102300643921E-03   1.8677389249205589E-02  -6.0407072305679321E-04  -2.2296262905001640E-02   1.1143079027533531E-02   2.0242352911736816E-04
      28   4.9999998736893758E-05   5.3016118705272675E-02   8.2615902647376060E-03  -1.5767086297273636E-03   8.1430065620224923E-05   1.9581528249545954E-05  -2.2221468043426285E-06  -2.7497233645590313E-07   5.7756487592541816E-08  -2.6818041121146052E-09   3.3078722655773163E-02  -1.3340774923563004E-02  -1.7332054674625397E-02   7.3027992621064186E-03   1.7835866659879684E-02  -5.8315199567005038E-04  -2.1306270733475685E-02   1.0686780326068401E-02   1.5957924188114703E-04
      29   5.2999999752501026E-05   5.1553178578615189E-02   8.0065131187438965E-03  -1.5330754686146975E-03   8.0559875641483814E-05   1.8997070583282039E-05  -2.1954997464490589E-06  -2.6752545068120526E-07   5.7027637723194857E-08  -2.6679978226695766E-09   3.2116103917360306E-02  -1.3070355169475079E-02  -1.6847355291247368E-02   7.2363009676337242E-03   1.7447207123041153E-02  -6.5346853807568550E-04  -2.0921556279063225E-02   1.0521308518946171E-02   2.1133167319931090E-04
      30   5.6000000768108293E-05   4.9862470477819443E-02   7.8829228878021240E-03  -1.4811672735959291E-03   7.1597620262764394E-05   1.8589835235616192E-05  -1.9631434042821638E-06  -2.5911279522006225E-07   5.0977071452962264E-08  -2.2712975944472191E-09   3.1275290995836258E-02  -1.2195536866784096E-02  -1.6310101374983788E-02   6.4018657431006432E-03   1.6429053619503975E-02  -2.0450734882615507E-04  -1.9297963008284569E-02   9.4940084964036942E-03   2.1391629707068205E-04
      31   5.9000001783715561E-05   4.8631872981786728E-02   7.6468181796371937E-03  -1.4406909467652440E-03   7.1576847403775901E-05   1.7967107851291075E-05  -1.9641188373498153E-06  -2.5104748146986822E-07   5.1093397956947229E-08  -2.3295105844312047E-09   3.0511498451232910E-02  -1.1978154070675373E-02  -1.5970235690474510E-02   6.3015846535563469E-03   1.6133476048707962E-02  -1.8177239689975977E-04  -1.8925273790955544E-02   9.2734983190894127E-03   1.2438850535545498E-04
      32   6.2999999499879777E-05   4.7390431165695190E-02   7.3092989623546600E-03  -1.4073795173317194E-03   7.6822863775305450E-05   1.7320311599178240E-05  -2.0932127426931402E-06  -2.4522478270228021E-07   5.4414773131838956E-08  -2.6036848232990906E-09   2.9425852000713348E-02  -1.2192189693450928E-02  -1.5442925505340099E-02   6.9359703920781612E-03   1.6207443550229073E-02  -8.5962220327928662E-04  -1.9695742055773735E-02   1.0067303664982319E-02   2.2357860871125013E-04
      33   6.9000001531094313E-05   4.4977426528930664E-02   7.0674549788236618E-03  -1.3302637962624431E-03   6.6769745899364352E-05   1.6556987247895449E-05  -1.8347166133025894E-06  -2.3176356478415983E-07   4.7741128383904652E-08  -2.1918049597502431E-09   2.8201386332511902E-02  -1.1101658456027508E-02  -1.4746041968464851E-02   5.8909789659082890E-03   1.4943487942218781E-02  -2.4478143313899636E-04  -1.7612943425774574E-02   8.6853373795747757E-03   2.1147697407286614E-04
      34   7.5000003562308848E-05   4.3327603489160538E-02   6.7158490419387817E-03  -1.2802899582311511E-03   6.8753950472455472E-05   1.5748137229820713E-05  -1.8839716631191550E-06  -2.2235177254970040E-07   4.9072756524992656E-08  -2.3441677488023061E-09   2.7026509866118431E-02  -1.0992881841957569E-02  -1.4187430962920189E-02   6.0884091071784496E-03   1.4695426449179649E-02  -5.4696429288014770E-04  -1.7625570297241211E-02   8.8616125285625458E-03   2.3402084480039775E-04
      35   8.0999998317565769E-05   4.1285425424575806E-02   6.5961149521172047E-03  -1.2181920465081930E-03   5.6606382713653147E-05   1.5327890650951304E-05  -1.5682232969993493E-06  -2.1275974404488807E-07   4.0804646772585329E-08  -1.7884271841239752E-09   2.6043217629194260E-02  -9.8511651158332825E-03  -1.3532564975321293E-02   4.9729971215128899E-03   1.3378444127738476E-02   7.0330301241483539E-05  -1.5488866716623306E-02   7.4931974522769451E-03   1.4850463776383549E-04
      36   8.8000000687316060E-05   3.9970163255929947E-02   6.2075895257294178E-03  -1.1784436646848917E-03   6.3216641137842089E-05   1.4481787729891948E-05  -1.7375220977555728E-06  -2.0451183502245840E-07   4.5297053219428562E-08  -2.1683119744153601E-09   2.4943541735410690E-02  -1.0107857175171375E-02  -1.3066635467112064E-02   5.6026959791779518E-03   1.3519148342311382E-02  -5.3335749544203281E-04  -1.6253909096121788E-02   8.2141384482383728E-03   2.1889827621635050E-04
      37   9.4000002718530595E-05   3.8447506725788116E-02   6.0754367150366306E-03  -1.1310417903587222E-03   5.6054836022667587E-05   1.4060458852327429E-05  -1.5527064078924013E-06  -1.9653960237064894E-07   4.0504694709397882E-08  -1.8619985553414153E-09   2.4168968200683594E-02  -9.3773454427719116E-03  -1.2594959698617458E-02   4.9164379015564919E-03   1.2666531838476658E-02  -1.6019589384086430E-04  -1.4895166270434856E-02   7.3458724655210972E-03   1.7118005780503154E-04
      38   9.9999997473787516E-05   3.7438355386257172E-02   5.8401543647050858E-03  -1.1015618219971657E-03   5.8245510444976389E-05   1.3559073522628751E-05  -1.6059574363680440E-06  -1.9121067396099534E-07   4.1878536194417393E-08  -1.9917503202293574E-09   2.3403285071253777E-02  -9.3900850042700768E-03  -1.2241745367646217E-02   5.1491726189851761E-03   1.2593004852533340E-02  -4.2344167013652623E-04  -1.5069070272147655E-02   7.5693782418966293E-03   1.9703476573340595E-04
      39   1.0599999950500205E-04   3.6230836063623428E-02   5.7123373262584209E-03  -1.0641108965501189E-03   5.3620329708792269E-05   1.3185951502237003E-05  -1.4862941952742403E-06  -1.8477000196526205E-07   3.8784552458537291E-08  -1.8019169489846831E-09   2.2753758355975151E-02  -8.8862329721450806E-03  -1.1867237277328968E-02   4.7040279023349285E-03   1.1994638480246067E-02  -1.9248921307735145E-04  -1.4144507236778736E-02   6.9843227975070477E-03   1.2850687198806554E-04
      40   1.1300000187475234E-04   3.5118289291858673E-02   5.5199316702783108E-03  -1.0297381086274981E-03   5.2844723541056737E-05   1.2703431821137201E-05  -1.4664123000329710E-06  -1.7835911592101183E-07   3.8315384642828576E-08  -1.8053106787263573E-09   2.2039586678147316E-02  -8.6612747982144356E-03  -1.1504497379064560E-02   4.6258210204541683E-03   1.1677186936140060E-02  -2.3935439821798354E-04  -1.3823977671563625E-02   6.8591078743338585E-03   1.7768355610314757E-04
      41   1.1899999663000926E-04   3.4131802618503571E-02   5.4099154658615589E-03  -1.0001801420003176E-03   4.9403628509026021E-05   1.2411180250637699E-05  -1.3762385151494527E-06  -1.7345564629067667E-07   3.5965680211802464E-08  -1.6603578512075501E-09   2.1478665992617607E-02  -8.2834977656602859E-03  -1.1177135631442070E-02   4.3246233835816383E-03   1.1213478632271290E-02  -1.1605450708884746E-04  -1.3164240866899490E-02   6.4756944775581360E-03   1.5582414926029742E-04
      42   1.2500000593718141E-04   3.3469118177890778E-02   5.2232895977795124E-03  -9.8017591517418623E-04   5.2341380069265142E-05   1.1992733561783098E-05  -1.4526268614645232E-06  -1.6914339084905805E-07   3.8031156890383500E-08  -1.8400219126135653E-09   2.0931439474225044E-02  -8.3869090303778648E-03  -1.0930985212326050E-02   4.6202973462641239E-03   1.1253654025495052E-02  -4.2305767419748008E-04  -1.3520915061235428E-02   6.8364152684807777E-03   1.9407091895118356E-04
      43   1.3150001177564263E-04   3.2470103353261948E-02   5.1367371343076229E-03  -9.4800157239660621E-04   4.7452456783503294E-05   1.1703222298820037E-05  -1.3261911817608052E-06  -1.6370321986869385E-07   3.4733886877802433E-08  -1.6276944236892632E-09   2.0458156242966652E-02  -7.8886765986680984E-03  -1.0672467760741711E-02   4.0946379303932190E-03   1.0696869343519211E-02  -5.4239848395809531E-05  -1.2497608549892902E-02   6.0933143831789494E-03   2.0445291011128575E-04
      44   1.3800000306218863E-04   3.1768303364515305E-02   4.9989623948931694E-03  -9.2871172819286585E-04   4.7945872211130336E-05   1.1415315384510905E-05  -1.3372338116823812E-06  -1.6033797578529629E-07   3.5031085587888811E-08  -1.6688284087962302E-09   1.9926954060792923E-02  -7.8370347619056702E-03  -1.0379692539572716E-02   4.2227590456604958E-03   1.0564247146248817E-02  -2.7718086494132876E-04  -1.2574479915201664E-02   6.2870499677956104E-03   1.9229420286137611E-04
      45   1.5000000712461770E-04   3.0346296727657318E-02   4.8339641653001308E-03  -8.8524579769000411E-04   4.3166674004169181E-05   1.0963972272293177E-05  -1.2127288755436894E-06  -1.5289876387214463E-07   3.1801821620547344E-08  -1.4739898190896383E-09   1.9131405279040337E-02  -7.2995177470147610E-03  -9.9359238520264626E-03   3.7713591009378433E-03   9.9153015762567520E-03  -5.1009825256187469E-05  -1.1592753231525421E-02   5.6701051071286201E-03   1.1349172564223409E-04
      46   1.6300000424962491E-04   2.9119813814759254E-02   4.6350490301847458E-03  -8.4842322394251823E-04   4.1729537770152092E-05   1.0479875527380500E-05  -1.1745579513444682E-06  -1.4626361632963381E-07   3.0840421771927140E-08  -1.4420176164264831E-09   1.8345106393098831E-02  -7.0254607126116753E-03  -9.5257749781012535E-03   3.6571971140801907E-03   9.5355520024895668E-03  -8.5168103396426886E-05  -1.1186349205672741E-02   5.4949871264398098E-03   1.2870439968537539E-04
      47   1.7499999376013875E-04   2.8031477704644203E-02   4.4978954829275608E-03  -8.1578805111348629E-04   3.8616795791313052E-05   1.0128458598046564E-05  -1.0926869435934350E-06  -1.4075838805638341E-07   2.8705201771117572E-08  -1.3156710165773688E-09   1.7708227038383484E-02  -6.6558788530528545E-03  -9.1710425913333893E-03   3.3804716076701880E-03   9.0751089155673981E-03   2.2423371774493717E-05  -1.0544124059379101E-02   5.1195630803704262E-03   1.4877530338708311E-04
      48   1.8800000543706119E-04   2.7092358097434044E-02   4.3245521374046803E-03  -7.8749121166765690E-04   3.8500154914800078E-05   9.7057700259028934E-06  -1.0902999747486319E-06  -1.3521851371933735E-07   2.8722745071263489E-08  -1.3521440633823545E-09   1.7071278765797615E-02  -6.5143643878400326E-03  -8.8459858670830727E-03   3.3953140955418348E-03   8.8499458506703377E-03  -9.2039568698965013E-05  -1.0399333201348782E-02   5.1235086284577847E-03   1.5576460282318294E-04
      49   1.9999999494757503E-04   2.6312137022614479E-02   4.1836327873170376E-03  -7.6541141606867313E-04   3.8306803617160767E-05   9.4066754172672518E-06  -1.0823810043802951E-06  -1.3152516942227521E-07   2.8493239767612977E-08  -1.3548481225811315E-09   1.6528248786926270E-02  -6.4022364094853401E-03  -8.5669495165348053E-03   3.4178795758634806E-03   8.6638014763593674E-03  -1.9390230590943247E-04  -1.0284479707479477E-02   5.1293103024363518E-03   1.6560280346311629E-04
      50   2.1899999410379678E-04   2.5237679481506348E-02   3.9740777574479580E-03  -7.3451164644211531E-04   3.8760961615480483E-05   8.9412142187939025E-06  -1.0924297839665087E-06  -1.2582505348746054E-07   2.8791989237220150E-08  -1.4104406531600944E-09   1.5758626163005829E-02  -6.2944311648607254E-03  -8.1744538620114326E-03   3.5218906123191118E-03   8.4535051137208939E-03  -3.9999047294259071E-04  -1.0248329490423203E-02   5.2399099804461002E-03   1.3323103485163301E-04
      51   2.3799999326001853E-04   2.4028876796364784E-02   3.8658415433019400E-03  -6.9661386078223586E-04   3.3054231607820839E-05   8.5936489995219745E-06  -9.4533424999099225E-07  -1.1919954090444662E-07   2.4998788816787965E-08  -1.1711261960201114E-09   1.5157484449446201E-02  -5.7173776440322399E-03  -7.8330980613827705E-03   2.9460918158292770E-03   7.7926185913383961E-03  -3.3690103009575978E-05  -9.1099906712770462E-03   4.4543654657900333E-03   1.4676313730888069E-04
      52   2.5599999935366213E-04   2.3235820233821869E-02   3.7138189654797316E-03  -6.7466666223481297E-04   3.3317453926429152E-05   8.2734304669429548E-06  -9.5003292699402664E-07  -1.1531000865261376E-07   2.5133244818675848E-08  -1.2034223617618522E-09   1.4576721005141735E-02  -5.6408257223665714E-03  -7.5270496308803558E-03   3.0403984710574150E-03   7.6324748806655407E-03  -2.1663795632775873E-04  -9.1101191937923431E-03   4.5772730372846127E-03   1.2678401253651828E-04
      53   2.7499999850988388E-04   2.2287467494606972E-02   3.6269093398004770E-03  -6.4624065998941660E-04   2.9004866519244388E-05   8.0317249739891849E-06  -8.3679253748414339E-07  -1.1074713057723784E-07   2.2161932733411049E-08  -1.0094898250656570E-09   1.4080548658967018E-02  -5.2086762152612209E-03  -7.2376802563667297E-03   2.6331101544201374E-03   7.1241143159568310E-03   1.5974495909176767E-05  -8.2852905616164207E-03   4.0375334210693836E-03   1.2898640125058591E-04
      54   2.9399999766610563E-04   2.1622035652399063E-02   3.4879557788372040E-03  -6.2687112949788570E-04   2.9609662306029350E-05   7.7258528108359315E-06  -8.5084241163713159E-07  -1.0707621100891629E-07   2.2551365219669606E-08  -1.0604161992944228E-09   1.3605148531496525E-02  -5.1619173027575016E-03  -7.0142601616680622E-03   2.7034506201744080E-03   7.0201177150011063E-03  -9.2144233349245042E-05  -8.2696778699755669E-03   4.0868371725082397E-03   1.7331942217424512E-04
      55   3.1299999682232738E-04   2.0887129008769989E-02   3.4106066450476646E-03  -6.0644448967650533E-04   2.6853176677832380E-05   7.5519478741625790E-06  -7.7687542443527491E-07  -1.0398743199857563E-07   2.0593295957382907E-08  -9.3237828568959458E-10   1.3170090503990650E-02  -4.8848888836801052E-03  -6.7536663264036179E-03   2.4967438075691462E-03   6.6737690940499306E-03  -1.9869987227139063E-05  -7.7961878851056099E-03   3.8170760963112116E-03   1.2492355017457157E-04
      56   3.3099998836405575E-04   2.0308420062065125E-02   3.3166997600346804E-03  -5.8877654373645782E-04   2.6086845537065528E-05   7.3092446655209642E-06  -7.5767673024529358E-07  -1.0043361697853470E-07   2.0159710345524218E-08  -9.2436325260791818E-10   1.2809205800294876E-02  -4.7480072826147079E-03  -6.5698712132871151E-03   2.4239593185484409E-03   6.4888913184404373E-03  -1.6299698472721502E-05  -7.5777117162942886E-03   3.7106282543390989E-03   1.4411195297725499E-04
      57   3.4999998752027750E-04   1.9850295037031174E-02   3.2019505742937326E-03  -5.7744450168684125E-04   2.7511388907441869E-05   7.1118756750365719E-06  -7.9068507830015733E-07  -9.8647873869595060E-08   2.0982103166033994E-08  -9.9305563772134064E-10   1.2416363693773746E-02  -4.8026191070675850E-03  -6.3779838383197784E-03   2.6188206393271685E-03   6.4899753779172897E-03  -2.3029184376355261E-04  -7.7928816899657249E-03   3.9461590349674225E-03   1.7966005543712527E-04
      58   3.6899998667649925E-04   1.9274687394499779E-02   3.1384606845676899E-03  -5.6044722441583872E-04   2.5366172849317081E-05   6.9528464337054174E-06  -7.3352629215150955E-07  -9.5897114249510196E-08   1.9476637191928603E-08  -8.9723511953465618E-10   1.2099305167794228E-02  -4.5744790695607662E-03  -6.2027578242123127E-03   2.4152221158146858E-03   6.2158242799341679E-03  -1.1779242777265608E-04  -7.3596830479800701E-03   3.6650886759161949E-03   1.5049782814458013E-04
      59   3.8799998583272099E-04   1.8695238977670670E-02   3.0927883926779032E-03  -5.4258550517261028E-04   2.2327838451019488E-05   6.8002455009263940E-06  -6.5526472781129996E-07  -9.2692388875548204E-08   1.7475660030186191E-08  -7.7081130367417927E-10   1.1816413141787052E-02  -4.2800754308700562E-03  -6.0346173122525215E-03   2.1197507157921791E-03   5.8782137930393219E-03   6.4414351072628051E-05  -6.7844907753169537E-03   3.2758589368313551E-03   1.6327518096659333E-04
      60   4.2500000563450158E-04   1.7917793244123459E-02   2.9442880768328905E-03  -5.2131904521957040E-04   2.2390959202311933E-05   6.5124950197059661E-06  -6.5176487851204001E-07  -8.9287226501255645E-08   1.7329364609963704E-08  -7.7666251208086123E-10   1.1269150301814079E-02  -4.1912770830094814E-03  -5.7706544175744057E-03   2.1550289820879698E-03   5.7202447205781937E-03  -2.2015907234163024E-05  -6.6815009340643883E-03   3.2641405705362558E-03   1.4042541442904621E-04
      61   4.6300000394694507E-04   1.7158471047878265E-02   2.8270590119063854E-03  -4.9946259241551161E-04   2.1148605810594745E-05   6.2458384491037577E-06  -6.1759538994010654E-07  -8.5427451779196417E-08   1.6452775142283826E-08  -7.3518341414668953E-10   1.0788472369313240E-02  -4.0024342015385628E-03  -5.5151907727122307E-03   2.0579420961439610E-03   5.4613398388028145E-03  -2.9014654501224868E-05  -6.3887163996696472E-03   3.1318773981183767E-03   1.6354261606466025E-04
      62   5.0000002374872565E-04   1.6491500660777092E-02   2.7326091658324003E-03  -4.8089661868289113E-04   1.9686374798766337E-05   6.0453962760220747E-06  -5.7672139064379735E-07  -8.2394606693014794E-08   1.5373265327411900E-08  -6.7303618234149098E-10   1.0369244031608105E-02  -3.8173154462128878E-03  -5.2856411784887314E-03   1.9500113558024168E-03   5.2119595929980278E-03  -2.0772244170075282E-05  -6.0908752493560314E-03   2.9895971529185772E-03   2.1573963749688119E-04
      63   5.3100002696737647E-04   1.6045546159148216E-02   2.6432641316205263E-03  -4.6910348464734852E-04   1.9920373233617283E-05   5.8839364101004321E-06  -5.7900837191482424E-07  -8.0587241768625972E-08   1.5389861829362417E-08  -6.8269789821329141E-10   1.0044447146356106E-02  -3.7825119215995073E-03  -5.1293359138071537E-03   1.9953174050897360E-03   5.1355808973312378E-03  -9.2280308308545500E-05  -6.0703381896018982E-03   3.0147735960781574E-03   1.6885031072888523E-04
      64   5.6299997959285975E-04   1.5605103224515915E-02   2.5630777236074209E-03  -4.5688272803090513E-04   1.9745873942156322E-05   5.7233091865782626E-06  -5.7184280422006850E-07  -7.8544459825025115E-08   1.5186044421966471E-08  -6.7883798582357713E-10   9.7457859665155411E-03  -3.7137891631573439E-03  -4.9821715801954269E-03   1.9898437894880772E-03   5.0272853113710880E-03  -1.2574535503517836E-04  -5.9761581942439079E-03   2.9848522972315550E-03   1.5359657118096948E-04
      65   5.9399998281151056E-04   1.5117827802896500E-02   2.5179989170283079E-03  -4.4196587987244129E-04   1.7469023077865131E-05   5.5942186918400694E-06  -5.1200066764067742E-07  -7.6085434841388633E-08   1.3618566718776037E-08  -5.7703614109172463E-10   9.5049906522035599E-03  -3.4802996087819338E-03  -4.8458622768521309E-03   1.7544587608426809E-03   4.7575291246175766E-03   2.0872785171377473E-05  -5.5149090476334095E-03   2.6724864728748798E-03   1.8044882745016366E-04
      66   6.2499998603016138E-04   1.4841984026134014E-02   2.4254394229501486E-03  -4.3510927935130894E-04   1.9362079910933971E-05   5.4327083489624783E-06  -5.5829178791100276E-07  -7.4800254878937267E-08   1.4814407478525027E-08  -6.7210248477778123E-10   9.2409513890743256E-03  -3.5808063112199306E-03  -4.7329789958894253E-03   1.9585643894970417E-03   4.8266113735735416E-03  -1.6939143824856728E-04  -5.7846433483064175E-03   2.9167318716645241E-03   1.6083533409982920E-04
      67   6.8800000008195639E-04   1.4073935337364674E-02   2.3361002095043659E-03  -4.1264406172558665E-04   1.6637379303574562E-05   5.2272298489697278E-06  -4.8381497208538349E-07  -7.1324812722650677E-08   1.2822032324777410E-08  -5.4336229959872639E-10   8.8216848671436310E-03  -3.2810955308377743E-03  -4.5091500505805016E-03   1.6825861530378461E-03   4.4671585783362389E-03  -7.2497182372899260E-06  -5.2005662582814693E-03   2.5287612807005644E-03   2.3269369557965547E-04
      68   7.5000000651925802E-04   1.3447939418256283E-02   2.2506236564368010E-03  -3.9469089824706316E-04   1.5086457096913364E-05   5.0312501116422936E-06  -4.4168231738694885E-07  -6.8239380368595448E-08   1.1731314586427288E-08  -4.8180015532750531E-10   8.4437131881713867E-03  -3.0864090658724308E-03  -4.2977016419172287E-03   1.5532639808952808E-03   4.2145051993429661E-03   1.9239274479332380E-05  -4.8826951533555984E-03   2.3670943919569254E-03   2.4121448223013431E-04
      69   8.1300002057105303E-04   1.2994443997740746E-02   2.1352928597480059E-03  -3.8156018126755953E-04   1.6338744899258018E-05   4.8013057494245004E-06  -4.7083179310902779E-07  -6.5903371648801112E-08   1.2461732090685018E-08  -5.4727578024937884E-10   8.1086605787277222E-03  -3.1023817136883736E-03  -4.1615162044763565E-03   1.6476319869980216E-03   4.1939448565244675E-03  -7.5448653660714626E-05  -4.9492875114083290E-03   2.4465420283377171E-03   1.9984251412097365E-04
      70   8.7500002700835466E-04   1.2496179901063442E-02   2.0692490506917238E-03  -3.6727311089634895E-04   1.4989042028901167E-05   4.6576701606682036E-06  -4.3328489596206055E-07  -6.3691366847251629E-08   1.1450361547815646E-08  -4.8402443164619058E-10   7.8168837353587151E-03  -2.9366433154791594E-03  -4.0016230195760727E-03   1.5218330081552267E-03   3.9851092733442783E-03  -2.6604580853017978E-05  -4.6577835455536842E-03   2.2770694922655821E-03   2.0042397954966873E-04
      71   9.3799998285248876E-04   1.2170000933110714E-02   1.9709409680217505E-03  -3.5931100137531757E-04   1.6717203834559768E-05   4.4988578338234220E-06  -4.7371122491313145E-07  -6.2529714739412157E-08   1.2448874819881439E-08  -5.6155363692411697E-10   7.5229401700198650E-03  -3.0173221603035927E-03  -3.8701312150806189E-03   1.7106746090576053E-03   4.0278504602611065E-03  -2.1373093477450311E-04  -4.8941653221845627E-03   2.5055601727217436E-03   2.2973485465627164E-04
      72   1.0000000474974513E-03   1.1702247895300388E-02   1.9304783781990409E-03  -3.4409671206958592E-04   1.4333121725940146E-05   4.3612849367491435E-06  -4.1201079170605226E-07  -5.9868078494673682E-08   1.0848118847661681E-08  -4.5910514279157155E-10   7.3162298649549484E-03  -2.7677512262016535E-03  -3.7557326722890139E-03   1.4383088564500213E-03   3.7495039869099855E-03  -2.7501255317474715E-05  -4.3833265081048012E-03   2.1427473984658718E-03   1.7932968330569565E-04
      73   1.0629999451339245E-03   1.1390114203095436E-02   1.8570821266621351E-03  -3.3444448490627110E-04   1.4938138519937638E-05   4.1860007513605524E-06  -4.2795008425855485E-07  -5.7717809198720715E-08   1.1314266856743416E-08  -5.0859816358439502E-10   7.0953052490949631E-03  -2.7567490469664335E-03  -3.6539048887789249E-03   1.4865068951621652E-03   3.7118338514119387E-03  -9.7277355962432921E-05  -4.4109630398452282E-03   2.2008356172591448E-03   2.4711398873478174E-04
      74   1.1249999515712261E-03   1.1165092699229717E-02   1.7746624071151018E-03  -3.2817228930070996E-04   1.6763124222052284E-05   4.0274803723150399E-06  -4.7363280941681296E-07  -5.6415171201251724E-08   1.2505805280227378E-08  -6.0362576048689220E-10   6.8845483474433422E-03  -2.8473527636379004E-03  -3.5702243912965059E-03   1.6589586157351732E-03   3.7798141129314899E-03  -2.5404492043890059E-04  -4.6467669308185577E-03   2.4094844702631235E-03   2.2472781711257994E-04
      75   1.1869999580085278E-03   1.0792170651257038E-02   1.7485653515905142E-03  -3.1609780853614211E-04   1.4582947187591344E-05   3.9288188418140635E-06  -4.1729194322215335E-07  -5.4288218365172725E-08   1.1050808268464607E-08  -5.0980808463663152E-10   6.7262849770486355E-03  -2.6315115392208099E-03  -3.4783005248755217E-03   1.4203011523932219E-03   3.5416951868683100E-03  -8.8482971477787942E-05  -4.2035481892526150E-03   2.0904853008687496E-03   2.1037345868535340E-04
      76   1.2499999720603228E-03   1.0499225929379463E-02   1.7151226056739688E-03  -3.0878011602908373E-04   1.3627672160509974E-05   3.8791627048340160E-06  -3.8972956417637761E-07  -5.3452424708666513E-08   1.0287174667666932E-08  -4.5647011170935059E-10   6.5392856486141682E-03  -2.5343322195112705E-03  -3.3630302641540766E-03   1.3648672029376030E-03   3.4117349423468113E-03  -9.0977926447521895E-05  -4.0563149377703667E-03   2.0275295246392488E-03   2.2086563694756478E-04
      77   1.3124999823048711E-03   1.0264071635901928E-02   1.6671965131536126E-03  -3.0185279319994152E-04   1.3760684851149563E-05   3.7758672988275066E-06  -3.9220108760673611E-07  -5.2241880155179388E-08   1.0343326195538793E-08  -4.6685177945704481E-10   6.3806162215769291E-03  -2.5048099923878908E-03  -3.2857069745659828E-03   1.3725491007789969E-03   3.3612956758588552E-03  -1.2158162280684337E-04  -4.0290481410920620E-03   2.0346294622868299E-03   2.8412116807885468E-04
      78   1.3749999925494194E-03   9.9831195548176765E-03   1.6322458395734429E-03  -2.9096342041157186E-04   1.2680476174864452E-05   3.6290512070991099E-06  -3.6671383440989302E-07  -4.9713367644699247E-08   9.7526307030193493E-09  -4.4162859480501027E-10   6.2755420804023743E-03  -2.3648024071007967E-03  -3.2508089207112789E-03   1.1931897606700659E-03   3.2182529103010893E-03   3.5581881093094125E-05  -3.7013327237218618E-03   1.7653693212196231E-03   2.6452820748090744E-04
      79   1.5000000130385160E-03   9.4928517937660217E-03   1.5884303720667958E-03  -2.7753153699450195E-04   1.0484998711035587E-05   3.5349244171811733E-06  -3.0756075375393266E-07  -4.7831495209038621E-08   8.1771753812631687E-09  -3.3497940532534187E-10   5.9979083016514778E-03  -2.1486312616616488E-03  -3.0684010125696659E-03   1.0245245648548007E-03   2.9511705506592989E-03   8.7210923084057868E-05  -3.3444426953792572E-03   1.5762469265609980E-03   4.0892019751481712E-04
      80   1.6250000335276127E-03   9.2418137937784195E-03   1.4895985368639231E-03  -2.7138963923789561E-04   1.2898664863314480E-05   3.3675007671263302E-06  -3.6697940686281072E-07  -4.6760717964389187E-08   9.6941201732647642E-09  -4.5079104338263676E-10   5.7361852377653122E-03  -2.2841186728328466E-03  -2.9603666625916958E-03   1.2743789702653885E-03   3.0574889387935400E-03  -1.3790630328003317E-04  -3.6929519847035408E-03   1.8793141935020685E-03   2.6819406775757670E-04
      81   1.7500000540167093E-03   8.8935922831296921E-03   1.4412363525480032E-03  -2.6164471637457609E-04   1.2117127880628686E-05   3.2647874377289554E-06  -3.4528272863099119E-07  -4.5277602112037130E-08   9.1063814267045018E-09  -4.1432665631724319E-10   5.5192229337990284E-03  -2.1802803967148066E-03  -2.8331372886896133E-03   1.2180107878521085E-03   2.9175700619816780E-03  -1.4732476847711951E-04  -3.5429939161986113E-03   1.8232855945825577E-03   3.5868812119588256E-04
      82   1.8749999580904841E-03   8.5604479536414146E-03   1.3996459310874343E-03  -2.5145531981252134E-04   1.0996779565175530E-05   3.1713184398540761E-06  -3.1365823360829381E-07  -4.3836703156330259E-08   8.2268085677128511E-09  -3.5541619647361244E-10   5.3504593670368195E-03  -2.0478381775319576E-03  -2.7574242558330297E-03   1.0743597522377968E-03   2.7679451741278172E-03  -3.2336662115994841E-05  -3.2480384688824415E-03   1.5949745429679751E-03   2.8898255550302565E-04
      83   2.0000000949949026E-03   8.3006070926785469E-03   1.3541170628741384E-03  -2.4436763487756252E-04   1.0870915502891876E-05   3.0713895284861792E-06  -3.1005669143269188E-07  -4.2398021093958960E-08   8.1702964394025912E-09  -3.6217698284879418E-10   5.1650754176080227E-03  -2.0080641843378544E-03  -2.6512150652706623E-03   1.0936597827821970E-03   2.7003234717994928E-03  -9.1412737674545497E-05  -3.2315652351826429E-03   1.6292735235765576E-03   3.6984382313676178E-04
      84   2.1879998967051506E-03   7.9899756237864494E-03   1.2748698936775327E-03  -2.3506123397964984E-04   1.1754014849429950E-05   2.9014161100349156E-06  -3.3169845892189187E-07  -4.0572142978589909E-08   8.7403018156351209E-09  -4.1483705359723899E-10   4.9365321174263954E-03  -2.0170358475297689E-03  -2.5535013992339373E-03   1.1624188628047705E-03   2.6835396420210600E-03  -1.6827067884150892E-04  -3.2883656676858664E-03   1.7009638249874115E-03   3.8030659197829664E-04
      85   2.3749999236315489E-03   7.6502347365021706E-03   1.2277341447770596E-03  -2.2465489746537060E-04   1.0908407602983061E-05   2.7811670406663325E-06  -3.0929354011277610E-07  -3.8743834807064559E-08   8.1581248423390207E-09  -3.8234043708840204E-10   4.7441679053008556E-03  -1.9035815494135022E-03  -2.4517707061022520E-03   1.0712726507335901E-03   2.5447749067097902E-03  -1.2484268518164754E-04  -3.0835221987217665E-03   1.5740176895633340E-03   3.6085824831388891E-04
      86   2.5629999581724405E-03   7.3294811882078648E-03   1.1932705529034138E-03  -2.1532658138312399E-04   9.6782550826901570E-06   2.7004916773876175E-06  -2.7604204433373525E-07  -3.7352485549035919E-08   7.2673196349626323E-09  -3.2346048062237287E-10   4.5688808895647526E-03  -1.7704861238598824E-03  -2.3489177692681551E-03   9.5634470926597714E-04   2.3844419047236443E-03  -6.9545778387691826E-05  -2.8425625059753656E-03   1.4262051554396749E-03   3.9333209861069918E-04
      87   2.7499999850988388E-03   7.0160776376724243E-03   1.1685631470754743E-03  -2.0534661598503590E-04   8.0051022450788878E-06   2.6135385269299150E-06  -2.3298400719795609E-07  -3.5566976919199078E-08   6.1617164703875460E-09  -2.5329249808692111E-10   4.4252262450754642E-03  -1.6026897355914116E-03  -2.2640191018581390E-03   7.8121758997440338E-04   2.1961855236440897E-03   4.4470722059486434E-05  -2.5095646269619465E-03   1.1943229474127293E-03   3.5409678821451962E-04
      88   2.9380000196397305E-03   6.7493654787540436E-03   1.1448174482211471E-03  -1.9790904480032623E-04   6.7775877141684759E-06   2.5617803203203948E-06  -1.9976778276031837E-07  -3.4528152781376775E-08   5.2734345779015257E-09  -1.9292299702211579E-10   4.2793336324393749E-03  -1.4826114056631923E-03  -2.1734747570008039E-03   6.7687069531530142E-04   2.0510021131485701E-03   9.2657304776366800E-05  -2.2933708969503641E-03   1.0648685274645686E-03   6.2923360383138061E-04
      89   3.1250000465661287E-03   6.7026079632341862E-03   1.0581787209957838E-03  -1.9687798339873552E-04   1.0388997907284647E-05   2.4001335532375379E-06  -2.9309350679795898E-07  -3.3728110082620333E-08   7.7486284055794385E-09  -3.8157521586867915E-10   4.1262335143983364E-03  -1.7246914794668555E-03  -2.1366644650697708E-03   1.0259010596200824E-03   2.2834958508610725E-03  -1.8670254212338477E-04  -2.8433038387447596E-03   1.4988506445661187E-03   3.6375492345541716E-04
      90   3.3120000734925270E-03   6.4335274510085583E-03   1.0513034649193287E-03  -1.8855444795917720E-04   8.2833257692982443E-06   2.3648797196074156E-06  -2.3764049217334104E-07  -3.2563207241764758E-08   6.2779683673852560E-09  -2.7886029596579931E-10   4.0238769724965096E-03  -1.5367048326879740E-03  -2.0700858440250158E-03   8.0992258153855801E-04   2.0799399353563786E-03  -3.0116932975943200E-05  -2.4480645079165697E-03   1.2069863732904196E-03   3.2264532637782395E-04
      91   3.5000001080334187E-03   6.2139020301401615E-03   1.0342880850657821E-03  -1.8142801127396524E-04   7.0937953751126770E-06   2.3018408228381304E-06  -2.0717658344437950E-07  -3.1283597934361751E-08   5.4957793871324156E-09  -2.2919897924023047E-10   3.9264522492885590E-03  -1.4150334754958749E-03  -2.0112406928092241E-03   6.8156962515786290E-04   1.9427579827606678E-03   5.0253413064638153E-05  -2.2090119309723377E-03   1.0457234457135201E-03   3.6612377152778208E-04
      92   3.6875000223517418E-03   6.0979453846812248E-03   9.9500268697738647E-04  -1.7857708735391498E-04   7.9288765846285969E-06   2.2321758024190785E-06  -2.2788027820297430E-07  -3.0730284095170646E-08   6.0352256525675330E-09  -2.7207341934953888E-10   3.8117093499749899E-03  -1.4601339353248477E-03  -1.9582330714911222E-03   7.7765714377164841E-04   1.9744848832488060E-03  -4.1965129639720544E-05  -2.3388408590108156E-03   1.1631803354248405E-03   4.1831983253359795E-04
      93   3.8749999366700649E-03   5.9524723328649998E-03   9.6315477276220918E-04  -1.7300958279520273E-04   8.0105874076252803E-06   2.1328814909793437E-06  -2.3110263214221050E-07  -2.9381876487377667E-08   6.1560871955634866E-09  -2.9039956550569457E-10   3.7363672163337469E-03  -1.4307784149423242E-03  -1.9364386098459363E-03   7.4508285615593195E-04   1.9417250296100974E-03  -9.7764859674498439E-06  -2.2666682489216328E-03   1.1024320265278220E-03   4.3795412057079375E-04
      94   4.0624998509883881E-03   5.8442992158234119E-03   9.3739974545314908E-04  -1.7160228162538260E-04   8.3392087617539801E-06   2.1252023998385994E-06  -2.3617229771843995E-07  -2.9622533759265934E-08   6.2229958963655463E-09  -2.9091959397042899E-10   3.6258413456380367E-03  -1.4552290085703135E-03  -1.8777104560285807E-03   8.1561045954003930E-04   1.9499281188473105E-03  -8.1199243140872568E-05  -2.3460409138351679E-03   1.1805308749899268E-03   3.6828665179200470E-04
      95   4.2500002309679985E-03   5.7167159393429756E-03   9.1389392036944628E-04  -1.6752754163462669E-04   8.3032664406346157E-06   2.0614029381249566E-06  -2.3579539742968336E-07  -2.8746431013360052E-08   6.2353233687417742E-09  -2.9782484811669008E-10   3.5456281621009111E-03  -1.4275730354711413E-03  -1.8323353724554181E-03   8.0936437007039785E-04   1.9077437464147806E-03  -1.0291026410413906E-04  -2.3220542352646589E-03   1.1933397036045790E-03   4.2346760164946318E-04
      96   4.4375001452863216E-03   5.4673850536346436E-03   9.3621446285396814E-04  -1.5998465823940933E-04   5.0753073992382269E-06   2.0804320683964761E-06  -1.5197106506548153E-07  -2.7817876002700359E-08   4.0337968520987033E-09  -1.4062592756935999E-10   3.4831927623599768E-03  -1.1696921428665519E-03  -1.7623411258682609E-03   5.0759699661284685E-04   1.6324433963745832E-03   1.0555754124652594E-04  -1.7944136634469032E-03   8.1373035209253430E-04   4.2479392141103745E-04
      97   4.6250000596046448E-03   5.4018930532038212E-03   9.0407131938263774E-04  -1.5871229697950184E-04   6.0364154705894180E-06   2.0296454295021249E-06  -1.7600635260350828E-07  -2.7560018267536179E-08   4.6579091694809449E-09  -1.8788486044751807E-10   3.3965404145419598E-03  -1.2308869045227766E-03  -1.7223553732037544E-03   6.1797647504135966E-04   1.6815358540043235E-03   4.0148896118807897E-07  -1.9581925589591265E-03   9.6145161660388112E-04   5.5365148000419140E-04
      98   4.9999998882412910E-03   5.2316328510642052E-03   8.5822149412706494E-04  -1.5406199963763356E-04   6.6461129790695850E-06   1.9447161321295425E-06  -1.9022870390017488E-07  -2.6767811078798331E-08   5.0130446460627809E-09  -2.1779979209046729E-10   3.2603454310446978E-03  -1.2509928783401847E-03  -1.6666144365444779E-03   6.7587837111204863E-04   1.6882750205695629E-03  -5.0422491767676547E-05  -2.0142919383943081E-03   1.0119370417669415E-03   4.8580532893538475E-04
      99   5.3130001761019230E-03   5.0819013267755508E-03   8.2950707292184234E-04  -1.4958054816816002E-04   6.6388433879183140E-06   1.8802901422532159E-06  -1.8952121649817855E-07  -2.5958449612062395E-08   4.9937196600069456E-09  -2.2093112062027132E-10   3.1632238533347845E-03  -1.2263128301128745E-03  -1.6201258404180408E-03   6.7040073918178678E-04   1.6518995398655534E-03  -5.7745430240174755E-05  -1.9791459199041128E-03   9.9775928538292646E-04   4.9756682710722089E-04
     100   5.6250002235174179E-03   4.9278498627245426E-03   8.0702110426500440E-04  -1.4448066940531135E-04   6.2716198954149149E-06   1.8149663674194016E-06  -1.8019984793227195E-07  -2.4953187960363721E-08   4.7633004207625618E-09  -2.1033448593943405E-10   3.0829992610961199E-03  -1.1721495538949966E-03  -1.5825510490685701E-03   6.1747367726638913E-04   1.5879512066021562E-03  -2.3867549316491932E-05  -1.8701661610975862E-03   9.2482601758092642E-04   5.5325141875073314E-04
     101   5.9380000457167625E-03   4.8042745329439640E-03   7.8770093386992812E-04  -1.4204674516804516E-04   6.1618161453225184E-06   1.7998042949329829E-06  -1.7532417473375972E-07  -2.4850571378465247E-08   4.5995456332548201E-09  -1.9715873378345350E-10   2.9826934915035963E-03  -1.1577231343835592E-03  -1.5202923677861691E-03   6.4100296003744006E-04   1.5556704020127654E-03  -6.9435671321116388E-05  -1.8795313080772758E-03   9.6003076760098338E-04   5.8036152040585876E-04
     102   6.2500000931322575E-03   4.6137967146933079E-03   7.8571762423962355E-04  -1.3529945863410830E-04   4.4980715756537393E-06   1.7558689933139249E-06  -1.3325293934940419E-07  -2.3599197263024507E-08   3.5228593375791206E-09  -1.2610484878550210E-10   2.9285468626767397E-03  -1.0036623571068048E-03  -1.4823287492617965E-03   4.5410482562147081E-04   1.3919919729232788E-03   6.5756838012021035E-05  -1.5542777255177498E-03   7.2267692303285003E-04   5.7399226352572441E-04
     103   6.5625002607703209E-03   4.5538316480815411E-03   7.5005419785156846E-04  -1.3374659465625882E-04   5.6210346883744933E-06   1.6909719988689176E-06  -1.6170386629710265E-07  -2.3203584831321677E-08   4.2662673394033845E-09  -1.8307171056886062E-10   2.8503465000540018E-03  -1.0726036271080375E-03  -1.4569044578820467E-03   5.6187214795500040E-04   1.4547057216987014E-03  -2.1946318156551570E-05  -1.7143548466265202E-03   8.5056253010407090E-04   6.8403227487578988E-04
     104   6.8749999627470970E-03   4.4023632071912289E-03   7.4510712875053287E-04  -1.2859901471529156E-04   4.4597436499316245E-06   1.6562815972065437E-06  -1.3195499093399121E-07  -2.2302604207879995E-08   3.4970897289099412E-09  -1.3195768089335758E-10   2.7992273680865765E-03  -9.6364744240418077E-04  -1.4251820975914598E-03   4.3166670366190374E-04   1.3378161238506436E-03   7.3305418482050300E-05  -1.4826245605945587E-03   6.8021158222109079E-04   8.8229571701958776E-04
     105   7.1874996647238731E-03   4.3194610625505447E-03   7.3404412250965834E-04  -1.2842893193010241E-04   4.4368402996042278E-06   1.6803678590804338E-06  -1.2866770759956125E-07  -2.2791553533352271E-08   3.3600173754422258E-09  -1.1671359712028817E-10   2.7007919270545244E-03  -9.7103242296725512E-04  -1.3466759119182825E-03   5.0379731692373753E-04   1.3210416072979569E-03  -3.3561711461516097E-05  -1.5751668252050877E-03   8.0222007818520069E-04   6.7319202935323119E-04
     106   7.4999998323619366E-03   4.2498176917433739E-03   6.9937761873006821E-04  -1.2377201346680522E-04   5.1750339480349794E-06   1.5546373788311030E-06  -1.5006591524979740E-07  -2.1250841086839500E-08   3.9798502271537473E-09  -1.7399935658968246E-10   2.6830192655324936E-03  -9.8699308000504971E-04  -1.3857105514034629E-03   4.8266944941133261E-04   1.3545695692300797E-03   3.8669350033160299E-05  -1.5339220408350229E-03   7.1312452200800180E-04   9.9459162447601557E-04
     107   7.6562501490116119E-03   4.3154326267540455E-03   6.5335119143128395E-04  -1.2530204548966140E-04   7.8217899499577470E-06   1.4647515627075336E-06  -2.1899472812947351E-07  -2.1011802076031927E-08   5.8075420028558256E-09  -3.1117416976478296E-10   2.6525112334638834E-03  -1.1731900740414858E-03  -1.4119970146566629E-03   7.1083154762163758E-04   1.5490171499550343E-03  -1.1515674850670621E-04  -1.9110123394057155E-03   9.8041642922908068E-04   9.1551651712507010E-04
     108   7.8125000000000000E-03   4.1372105479240417E-03   6.9262267788872123E-04  -1.2017506378469989E-04   4.4830990191258024E-06   1.5267787603079341E-06  -1.3233807294454891E-07  -2.0621854446289944E-08   3.5238361117961858E-09  -1.4435776185539595E-10   2.6344424113631248E-03  -9.1880204854533076E-04  -1.3529969146475196E-03   4.1135281207971275E-04   1.2758135562762618E-03   7.7665266871917993E-05  -1.4046359574422240E-03   6.3459714874625206E-04   7.2283664485439658E-04
     109   8.1249997019767761E-03   4.1513964533805847E-03   6.4854155061766505E-04  -1.2094689736841246E-04   6.6506595430837478E-06   1.4541801647283137E-06  -1.8785293320888741E-07  -2.0499408392993246E-08   4.9794799394931033E-09  -2.5248611534856025E-10   2.5701476261019707E-03  -1.0724380845203996E-03  -1.3476976891979575E-03   6.2006706139072776E-04   1.4299306785687804E-03  -7.6659540354739875E-05  -1.7366101965308189E-03   8.8048289762809873E-04   8.9927704539150000E-04
     110   8.4374994039535522E-03   3.9971703663468361E-03   6.6164630698040128E-04  -1.1634999827947468E-04   4.6916084102122113E-06   1.4669375332232448E-06  -1.3682104338386125E-07  -1.9970048725781453E-08   3.6342742149031437E-09  -1.5592206692449651E-10   2.5297249667346478E-03  -9.1501505812630057E-04  -1.3024777872487903E-03   4.3794690282084048E-04   1.2603499926626682E-03   4.5258726458996534E-05  -1.4187813503667712E-03   6.5597932552918792E-04   7.3895353125408292E-04
     111   8.5937492549419403E-03   3.9987559430301189E-03   6.4461462898179889E-04  -1.1683579214150086E-04   5.5283157962549012E-06   1.4444561884374707E-06  -1.5804580755229836E-07  -2.0012020485182802E-08   4.1869157030305360E-09  -1.9628143554939470E-10   2.4959705770015717E-03  -9.7585585899651051E-04  -1.2899376451969147E-03   5.2979041356593370E-04   1.3166858116164804E-03  -3.4885066270362586E-05  -1.5653982991352677E-03   7.7907426748424768E-04   1.0549062862992287E-03
     112   8.7500000372529030E-03   4.0074945427477360E-03   6.1903987079858780E-04  -1.1609004286583513E-04   6.6735979089571629E-06   1.3770444411420613E-06  -1.8842908389160584E-07  -1.9490444813641261E-08   5.0055910527646574E-09  -2.6071356185042305E-10   2.4868650361895561E-03  -1.0468817781656981E-03  -1.3184306444600224E-03   5.9817725559696555E-04   1.3998601352795959E-03  -5.2891704399371520E-05  -1.6752296360209584E-03   8.2547566853463650E-04   1.1168097844347358E-03
     113   9.0625006705522537E-03   3.8767249789088964E-03   6.3087948365136981E-04  -1.1276526493020356E-04   5.0364883463771548E-06   1.4011590110385441E-06  -1.4528862379847851E-07  -1.9262124340002629E-08   3.8579925920600999E-09  -1.7656351380956892E-10   2.4403682909905910E-03  -9.1946264728903770E-04  -1.2645967071875930E-03   4.6563360956497490E-04   1.2548157246783376E-03   1.5367924788733944E-05  -1.4416142366826534E-03   6.8467156961560249E-04   9.6187298186123371E-04
     114   9.1406255960464478E-03   4.0425537154078484E-03   5.7090626796707511E-04  -1.1858357174787670E-04   9.3260514404391870E-06   1.3205798268245417E-06  -2.5569852368789725E-07  -1.9819665908471507E-08   6.7541492398959235E-09  -3.8714639827297503E-10   2.3986725136637688E-03  -1.2449532514438033E-03  -1.2873654486611485E-03   8.9105957886204123E-04   1.5852875076234341E-03  -3.0707410769537091E-04  -2.1482191514223814E-03   1.2209422420710325E-03   1.0071388678625226E-03
     115   9.2187505215406418E-03   3.9139590226113796E-03   6.0826359549537301E-04  -1.1530546908034012E-04   6.5266585806966759E-06   1.3933652098785387E-06  -1.8237344079352624E-07  -1.9807613327316176E-08   4.8051336243304377E-09  -2.4216559313394725E-10   2.3907516151666641E-03  -1.0398925514891744E-03  -1.2404555454850197E-03   6.4986752113327384E-04   1.3664963189512491E-03  -1.4866671699564904E-04  -1.7380102071911097E-03   9.3440967611968517E-04   1.1336366878822446E-03
     116   9.2968754470348358E-03   3.8989351596683264E-03   5.9787806821987033E-04  -1.1325841478537768E-04   6.7265755205880851E-06   1.3377372169998125E-06  -1.8913809185505670E-07  -1.9038928655845666E-08   5.0192268119531036E-09  -2.6407842579345697E-10   2.4058388080447912E-03  -1.0366394417360425E-03  -1.2730740709230304E-03   6.1481475131586194E-04   1.3760001165792346E-03  -8.6975363956298679E-05  -1.6830159584060311E-03   8.5591169772669673E-04   1.1415334884077311E-03
     117   9.3359379097819328E-03   3.8439224008470774E-03   6.1072636162862182E-04  -1.1127431935165077E-04   5.6245135056087747E-06   1.3496963902071002E-06  -1.6091735233203508E-07  -1.8771160625874472E-08   4.2832728475161730E-09  -2.1148717499475111E-10   2.4104882031679153E-03  -9.4978197012096643E-04  -1.2652088189497590E-03   5.0193094648420811E-04   1.2871961807832122E-03  -1.7518955246487167E-06  -1.4944892609491944E-03   7.1416003629565239E-04   1.0885564843192697E-03
     118   9.3750003725290298E-03   3.9502186700701714E-03   5.7427311548963189E-04  -1.1513836943777278E-04   8.3020722740911879E-06   1.3038144288657350E-06  -2.2982344205502159E-07  -1.9180763644044418E-08   6.0904343790468829E-09  -3.4251154690245755E-10   2.3828214034438133E-03  -1.1541672283783555E-03  -1.2744972482323647E-03   7.7406840864568949E-04   1.4919498935341835E-03  -2.1610026306007057E-04  -1.9481863128021359E-03   1.0676808888092637E-03   9.2264654813334346E-04
     119   9.5312502235174179E-03   3.8691903464496136E-03   5.8801035629585385E-04  -1.1325203377055004E-04   6.9984826041036285E-06   1.3358893511394854E-06  -1.9523744754224026E-07  -1.9179067223262791E-08   5.1634616582418857E-09  -2.7319552176052753E-10   2.3603753652423620E-03  -1.0583422845229506E-03  -1.2413727818056941E-03   6.6918303491547704E-04   1.3871430419385433E-03  -1.5160485054366291E-04  -1.7630457878112793E-03   9.4143731985241175E-04   1.0071457363665104E-03
     120   9.5703126862645149E-03   3.9076684042811394E-03   5.7090900372713804E-04  -1.1432304745540023E-04   8.1272091847495176E-06   1.3035729580224142E-06  -2.2481835060261801E-07  -1.9147467611446700E-08   5.9515028461021302E-09  -3.3209765493147358E-10   2.3510758765041828E-03  -1.1392448795959353E-03  -1.2489111395552754E-03   7.7338941628113389E-04   1.4683181652799249E-03  -2.3351814888883382E-04  -1.9401462050154805E-03   1.0811290703713894E-03   1.1883797124028206E-03
     121   9.5715336501598358E-03   3.7029278464615345E-03   6.3412432791665196E-04  -1.0706468310672790E-04   3.3124072160717333E-06   1.3822766504745232E-06  -1.0085048529617779E-07  -1.8367062537549828E-08   2.7000555125056280E-09  -9.6596668164306010E-11   2.3897397331893444E-03  -7.7003828482702374E-04  -1.2242685770615935E-03   2.8774506063200533E-04   1.0953620076179504E-03   1.4256661233957857E-04  -1.1289579560980201E-03   4.5651925029233098E-04   1.1368687264621258E-03
     122   9.5727536827325821E-03   3.6565028131008148E-03   6.5041577909141779E-04  -1.0587356518954039E-04   2.1711075532948598E-06   1.4138837514110492E-06  -7.0976568622427294E-08  -1.8386225875133277E-08   1.9057919686815694E-09  -3.7365010391310349E-11   2.3912887554615736E-03  -6.8703392753377557E-04  -1.2082229368388653E-03   1.8789536261465400E-04   1.0075009195134044E-03   2.0979059627279639E-04  -9.6052087610587478E-04   3.3719485509209335E-04   1.2730602174997330E-03
     123   9.5733646303415298E-03   3.8740965537726879E-03   5.8410211931914091E-04  -1.1381882359273732E-04   7.2710899985395372E-06   1.3366831126404577E-06  -2.0208592843573570E-07  -1.9308657783767558E-08   5.3402091637622107E-09  -2.8535815377317419E-10   2.3460725788027048E-03  -1.0801634052768350E-03  -1.2283327523618937E-03   7.1051012491807342E-04   1.4019912341609597E-03  -2.0167717593722045E-04  -1.8330996390432119E-03   1.0166731663048267E-03   1.0882620699703693E-03
     124   9.5739746466279030E-03   3.8949060253798962E-03   5.7747203391045332E-04  -1.1452817125245929E-04   7.7625600169994868E-06   1.3282060535857454E-06  -2.1468740385444107E-07  -1.9383563198971387E-08   5.6696607408923683E-09  -3.0920691007629841E-10   2.3429240100085735E-03  -1.1180980363860726E-03  -1.2330280151218176E-03   7.5835792813450098E-04   1.4420369407162070E-03  -2.3418520868290216E-04  -1.9116781186312437E-03   1.0708331828936934E-03   1.0112188756465912E-03
     125   9.5751956105232239E-03   3.7445693742483854E-03   6.2550680013373494E-04  -1.0956593905575573E-04   4.1828561734291725E-06   1.3975371757624089E-06  -1.2207424049393012E-07  -1.8976260562908465E-08   3.2305838004731413E-09  -1.3104702045740879E-10   2.3658187128603458E-03  -8.4752874681726098E-04  -1.2073930120095611E-03   4.0906301001086831E-04   1.1661448515951633E-03   3.0129991500871256E-05  -1.3261311687529087E-03   6.2612810870632529E-04   1.1440506204962730E-03
     126   9.5776366069912910E-03   3.7387663032859564E-03   6.2752777012065053E-04  -1.0946880502160639E-04   4.0424806684313808E-06   1.4030706552148331E-06  -1.1827916068796185E-07  -1.9008288276722851E-08   3.1268683198248937E-09  -1.2301407115167251E-10   2.3652417585253716E-03  -8.3793775411322713E-04  -1.2051770463585854E-03   3.9762214873917401E-04   1.1560351122170687E-03   3.8454625610029325E-05  -1.3058549957349896E-03   6.1135226860642433E-04   1.0469463886693120E-03
     127   9.5800776034593582E-03   3.7971502169966698E-03   6.0898181982338428E-04  -1.1148193152621388E-04   5.4356551117962226E-06   1.3781714187643956E-06  -1.5424282651110843E-07  -1.9199701384309265E-08   4.0723562300115645E-09  -1.9180448895816937E-10   2.3545266594737768E-03  -9.4403373077511787E-04  -1.2130154063925147E-03   5.3656724048778415E-04   1.2635283637791872E-03  -6.8558802013285458E-05  -1.5383013524115086E-03   7.8946887515485287E-04   1.1907903244718909E-03
     128   9.5898434519767761E-03   3.7420161534100771E-03   6.2481849454343319E-04  -1.0946625116048381E-04   4.1962625800806563E-06   1.3947545767223346E-06  -1.2255549108886044E-07  -1.8937861057111149E-08   3.2465015120664020E-09  -1.3259143782917704E-10   2.3637332487851381E-03  -8.4718287689611316E-04  -1.2050142977386713E-03   4.1064806282520294E-04   1.1638952419161797E-03   2.4083303287625313E-05  -1.3303342275321484E-03   6.3596700783818960E-04   1.0332877282053232E-03
     129   9.5922853797674179E-03   3.7173097953200340E-03   6.3353206496685743E-04  -1.0888174438150600E-04   3.5921182188758394E-06   1.4126513860901468E-06  -1.0670351713315540E-07  -1.8966218817695335E-08   2.8242772565079122E-09  -1.0096462554898267E-10   2.3634550161659718E-03  -8.0356630496680737E-04  -1.1950327316299081E-03   3.5954278428107500E-04   1.1169592617079616E-03   5.6462828069925308E-05  -1.2440524296835065E-03   5.7761749485507607E-04   1.1044632410630584E-03
     130   9.5947263762354851E-03   3.7052277475595474E-03   6.3392799347639084E-04  -1.0776877024909481E-04   3.3950573197216727E-06   1.3965052403364098E-06  -1.0226808910829277E-07  -1.8633215859154006E-08   2.7219388964994096E-09  -9.5978058833878777E-11   2.3765740916132927E-03  -7.8210065839812160E-04  -1.2109988601878285E-03   3.1569963903166354E-04   1.1030215537175536E-03   1.1005825945176184E-04  -1.1717758607119322E-03   4.9904373008757830E-04   1.2750640744343400E-03
     131   9.5996093004941940E-03   3.7939993198961020E-03   6.0528836911544204E-04  -1.1076159717049450E-04   5.5281789173022844E-06   1.3563253560278099E-06  -1.5740833703148382E-07  -1.8895081055347873E-08   4.1730889854818543E-09  -2.0180535020841717E-10   2.3612033110111952E-03  -9.4355928013101220E-04  -1.2242689263075590E-03   5.2579113980755210E-04   1.2664508540183306E-03  -5.1648305088747293E-05  -1.5239771455526352E-03   7.7070371480658650E-04   1.0599122615531087E-03
     132   9.6044922247529030E-03   3.8256130646914244E-03   5.9311150107532740E-04  -1.1146810720674694E-04   6.3383608903677668E-06   1.3314928537511150E-06  -1.7856649492387078E-07  -1.8851620708915107E-08   4.7342911813075261E-09  -2.4376459184516364E-10   2.3618079721927643E-03  -1.0018569882959127E-03  -1.2399291153997183E-03   5.9154903283342719E-04   1.3305043103173375E-03  -8.8581917225383222E-05  -1.6335789114236832E-03   8.3985499804839492E-04   1.3150247978046536E-03
     133   9.6093751490116119E-03   3.8148649036884308E-03   5.9632462216541171E-04  -1.1116836685687304E-04   6.0992679209448397E-06   1.3370428177950089E-06  -1.7235420557426551E-07  -1.8839170223827750E-08   4.5701731288261271E-09  -2.3166425722198625E-10   2.3617339320480824E-03  -9.8397035617381334E-04  -1.2361933477222919E-03   5.7024892885237932E-04   1.3112263986840844E-03  -7.5113086495548487E-05  -1.5980364987626672E-03   8.1604102160781622E-04   1.1334870941936970E-03
     134   9.6118170768022537E-03   3.7317329552024603E-03   6.1957066645845771E-04  -1.0772167297545820E-04   4.2181527533102781E-06   1.3524559108191170E-06  -1.2459200604553189E-07  -1.8287636294189724E-08   3.3325939785555647E-09  -1.4419548888255918E-10   2.3841990623623133E-03  -8.3401176379993558E-04  -1.2353322235867381E-03   3.6515318788588047E-04   1.1624672915786505E-03   8.9854627731256187E-05  -1.2591175036504865E-03   5.4923840798437595E-04   1.2716141063719988E-03
     135   9.6142580732703209E-03   3.6702882498502731E-03   6.4546911744400859E-04  -1.0711853246903047E-04   2.6010379770013969E-06   1.4232253988666344E-06  -8.1381870131735923E-08  -1.8720188066367882E-08   2.1647719172790403E-09  -5.3908072450425948E-11   2.3703575134277344E-03  -7.2507379809394479E-04  -1.1897515505552292E-03   2.5601967354305089E-04   1.0366099886596203E-03   1.3444059004541487E-04  -1.0727229528129101E-03   4.4962778338231146E-04   1.2237451737746596E-03
     136   9.6166990697383881E-03   3.7548360414803028E-03   6.1777362134307623E-04  -1.0983538231812418E-04   4.6271188693935983E-06   1.3828389455738943E-06  -1.3365534812237456E-07  -1.8942058588322652E-08   3.5379450480377272E-09  -1.5409058751192362E-10   2.3594074882566929E-03  -8.7849702686071396E-04  -1.2097045546397567E-03   4.4875792809762061E-04   1.1967648752033710E-03  -9.1179242645011982E-07  -1.3928404077887535E-03   6.7955208942294121E-04   1.1263539781793952E-03
     137   9.6179200336337090E-03   3.7792669609189034E-03   6.0575240058824420E-04  -1.0974629549309611E-04   5.3140897762204986E-06   1.3449500784190604E-06  -1.5220889792999515E-07  -1.8640005094994194E-08   4.0433936199235632E-09  -1.9400898942922851E-10   2.3703482002019882E-03  -9.2235876945778728E-04  -1.2373217614367604E-03   4.8417571815662086E-04   1.2517709983512759E-03  -7.4472586675256025E-07  -1.4530706685036421E-03   6.9568533217534423E-04   9.6131482860073447E-04
     138   9.6191409975290298E-03   3.8296442944556475E-03   5.9219746617600322E-04  -1.1200279550394043E-04   6.4554242271697149E-06   1.3389044397627003E-06  -1.8121805567261617E-07  -1.9019079644522208E-08   4.7961847826627491E-09  -2.4702134782117469E-10   2.3525911383330822E-03  -1.0139109799638391E-03  -1.2303736293688416E-03   6.1645079404115677E-04   1.3383710756897926E-03  -1.1852820171043277E-04  -1.6740753781050444E-03   8.8285293895751238E-04   1.0928880656138062E-03
     139   9.6203619614243507E-03   3.7344605661928654E-03   6.2012195121496916E-04  -1.0831672989297658E-04   4.2519527596596163E-06   1.3663304798683384E-06  -1.2474096422465664E-07  -1.8528705680864732E-08   3.3206077887371066E-09  -1.4119702629322717E-10   2.3757126182317734E-03  -8.4247370250523090E-04  -1.2275970075279474E-03   3.8323883200064301E-04   1.1698296293616295E-03   7.3592702392488718E-05  -1.2838765978813171E-03   5.6798779405653477E-04   9.2875963309779763E-04
     140   9.6215829253196716E-03   3.7326437886804342E-03   6.2145688571035862E-04  -1.0844813368748873E-04   4.1965354284911882E-06   1.3721549976253300E-06  -1.2320528242071305E-07  -1.8593974360214816E-08   3.2780689274147790E-09  -1.3757711636586123E-10   2.3723188787698746E-03  -8.3950394764542580E-04  -1.2210903223603964E-03   3.8499626680277288E-04   1.1632438981905580E-03   6.3201805460266769E-05  -1.2876738328486681E-03   5.8294786140322685E-04   1.2395385419949889E-03
     141   9.6228029578924179E-03   3.7764320150017738E-03   6.0773699078708887E-04  -1.0998949437635019E-04   5.2297796173661482E-06   1.3552406699091080E-06  -1.4973898032621946E-07  -1.8763923748110756E-08   3.9724676881291998E-09  -1.8778610610947766E-10   2.3644536267966032E-03  -9.1911421623080969E-04  -1.2281370582059026E-03   4.8801986849866807E-04   1.2451962102204561E-03  -1.2431368304532953E-05  -1.4581797877326608E-03   7.0901127764955163E-04   8.6761155398562551E-04
     142   9.6240239217877388E-03   3.7383949384093285E-03   6.2061549397185445E-04  -1.0891364945564419E-04   4.3049112719018012E-06   1.3782928363070823E-06  -1.2559230810893496E-07  -1.8739809704015897E-08   3.3319376147034063E-09  -1.4032036643740753E-10   2.3674548137933016E-03  -8.5122149903327227E-04  -1.2180829653516412E-03   4.0358849219046533E-04   1.1750991689041257E-03   4.9150774430017918E-05  -1.3152753235772252E-03   6.0182693414390087E-04   1.0584600968286395E-03
     143   9.6252448856830597E-03   3.7864933256059885E-03   6.0937332455068827E-04  -1.1144606833113357E-04   5.3492094593821093E-06   1.3842517319062608E-06  -1.5169375444656907E-07  -1.9269455364678834E-08   3.9991436828756832E-09  -1.8570404936024687E-10   2.3447081912308931E-03  -9.3903829110786319E-04  -1.2031139340251684E-03   5.3782481700181961E-04   1.2551879044622183E-03  -7.6969867222942412E-05  -1.5378238167613745E-03   7.9696439206600189E-04   1.2530427193269134E-03
     144   9.6264649182558060E-03   3.7594102323055267E-03   6.1746319988742471E-04  -1.1044551501981914E-04   4.7267708396248054E-06   1.3925263147029909E-06  -1.3581818336660945E-07  -1.9134295925482547E-08   3.5863905178956657E-09  -1.5618926985094816E-10   2.3497384972870350E-03  -8.9028652291744947E-04  -1.1989208869636059E-03   4.7469150740653276E-04   1.2046708725392818E-03  -3.1606181437382475E-05  -1.4341508504003286E-03   7.2210119105875492E-04   1.0252932552248240E-03
     145   9.6289068460464478E-03   3.7045211065560579E-03   6.3293671701103449E-04  -1.0822296462720260E-04   3.4755121305352077E-06   1.4052116057428066E-06  -1.0382817805520972E-07  -1.8812290392133946E-08   2.7522879531005628E-09  -9.6709806829409217E-11   2.3644994944334030E-03  -7.9178874148055911E-04  -1.1998103000223637E-03   3.3831523614935577E-04   1.1084933066740632E-03   8.2719139754772186E-05  -1.2064176844432950E-03   5.3699954878538847E-04   9.7991584334522486E-04
     146   9.6484376117587090E-03   3.8507119752466679E-03   5.8505625929683447E-04  -1.1324635852361098E-04   7.0223163675109390E-06   1.3407542382992688E-06  -1.9527200834090763E-07  -1.9293516118068510E-08   5.1533999290143129E-09  -2.7128174706625430E-10   2.3368406109511852E-03  -1.0615336941555142E-03  -1.2217717012390494E-03   6.8910291884094477E-04   1.3827884104102850E-03  -1.8350483151152730E-04  -1.7918077064678073E-03   9.8195485770702362E-04   1.0839336318895221E-03
     147   9.6508786082267761E-03   3.7370321806520224E-03   6.2083237571641803E-04  -1.0940063657471910E-04   4.3394602471380495E-06   1.3891799426346552E-06  -1.2609376653927029E-07  -1.8928155043340666E-08   3.3367744123324883E-09  -1.3918964592019023E-10   2.3546630982309580E-03  -8.5708219558000565E-04  -1.2021530419588089E-03   4.2565932380966842E-04   1.1732946150004864E-03   1.2623991096916143E-05  -1.3525005197152495E-03   6.5254740184172988E-04   1.0474924929440022E-03
     148   9.6533205360174179E-03   3.7294540088623762E-03   6.2334450194612145E-04  -1.0921612556558102E-04   4.1684525058371946E-06   1.3932628917245893E-06  -1.2175006247616693E-07  -1.8914999344588068E-08   3.2245790482221537E-09  -1.3106780938354490E-10   2.3536467924714088E-03  -8.4399030311033130E-04  -1.1967493919655681E-03   4.1271699592471123E-04   1.1572747025638819E-03   1.5041596270748414E-05  -1.3326171319931746E-03   6.4659869531169534E-04   1.0271582286804914E-03
     149   9.6557615324854851E-03   3.6620043683797121E-03   6.4037408446893096E-04  -1.0603501868899912E-04   2.6786958642333047E-06   1.3955785789221409E-06  -8.4091439589428774E-08  -1.8332956486233343E-08   2.2519857090230744E-09  -6.3327842969584935E-11   2.3792169522494078E-03  -7.2248862124979496E-04  -1.2093167752027512E-03   2.3417129705194384E-04   1.0435404255986214E-03   1.7668846703600138E-04  -1.0349942604079843E-03   3.9207626832649112E-04   1.0505650425329804E-03
     150   9.6569824963808060E-03   3.7480588071048260E-03   6.1078788712620735E-04  -1.0845782526303083E-04   4.7876228563836776E-06   1.3426547411654610E-06  -1.3910693041907507E-07  -1.8383390809617595E-08   3.7107790173962485E-09  -1.7144201336360965E-10   2.3723233025521040E-03  -8.7741331662982702E-04  -1.2332160258665681E-03   4.2584977927617729E-04   1.2044145260006189E-03   3.9407957956427708E-05  -1.3586852001026273E-03   6.3061161199584603E-04   1.0610055178403854E-03
     151   9.6582025289535522E-03   3.6668733227998018E-03   6.3457048963755369E-04  -1.0531494626775384E-04   2.9065859052934684E-06   1.3664798643731046E-06  -9.0825345466782892E-08  -1.7974306487644753E-08   2.4476209947721372E-09  -8.0711437533409480E-11   2.3923909757286310E-03  -7.3127186624333262E-04  -1.2318965746089816E-03   2.2590969456359744E-04   1.0612992336973548E-03   2.0596718240994960E-04  -1.0235315421596169E-03   3.5820543416775763E-04   9.9723995663225651E-04
     152   9.6679683774709702E-03   3.7724711000919342E-03   6.0706480871886015E-04  -1.1040896060876548E-04   5.2758264246222097E-06   1.3653274208991206E-06  -1.5039081802115106E-07  -1.8952356128920655E-08   3.9784229244332892E-09  -1.8661915068829416E-10   2.3498721420764923E-03  -9.2621118528768420E-04  -1.2134639546275139E-03   5.1019369857385755E-04   1.2465538457036018E-03  -4.3506362999323756E-05  -1.4927398879081011E-03   7.4978958582505584E-04   9.6026767278090119E-04
     153   9.6704103052616119E-03   3.7492921110242605E-03   6.1743473634123802E-04  -1.1034858471248299E-04   4.6570621634600684E-06   1.3964652225695318E-06  -1.3375057505982113E-07  -1.9181168653403802E-08   3.5262905928590271E-09  -1.5119443197431082E-10   2.3415039759129286E-03  -8.8549853535369039E-04  -1.1911072069779038E-03   4.7417698078788817E-04   1.1965632438659668E-03  -3.8002937799319625E-05  -1.4318334870040417E-03   7.2844413807615638E-04   1.0492388391867280E-03
     154   9.6728513017296791E-03   3.8243136368691921E-03   5.8668392011895776E-04  -1.1139785056002438E-04   6.6121624513471033E-06   1.3194370467317640E-06  -1.8555266478870180E-07  -1.8797038592310855E-08   4.9172186322721245E-09  -2.5758487010030251E-10   2.3534502834081650E-03  -1.0207202285528183E-03  -1.2418248225003481E-03   6.1450287466868758E-04   1.3516071485355496E-03  -9.9390417744871229E-05  -1.6678249230608344E-03   8.5696222959086299E-04   1.0329617653042078E-03
     155   9.6777342259883881E-03   3.7653159815818071E-03   6.0489476891234517E-04  -1.0939437197521329E-04   5.2432283155212644E-06   1.3426798659565975E-06  -1.5041744916288735E-07  -1.8582339222916744E-08   3.9985033062350794E-09  -1.9112601779003313E-10   2.3614917881786823E-03  -9.1550097567960620E-04  -1.2292678002268076E-03   4.8131332732737064E-04   1.2417867546901107E-03  -5.7582246881793253E-06  -1.4473714400082827E-03   7.0026883622631431E-04   1.0038012405857444E-03
     156   9.6875000745058060E-03   3.6810068413615227E-03   6.3409347785636783E-04  -1.0730548819992691E-04   3.1968011171557009E-06   1.4007516710989876E-06  -9.6800214066661283E-08  -1.8639111587503976E-08   2.5720512386584460E-09  -8.4584506065965570E-11   2.3619069252163172E-03  -7.6704338425770402E-04  -1.1977147078141570E-03   3.0522307497449219E-04   1.0833489941433072E-03   1.0925318201771006E-04  -1.1503899004310369E-03   4.9343251157552004E-04   1.1804117821156979E-03
     157   9.7070317715406418E-03   3.9143608883023262E-03   5.5935804266482592E-04  -1.1543266009539366E-04   8.7974840425886214E-06   1.3024605323153082E-06  -2.4121746378114040E-07  -1.9444764021159244E-08   6.3648242232261509E-09  -3.6012073878488593E-10   2.3169107735157013E-03  -1.1940004769712687E-03  -1.2280530063435435E-03   8.6500734323635697E-04   1.5152944251894951E-03  -3.2253688550554216E-04  -2.0860852673649788E-03   1.2117638252675533E-03   1.0245098965242505E-03
     158   9.7265625372529030E-03   3.7158825434744358E-03   6.1658944468945265E-04  -1.0790380474645644E-04   4.2654760363802779E-06   1.3612150269182166E-06  -1.2493019596604427E-07  -1.8479704877449876E-08   3.3234830443262808E-09  -1.4158321737234303E-10   2.3603148292750120E-03  -8.4121775580570102E-04  -1.2174776056781411E-03   3.8866419345140457E-04   1.1642111930996180E-03   6.1235194152686745E-05  -1.2903404422104359E-03   5.8441812871024013E-04   1.1567304609343410E-03
     159   9.7363274544477463E-03   3.6737006157636642E-03   6.3354603480547667E-04  -1.0747328633442521E-04   3.1946574381436221E-06   1.4073910961087677E-06  -9.6368459878704016E-08  -1.8753576469521249E-08   2.5530686453834051E-09  -8.2158044256708251E-11   2.3495438508689404E-03  -7.6890439959242940E-04  -1.1854964541271329E-03   3.1790061620995402E-04   1.0802171891555190E-03   8.7856227764859796E-05  -1.1694942368194461E-03   5.2152347052469850E-04   1.1766196694225073E-03
     160   9.7387693822383881E-03   3.7432010285556316E-03   6.1170343542471528E-04  -1.0991241288138554E-04   4.8468305067217443E-06   1.3791186574962921E-06  -1.3897835060561192E-07  -1.9000749418296436E-08   3.6722711538317299E-09  -1.6342005526581715E-10   2.3361747153103352E-03  -8.9498568559065461E-04  -1.1936055961996317E-03   4.8408794100396335E-04   1.2071899836882949E-03  -4.2051924538100138E-05  -1.4479055535048246E-03   7.3689687997102737E-04   1.1236619902774692E-03
     161   9.7399894148111343E-03   3.7086375523358583E-03   6.2102894298732281E-04  -1.0840795584954321E-04   4.0748232095211279E-06   1.3831964906785288E-06  -1.1947301459258597E-07  -1.8738177232080488E-08   3.1691023139046592E-09  -1.2818622552313030E-10   2.3465226404368877E-03  -8.3258090307936072E-04  -1.1945972219109535E-03   3.9754234603606164E-04   1.1455981293693185E-03   2.8330990971880965E-05  -1.3053632574155927E-03   6.2446016818284988E-04   1.1243618791922927E-03
     162   9.7412103787064552E-03   3.7737712264060974E-03   6.0312467394396663E-04  -1.1124328739242628E-04   5.5476671150245238E-06   1.3745510614171508E-06  -1.5674702069645718E-07  -1.9224479785862059E-08   4.1321381871739504E-09  -1.9578459686808714E-10   2.3262475151568651E-03  -9.5114851137623191E-04  -1.1917700758203864E-03   5.6286592734977603E-04   1.2618934269994497E-03  -1.0805038618855178E-04  -1.5782577684149146E-03   8.4264943143352866E-04   1.0549634462222457E-03
     163   9.7436513751745224E-03   3.8583818823099136E-03   5.7371100410819054E-04  -1.1357955372659490E-04   7.6260789683146868E-06   1.3215844774094876E-06  -2.1090825441660854E-07  -1.9265341322238783E-08   5.5669078236064706E-09  -3.0211350088293898E-10   2.3205410689115524E-03  -1.1041394900530577E-03  -1.2183054350316525E-03   7.4945460073649883E-04   1.4233519323170185E-03  -2.3493531625717878E-04  -1.8912429222837090E-03   1.0641539702191949E-03   9.9177251104265451E-04
     164   9.7460933029651642E-03   3.6822392139583826E-03   6.2445469666272402E-04  -1.0655817459337413E-04   3.5825389659294160E-06   1.3651468862008187E-06  -1.0764423308273763E-07  -1.8254219469326927E-08   2.8773281535166007E-09  -1.1028331720064344E-10   2.3656650446355343E-03  -7.8617775579914451E-04  -1.2147515080869198E-03   3.1548982951790094E-04   1.1088246246799827E-03   1.1793340672738850E-04  -1.1692935368046165E-03   4.9122021300718188E-04   9.2890049563720822E-04
     165   9.7656250000000000E-03   3.7221575621515512E-03   6.1086821369826794E-04  -1.0812477557919919E-04   4.5824144763173535E-06   1.3521179198505706E-06  -1.3304050128226663E-07  -1.8480907471030150E-08   3.5357112793121814E-09  -1.5722169399712271E-10   2.3540963884443045E-03  -8.6453638505190611E-04  -1.2191917048767209E-03   4.1853191214613616E-04   1.1891259346157312E-03   4.2370480514364317E-05  -1.3375666458159685E-03   6.1481411103159189E-04   9.9610432516783476E-04
     166   9.7753908485174179E-03   3.8267970085144043E-03   5.8373337378725410E-04  -1.1319151235511526E-04   6.9384332164190710E-06   1.3501239664037712E-06  -1.9248236071689462E-07  -1.9432157216670021E-08   5.0683111041394113E-09  -2.6364788130450734E-10   2.3104820866137743E-03  -1.0572291212156415E-03  -1.1964670848101377E-03   7.0395902730524540E-04   1.3685614103451371E-03  -2.1781845134682953E-04  -1.8125433707609773E-03   1.0228503961116076E-03   9.4506674213334918E-04
     167   9.7802737727761269E-03   3.6817768123000860E-03   6.2240293482318521E-04  -1.0678838589228690E-04   3.6913020267093088E-06   1.3670774023921695E-06  -1.1013797518444335E-07  -1.8341005159072665E-08   2.9363693698769566E-09  -1.1384993642282737E-10   2.3575213272124529E-03  -7.9587043728679419E-04  -1.2095961719751358E-03   3.3270145650021732E-04   1.1168653145432472E-03   1.0126866254722700E-04  -1.1956640519201756E-03   5.1431416068226099E-04   1.0928957490250468E-03
     168   9.7851566970348358E-03   3.6500438582152128E-03   6.3219916773959994E-04  -1.0575728811090812E-04   2.9571399409178412E-06   1.3808133871862083E-06  -9.1213728126149363E-08  -1.8246964827994816E-08   2.4398503217781808E-09  -7.7736060644095772E-11   2.3609774652868509E-03  -7.4010103708133101E-04  -1.2023998424410820E-03   2.6251957751810551E-04   1.0589102748781443E-03   1.5131752297747880E-04  -1.0784717742353678E-03   4.2991107329726219E-04   1.1745231458917260E-03
     169   9.7949225455522537E-03   3.7885967176407576E-03   5.8975035790354013E-04  -1.1097155220340937E-04   6.2220783547672909E-06   1.3355244163903990E-06  -1.7486203773842135E-07  -1.8909696919422458E-08   4.6246353413437191E-09  -2.3476590116366935E-10   2.3291597608476877E-03  -9.9354644771665335E-04  -1.2136313598603010E-03   6.0060585383325815E-04   1.3135231565684080E-03  -1.1346305836923420E-04  -1.6405836213380098E-03   8.6431764066219330E-04   1.0710674105212092E-03
     170   9.7973635420203209E-03   3.7780876737087965E-03   5.9331418015062809E-04  -1.1071837798226625E-04   5.9778772083518561E-06   1.3419819424598245E-06  -1.6857362084010674E-07  -1.8905542020775101E-08   4.4597814330415986E-09  -2.2261618937147176E-10   2.3282957263290882E-03  -9.7511243075132370E-04  -1.2073032557964325E-03   5.8101845206692815E-04   1.2916270643472672E-03  -1.0676459351088852E-04  -1.6095712780952454E-03   8.5136998677626252E-04   1.1253004195168614E-03
     171   9.7998045384883881E-03   3.6892655771225691E-03   6.1962602194398642E-04  -1.0736096737673506E-04   3.9193200791487470E-06   1.3696344467462040E-06  -1.1575864533597269E-07  -1.8478276686550998E-08   3.0788231963896351E-09  -1.2335281407427345E-10   2.3482257965952158E-03  -8.1550318282097578E-04  -1.2021667789667845E-03   3.6617059959098697E-04   1.1333205038681626E-03   6.6845714172814041E-05  -1.2503694742918015E-03   5.6582724209874868E-04   1.0232408531010151E-03
     172   9.8022464662790298E-03   3.6417301744222641E-03   6.3347566174343228E-04  -1.0553866013651714E-04   2.8301024030952249E-06   1.3829898080075509E-06  -8.7913029744868254E-08  -1.8230680964848034E-08   2.3529163062363523E-09  -7.1393807532516007E-11   2.3587972391396761E-03  -7.3013739893212914E-04  -1.1986414901912212E-03   2.5191617896780372E-04   1.0471777059137821E-03   1.5569364768452942E-04  -1.0609234450384974E-03   4.2127975029870868E-04   9.8159641493111849E-04
     173   9.8046874627470970E-03   3.6025941371917725E-03   6.4480019500479102E-04  -1.0403162013972178E-04   1.9265314676886192E-06   1.3948376818007091E-06  -6.4643607800007885E-08  -1.8042841887222494E-08   1.7424847120750542E-09  -2.7426335508229371E-11   2.3684499319642782E-03  -6.6044036066159606E-04  -1.1990973725914955E-03   1.5549594536423683E-04   9.8020746372640133E-04   2.3932408657856286E-04  -8.9784170268103480E-04   2.8413228574208915E-04   1.0731692891567945E-03
     174   9.8437499254941940E-03   3.6820769309997559E-03   6.2245869776234031E-04  -1.0816005669767037E-04   3.8284429138002452E-06   1.3952433164376998E-06  -1.1255572474055953E-07  -1.8845147664592332E-08   2.9767706077876710E-09  -1.1286151180289750E-10   2.3258100263774395E-03  -8.1619928823783994E-04  -1.1723805218935013E-03   3.9345378172583878E-04   1.1212597601115704E-03   1.3334934919839725E-05  -1.2943353503942490E-03   6.3517817761749029E-04   1.0708384215831757E-03
     175   9.9999997764825821E-03   3.5974618513137102E-03   6.3179247081279755E-04  -1.0469686094438657E-04   2.5498909508314682E-06   1.3882937537346152E-06  -7.9865209556828631E-08  -1.8249334488018576E-08   2.1261521432336394E-09  -5.3823452639267799E-11   2.3298982996493578E-03  -7.0938770659267902E-04  -1.1772045399993658E-03   2.3909864830784500E-04   1.0213794885203242E-03   1.5814101789146662E-04  -1.0286178439855576E-03   4.0250230813398957E-04   9.5775537192821503E-04
     176   1.0004882700741291E-02   3.7161014042794704E-03   5.9584743576124310E-04  -1.0917147301370278E-04   5.3344901971286163E-06   1.3497202644430217E-06  -1.5131050190575479E-07  -1.8811116220263102E-08   3.9944363372512726E-09  -1.8822406133711667E-10   2.3023728281259537E-03  -9.2507532099261880E-04  -1.1845113476738334E-03   5.2907323697581887E-04   1.2360864784568548E-03  -7.4367781053297222E-05  -1.5127323567867279E-03   7.8391906572505832E-04   1.1248746886849403E-03
     177   1.0009765625000000E-02   3.6763525567948818E-03   6.0810340801253915E-04  -1.0784723417600617E-04   4.4146413529233541E-06   1.3659359865414444E-06  -1.2766815871145809E-07  -1.8675295976322559E-08   3.3758249529114437E-09  -1.4343223830870500E-10   2.3072196636348963E-03  -8.5465074516832829E-04  -1.1755271116271615E-03   4.4048167183063924E-04   1.1625792831182480E-03  -1.2346812582109123E-05  -1.3661574339494109E-03   6.7824503639712930E-04   1.0381054598838091E-03
     178   1.0012207552790642E-02   3.6252911668270826E-03   6.2537367921322584E-04  -1.0641518019838259E-04   3.1821152788324980E-06   1.3964018990009208E-06  -9.5590877435824950E-08  -1.8637846821434323E-08   2.5267534731199248E-09  -8.0603648755506185E-11   2.3103964049369097E-03  -7.6327857095748186E-04  -1.1594684328883886E-03   3.2906525302678347E-04   1.0653155623003840E-03   6.1774670029990375E-05  -1.1799278436228633E-03   5.5034749675542116E-04   9.4786344561725855E-04
     179   1.0013427585363388E-02   3.6495714448392391E-03   6.1533699044957757E-04  -1.0674258373910561E-04   3.8218036024773028E-06   1.3705601986657712E-06  -1.1262279997481528E-07  -1.8500429632695159E-08   2.9857496475216294E-09  -1.1583398823455937E-10   2.3139952681958675E-03  -8.0699648242443800E-04  -1.1748088290914893E-03   3.7552620051428676E-04   1.1144556337967515E-03   3.8268706703092903E-05  -1.2592264683917165E-03   5.9796235291287303E-04   1.3726608594879508E-03
     180   1.0014648549258709E-02   3.6129935178905725E-03   6.2295980751514435E-04  -1.0465046216268092E-04   3.0561186576960608E-06   1.3603906836578972E-06  -9.3710333715080196E-08  -1.8019097325350231E-08   2.5077224741210102E-09  -8.4168678970986122E-11   2.3334017023444176E-03  -7.4086530366912484E-04  -1.1897730873897672E-03   2.7137013967148960E-04   1.0562936076894403E-03   1.4036030916031450E-04  -1.0866653174161911E-03   4.4037363841198385E-04   1.1739295441657305E-03
     181   1.0019531473517418E-02   3.4992729779332876E-03   6.5986864501610398E-04  -1.0110517177963629E-04   3.4454646424819657E-07   1.4180922107698279E-06  -2.3404572502272458E-08  -1.7790972250963932E-08   6.5290256534566993E-10   5.1927830091447191E-11   2.3466288112103939E-03  -5.3722690790891647E-04  -1.1641852324828506E-03   1.4000793271407019E-05   8.4505125414580107E-04   3.2622250728309155E-04  -6.5590924350544810E-04   1.2485525803640485E-04   1.0799056617543101E-03
     182   1.0029297322034836E-02   3.6487521138042212E-03   6.1217794427648187E-04  -1.0628574091242626E-04   3.9128494790929835E-06   1.3559663329942850E-06  -1.1528278065497943E-07  -1.8316827166131588E-08   3.0627276270678294E-09  -1.2291782869322532E-10   2.3194882087409496E-03  -8.1008078996092081E-04  -1.1870852904394269E-03   3.6845411523245275E-04   1.1240198509767652E-03   6.0491231124615297E-05  -1.2459369609132409E-03   5.6715053506195545E-04   1.2801722623407841E-03
     183   1.0031738318502903E-02   3.7177335470914841E-03   5.8892113156616688E-04  -1.0835508874151856E-04   5.5925938795553520E-06   1.3172822264095885E-06  -1.5895881233518594E-07  -1.8411986602018260E-08   4.2177776826690661E-09  -2.0806714684518113E-10   2.3118339013308287E-03  -9.3492848100140691E-04  -1.2036892585456371E-03   5.2526994841173291E-04   1.2531041866168380E-03  -5.3343654144555330E-05  -1.5092641115188599E-03   7.6314748730510473E-04   1.1845579138025641E-03
     184   1.0032959282398224E-02   3.7241003010421991E-03   5.8719271328300238E-04  -1.0866175580304116E-04   5.7321908570884261E-06   1.3178391782275867E-06  -1.6235100019912352E-07  -1.8483341079900129E-08   4.3022558848804238E-09  -2.1368631863971643E-10   2.3098157253116369E-03  -9.4710791017860174E-04  -1.2046585325151682E-03   5.4098066175356507E-04   1.2666539987549186E-03  -6.2101484218146652E-05  -1.5333088813349605E-03   7.7591859735548496E-04   1.1590593494474888E-03
     185   1.0034179314970970E-02   3.6589230876415968E-03   6.0527509776875377E-04  -1.0591886530164629E-04   4.2524461605353281E-06   1.3298036947162473E-06  -1.2466888676954113E-07  -1.8053015082841739E-08   3.3230531659711460E-09  -1.4430996675418584E-10   2.3290226235985756E-03  -8.2943582674488425E-04  -1.2074945261701941E-03   3.7654716288670897E-04   1.1520416010171175E-03   7.6274234743323177E-05  -1.2597454478964210E-03   5.5362505372613668E-04   9.9945603869855404E-04
     186   1.0039062239229679E-02   3.6739564966410398E-03   6.0727278469130397E-04  -1.0801350435940549E-04   4.4545627133629750E-06   1.3692529137188103E-06  -1.2847453945141751E-07  -1.8750242247733695E-08   3.3924936193585609E-09  -1.4402101733423933E-10   2.2996854968369007E-03  -8.5894297808408737E-04  -1.1685580248013139E-03   4.5217119622975588E-04   1.1640150332823396E-03  -2.8142123483121395E-05  -1.3843722408637404E-03   7.0025940658524632E-04   1.2645405950024724E-03
     187   1.0078124701976776E-02   3.7114589940756559E-03   5.9206405421718955E-04  -1.0934376041404903E-04   5.4959759836492594E-06   1.3489129742083605E-06  -1.5517559859290486E-07  -1.8881042507246093E-08   4.0906442677624000E-09  -1.9469333090160745E-10   2.2880965843796730E-03  -9.3814777210354805E-04  -1.1750092962756753E-03   5.5451010121032596E-04   1.2460068101063371E-03  -1.0119221406057477E-04  -1.5519959852099419E-03   8.2109885988757014E-04   1.5494397375732660E-03
     188   1.0097656399011612E-02   3.6811137106269598E-03   5.9463584329932928E-04  -1.0715744429035112E-04   4.9946697799896356E-06   1.3233462823336595E-06  -1.4344665544285817E-07  -1.8273146551450736E-08   3.8092835552561155E-09  -1.7863852064259333E-10   2.3087125737220049E-03  -8.8794785551726818E-04  -1.1969923507422209E-03   4.6566658420488238E-04   1.2053847312927246E-03  -6.7046498770650942E-06  -1.4070473844185472E-03   6.8145123077556491E-04   1.0119430953636765E-03
     189   1.0100098326802254E-02   3.7571245338767767E-03   5.7476956862956285E-04  -1.1071038898080587E-04   6.6957418312085792E-06   1.3196510053603561E-06  -1.8636912102465431E-07  -1.8928606237977874E-08   4.9156962944607585E-09  -2.5563515193560704E-10   2.2803936153650284E-03  -1.0264426236972213E-03  -1.1855192715302110E-03   6.6613178933039308E-04   1.3363827019929886E-03  -1.8392885976936668E-04  -1.7396198818460107E-03   9.6316833514720201E-04   1.4185550389811397E-03
     190   1.0101318359375000E-02   3.6663757637143135E-03   6.0114066582173109E-04  -1.0714193922467530E-04   4.6067689254414290E-06   1.3435857226795633E-06  -1.3297182022142806E-07  -1.8428986336971320E-08   3.5237592843628818E-09  -1.5616270776508401E-10   2.3028710857033730E-03  -8.6261180695146322E-04  -1.1824514949694276E-03   4.4361833715811372E-04   1.1737045133486390E-03  -4.4604416871152353E-06  -1.3694362714886665E-03   6.7122105974704027E-04   1.0626466246321797E-03
     191   1.0102539323270321E-02   3.5621745046228170E-03   6.3207349739968777E-04  -1.0318182467017323E-04   2.1908956568950089E-06   1.3752256791121908E-06  -7.1081650787618855E-08  -1.7912565652977719E-08   1.9074732904300618E-09  -4.0160298697689001E-11   2.3264624178409576E-03  -6.7462614970281720E-04  -1.1755942832678556E-03   1.9140960648655891E-04   9.8608166445046663E-04   1.9621200044639409E-04  -9.4942428404465318E-04   3.4132390283048153E-04   1.0953505989164114E-03
     192   1.0107422247529030E-02   3.5458314232528210E-03   6.3516345107927918E-04  -1.0226509766653180E-04   1.8671946691029007E-06   1.3702417618333129E-06  -6.3128062777195737E-08  -1.7698630117024550E-08   1.7073779057241723E-09  -2.7011870171178565E-11   2.3340911138802767E-03  -6.4619473414495587E-04  -1.1810803553089499E-03   1.4740374172106385E-04   9.6014520386233926E-04   2.3733383568469435E-04  -8.7714235996827483E-04   2.7864269213750958E-04   1.1539330007508397E-03
     193   1.0109863243997097E-02   3.5655777901411057E-03   6.2961562070995569E-04  -1.0313778329873458E-04   2.3239185793499928E-06   1.3672322438651463E-06  -7.4744924916103628E-08  -1.7841903954263216E-08   2.0090276109385741E-09  -4.8313075762251856E-11   2.3271213285624981E-03  -6.8259570980444551E-04  -1.1787365656346083E-03   1.9951665308326483E-04   9.9461909849196672E-04   1.9125727703794837E-04  -9.6408335957676172E-04   3.5286080674268305E-04   1.0458953911438584E-03
     194   1.0112304240465164E-02   3.7500585895031691E-03   5.7327357353642583E-04  -1.0988610301865265E-04   6.6489697019278537E-06   1.3024343843426323E-06  -1.8582611005513172E-07  -1.8638045773400336E-08   4.9164561310988120E-09  -2.5806079495538370E-10   2.2888269741088152E-03  -1.0167317232117057E-03  -1.1972296051681042E-03   6.4240727806463838E-04   1.3317870907485485E-03  -1.5280448133125901E-04  -1.7017326317727566E-03   9.1951095964759588E-04   1.2113089906051755E-03
     195   1.0117187164723873E-02   3.6493113730102777E-03   6.0680683236569166E-04  -1.0693950025597587E-04   4.2240944821969606E-06   1.3595871450888808E-06  -1.2272461447082605E-07  -1.8522543498988853E-08   3.2466365151861964E-09  -1.3478144988976481E-10   2.2975658066570759E-03  -8.3676812937483191E-04  -1.1705906363204122E-03   4.1858796612359583E-04   1.1441468959674239E-03   6.0165230024722405E-06  -1.3258307008072734E-03   6.4545759232714772E-04   1.1174319079145789E-03
     196   1.0119628161191940E-02   3.5470987204462290E-03   6.3937384402379394E-04  -1.0357410064898431E-04   1.8021196410700213E-06   1.4059027080293163E-06  -6.0178997784987587E-08  -1.8233210496987340E-08   1.6022067006460361E-09  -1.4884661211911343E-11   2.3121417034417391E-03  -6.5296282991766930E-04  -1.1507034068927169E-03   1.8361739057581872E-04   9.5443928148597479E-04   1.7787730030249804E-04  -9.3383103376254439E-04   3.5683420719578862E-04   1.0934612946584821E-03
     197   1.0122070088982582E-02   3.6869223695248365E-03   5.9174193302169442E-04  -1.0760965233203024E-04   5.2087316362303682E-06   1.3238083056421601E-06  -1.4880643561809848E-07  -1.8371297372254958E-08   3.9471865775908554E-09  -1.8813922642024750E-10   2.3000424262136221E-03  -9.0545113198459148E-04  -1.1901233810931444E-03   4.9557513557374477E-04   1.2192499125376344E-03  -3.9109156205086038E-05  -1.4566801255568862E-03   7.3163153138011694E-04   1.1068482417613268E-03
     198   1.0124511085450649E-02   3.6610329989343882E-03   5.9910846175625920E-04  -1.0660549014573917E-04   4.6136487981129903E-06   1.3316833928911365E-06  -1.3343128557607997E-07  -1.8252610090030430E-08   3.5423706190584880E-09  -1.5886544857401930E-10   2.3067614529281855E-03  -8.5955392569303513E-04  -1.1914201313629746E-03   4.3101204209960997E-04   1.1756096500903368E-03   1.8387660020380281E-05  -1.3470695121213794E-03   6.3799472991377115E-04   1.0121148079633713E-03
     199   1.0126952081918716E-02   3.6454896908253431E-03   6.0769607080146670E-04  -1.0693430522223935E-04   4.1605676415201742E-06   1.3631939737024368E-06  -1.2098276158667431E-07  -1.8553414804500790E-08   3.1988842685848340E-09  -1.3099020479412360E-10   2.2948312107473612E-03  -8.3272659685462713E-04  -1.1665984056890011E-03   4.1642782161943614E-04   1.1383910896256566E-03   3.7704078295064392E-06  -1.3216561637818813E-03   6.4781081164255738E-04   1.0237840469926596E-03
     200   1.0136717930436134E-02   3.7368475459516048E-03   5.7581713190302253E-04  -1.0957330232486129E-04   6.4180276240222156E-06   1.3086839771858649E-06  -1.7963593279546330E-07  -1.8648703914436737E-08   4.7489026044900129E-09  -2.4539553722391361E-10   2.2862036712467670E-03  -1.0000765323638916E-03  -1.1933045461773872E-03   6.2240671832114458E-04   1.3145075645297766E-03  -1.3743729505222291E-04  -1.6659651882946491E-03   8.9170126011595130E-04   1.1688681552186608E-03
     201   1.0139159858226776E-02   3.6072188522666693E-03   6.1254837783053517E-04  -1.0428235691506416E-04   3.4559745927253971E-06   1.3372905414144043E-06  -1.0406165529275313E-07  -1.7858818424087985E-08   2.7819284653674003E-09  -1.0545674056228194E-10   2.3216051049530506E-03  -7.6626520603895187E-04  -1.1946705635637045E-03   2.9967981390655041E-04   1.0854563442990184E-03   1.3056177704129368E-04  -1.1284177890047431E-03   4.5796946506015956E-04   1.0772332316264510E-03
     202   1.0141600854694843E-02   3.6928805056959391E-03   5.8692530728876591E-04  -1.0756033589132130E-04   5.4587944759987295E-06   1.3106631513437605E-06  -1.5546171994174074E-07  -1.8277511060205143E-08   4.1264631711612765E-09  -2.0211557427707305E-10   2.3008191492408514E-03  -9.2159962514415383E-04  -1.1978393886238337E-03   5.1042687846347690E-04   1.2386048911139369E-03  -4.2090694478247315E-05  -1.4808875275775790E-03   7.4148306157439947E-04   1.1924420250579715E-03
     203   1.0144041851162910E-02   3.4878314472734928E-03   6.5253488719463348E-04  -1.0082097287522629E-04   5.8253232282368117E-07   1.4050016261535347E-06  -2.9423144809470614E-08  -1.7714121725020959E-08   8.1025197662398796E-10   3.9890899611316755E-11   2.3307115770876408E-03  -5.5246253032237291E-04  -1.1595253599807620E-03   3.7133184378035367E-05   8.5967505583539605E-04   3.0903052538633347E-04  -6.8975589238107204E-04   1.4949959586374462E-04   1.1569233611226082E-03
     204   1.0146483778953552E-02   3.6987501662224531E-03   5.8595015434548259E-04  -1.0804874909808859E-04   5.5855439313745592E-06   1.3158263527657255E-06  -1.5847631118504069E-07  -1.8410164059901035E-08   4.2004102418502498E-09  -2.0658245947213771E-10   2.2944123484194279E-03  -9.3382946215569973E-04  -1.1912629706785083E-03   5.3321046289056540E-04   1.2481651501730084E-03  -6.7203174694441259E-05  -1.5184009680524468E-03   7.7704276191070676E-04   1.0831339750438929E-03
     205   1.0156249627470970E-02   3.7775593809783459E-03   5.6106614647433162E-04  -1.1093051580246538E-04   7.4748509177879896E-06   1.2862105904787313E-06  -2.0707294368094153E-07  -1.8738798956974279E-08   5.4738542587529082E-09  -2.9862240458200517E-10   2.2766243200749159E-03  -1.0787011124193668E-03  -1.1976730311289430E-03   7.2648568311706185E-04   1.3923979131504893E-03  -2.2181027452461421E-04  -1.8418842228129506E-03   1.0329037904739380E-03   9.1685616644099355E-04
     206   1.0175781324505806E-02   3.5685780458152294E-03   6.2420690665021539E-04  -1.0358355211792514E-04   2.6244113087159349E-06   1.3659445130542736E-06  -8.2036841320132226E-08  -1.7967463961099384E-08   2.1911579217714916E-09  -6.0607172058801950E-11   2.3132620844990015E-03  -7.0722034433856606E-04  -1.1725656222552061E-03   2.3764223442412913E-04   1.0178285883739591E-03   1.5934558177832514E-04  -1.0230394545942545E-03   3.9958540583029389E-04   9.4834173796698451E-04
     207   1.0185547173023224E-02   3.6237370222806931E-03   6.0554320225492120E-04  -1.0537757043493912E-04   3.9773603930370882E-06   1.3385703141466365E-06  -1.1697070334548698E-07  -1.8107185084659250E-08   3.1099938180290110E-09  -1.2776625590849022E-10   2.3044310510158539E-03  -8.0969888949766755E-04  -1.1843566317111254E-03   3.6791578168049455E-04   1.1247009970247746E-03   6.6846805566456169E-05  -1.2392834760248661E-03   5.5415072711184621E-04   1.1134390952065587E-03
     208   1.0195312090218067E-02   3.5295656416565180E-03   6.3330453122034669E-04  -1.0192976333200932E-04   1.8200848899141420E-06   1.3691326330445008E-06  -6.1664671591188380E-08  -1.7682905806282179E-08   1.6646380940343874E-09  -2.3743455118685475E-11   2.3221122100949287E-03  -6.4207671675831079E-04  -1.1732864659279585E-03   1.4736539742443711E-04   9.5429579960182309E-04   2.3478192451875657E-04  -8.7307562353089452E-04   2.7696494362317026E-04   1.3606774155050516E-03
     209   1.0200195014476776E-02   3.6091229412704706E-03   6.1310839373618364E-04  -1.0582317918306217E-04   3.5886528166884091E-06   1.3701582020075875E-06  -1.0610762757323755E-07  -1.8440069027292338E-08   2.8064004453653979E-09  -1.0256043930789716E-10   2.2893783170729876E-03  -7.8792677959427238E-04  -1.1571892537176609E-03   3.6214524880051613E-04   1.0911383433267474E-03   4.2142532038269565E-05  -1.2286276323720813E-03   5.7948916219174862E-04   1.0801180033013225E-03
     210   1.0202636010944843E-02   3.7900253664702177E-03   5.5685837287455797E-04  -1.1221894237678498E-04   7.8598422987852246E-06   1.2993967857255484E-06  -2.1611150202716090E-07  -1.9117820215797110E-08   5.6923754598869891E-09  -3.1171301650978478E-10   2.2549398709088564E-03  -1.1151962680742145E-03  -1.1791945435106754E-03   7.9252826981246471E-04   1.4220536686480045E-03  -2.9055104823783040E-04  -1.9474164582788944E-03   1.1315519222989678E-03   1.0430540423840284E-03
     211   1.0205077007412910E-02   3.6423271521925926E-03   6.0030102031305432E-04  -1.0653681965777650E-04   4.4422035898605827E-06   1.3427199974103132E-06  -1.2852308373112464E-07  -1.8369107124271977E-08   3.4040215091124537E-09  -1.4753209764961639E-10   2.2899943869560957E-03  -8.4896205225959420E-04  -1.1729034595191479E-03   4.3194662430323660E-04   1.1580137070268393E-03   1.3670481848748750E-06  -1.3457852182909846E-03   6.5419118618592620E-04   9.9780294112861156E-04
     212   1.0209959931671619E-02   3.5881637595593929E-03   6.1358854873105884E-04  -1.0395386198069900E-04   3.2649597869749414E-06   1.3428282272798242E-06  -9.8868532916185359E-08  -1.7881362168736814E-08   2.6404523012502068E-09  -9.4626570468214766E-11   2.3103193379938602E-03  -7.5187109177932143E-04  -1.1823598761111498E-03   2.8971605934202671E-04   1.0657450184226036E-03   1.2698494538199157E-04  -1.1102665448561311E-03   4.5820503146387637E-04   9.9033804144710302E-04
     213   1.0214842855930328E-02   3.6138657014816999E-03   6.0737505555152893E-04  -1.0534434841247275E-04   3.8345519897120539E-06   1.3465548818203388E-06  -1.1305742475542502E-07  -1.8178372584998215E-08   3.0023195041195549E-09  -1.1915389508398988E-10   2.2971499711275101E-03  -8.0005009658634663E-04  -1.1738394387066364E-03   3.6351694143377244E-04   1.1097593232989311E-03   5.8090514357900247E-05  -1.2319596717134118E-03   5.6471792049705982E-04   1.1264481581747532E-03
     214   1.0234374552965164E-02   3.5571800544857979E-03   6.2414060812443495E-04  -1.0354583355365321E-04   2.5587742129573599E-06   1.3709661743632751E-06  -8.0087794174232840E-08  -1.8027758841299146E-08   2.1354165102849265E-09  -5.5939079757205690E-11   2.3015390615910292E-03  -7.0335838245227933E-04  -1.1604354949668050E-03   2.4253163428511471E-04   1.0093722958117723E-03   1.4458101941272616E-04  -1.0294897947460413E-03   4.1613818029873073E-04   1.0428122477605939E-03
     215   1.0236816480755806E-02   3.7004940677434206E-03   5.8042566524818540E-04  -1.0881151683861390E-04   5.9168819461774547E-06   1.3214212231105193E-06  -1.6628288790343504E-07  -1.8658761646861421E-08   4.3903738422557126E-09  -2.1849103082338672E-10   2.2714964579790831E-03  -9.6314598340541124E-04  -1.1746900854632258E-03   5.8696622727438807E-04   1.2717549689114094E-03  -1.2240929936524481E-04  -1.6027720412239432E-03   8.5495295934379101E-04   1.3286531902849674E-03
     216   1.0239257477223873E-02   3.7178935017436743E-03   5.7664874475449324E-04  -1.0983036918332800E-04   6.2970129874884151E-06   1.3256488955448731E-06  -1.7579249345089920E-07  -1.8880987440184072E-08   4.6337067516333263E-09  -2.3487770062224911E-10   2.2608335129916668E-03  -9.9520734511315823E-04  -1.1647607898339629E-03   6.3995365053415298E-04   1.2976947473362088E-03  -1.7969238979276270E-04  -1.6923405928537250E-03   9.4468519091606140E-04   1.0810608509927988E-03
     217   1.0244140401482582E-02   3.6786936689168215E-03   5.8517546858638525E-04  -1.0774314432637766E-04   5.4727888709749095E-06   1.3190837080401252E-06  -1.5523863794442150E-07  -1.8435102333569375E-08   4.1094421199261433E-09  -1.9944076945499489E-10   2.2789684589952230E-03  -9.2532840790227056E-04  -1.1775172315537930E-03   5.3232081700116396E-04   1.2345158029347658E-03  -7.7284574217628688E-05  -1.5137001173570752E-03   7.8623206354677677E-04   1.4796676114201546E-03
     218   1.0249023325741291E-02   3.6734805908054113E-03   5.8483128668740392E-04  -1.0722493607318029E-04   5.4050151447881944E-06   1.3107072618367965E-06  -1.5375383100035833E-07  -1.8279919800079369E-08   4.0760705921627505E-09  -1.9812314289158195E-10   2.2850567474961281E-03  -9.1716775204986334E-04  -1.1862484971061349E-03   5.1310326671227813E-04   1.2307458091527224E-03  -5.0719499995466322E-05  -1.4810765860602260E-03   7.4778898851945996E-04   1.0613107588142157E-03
     219   1.0250244289636612E-02   3.7088550161570311E-03   5.7350384304299951E-04  -1.0841768380487338E-04   6.2496101236320101E-06   1.2950333712069551E-06  -1.7555950648784346E-07  -1.8388140787806151E-08   4.6492756311522498E-09  -2.3986454489310916E-10   2.2791763767600060E-03  -9.8135322332382202E-04  -1.1920597171410918E-03   5.9616751968860626E-04   1.2963699409738183E-03  -1.1309930414427072E-04  -1.6197873046621680E-03   8.5215934086591005E-04   1.3320613652467728E-03
     220   1.0251464322209358E-02   3.6192522384226322E-03   6.0141261201351881E-04  -1.0530801228014752E-04   4.1392813727725297E-06   1.3311913562574773E-06  -1.2118697156893177E-07  -1.8071046881118491E-08   3.2224580781559098E-09  -1.3634564310915920E-10   2.2947962861508131E-03  -8.1989326281473041E-04  -1.1790489079430699E-03   3.8578498060815036E-04   1.1319081531837583E-03   4.6408269554376602E-05  -1.2688746210187674E-03   5.8636011090129614E-04   1.2177178869023919E-03
     221   1.0253906250000000E-02   3.6518070846796036E-03   5.9221242554485798E-04  -1.0670436313375831E-04   4.8879128371481784E-06   1.3256092188385082E-06  -1.4021112804130098E-07  -1.8298056403409646E-08   3.7158411902993294E-09  -1.7119558548550629E-10   2.2845023777335882E-03  -8.7949039880186319E-04  -1.1771641438826919E-03   4.6932356781326234E-04   1.1895942734554410E-03  -2.4468023184454069E-05  -1.4078209642320871E-03   7.0023717125877738E-04   1.0193847119808197E-03
     222   1.0273437015712261E-02   3.6399383097887039E-03   5.9868529206141829E-04  -1.0728514462243766E-04   4.5707602112088352E-06   1.3573124988397467E-06  -1.3102471996262466E-07  -1.8666167278524881E-08   3.4529055170651191E-09  -1.4866212427744330E-10   2.2683779243379831E-03  -8.6444709450006485E-04  -1.1518702376633883E-03   4.7099357470870018E-04   1.1652153916656971E-03  -4.8866706492844969E-05  -1.4068139716982841E-03   7.2301144246011972E-04   1.0683677392080426E-03
     223   1.0312499478459358E-02   3.6857866216450930E-03   5.8031902881339192E-04  -1.0875699808821082E-04   5.8268674365535844E-06   1.3286253306432627E-06  -1.6351421550098166E-07  -1.8751860508814389E-08   4.3087453605039627E-09  -2.1150743656495052E-10   2.2572972811758518E-03  -9.5789984334260225E-04  -1.1610664660111070E-03   5.9057178441435099E-04   1.2610115809366107E-03  -1.3682310236617923E-04  -1.6057139728218317E-03   8.7183096911758184E-04   1.0818346636369824E-03
     224   1.0468749329447746E-02   3.6582164466381073E-03   5.7402352103963494E-04  -1.0752985690487549E-04   5.8325263125880156E-06   1.3062714288025745E-06  -1.6393786950175127E-07  -1.8438957027910874E-08   4.3280334871553805E-09  -2.1510598857688024E-10   2.2470601834356785E-03  -9.5084303757175803E-04  -1.1631184024736285E-03   5.7672400726005435E-04   1.2567854719236493E-03  -1.1570844799280167E-04  -1.5780428657308221E-03   8.3824148168787360E-04   1.1816957267001271E-03
     225   1.0546874254941940E-02   3.6085031460970640E-03   5.8485148474574089E-04  -1.0624772403389215E-04   4.9185268835572060E-06   1.3269141163618769E-06  -1.4001678039221588E-07  -1.8394450407299701E-08   3.6932068514516914E-09  -1.6815560055505330E-10   2.2388400975614786E-03  -8.8239280739799142E-04  -1.1437444481998682E-03   4.9887842033058405E-04   1.1816967744380236E-03  -6.9142057327553630E-05  -1.4455368509516120E-03   7.5199862476438284E-04   1.0144965490326285E-03
     226   1.0549316182732582E-02   3.4656738862395287E-03   6.2594603514298797E-04  -1.0054880112875253E-04   1.6382439298467943E-06   1.3624460279970663E-06  -5.6186838293115215E-08  -1.7579457889382866E-08   1.5084500315509786E-09  -1.2240112569339434E-11   2.2758410777896643E-03  -6.2471331330016255E-04  -1.1420937953516841E-03   1.4595080574508756E-04   9.2769728507846594E-04   2.2035438450984657E-04  -8.5755065083503723E-04   2.8212237521074712E-04   1.0966288391500711E-03
     227   1.0551757179200649E-02   3.6454491782933474E-03   5.7093927171081305E-04  -1.0710176866268739E-04   5.8591040215105750E-06   1.2982272892259061E-06  -1.6467642183215503E-07  -1.8339701313152545E-08   4.3498218360582541E-09  -2.1739629540995509E-10   2.2386088967323303E-03  -9.5006526680663228E-04  -1.1595194227993488E-03   5.7769607519730926E-04   1.2547851074486971E-03  -1.1793281009886414E-04  -1.5779362292960286E-03   8.4078276995569468E-04   1.1251156684011221E-03
     228   1.0556640103459358E-02   3.5995852667838335E-03   5.8577879099175334E-04  -1.0571829625405371E-04   4.7668772822362371E-06   1.3231007187641808E-06  -1.3621229300042614E-07  -1.8278216273870385E-08   3.5954921262515427E-09  -1.6170899341805267E-10   2.2433963604271412E-03  -8.6885318160057068E-04  -1.1496973456814885E-03   4.7451100545004010E-04   1.1714047286659479E-03  -4.0829971112543717E-05  -1.4037617947906256E-03   7.0911773946136236E-04   1.1805144604295492E-03
     229   1.0566405951976776E-02   3.5139848478138447E-03   6.0936697991564870E-04  -1.0223052231594920E-04   2.8452320748328930E-06   1.3405411891653785E-06  -8.7240970003676921E-08  -1.7748559955066412E-08   2.3222885836560181E-09  -7.1294983805536560E-11   2.2654340136796236E-03  -7.1640388341620564E-04  -1.1493479833006859E-03   2.6504776906222105E-04   1.0207002051174641E-03   1.3008652604185045E-04  -1.0558062931522727E-03   4.3356986134313047E-04   1.1771868448704481E-03
     230   1.0585937649011612E-02   3.4925246145576239E-03   6.1535096028819680E-04  -1.0168270819121972E-04   2.4004436909308424E-06   1.3507634548659553E-06  -7.5793337828145013E-08  -1.7718118527909610E-08   2.0228445585246391E-09  -4.9407349739238882E-11   2.2625536657869816E-03  -6.8278319668024778E-04  -1.1378999333828688E-03   2.2927529062144458E-04   9.8209839779883623E-04   1.4521206321660429E-04  -9.9778256844729185E-04   4.0282102418132126E-04   1.4193399110808969E-03
     231   1.0588379576802254E-02   3.4869140945374966E-03   6.1541551258414984E-04  -1.0116422345163301E-04   2.3117302134778583E-06   1.3433627827907912E-06  -7.3757149721132009E-08  -1.7568844157267449E-08   1.9747130597380647E-09  -4.6953056026532991E-11   2.2688207682222128E-03  -6.7315314663574100E-04  -1.1461670510470867E-03   2.0847340056207031E-04   9.7650062525644898E-04   1.7212872626259923E-04  -9.6285296604037285E-04   3.6350326263345778E-04   1.0005325311794877E-03
     232   1.0590820573270321E-02   3.5727152135223150E-03   5.8920885203406215E-04  -1.0432471754029393E-04   4.3280756472086068E-06   1.3133764014128246E-06  -1.2557055129036598E-07  -1.7941916397035129E-08   3.3315736835959342E-09  -1.4486611910058400E-10   2.2502681240439415E-03  -8.2876801025122404E-04  -1.1533637298271060E-03   4.1599493124522269E-04   1.1323352809995413E-03   7.9939245551940985E-06  -1.3091948349028826E-03   6.3424761174246669E-04   1.4359707711264491E-03
     233   1.0595703497529030E-02   3.5755278076976538E-03   5.8779848041012883E-04  -1.0439956531627104E-04   4.4079565668653231E-06   1.3118041124471347E-06  -1.2749300992709323E-07  -1.7957249909272832E-08   3.3789475661905044E-09  -1.4813818227654707E-10   2.2503703366965055E-03  -8.3552009891718626E-04  -1.1571728391572833E-03   4.2161825695075095E-04   1.1422231327742338E-03   1.1772611287597101E-05  -1.3157483190298080E-03   6.2784156762063503E-04   1.1216896818950772E-03
     234   1.0598145425319672E-02   3.6059806589037180E-03   5.7852553436532617E-04  -1.0556030611041933E-04   5.1260772124805953E-06   1.3020988944845158E-06  -1.4590547436910128E-07  -1.8106247168248046E-08   3.8601712937236243E-09  -1.8272348911718694E-10   2.2430114913731813E-03  -8.9110026601701975E-04  -1.1586972977966070E-03   4.9655087059363723E-04   1.1970507912337780E-03  -4.9242782552028075E-05  -1.4409690629690886E-03   7.2873674798756838E-04   1.4557463582605124E-03
     235   1.0600586421787739E-02   3.5979435779154301E-03   5.8067456120625138E-04  -1.0524605022510514E-04   4.9540240070200525E-06   1.3034431276537362E-06  -1.4158258920815570E-07  -1.8054169714787349E-08   3.7490583970622993E-09  -1.7491513792933233E-10   2.2443204652518034E-03  -8.7699136929586530E-04  -1.1570171918720007E-03   4.7863795771263540E-04   1.1815086472779512E-03  -3.8494923501275480E-05  -1.4124073786661029E-03   7.1235740324482322E-04   9.9760259035974741E-04
     236   1.0605469346046448E-02   3.5396586172282696E-03   5.9634895296767354E-04  -1.0275029490003362E-04   3.6467004065343644E-06   1.3125305713401758E-06  -1.0829628394048996E-07  -1.7651698769327595E-08   2.8844535648886449E-09  -1.1381626197071171E-10   2.2619122173637152E-03  -7.7296601375564933E-04  -1.1614763643592596E-03   3.3158890437334776E-04   1.0821302421391010E-03   8.9696666691452265E-05  -1.1665254132822156E-03   5.0537881907075644E-04   1.1954406509175897E-03
     237   1.0625000111758709E-02   3.4870924428105354E-03   6.1644555535167456E-04  -1.0209302126895636E-04   2.3572551981487777E-06   1.3645667422679253E-06  -7.4133829741640511E-08  -1.7922745954024322E-08   1.9678993989913351E-09  -4.3646170011513163E-11   2.2489922121167183E-03  -6.8372755777090788E-04  -1.1216091224923730E-03   2.4459356791339815E-04   9.7620784072205424E-04   1.1674439156195149E-04  -1.0214535286650062E-03   4.3983699288219213E-04   1.2374605285003781E-03
     238   1.0703125968575478E-02   3.5478931386023760E-03   5.9071875875815749E-04  -1.0418127203593031E-04   4.0908385017246474E-06   1.3278793176141335E-06  -1.1869366289829486E-07  -1.8096432796710360E-08   3.1355804619437322E-09  -1.2878184629805389E-10   2.2300174459815025E-03  -8.1429368583485484E-04  -1.1328546097502112E-03   4.1267226333729923E-04   1.1110920459032059E-03  -3.7627414712915197E-06  -1.2976616853848100E-03   6.4037449192255735E-04   1.2400092091411352E-03
     239   1.0742188431322575E-02   3.5750279203057289E-03   5.7629216462373734E-04  -1.0453365393914282E-04   4.9469686018710490E-06   1.2932629260831163E-06  -1.4130496595043951E-07  -1.7922351602805975E-08   3.7415470721668953E-09  -1.7511105065981525E-10   2.2302244324237108E-03  -8.7311526294797659E-04  -1.1515557998791337E-03   4.7622536658309400E-04   1.1774364393204451E-03  -3.4600925573613495E-05  -1.4034822816029191E-03   7.0072890957817435E-04   1.1193667305633426E-03
     240   1.0747071355581284E-02   3.5687803756445646E-03   5.7901127729564905E-04  -1.0457551252329722E-04   4.7900143727019895E-06   1.3026540273131104E-06  -1.3703444778911944E-07  -1.8004081780986780E-08   3.6245166867843182E-09  -1.6576361117071059E-10   2.2264521103352308E-03  -8.6323358118534088E-04  -1.1437988141551614E-03   4.6951405238360167E-04   1.1641875607892871E-03  -3.7556266761384904E-05  -1.3919384218752384E-03   7.0181337650865316E-04   1.1046449653804302E-03
     241   1.0751953348517418E-02   3.5678052809089422E-03   5.7704001665115356E-04  -1.0412285337224603E-04   4.8369834075856488E-06   1.2890608331872500E-06  -1.3875302329324768E-07  -1.7807044727646826E-08   3.6812595194390951E-09  -1.7163934162844896E-10   2.2322311997413635E-03  -8.6235144408419728E-04  -1.1523361317813396E-03   4.6083930647000670E-04   1.1665734928101301E-03  -2.3014210455585271E-05  -1.3794300612062216E-03   6.8348698550835252E-04   1.0488796979188919E-03
     242   1.0754395276308060E-02   3.5525031853467226E-03   5.8237084886059165E-04  -1.0375788406236097E-04   4.4669277485809289E-06   1.2998322063140222E-06  -1.2906694735193014E-07  -1.7821925268890482E-08   3.4235696499962387E-09  -1.5235006312064314E-10   2.2319222334772348E-03  -8.3542143693193793E-04  -1.1458080261945724E-03   4.2959017446264625E-04   1.1370884021744132E-03  -4.4550583879754413E-06  -1.3271640054881573E-03   6.5008411183953285E-04   1.1085505830124021E-03
     243   1.0756836272776127E-02   3.4662194084376097E-03   6.1113521223887801E-04  -1.0120582737727091E-04   2.3839006644266192E-06   1.3484391274687368E-06  -7.4861162602246623E-08  -1.7715290567821285E-08   1.9891708280539433E-09  -4.6503207534742685E-11   2.2402799222618341E-03  -6.8075442686676979E-04  -1.1242169421166182E-03   2.3601304565090686E-04   9.7647303482517600E-04   1.3480897177942097E-04  -1.0017013410106301E-03   4.1108109871856868E-04   9.7800686489790678E-04
     244   1.0761719197034836E-02   3.4138218034058809E-03   6.2563118990510702E-04  -9.9056444014422596E-05   1.2058125093972194E-06   1.3585662372861407E-06  -4.4899202578108088E-08  -1.7378740224671674E-08   1.2117733483307802E-09   8.5431314800210600E-12   2.2538865450769663E-03  -5.8708467986434698E-04  -1.1236454593017697E-03   1.0778501018648967E-04   8.8364852126687765E-04   2.3852137383073568E-04  -7.8919122461229563E-04   2.4363987904507667E-04   1.1924882419407368E-03
     245   1.0766602121293545E-02   3.4623339306563139E-03   6.1003421433269978E-04  -1.0073558951262385E-04   2.3696461539657321E-06   1.3380775953919510E-06  -7.4877426925468171E-08  -1.7546970099147075E-08   1.9982679955177218E-09  -4.8544900738134444E-11   2.2448948584496975E-03  -6.7598925670608878E-04  -1.1309608817100525E-03   2.2344618628267199E-04   9.7454973729327321E-04   1.5167298261076212E-04  -9.8184740636497736E-04   3.8764692726545036E-04   1.3547290582209826E-03
     246   1.0771485045552254E-02   3.5373396240174770E-03   5.8589904801920056E-04  -1.0327780910301954E-04   4.1659664020698983E-06   1.3050608913545148E-06  -1.2121921599828056E-07  -1.7783101213808550E-08   3.2157345675187798E-09  -1.3714258895181075E-10   2.2320873104035854E-03  -8.1265310291200876E-04  -1.1433059116825461E-03   4.0023995097726583E-04   1.1143559822812676E-03   1.9313531083753332E-05  -1.2766501167789102E-03   6.0931686311960220E-04   1.0261560091748834E-03
     247   1.0773926973342896E-02   3.5089880693703890E-03   5.9430458350107074E-04  -1.0224051220575348E-04   3.5069617752014892E-06   1.3152437077224022E-06  -1.0418850848736838E-07  -1.7670394925062283E-08   2.7677036218420881E-09  -1.0466708749712339E-10   2.2382116876542568E-03  -7.6225667726248503E-04  -1.1423394316807389E-03   3.3161102328449488E-04   1.0651844786480069E-03   7.7228563895914704E-05  -1.1606256011873484E-03   5.1373196765780449E-04   1.1152300285175443E-03
     248   1.0776367969810963E-02   3.6038113757967949E-03   5.6276621762663126E-04  -1.0516001930227503E-04   5.7974602896138094E-06   1.2652242276089964E-06  -1.6356639775949589E-07  -1.7846595312676072E-08   4.3339554167687311E-09  -2.1967504204578603E-10   2.2272130008786917E-03  -9.3380338512361050E-04  -1.1651988606899977E-03   5.4693478159606457E-04   1.2435179669409990E-03  -7.6472220825962722E-05  -1.5205319505184889E-03   7.7672221232205629E-04   1.3724310556426644E-03
     249   1.0778808966279030E-02   3.5911037120968103E-03   5.7054008357226849E-04  -1.0560371447354555E-04   5.4096340136311483E-06   1.2962113942194264E-06  -1.5276962983534759E-07  -1.8168540449892134E-08   4.0328420602975257E-09  -1.9475400458990322E-10   2.2146301344037056E-03  -9.1192498803138733E-04  -1.1403789976611733E-03   5.3903454681858420E-04   1.2107008369639516E-03  -9.7430784080643207E-05  -1.5066979685798287E-03   7.9744949471205473E-04   1.4240564778447151E-03
     250   1.0781250894069672E-02   3.5830573178827763E-03   5.7327520335093141E-04  -1.0541969822952524E-04   5.2160803534206934E-06   1.3022565781284356E-06  -1.4764326294880448E-07  -1.8184238115281914E-08   3.8952485681420512E-09  -1.8436706328284203E-10   2.2144797258079052E-03  -8.9816597755998373E-04  -1.1376314796507359E-03   5.2246672566980124E-04   1.1963419383391738E-03  -8.5589228547178209E-05  -1.4782153302803636E-03   7.7598862117156386E-04   1.7168627819046378E-03
     251   1.0800782591104507E-02   3.5471124574542046E-03   5.8036105474457145E-04  -1.0360345913795754E-04   4.5135443542676512E-06   1.2956128330188221E-06  -1.3027626266648440E-07  -1.7783152728156892E-08   3.4562495088152900E-09  -1.5503895389734623E-10   2.2266923915594816E-03  -8.3768129115924239E-04  -1.1433849576860666E-03   4.3425871990621090E-04   1.1384519748389721E-03  -9.6112999017350376E-06  -1.3340469449758530E-03   6.5746926702558994E-04   1.2841292191296816E-03
     252   1.0820313356816769E-02   3.5410341806709766E-03   5.8039696887135506E-04  -1.0333876707591116E-04   4.4464686652645469E-06   1.2939194675709587E-06  -1.2853242026267253E-07  -1.7735017010522824E-08   3.4103342372304724E-09  -1.5192111457729141E-10   2.2267152089625597E-03  -8.3185231778770685E-04  -1.1449871817603707E-03   4.2442523408681154E-04   1.1341535719111562E-03   2.6031066227005795E-06  -1.3161310926079750E-03   6.3761038472875953E-04   1.0651517659425735E-03
     253   1.0839844122529030E-02   3.4147561527788639E-03   6.1856320826336741E-04  -9.9021483038086444E-05   1.5240407265082467E-06   1.3450214737531496E-06  -5.3038878178313098E-08  -1.7320685330446395E-08   1.4249397217724891E-09  -7.5123050141678860E-12   2.2463307250291109E-03  -6.0926761943846941E-04  -1.1275162687525153E-03   1.3356366252992302E-04   9.0922880917787552E-04   2.2829555382486433E-04  -8.2775863120332360E-04   2.6011432055383921E-04   1.0732130613178015E-03
     254   1.0859375819563866E-02   3.5856387112289667E-03   5.6306557962670922E-04  -1.0484900121809915E-04   5.6520093494327739E-06   1.2685615047303145E-06  -1.5965787270033616E-07  -1.7850119604645442E-08   4.2290357882279750E-09  -2.1178814257893919E-10   2.2147886920720339E-03  -9.2236424097791314E-04  -1.1518016690388322E-03   5.4223026381805539E-04   1.2262301752343774E-03  -8.6206382547970861E-05  -1.5119037125259638E-03   7.8604609007015824E-04   1.2159224133938551E-03
     255   1.0878907516598701E-02   3.6171001847833395E-03   5.5426091421395540E-04  -1.0652415221557021E-04   6.4002874751167838E-06   1.2705625067610526E-06  -1.7833637855346751E-07  -1.8200104534571437E-08   4.7061168295670086E-09  -2.4439603119041919E-10   2.1977650467306376E-03  -9.8464137408882380E-04  -1.1424110271036625E-03   6.3593289814889431E-04   1.2839833507314324E-03  -1.7138918337877840E-04  -1.6660153632983565E-03   9.1799919027835131E-04   1.0277031688019633E-03
     256   1.0888673365116119E-02   3.5512170288711786E-03   5.7411758461967111E-04  -1.0425001528346911E-04   4.8772749323688913E-06   1.2965087989869062E-06  -1.3903465401199355E-07  -1.7972293875345713E-08   3.6735250397157415E-09  -1.6941022196181876E-10   2.2082868963479996E-03  -8.6832669330760837E-04  -1.1334288865327835E-03   4.8387685092166066E-04   1.1663824552670121E-03  -5.3729956562165171E-05  -1.4111674390733242E-03   7.2118261596187949E-04   1.2720006052404642E-03
     257   1.0893555358052254E-02   3.5103752743452787E-03   5.8431254001334310E-04  -1.0235000809188932E-04   3.9856040530139580E-06   1.2978638324057101E-06  -1.1653077081064112E-07  -1.7621447412352609E-08   3.0933531292021144E-09  -1.2907125368499806E-10   2.2226811852306128E-03  -7.9552992247045040E-04  -1.1395005276426673E-03   3.7831283407285810E-04   1.0975085897371173E-03   3.9842518162913620E-05  -1.2357810046523809E-03   5.7280616601929069E-04   1.3063967926427722E-03
     258   1.0898438282310963E-02   3.4701216500252485E-03   5.9670116752386093E-04  -1.0099859355250373E-04   3.0501648780045798E-06   1.3146809578756802E-06  -9.2408647844877123E-08  -1.7493997361839320E-08   2.4598463266300996E-09  -8.3002264783527124E-11   2.2283620201051235E-03  -7.2399503551423550E-04  -1.1320071062073112E-03   2.8655937057919800E-04   1.0234509827569127E-03   1.0658081009751186E-04  -1.0831699473783374E-03   4.6128086978569627E-04   1.2098718434572220E-03
     259   1.0900879278779030E-02   3.6237270105630159E-03   5.4940296104177833E-04  -1.0653684876160696E-04   6.6678248913376592E-06   1.2575901564559899E-06  -1.8550889535617898E-07  -1.8112007893478221E-08   4.9007016222901711E-09  -2.5955784743736388E-10   2.1972244139760733E-03  -1.0018140310421586E-03  -1.1473266640678048E-03   6.5485242521390319E-04   1.3021741760894656E-03  -1.8340103270020336E-04  -1.6989200375974178E-03   9.4177777646109462E-04   1.3559161452576518E-03
     260   1.0903321206569672E-02   3.5445590037852526E-03   5.7469180319458246E-04  -1.0394959099357948E-04   4.7885819185466971E-06   1.2942158491568989E-06  -1.3692634581730090E-07  -1.7899170146051802E-08   3.6222675969810325E-09  -1.6622558884904493E-10   2.2083509247750044E-03  -8.5965765174478292E-04  -1.1321363272145391E-03   4.7293052193708718E-04   1.1560026323422790E-03  -4.8959926061797887E-05  -1.3947375118732452E-03   7.1515794843435287E-04   1.1385841062292457E-03
     261   1.0908203199505806E-02   3.4162877127528191E-03   6.1101187020540237E-04  -9.8746742878574878E-05   1.8601957663122448E-06   1.3233344589025364E-06  -6.2153880264759209E-08  -1.7131950968973797E-08   1.6750381082175636E-09  -2.7565857582678710E-11   2.2427199874073267E-03  -6.2899442855268717E-04  -1.1331861605867743E-03   1.5481420268770307E-04   9.3043170636519790E-04   2.1612321143038571E-04  -8.6413725512102246E-04   2.8496261802501976E-04   1.2299413792788982E-03
     262   1.0910645127296448E-02   3.5299721639603376E-03   5.7568307965993881E-04  -1.0278441914124414E-04   4.5457873056875542E-06   1.2792542065653834E-06  -1.3131237608376978E-07  -1.7564953935789163E-08   3.4891407540982300E-09  -1.5897717864366001E-10   2.2206536959856749E-03  -8.3480903413146734E-04  -1.1463535483926535E-03   4.2604745249263942E-04   1.1380430078133941E-03   5.2844984566036146E-06  -1.3173336628824472E-03   6.3477136427536607E-04   1.2940525775775313E-03
     263   1.0913086123764515E-02   3.5530605819076300E-03   5.7074287906289101E-04  -1.0413325799163431E-04   5.0400362852087710E-06   1.2856795592597337E-06  -1.4355531163801061E-07  -1.7871094826205081E-08   3.7997454072069559E-09  -1.7965710863432349E-10   2.2072868887335062E-03  -8.7737524881958961E-04  -1.1353910667821765E-03   4.9433752428740263E-04   1.1747295502573252E-03  -6.3451465393882245E-05  -1.4308105455711484E-03   7.4097467586398125E-04   1.0896149324253201E-03
     264   1.0917969048023224E-02   3.4868952352553606E-03   5.9008668176829815E-04  -1.0163232946069911E-04   3.5097041291010100E-06   1.3069160331724561E-06  -1.0412895790068433E-07  -1.7570817689716023E-08   2.7650541856161226E-09  -1.0499437430588898E-10   2.2227060981094837E-03  -7.5943116098642349E-04  -1.1343415826559067E-03   3.3277846523560584E-04   1.0600012028589845E-03   7.3380884714424610E-05  -1.1584524763748050E-03   5.1593140233308077E-04   1.0383150074630976E-03
     265   1.0927734896540642E-02   3.5456127952784300E-03   5.7187193306162953E-04  -1.0387423390056938E-04   4.9121535994345322E-06   1.2872559409515816E-06  -1.4014034377396456E-07  -1.7848904576567293E-08   3.7076588466078420E-09  -1.7287953013589430E-10   2.2075476590543985E-03  -8.6797610856592655E-04  -1.1364937527105212E-03   4.8012012848630548E-04   1.1674339184537530E-03  -4.6520206524292007E-05  -1.4045750722289085E-03   7.1168079739436507E-04   1.0803276672959328E-03
     266   1.0930176824331284E-02   3.4336685203015804E-03   6.0621043667197227E-04  -9.9883654911536723E-05   2.2884519239596557E-06   1.3292961966726580E-06  -7.2622754032636294E-08  -1.7410112462812322E-08   1.9376327209386091E-09  -4.4793155296041220E-11   2.2287729661911726E-03  -6.6651863744482398E-04  -1.1233704863116145E-03   2.1485930483322591E-04   9.6410693367943168E-04   1.5927058120723814E-04  -9.6154032507911325E-04   3.7012342363595963E-04   1.1293204734101892E-03
     267   1.0932617820799351E-02   3.4589658025652170E-03   5.9850153047591448E-04  -1.0085033864015713E-04   2.8827810183429392E-06   1.3215528724686010E-06  -8.7813766924682568E-08  -1.7539099061991692E-08   2.3336486076885876E-09  -7.3171885217604427E-11   2.2227885201573372E-03  -7.1297847898676991E-04  -1.1254786513745785E-03   2.7679390041157603E-04   1.0111662559211254E-03   1.1168963828822598E-04  -1.0639339452609420E-03   4.4774400885216892E-04   1.3526831753551960E-03
     268   1.0935058817267418E-02   3.5118211526423693E-03   5.8377656387165189E-04  -1.0312540689483285E-04   4.0950944821815938E-06   1.3122870541337761E-06  -1.1872443650418063E-07  -1.7898029724960907E-08   3.1378633025269664E-09  -1.3016515643116122E-10   2.2055658046156168E-03  -8.0907926894724369E-04  -1.1203421745449305E-03   4.1355806752108037E-04   1.1024280684068799E-03  -8.9393170128460042E-06  -1.2928890064358711E-03   6.4226513495668769E-04   1.3093458255752921E-03
     269   1.0937500745058060E-02   3.5281190648674965E-03   5.8028165949508548E-04  -1.0409059177618474E-04   4.4418743527785409E-06   1.3175638287066249E-06  -1.2722915698759607E-07  -1.8127712664295359E-08   3.3515608066636560E-09  -1.4418556626427659E-10   2.1961966995149851E-03  -8.3946791710332036E-04  -1.1134704109281301E-03   4.6140799531713128E-04   1.1297620367258787E-03  -5.4428015573648736E-05  -1.3713937951251864E-03   7.1102828951552510E-04   1.4310117112472653E-03
     270   1.0942383669316769E-02   3.5023130476474762E-03   5.8217829791828990E-04  -1.0192196350544691E-04   3.9906799429445527E-06   1.2897530723421369E-06  -1.1674118383098175E-07  -1.7509124816683652E-08   3.1011608836450932E-09  -1.3040353519233605E-10   2.2212255280464888E-03  -7.9340464435517788E-04  -1.1429846053943038E-03   3.7143155350349844E-04   1.0977498022839427E-03   5.2527197112794966E-05  -1.2221107026562095E-03   5.5412924848496914E-04   1.3464026851579547E-03
     271   1.0947266593575478E-02   3.5632236395031214E-03   5.6440033949911594E-04  -1.0440046753501520E-04   5.4141728469403461E-06   1.2740945294353878E-06  -1.5323867330607754E-07  -1.7853951206348029E-08   4.0553835845003050E-09  -1.9871138068339178E-10   2.2031546104699373E-03  -9.0447545517235994E-04  -1.1396296322345734E-03   5.2729545859619975E-04   1.2040210422128439E-03  -8.3460821770131588E-05  -1.4842342352494597E-03   7.7480421168729663E-04   1.2499433942139149E-03
     272   1.0952149517834187E-02   3.4224709961563349E-03   6.0631206724792719E-04  -9.9139193480368704E-05   2.1513471892831149E-06   1.3193189261073712E-06  -6.9520837087111431E-08  -1.7199322854821730E-08   1.8658592448872469E-09  -4.1142401985272414E-11   2.2335229441523552E-03  -6.5134064061567187E-04  -1.1288162786513567E-03   1.8886479665525258E-04   9.5056602731347084E-04   1.8436473328620195E-04  -9.2003913596272469E-04   3.3436954254284501E-04   1.2668810086324811E-03
     273   1.0957032442092896E-02   3.4776532556861639E-03   5.8868137421086431E-04  -1.0105755063705146E-04   3.4741203762678197E-06   1.2959785635757726E-06  -1.0364649938310322E-07  -1.7386739159519493E-08   2.7625224330307674E-09  -1.0632260349918710E-10   2.2229382302612066E-03  -7.5213285163044930E-04  -1.1358699994161725E-03   3.2116463989950716E-04   1.0524764657020569E-03   8.2032449427060783E-05  -1.1413604952394962E-03   5.0439790356904268E-04   1.3022918719798326E-03
     274   1.0966798290610313E-02   3.5096306819468737E-03   5.7819724315777421E-04  -1.0223848221357912E-04   4.2514689084782731E-06   1.2844520824728534E-06  -1.2348553468655155E-07  -1.7537963969971315E-08   3.2789619908157874E-09  -1.4339682219421945E-10   2.2156895138323307E-03  -8.1261311424896121E-04  -1.1408155551180243E-03   3.9953761734068394E-04   1.1150571517646313E-03   2.5766086764633656E-05  -1.2697860365733504E-03   5.9739133575931191E-04   1.4289403334259987E-03
     275   1.0971680283546448E-02   3.5684127360582352E-03   5.6121038505807519E-04  -1.0466951789567247E-04   5.6177523219957948E-06   1.2708658232440939E-06  -1.5842022094147978E-07  -1.7893148296366235E-08   4.1902117331460431E-09  -2.0838147873902813E-10   2.1978854201734066E-03  -9.2007184866815805E-04  -1.1377277551218867E-03   5.5016455007717013E-04   1.2187511892989278E-03  -1.0347081843065098E-04  -1.5217459294945002E-03   8.0601737136021256E-04   1.4044726267457008E-03
     276   1.0976563207805157E-02   3.5135964863002300E-03   5.7940121041610837E-04  -1.0308832133887336E-04   4.2980573198292404E-06   1.3029249430474010E-06  -1.2396736792652518E-07  -1.7848440947432209E-08   3.2760674173459847E-09  -1.4068389508903323E-10   2.2025217767804861E-03  -8.2288461271673441E-04  -1.1243020417168736E-03   4.2833090992644429E-04   1.1188365751877427E-03  -1.3258141734695528E-05  -1.3154243351891637E-03   6.4973958069458604E-04   1.3498663902282715E-03
     277   1.0981446132063866E-02   3.5415897145867348E-03   5.6952465092763305E-04  -1.0389780800323933E-04   5.0007306526822504E-06   1.2853322459704941E-06  -1.4232877276754152E-07  -1.7865195545141432E-08   3.7636440630706147E-09  -1.7684544106888467E-10   2.1991322282701731E-03  -8.7428820552304387E-04  -1.1305353837087750E-03   4.9344863509759307E-04   1.1710262624546885E-03  -6.2984770920593292E-05  -1.4259491581469774E-03   7.3585461359471083E-04   1.5794890932738781E-03
     278   1.0986328125000000E-02   3.4810786601155996E-03   5.8864767197519541E-04  -1.0193177877226844E-04   3.5671007481141714E-06   1.3141540193828405E-06  -1.0511109138633401E-07  -1.7722353362614740E-08   2.7807374181065825E-09  -1.0481093076775139E-10   2.2078659385442734E-03  -7.6669960981234908E-04  -1.1211589444428682E-03   3.5364466020837426E-04   1.0626246221363544E-03   4.6393062802962959E-05  -1.1898088268935680E-03   5.5106217041611671E-04   1.2857118854299188E-03
     279   1.0996093973517418E-02   3.5031244624406099E-03   5.7904527056962252E-04  -1.0227243183180690E-04   4.1734770093171392E-06   1.2908333246741677E-06  -1.2117519077037286E-07  -1.7612666880495453E-08   3.2120537341029376E-09  -1.3773954199436389E-10   2.2095558233559132E-03  -8.0859370063990355E-04  -1.1342780198901892E-03   3.9941596332937479E-04   1.1092299828305840E-03   2.1942743842373602E-05  -1.2672115117311478E-03   5.9879466425627470E-04   1.1467743897810578E-03
     280   1.1015625670552254E-02   3.5002608783543110E-03   5.8061641175299883E-04  -1.0266344179399312E-04   4.1304392652818933E-06   1.3026069609622937E-06  -1.1977486735759157E-07  -1.7775604987946281E-08   3.1694726843056742E-09  -1.3338331827927874E-10   2.1989590022712946E-03  -8.0833100946620107E-04  -1.1184553150087595E-03   4.1321708704344928E-04   1.1009754380211234E-03  -9.1824358605663292E-06  -1.2915892293676734E-03   6.4191356068477035E-04   1.4886414865031838E-03
     281   1.1035157367587090E-02   3.5811997950077057E-03   5.5231939768418670E-04  -1.0516455949982628E-04   6.1426135289366357E-06   1.2584482647071127E-06  -1.7179058886540588E-07  -1.7936056195821948E-08   4.5381942648248241E-09  -2.3369298163267160E-10   2.1881496068090200E-03  -9.5933151897042990E-04  -1.1398881906643510E-03   6.0110865160822868E-04   1.2595530133694410E-03  -1.3833593402523547E-04  -1.6032535349950194E-03   8.6299062240868807E-04   1.0448517277836800E-03
     282   1.1040040291845798E-02   3.5079042427241802E-03   5.7554186787456274E-04  -1.0277437831973657E-04   4.4124490159447305E-06   1.2920962717544171E-06  -1.2706149732366612E-07  -1.7739877122835424E-08   3.3610860761257300E-09  -1.4774786949445229E-10   2.1980528254061937E-03  -8.2831183681264520E-04  -1.1255153222009540E-03   4.3372574145905674E-04   1.1245055356994271E-03  -1.5390485714306124E-05  -1.3236036757007241E-03   6.5562629606574774E-04   1.2969507370144129E-03
     283   1.1044923216104507E-02   3.4969041589647532E-03   5.7815306354314089E-04  -1.0229565668851137E-04   4.1788894122873899E-06   1.2932429171996773E-06  -1.2108921509934589E-07  -1.7662429740994412E-08   3.2054310317164436E-09  -1.3676040855337135E-10   2.2012349218130112E-03  -8.0975634045898914E-04  -1.1271981056779623E-03   4.0662463288754225E-04   1.1076419614255428E-03   1.0416979421279393E-05  -1.2774793431162834E-03   6.1377778183668852E-04   1.1383662931621075E-03
     284   1.1054688133299351E-02   3.3651595003902912E-03   6.1530480161309242E-04  -9.7001342510338873E-05   1.1880804322572658E-06   1.3233304798632162E-06  -4.4773450724733266E-08  -1.6882504283444177E-08   1.2191987419640782E-09   4.6469546960414831E-12   2.2347520571202040E-03  -5.7373155141249299E-04  -1.1252650292590261E-03   8.3762810390908271E-05   8.7430613348260522E-04   2.7341357781551778E-04  -7.4063363717868924E-04   1.8742136307992041E-04   1.3209050521254539E-03
     285   1.1093750596046448E-02   3.5348276142030954E-03   5.6103634415194392E-04  -1.0330489021725953E-04   5.2934965424356051E-06   1.2604692756212899E-06  -1.5025467803297943E-07  -1.7619763426068857E-08   3.9815830632505822E-09  -1.9481587176795045E-10   2.1932101808488369E-03  -8.8993564713746309E-04  -1.1376016773283482E-03   5.0711253425106406E-04   1.1903224512934685E-03  -6.2634120695292950E-05  -1.4464310370385647E-03   7.3985150083899498E-04   1.2214970774948597E-03
     286   1.1098633520305157E-02   3.4007511567324400E-03   6.0197367565706372E-04  -9.8524367786012590E-05   2.1531486709136516E-06   1.3113809700371348E-06  -6.9309656680616172E-08  -1.7110490801997003E-08   1.8562176240521921E-09  -4.0754562918854376E-11   2.2191633470356464E-03  -6.4924953039735556E-04  -1.1240422027185559E-03   1.8799850658979267E-04   9.4893737696111202E-04   1.8947335775010288E-04  -9.1191811952739954E-04   3.2182238646782935E-04   1.1790536809712648E-03
     287   1.1099854484200478E-02   3.4744830336421728E-03   5.7891767937690020E-04  -1.0110266885021701E-04   3.8985576793493237E-06   1.2814864476240473E-06  -1.1431731650191068E-07  -1.7370478389011623E-08   3.0383928706356755E-09  -1.2659963355421411E-10   2.2054247092455626E-03  -7.8261393355205655E-04  -1.1332668364048004E-03   3.6322177038528025E-04   1.0837964946404099E-03   5.3875377489021048E-05  -1.2049650540575385E-03   5.4698949679732323E-04   1.3574276817962527E-03
     288   1.1101074516773224E-02   3.4395644906908274E-03   5.9109576977789402E-04  -1.0018740431405604E-04   3.0473274819087237E-06   1.3039907571510412E-06  -9.2157222297828412E-08  -1.7364126136953928E-08   2.4519930530431111E-09  -8.3112357274206516E-11   2.2063341457396746E-03  -7.1999226929619908E-04  -1.1198596330359578E-03   2.8922210913151503E-04   1.0161526734009385E-03   9.9787954241037369E-05  -1.0817645816132426E-03   4.6506780199706554E-04   1.1059211101382971E-03
     289   1.1103516444563866E-02   3.5237756092101336E-03   5.6613632477819920E-04  -1.0345297778258100E-04   5.0106491471524350E-06   1.2790353594027692E-06  -1.4251941138354596E-07  -1.7791387918464352E-08   3.7689273924002009E-09  -1.7767375071198188E-10   2.1851176861673594E-03  -8.7267067283391953E-04  -1.1216104030609131E-03   4.9770600162446499E-04   1.1662606848403811E-03  -7.2351976996287704E-05  -1.4304816722869873E-03   7.4632064206525683E-04   1.1502448469400406E-03
     290   1.1108399368822575E-02   3.4653942566365004E-03   5.8661919320002198E-04  -1.0200479300692677E-04   3.5838202165905386E-06   1.3194533039495582E-06  -1.0518157722572141E-07  -1.7828439169420562E-08   2.7764259780127531E-09  -1.0359211405353008E-10   2.1856122184544802E-03  -7.6888711191713810E-04  -1.0990595910698175E-03   3.7507290835492313E-04   1.0546297999098897E-03   5.5709488151478581E-06  -1.2244997778907418E-03   6.0691667022183537E-04   1.4142800355330110E-03
     291   1.1113282293081284E-02   3.4612109884619713E-03   5.8577215531840920E-04  -1.0146872955374420E-04   3.5490627396939090E-06   1.3084752481518080E-06  -1.0470164113485225E-07  -1.7642184602095767E-08   2.7730120422120308E-09  -1.0483160867158503E-10   2.1919154096394777E-03  -7.6217588502913713E-04  -1.1074559297412634E-03   3.5831631976179779E-04   1.0512839071452618E-03   2.7269630663795397E-05  -1.1978120310232043E-03   5.7720323093235493E-04   1.2198517797514796E-03
     292   1.1118165217339993E-02   3.5202032886445522E-03   5.6372606195509434E-04  -1.0281053255312145E-04   5.0357707550574560E-06   1.2632310699700611E-06  -1.4360115585532185E-07  -1.7561033516244606E-08   3.8067882179859680E-09  -1.8223236808445620E-10   2.1928388159722090E-03  -8.6954858852550387E-04  -1.1349895503371954E-03   4.8108468763530254E-04   1.1692779371514916E-03  -4.3187032133573666E-05  -1.4025985728949308E-03   7.0647947723045945E-04   1.0808360530063510E-03
     293   1.1123048141598701E-02   3.4688143059611320E-03   5.8042258024215698E-04  -1.0125298285856843E-04   3.8084228890511440E-06   1.2908942608191865E-06  -1.1164382840433973E-07  -1.7485096037717085E-08   2.9607738483150570E-09  -1.1986188430679334E-10   2.1983152255415916E-03  -7.7840627636760473E-04  -1.1240637395530939E-03   3.6532152444124222E-04   1.0760951554402709E-03   4.3971958803012967E-05  -1.2069214135408401E-03   5.5726553546264768E-04   1.3902839273214340E-03
     294   1.1132813058793545E-02   3.3607683144509792E-03   6.1382527928799391E-04  -9.7590076620690525E-05   1.2822603139284183E-06   1.3360357797864708E-06  -4.6455141955448198E-08  -1.7137166352654276E-08   1.2478915678570957E-09   4.7099268929429172E-12   2.2149474825710058E-03  -5.8581627672538161E-04  -1.1065490543842316E-03   1.1599384015426040E-04   8.7925873231142759E-04   2.3159992997534573E-04  -7.9020316479727626E-04   2.4367914011236280E-04   1.1949760373681784E-03
     295   1.1142577975988388E-02   3.4811967052519321E-03   5.7610421208664775E-04  -1.0192419722443447E-04   4.1482089727651328E-06   1.2897520491605974E-06  -1.2024287343592732E-07  -1.7610835456594032E-08   3.1832709801449255E-09  -1.3541590071497467E-10   2.1896401885896921E-03  -8.0556276952847838E-04  -1.1183407623320818E-03   4.0761375566944480E-04   1.0997916106134653E-03   1.9528592929418664E-06  -1.2778048403561115E-03   6.2322529265657067E-04   1.2563244672492146E-03
     296   1.1152343824505806E-02   3.4111470449715853E-03   5.9779384173452854E-04  -9.9609147582668811E-05   2.5201907192240469E-06   1.3195591463954770E-06  -7.8289673410836258E-08  -1.7393327667036829E-08   2.0825527968781898E-09  -5.5407799876006081E-11   2.1984351333230734E-03  -6.8147643469274044E-04  -1.1035983916372061E-03   2.5030612596310675E-04   9.7109784837812185E-04   1.1486768926260993E-04  -1.0161530226469040E-03   4.3205966358073056E-04   1.3401176547631621E-03
     297   1.1162109673023224E-02   3.4622945822775364E-03   5.8152584824711084E-04  -1.0149539593840018E-04   3.7493673517019488E-06   1.3008778978473856E-06  -1.0982652298707762E-07  -1.7618495107285526E-08   2.9072633189741737E-09  -1.1486824685880137E-10   2.1867002360522747E-03  -7.7632797183468938E-04  -1.1086574522778392E-03   3.7595041794702411E-04   1.0666662128642201E-03   1.7435595509596169E-05  -1.2248641578480601E-03   5.9332628734409809E-04   1.3992848107591271E-03
     298   1.1171875521540642E-02   3.4518912434577942E-03   5.8052572421729565E-04  -1.0036873572971672E-04   3.6228866520104930E-06   1.2811949545721291E-06  -1.0723543653057277E-07  -1.7262898666103865E-08   2.8538869045746651E-09  -1.1365382246442124E-10   2.2002041805535555E-03  -7.5948052108287811E-04  -1.1273258132860065E-03   3.3576044370420277E-04   1.0583826806396246E-03   7.1366914198733866E-05  -1.1581056751310825E-03   5.1678728777915239E-04   1.0887695243582129E-03
     299   1.1174317449331284E-02   3.5147673916071653E-03   5.6153500918298960E-04  -1.0274193482473493E-04   5.0896333050332032E-06   1.2615892046596855E-06  -1.4475614307229989E-07  -1.7572265420540134E-08   3.8327208073951624E-09  -1.8388963962667759E-10   2.1862122230231762E-03  -8.7399210315197706E-04  -1.1332483263686299E-03   4.8784620594233274E-04   1.1746882228180766E-03  -4.4859029003418982E-05  -1.4099084073677659E-03   7.0609635440632701E-04   1.3285360764712095E-03
     300   1.1176758445799351E-02   3.4585685934871435E-03   5.7965709129348397E-04  -1.0095893958350644E-04   3.7540216908382718E-06   1.2890816378785530E-06  -1.1018165224641052E-07  -1.7446049938030228E-08   2.9214686225742525E-09  -1.1713177650030104E-10   2.1931591909378767E-03  -7.7310967026278377E-04  -1.1207805946469307E-03   3.6016464582644403E-04   1.0696429526433349E-03   4.6411121729761362E-05  -1.1969694169238210E-03   5.5205030366778374E-04   1.2603460345417261E-03
     301   1.1181641370058060E-02   3.5462561063468456E-03   5.5204285308718681E-04  -1.0404152271803468E-04   5.8423725022294093E-06   1.2532907476270339E-06  -1.6405329006374814E-07  -1.7756644155042522E-08   4.3369050573005552E-09  -2.1993826204713685E-10   2.1759970113635063E-03  -9.3244347954168916E-04  -1.1306565720587969E-03   5.7045900030061603E-04   1.2297313660383224E-03  -1.1870967864524573E-04  -1.5491517260670662E-03   8.2693580770865083E-04   9.8688935395330191E-04
     302   1.1191407218575478E-02   3.5341887269169092E-03   5.5634503951296210E-04  -1.0390584066044539E-04   5.5579889703949448E-06   1.2654229522013338E-06  -1.5642683592886897E-07  -1.7829259846280365E-08   4.1304559772470384E-09  -2.0399347488986308E-10   2.1725802216678858E-03  -9.1341004008427262E-04  -1.1224271729588509E-03   5.5158679606392980E-04   1.2082752073183656E-03  -1.0985622793668881E-04  -1.5161405317485332E-03   8.0621655797585845E-04   1.4211095403879881E-03
     303   1.1210937984287739E-02   3.4086324740201235E-03   5.8979209279641509E-04  -9.8599666671361774E-05   2.7733005936170230E-06   1.2847877997046453E-06  -8.5647549497025466E-08  -1.6969815774814379E-08   2.2945363387094631E-09  -7.4371737934786353E-11   2.2075674496591091E-03  -6.9075130159035325E-04  -1.1269139358773828E-03   2.4122864124365151E-04   9.9089229479432106E-04   1.4986941823735833E-04  -1.0002793278545141E-03   3.8913622847758234E-04   1.3707842445001006E-03
     304   1.1213378980755806E-02   3.4842062741518021E-03   5.7024433044716716E-04  -1.0216895316261798E-04   4.4603107198781800E-06   1.2820499932786333E-06  -1.2821114125927124E-07  -1.7632872939543631E-08   3.3916762731678318E-09  -1.5064076375193025E-10   2.1786652505397797E-03  -8.2836725050583482E-04  -1.1140289716422558E-03   4.4190199696458876E-04   1.1204613838344812E-03  -2.9306160286068916E-05  -1.3336103875190020E-03   6.7249819403514266E-04   1.4101215638220310E-03
     305   1.1215820908546448E-02   3.5159960389137268E-03   5.5875512771308422E-04  -1.0297450353391469E-04   5.2500504352792632E-06   1.2603313734871335E-06  -1.4877559806336649E-07  -1.7626817339078116E-08   3.9360044112868309E-09  -1.9108756244001768E-10   2.1779742091894150E-03  -8.8629411766305566E-04  -1.1272395495325327E-03   5.0960067892447114E-04   1.1837061028927565E-03  -6.9522087869700044E-05  -1.4459569938480854E-03   7.4433523695915937E-04   1.2487785425037146E-03
     306   1.1220702901482582E-02   3.3716475591063499E-03   6.0320063494145870E-04  -9.7896037914324552E-05   1.8660755358723691E-06   1.3162771210772917E-06  -6.1634075620986550E-08  -1.7088062520542735E-08   1.6502412769625607E-09  -2.5459934507865434E-11   2.2040752228349447E-03  -6.2685785815119743E-04  -1.1084378929808736E-03   1.6960805805865675E-04   9.2064565978944302E-04   1.9142244127579033E-04  -8.7837682804092765E-04   3.1070914701558650E-04   1.3093029847368598E-03
     307   1.1225585825741291E-02   3.5081810783594847E-03   5.6111405137926340E-04  -1.0284981544828042E-04   5.0844041652453598E-06   1.2662809467656189E-06  -1.4439656581544114E-07  -1.7650375383482242E-08   3.8189984508107955E-09  -1.8222216791041745E-10   2.1757313515990973E-03  -8.7468611309304833E-04  -1.1220042360946536E-03   4.9829419003799558E-04   1.1701876064762473E-03  -6.5407402871642262E-05  -1.4267608057707548E-03   7.3436438106000423E-04   1.3802179601043463E-03
     308   1.1230468750000000E-02   3.5540591925382614E-03   5.4700009059160948E-04  -1.0457851021783426E-04   6.1679106693190988E-06   1.2512593912106240E-06  -1.7214912872987043E-07  -1.7870968704869483E-08   4.5436658879793868E-09  -2.3428767259581207E-10   2.1650949493050575E-03  -9.5886382041499019E-04  -1.1258213780820370E-03   6.1049062060192227E-04   1.2549171224236488E-03  -1.5284692926798016E-04  -1.6130661824718118E-03   8.7776756845414639E-04   1.1635607806965709E-03
     309   1.1232910677790642E-02   3.4152497537434101E-03   5.8948062360286713E-04  -9.9599528766702861E-05   2.9172065296734218E-06   1.3025023690715898E-06  -8.8536026510155352E-08  -1.7314327749318181E-08   2.3524382442019487E-09  -7.5830924872732908E-11   2.1919538266956806E-03  -7.0873211370781064E-04  -1.1099746916443110E-03   2.8068755636923015E-04   1.0021352209150791E-03   1.0238641698379070E-04  -1.0629339376464486E-03   4.5521958963945508E-04   1.5000456478446722E-03
     310   1.1235351674258709E-02   3.5316997673362494E-03   5.5222492665052414E-04  -1.0349903459427878E-04   5.6943636081996374E-06   1.2503537618613336E-06  -1.6026952209813317E-07  -1.7659752771237436E-08   4.2388839105456100E-09  -2.1331360289256196E-10   2.1732654422521591E-03  -9.1929832706227899E-04  -1.1294697178527713E-03   5.5269408039748669E-04   1.2168553657829762E-03  -1.0289305646438152E-04  -1.5179405454546213E-03   8.0042326590046287E-04   1.1432755272835493E-03
     311   1.1240234598517418E-02   3.4734110813587904E-03   5.7173700770363212E-04  -1.0183978156419471E-04   4.2945648601744324E-06   1.2840304179917439E-06  -1.2387970116378710E-07  -1.7600015667085245E-08   3.2770397506709514E-09  -1.4232601208696849E-10   2.1769481245428324E-03  -8.1555516226217151E-04  -1.1116273235529661E-03   4.2610141099430621E-04   1.1074790963903069E-03  -1.6825630154926330E-05  -1.3060027267783880E-03   6.4985611243173480E-04   1.1354734888300300E-03
     312   1.1250000447034836E-02   3.3569517545402050E-03   6.0587772168219090E-04  -9.7460419056005776E-05   1.6211898810070124E-06   1.3193163113101036E-06  -5.5397187281869265E-08  -1.7033180199632625E-08   1.4887893140524966E-09  -1.3957535648090325E-11   2.2014523856341839E-03  -6.0730119002982974E-04  -1.1019343510270119E-03   1.4839398500043899E-04   8.9795945677906275E-04   2.0042755932081491E-04  -8.4402743959799409E-04   2.9364490183070302E-04   1.5099178999662399E-03
     313   1.1289062909781933E-02   3.3325727563351393E-03   6.1128905508667231E-04  -9.6798845333978534E-05   1.1581322496567736E-06   1.3298438261699630E-06  -4.3178655317888115E-08  -1.7015983289070391E-08   1.1620995277183965E-09   1.0342868055068788E-11   2.1990612149238586E-03  -5.7310319971293211E-04  -1.0955961188301444E-03   1.0636718070600182E-04   8.6288060992956161E-04   2.3258951841853559E-04  -7.7083252836018801E-04   2.3627030896022916E-04   1.2141981860622764E-03
     314   1.1298827826976776E-02   3.4613253083080053E-03   5.6986801791936159E-04  -1.0117536294274032E-04   4.2477258830331266E-06   1.2727865623674006E-06  -1.2297208229483658E-07  -1.7414343744803773E-08   3.2604701161176308E-09  -1.4249944280120275E-10   2.1762668620795012E-03  -8.0767669714987278E-04  -1.1147009208798409E-03   4.1183151188306510E-04   1.1011253809556365E-03  -8.3145761209379998E-07  -1.2819353723898530E-03   6.2633509514853358E-04   1.2492733076214790E-03
     315   1.1303710751235485E-02   3.4756287932395935E-03   5.6500348728150129E-04  -1.0167073196498677E-04   4.5991087063157465E-06   1.2667338751271018E-06  -1.3195152348544070E-07  -1.7470089375137832E-08   3.4945077942438729E-09  -1.5939059794245480E-10   2.1736461203545332E-03  -8.3481165347620845E-04  -1.1181212030351162E-03   4.4585776049643755E-04   1.1298210592940450E-03  -2.3491433239541948E-05  -1.3374300906434655E-03   6.6441943636164069E-04   1.2887069024145603E-03
     316   1.1308593675494194E-02   3.4975048620253801E-03   5.5826670723035932E-04  -1.0253702203044668E-04   5.1210554374847561E-06   1.2603950381162576E-06  -1.4529358338677412E-07  -1.7591231582514411E-08   3.8421665848886732E-09  -1.8424078929157872E-10   2.1675268653780222E-03  -8.7555870413780212E-04  -1.1185599723830819E-03   5.0147692672908306E-04   1.1702412739396095E-03  -6.8520530476234853E-05  -1.4299978502094746E-03   7.3695182800292969E-04   1.1192744132131338E-03
     317   1.1318359524011612E-02   3.5123473498970270E-03   5.5320927640423179E-04  -1.0312686936231330E-04   5.4978845582809299E-06   1.2551437293950585E-06  -1.5494048000164184E-07  -1.7667787233222043E-08   4.0941952050843611E-09  -2.0236058662082002E-10   2.1626066882163286E-03  -9.0472825104370713E-04  -1.1186767369508743E-03   5.4130080388858914E-04   1.1988434707745910E-03  -1.0119604849023744E-04  -1.4961044071242213E-03   7.9083227319642901E-04   1.0557506466284394E-03
     318   1.1328125372529030E-02   3.4176753833889961E-03   5.8248772984370589E-04  -9.9935175967402756E-05   3.2856212328624679E-06   1.2950785048815305E-06  -9.7837691725999321E-08  -1.7369346849704925E-08   2.5934945302452661E-09  -9.3172039528077732E-11   2.1767776925116777E-03  -7.3623255593702197E-04  -1.1028896551579237E-03   3.2355290022678673E-04   1.0264234151691198E-03   6.2183760746847838E-05  -1.1320967460051179E-03   5.1751913269981742E-04   1.1641896562650800E-03
     319   1.1337891221046448E-02   3.4805794712156057E-03   5.6297919945791364E-04  -1.0231523629045114E-04   4.7837652346061077E-06   1.2737699535136926E-06  -1.3629137640691624E-07  -1.7661745843611243E-08   3.5998117819957542E-09  -1.6567174021542286E-10   2.1611843258142471E-03  -8.5233832942321897E-04  -1.1063945712521672E-03   4.8014897038228810E-04   1.1424971744418144E-03  -6.2610088207293302E-05  -1.3930506538599730E-03   7.2046031709760427E-04   1.2480762088671327E-03
     320   1.1340333148837090E-02   3.4838712308555841E-03   5.6069961283355951E-04  -1.0219583055004478E-04   4.8992551455739886E-06   1.2648083611566108E-06  -1.3953540189959313E-07  -1.7569483645729633E-08   3.6908165412796734E-09  -1.7318686762468616E-10   2.1639075130224228E-03  -8.5854867938905954E-04  -1.1118601541966200E-03   4.8373689060099423E-04   1.1502571869641542E-03  -6.1383303545881063E-05  -1.4002296375110745E-03   7.2327122325077653E-04   1.0506316320970654E-03
     321   1.1342774145305157E-02   3.3412424381822348E-03   6.0533900978043675E-04  -9.7295138402841985E-05   1.5314835764002055E-06   1.3241838132671546E-06  -5.2662127103531020E-08  -1.7091595694296302E-08   1.4087886412994521E-09  -7.3361976216101965E-12   2.1882397122681141E-03  -6.0181878507137299E-04  -1.0910392738878727E-03   1.4932091289665550E-04   8.8952342048287392E-04   1.9402982434257865E-04  -8.4116385551169515E-04   2.9610935598611832E-04   1.2134710559621453E-03
     322   1.1347657069563866E-02   3.4733759239315987E-03   5.6363776093348861E-04  -1.0188252781517804E-04   4.6677496357006021E-06   1.2700676279564505E-06  -1.3344188687369751E-07  -1.7559290910185155E-08   3.5280451893271447E-09  -1.6109862055468938E-10   2.1645589731633663E-03  -8.4153696661815047E-04  -1.1104121804237366E-03   4.6143581857904792E-04   1.1336030438542366E-03  -4.2465049773454666E-05  -1.3616618234664202E-03   6.9041945971548557E-04   1.3114333851262927E-03
     323   1.1357422918081284E-02   3.4872204996645451E-03   5.5661879014223814E-04  -1.0193554771831259E-04   5.0792086767614819E-06   1.2500936463766266E-06  -1.4448164620262105E-07  -1.7421109888005049E-08   3.8273295643875826E-09  -1.8442475324675911E-10   2.1678262855857611E-03  -8.6849316721782088E-04  -1.1224824702367187E-03   4.8758683260530233E-04   1.1650109663605690E-03  -5.1927105232607573E-05  -1.4063349226489663E-03   7.1344821481034160E-04   1.5846263850107789E-03
     324   1.1367187835276127E-02   3.4153913147747517E-03   5.7860172819346189E-04  -9.9500975920818746E-05   3.4078868793585571E-06   1.2798965371985105E-06  -1.0131891770015500E-07  -1.7190897594332455E-08   2.6926030294305292E-09  -1.0187908155989689E-10   2.1787032019346952E-03  -7.4134726310148835E-04  -1.1115169618278742E-03   3.2242742599919438E-04   1.0359653970226645E-03   7.4571340519469231E-05  -1.1294557480141521E-03   5.0112942699342966E-04   1.1257171863690019E-03
     325   1.1406250298023224E-02   3.4619979560375214E-03   5.6074926396831870E-04  -1.0105202818522230E-04   4.6586305870732758E-06   1.2526816135505214E-06  -1.3373147567108390E-07  -1.7292183684958218E-08   3.5477996096489051E-09  -1.6464686558581576E-10   2.1667196415364742E-03  -8.3446939243003726E-04  -1.1175797553732991E-03   4.4460472417995334E-04   1.1291614500805736E-03  -2.1557063519139774E-05  -1.3343894388526678E-03   6.6290644463151693E-04   1.3155785854905844E-03
     326   1.1445312760770321E-02   3.4139093477278948E-03   5.7408877182751894E-04  -9.9666562164202332E-05   3.6227397686161567E-06   1.2757599279211718E-06  -1.0668118477497046E-07  -1.7230272320034601E-08   2.8303928090167574E-09  -1.1168933139460435E-10   2.1668777335435152E-03  -7.5728277442976832E-04  -1.1049605673179030E-03   3.4911656985059381E-04   1.0488593252375722E-03   4.7419896873179823E-05  -1.1722262715920806E-03   5.4267566883936524E-04   1.2624373193830252E-03
     327   1.1455077677965164E-02   3.5028418060392141E-03   5.4741190979257226E-04  -1.0316324187442660E-04   5.7111096793960314E-06   1.2502978279371746E-06  -1.6013733272757236E-07  -1.7704980592725406E-08   4.2258228027947098E-09  -2.1165197372496891E-10   2.1432975772768259E-03  -9.2043407494202256E-04  -1.1068986495956779E-03   5.7171040680259466E-04   1.2102308683097363E-03  -1.3384442718233913E-04  -1.5430437633767724E-03   8.3703000564128160E-04   1.0658610844984651E-03
     328   1.1464843526482582E-02   3.4196858759969473E-03   5.7118502445518970E-04  -9.9947064882144332E-05   3.8201746974664275E-06   1.2726380873573362E-06  -1.1176035030757703E-07  -1.7265138652078349E-08   2.9638314025248746E-09  -1.2134139526498444E-10   2.1620951592922211E-03  -7.7233376214280725E-04  -1.1026324937120080E-03   3.7180393701419234E-04   1.0625977301970124E-03   2.6074030756717548E-05  -1.2102501932531595E-03   5.7589414063841105E-04   1.2329958844929934E-03
     329   1.1474609375000000E-02   3.4171531442552805E-03   5.7155155809596181E-04  -9.9932134617120028E-05   3.7830691326234955E-06   1.2749509323839447E-06  -1.1066206440091264E-07  -1.7290730625063588E-08   2.9318207861450674E-09  -1.1868199478737296E-10   2.1607070229947567E-03  -7.7020697062835097E-04  -1.1015932541340590E-03   3.6954198731109500E-04   1.0605439310893416E-03   2.8554502932820469E-05  -1.2051004450768232E-03   5.7090190239250660E-04   1.2034802930429578E-03
     330   1.1484375223517418E-02   3.3453183714300394E-03   5.9387629153206944E-04  -9.7570984507910907E-05   2.1023602130298968E-06   1.3070527984382352E-06  -6.7175513152051280E-08  -1.7093029214265698E-08   1.7867575197172414E-09  -3.5098771111741200E-11   2.1704859100282192E-03  -6.4306537387892604E-04  -1.0889935074374080E-03   2.0579792908392847E-04   9.3077082419767976E-04   1.5224986418616027E-04  -9.3030720017850399E-04   3.6245095543563366E-04   1.2530017411336303E-03
     331   1.1494141072034836E-02   3.5132870543748140E-03   5.4045813158154488E-04  -1.0336485865991563E-04   6.1099772210582159E-06   1.2359532775008120E-06  -1.7054384215953178E-07  -1.7656775597174601E-08   4.5020129846307100E-09  -2.3245705360608326E-10   2.1400148980319500E-03  -9.4844767590984702E-04  -1.1126865865662694E-03   6.0450861928984523E-04   1.2408067705109715E-03  -1.5272997552528977E-04  -1.5966997016221285E-03   8.7046733824536204E-04   1.0843623895198107E-03
     332   1.1503906920552254E-02   3.4142835065722466E-03   5.7028827723115683E-04  -9.9840326583944261E-05   3.8153079913172405E-06   1.2721733355647302E-06  -1.1150056167252842E-07  -1.7265596952142914E-08   2.9543805180054505E-09  -1.2051741549168327E-10   2.1578727755695581E-03  -7.7197531936690211E-04  -1.1007224675267935E-03   3.7244817940518260E-04   1.0623346315696836E-03   2.6598148906487040E-05  -1.2091815005987883E-03   5.7294126600027084E-04   1.1955732479691505E-03
     333   1.1513672769069672E-02   3.4060387406498194E-03   5.7369744172319770E-04  -9.9896155006717891E-05   3.6193980577081675E-06   1.2838024758821120E-06  -1.0621567980706459E-07  -1.7363197102326922E-08   2.8108606553445270E-09  -1.0913919767929769E-10   2.1522734314203262E-03  -7.5947155710309744E-04  -1.0894413571804762E-03   3.6536317202262580E-04   1.0446361266076565E-03   1.9133467503706925E-05  -1.1977379908785224E-03   5.7960086269304156E-04   1.4412305317819118E-03
     334   1.1518554762005806E-02   3.3961632288992405E-03   5.7578564155846834E-04  -9.9415527074597776E-05   3.4173515359725570E-06   1.2832208540203283E-06  -1.0110912285199447E-07  -1.7272176577876053E-08   2.6789670481974781E-09  -1.0002061678893170E-10   2.1559060551226139E-03  -7.4272841447964311E-04  -1.0919804917648435E-03   3.3992814132943749E-04   1.0294346138834953E-03   4.3440497393021360E-05  -1.1550299823284149E-03   5.4152723168954253E-04   1.6793918330222368E-03
     335   1.1523437686264515E-02   3.3257864415645599E-03   5.9499690541997552E-04  -9.6439420303795487E-05   1.8288807268618257E-06   1.2956933232999290E-06  -6.0608037699694250E-08  -1.6807492286829984E-08   1.6253370871410766E-09  -2.5323925248454948E-11   2.1768750157207251E-03  -6.1659677885472775E-04  -1.0966034606099129E-03   1.6215475625358522E-04   9.0801581973209977E-04   1.9670381152536720E-04  -8.5794850019738078E-04   2.9518295195885003E-04   1.5237553743645549E-03
     336   1.1562500149011612E-02   3.3403341658413410E-03   5.9057294856756926E-04  -9.7617361461743712E-05   2.2303154310066020E-06   1.3044734714640072E-06  -7.0314392530690384E-08  -1.7119724304848205E-08   1.8664889633868142E-09  -4.0701789161268209E-11   2.1592464763671160E-03  -6.5244548022747040E-04  -1.0816376889124513E-03   2.2432692639995366E-04   9.3710341025143862E-04   1.3118745118845254E-04  -9.5955666620284319E-04   3.9280639612115920E-04   1.6073872102424502E-03
     337   1.1572265997529030E-02   3.4870961681008339E-03   5.4274476133286953E-04  -1.0244375152979046E-04   5.7613519857113715E-06   1.2352411431493238E-06  -1.6159717119990091E-07  -1.7513716699113502E-08   4.2689496382308789E-09  -2.1615396972318734E-10   2.1364274434745312E-03  -9.1942277504131198E-04  -1.1086040176451206E-03   5.6723185116425157E-04   1.2109701056033373E-03  -1.2373476056382060E-04  -1.5326612628996372E-03   8.2175317220389843E-04   1.3398501323536038E-03
     338   1.1582031846046448E-02   3.3670845441520214E-03   5.7826359989121556E-04  -9.7994881798513234E-05   2.9925117814855184E-06   1.2741753607770079E-06  -9.0521375284424721E-08  -1.6967156568625796E-08   2.4095383466260500E-09  -8.2266915502060556E-11   2.1611698903143406E-03  -7.0485781179741025E-04  -1.0985017288476229E-03   2.8112306608818471E-04   9.9580653477460146E-04   1.0199985990766436E-04  -1.0553636820986867E-03   4.5008363667875528E-04   1.2111980468034744E-03
     339   1.1601562611758709E-02   3.4135105088353157E-03   5.6715880054980516E-04  -1.0067960101878271E-04   4.0329277908313088E-06   1.2848216783822863E-06  -1.1629038709770612E-07  -1.7571732513488314E-08   3.0633300340809910E-09  -1.2602924259752513E-10   2.1336083300411701E-03  -7.9399853711947799E-04  -1.0785192716866732E-03   4.2134770774282515E-04   1.0753152891993523E-03  -3.3104512112913653E-05  -1.2866761535406113E-03   6.5673998324200511E-04   1.0739645222201943E-03
     340   1.1611327528953552E-02   3.4145023673772812E-03   5.6263856822624803E-04  -9.9942233646288514E-05   4.1791572584770620E-06   1.2596190117619699E-06  -1.2085429546004889E-07  -1.7238871663494137E-08   3.2007667627453884E-09  -1.3890918970638211E-10   2.1445902530103922E-03  -7.9744955291971564E-04  -1.0969535214826465E-03   4.0956956217996776E-04   1.0863434290513396E-03  -4.8812198656378314E-06  -1.2689355062320828E-03   6.2211818294599652E-04   1.2059630826115608E-03
     341   1.1621093377470970E-02   3.3299038186669350E-03   5.8565294602885842E-04  -9.6409916295669973E-05   2.2786903173255268E-06   1.2753066584991757E-06  -7.2377943638457509E-08  -1.6695025806257036E-08   1.9392478733948337E-09  -4.9381821548566407E-11   2.1685617975890636E-03  -6.4668961567804217E-04  -1.1010012822225690E-03   1.9835621060337871E-04   9.4034848734736443E-04   1.7522409325465560E-04  -9.1617507860064507E-04   3.3227942185476422E-04   1.1608325876295567E-03
     342   1.1623535305261612E-02   3.5018587950617075E-03   5.3303729509934783E-04  -1.0267202014802024E-04   6.3190041146299336E-06   1.2132924211982754E-06  -1.7630034676585637E-07  -1.7411116104426583E-08   4.6628572114570943E-09  -2.4619681293636120E-10   2.1327296271920204E-03  -9.5765508012846112E-04  -1.1166206095367670E-03   6.1199563788250089E-04   1.2518138391897082E-03  -1.5184754738584161E-04  -1.6074749873951077E-03   8.7306409841403365E-04   1.4610785292461514E-03
     343   1.1624755337834358E-02   3.4081067424267530E-03   5.6090101134032011E-04  -9.9117525678593665E-05   4.1427265387028456E-06   1.2423141697581741E-06  -1.2049676456626912E-07  -1.6956377635324316E-08   3.2041755915201975E-09  -1.4137664650082371E-10   2.1540739107877016E-03  -7.8850996214896441E-04  -1.1109159095212817E-03   3.8449591374956071E-04   1.0831905528903008E-03   3.0063782105571590E-05  -1.2280779192224145E-03   5.7490839390084147E-04   1.0308878263458610E-03
     344   1.1625976301729679E-02   3.3397183287888765E-03   5.8271165471524000E-04  -9.6858602773863822E-05   2.5184594960592221E-06   1.2734815300063929E-06  -7.8515199675166514E-08  -1.6765838495302887E-08   2.0994623817216507E-09  -6.0762388176538451E-11   2.1642362698912621E-03  -6.6543836146593094E-04  -1.0984988184645772E-03   2.2637229994870722E-04   9.5704803243279457E-04   1.4788632688578218E-04  -9.6369738457724452E-04   3.7651421735063195E-04   1.5885933535173535E-03
     345   1.1628417298197746E-02   3.3885841257870197E-03   5.6958792265504599E-04  -9.9069489806424826E-05   3.6223050301487092E-06   1.2686359696090221E-06  -1.0647483605907837E-07  -1.7150616926642215E-08   2.8228708259803170E-09  -1.1148885981082657E-10   2.1470021456480026E-03  -7.5455784099176526E-04  -1.0925715323537588E-03   3.5414140438660979E-04   1.0419945465400815E-03   3.6235142033547163E-05  -1.1759933549910784E-03   5.5450043873861432E-04   1.1917514493688941E-03
     346   1.1630859225988388E-02   3.3897380344569683E-03   5.6918454356491566E-04  -9.9141689133830369E-05   3.6513954455585917E-06   1.2691846222878667E-06  -1.0713335285572612E-07  -1.7174093258631729E-08   2.8380802152838669E-09  -1.1238274200131571E-10   2.1463253069669008E-03  -7.5736286817118526E-04  -1.0929472045972943E-03   3.5759471938945353E-04   1.0455573210492730E-03   3.5446177207631990E-05  -1.1807401897385716E-03   5.5465410696342587E-04   1.3237695675343275E-03
     347   1.1640625074505806E-02   3.3627410884946585E-03   5.7680497411638498E-04  -9.8179800261277705E-05   3.0503588277497329E-06   1.2778931477441802E-06  -9.1698176163390599E-08  -1.7059589296763988E-08   2.4342960980305861E-09  -8.3283477336770773E-11   2.1503069438040257E-03  -7.1088166441768408E-04  -1.0892662685364485E-03   2.9695584089495242E-04   9.9843076895922422E-04   8.1857710028998554E-05  -1.0795131092891097E-03   4.7702642041258514E-04   1.1862121755257249E-03
     348   1.1645507998764515E-02   3.3800066448748112E-03   5.7311775162816048E-04  -9.9236785899847746E-05   3.4225613489979878E-06   1.2839368537242990E-06  -1.0084541912647182E-07  -1.7310334499143210E-08   2.6647328787987590E-09  -9.8416066962592197E-11   2.1393655333667994E-03  -7.4350449722260237E-04  -1.0803648037835956E-03   3.4973450237885118E-04   1.0268295882269740E-03   2.9434680982376449E-05  -1.1666207574307919E-03   5.5638316553086042E-04   1.1396342888474464E-03
     349   1.1650390923023224E-02   3.3755598124116659E-03   5.7394598843529820E-04  -9.9039039923809469E-05   3.3383728350599995E-06   1.2839067267123028E-06  -9.8698542672082112E-08  -1.7276869712645748E-08   2.6087918492123663E-09  -9.4491976743160677E-11   2.1404328290373087E-03  -7.3660089401528239E-04  -1.0810643434524536E-03   3.3955802791751921E-04   1.0205742437392473E-03   3.9174195990199223E-05  -1.1493960628286004E-03   5.4044002899900079E-04   1.4385853428393602E-03
     350   1.1660156771540642E-02   3.4207715652883053E-03   5.5877654813230038E-04  -1.0053914593299851E-04   4.4490661821328104E-06   1.2618460232260986E-06  -1.2742978583446529E-07  -1.7396432738792100E-08   3.3654861120169244E-09  -1.4980373885808973E-10   2.1323342807590961E-03  -8.2030135672539473E-04  -1.0884513612836599E-03   4.4789307867176831E-04   1.1055088834837079E-03  -4.3426432966953143E-05  -1.3307685730978847E-03   6.8005057983100414E-04   1.1991020292043686E-03
     351   1.1665039695799351E-02   3.3563626930117607E-03   5.7611119700595737E-04  -9.7764641395770013E-05   3.0048172448005062E-06   1.2713234127659234E-06  -9.0714763700816547E-08  -1.6942722780299846E-08   2.4128694597891354E-09  -8.2576695481506590E-11   2.1520245354622602E-03  -7.0477271219715476E-04  -1.0929669952020049E-03   2.8484023641794920E-04   9.9380721803754568E-04   9.5890558441169560E-05  -1.0593147017061710E-03   4.5739207416772842E-04   1.1976218083873391E-03
     352   1.1669922620058060E-02   3.3408342860639095E-03   5.7877885410562158E-04  -9.6823918283917010E-05   2.6966449695464689E-06   1.2653973726628465E-06  -8.3089254587775940E-08  -1.6725282492302540E-08   2.2195245641398742E-09  -6.9859659723725542E-11   2.1611177362501621E-03  -6.7775498609989882E-04  -1.1019917437806726E-03   2.3948773741722107E-04   9.7185577033087611E-04   1.4471009490080178E-04  -9.8311447072774172E-04   3.8215826498344541E-04   1.3434638967737556E-03
     353   1.1679687537252903E-02   3.3661739435046911E-03   5.7318795006722212E-04  -9.8373755463398993E-05   3.2559989904257236E-06   1.2732826917272178E-06  -9.6945861116637388E-08  -1.7080614256315130E-08   2.5712407758504696E-09  -9.3236217357794970E-11   2.1443122532218695E-03  -7.2605587774887681E-04  -1.0873444844037294E-03   3.1904541538096964E-04   1.0125647531822324E-03   6.2421764596365392E-05  -1.1156889377161860E-03   5.0778925651684403E-04   1.2663941597566009E-03
     354   1.1689452454447746E-02   3.3508541528135538E-03   5.7784287491813302E-04  -9.7966716566588730E-05   2.9145808184694033E-06   1.2815639820473734E-06  -8.8081591798072623E-08  -1.7066266622123294E-08   2.3374890911753710E-09  -7.6013452476875187E-11   2.1437008399516344E-03  -7.0068152854219079E-04  -1.0811840184032917E-03   2.8966667014174163E-04   9.8487199284136295E-04   7.9813326010480523E-05  -1.0668135946616530E-03   4.7605461440980434E-04   1.2333125341683626E-03
     355   1.1699218302965164E-02   3.4508055541664362E-03   5.4708920652046800E-04  -1.0170566383749247E-04   5.2761829465453047E-06   1.2478517419367563E-06  -1.4865457842461183E-07  -1.7529220741607787E-08   3.9211256464000144E-09  -1.9000387374568106E-10   2.1207858808338642E-03  -8.8360434165224433E-04  -1.0890907142311335E-03   5.3397711599245667E-04   1.1684446362778544E-03  -1.1229521624045447E-04  -1.4734393917024136E-03   7.9143000766634941E-04   1.4107064343988895E-03
     356   1.1708984151482582E-02   3.3689851406961679E-03   5.7023490080609918E-04  -9.8489173979032785E-05   3.4184865853603696E-06   1.2687394246313488E-06  -1.0110910864113976E-07  -1.7083348069490967E-08   2.6802802199910047E-09  -1.0125962568441338E-10   2.1405364386737347E-03  -7.3785480344668031E-04  -1.0873310966417193E-03   3.3484128653071821E-04   1.0243102442473173E-03   5.0463349907658994E-05  -1.1411027517169714E-03   5.2778801182284951E-04   1.5368955209851265E-03
     357   1.1713867075741291E-02   3.3025525044649839E-03   5.8931467356160283E-04  -9.5890594820957631E-05   1.8954408460558625E-06   1.2868035810242873E-06  -6.2066064288046618E-08  -1.6732785823592167E-08   1.6600086860663055E-09  -2.8145701047588290E-11   2.1569083910435438E-03  -6.1899406136944890E-04  -1.0864763753488660E-03   1.7200487491209060E-04   9.0777222067117691E-04   1.8577453738544136E-04  -8.6862489115446806E-04   3.0676089227199554E-04   1.2852230574935675E-03
     358   1.1718750000000000E-02   3.4491312690079212E-03   5.4308888502418995E-04  -1.0096785990754142E-04   5.3799531087861396E-06   1.2255374031155952E-06  -1.5198112635061989E-07  -1.7228492410481522E-08   4.0228114173146423E-09  -1.9990169242145583E-10   2.1300765220075846E-03  -8.8449160102754831E-04  -1.1056537041440606E-03   5.1998748676851392E-04   1.1760629713535309E-03  -8.3607643318828195E-05  -1.4510385226458311E-03   7.5612054206430912E-04   1.1672822292894125E-03
     359   1.1757812462747097E-02   3.3616076689213514E-03   5.6807609507814050E-04  -9.8034521215595305E-05   3.4292418149561854E-06   1.2592640814546030E-06  -1.0156718843745693E-07  -1.6949572412272573E-08   2.6967119648446669E-09  -1.0344358702951695E-10   2.1400486584752798E-03  -7.3558569420129061E-04  -1.0912416037172079E-03   3.2761142938397825E-04   1.0243393480777740E-03   6.2733386585023254E-05  -1.1279941536486149E-03   5.0955719780176878E-04   1.2470260262489319E-03
     360   1.1767577379941940E-02   3.4574975725263357E-03   5.3672556532546878E-04  -1.0121756349690259E-04   5.7418346841586754E-06   1.2146836070314748E-06  -1.6129082780480530E-07  -1.7220882497781531E-08   4.2673189426523095E-09  -2.1801156713241454E-10   2.1245006937533617E-03  -9.1085239546373487E-04  -1.1087047168985009E-03   5.5286788847297430E-04   1.2043972965329885E-03  -1.0397363075753674E-04  -1.5038077253848314E-03   7.8925484558567405E-04   1.5202407957985997E-03
     361   1.1777343228459358E-02   3.3815717324614525E-03   5.6364503689110279E-04  -9.9437063909135759E-05   3.8862499422975816E-06   1.2695103350779391E-06  -1.1270186917045066E-07  -1.7301848842521395E-08   2.9753026709045116E-09  -1.2136168459075947E-10   2.1228087134659290E-03  -7.7656429493799806E-04  -1.0757383424788713E-03   3.9774310425855219E-04   1.0582567192614079E-03  -1.0660271072993055E-05  -1.2436073739081621E-03   6.1878329142928123E-04   1.2039276771247387E-03
     362   1.1796874925494194E-02   3.3485826570540667E-03   5.6956626940518618E-04  -9.7635296697262675E-05   3.2460659440403106E-06   1.2606706150108948E-06  -9.6829360529682162E-08  -1.6900054689017452E-08   2.5726232255607329E-09  -9.4586165289012314E-11   2.1372952032834291E-03  -7.2098337113857269E-04  -1.0874608997255564E-03   3.1052264967001975E-04   1.0087084956467152E-03   7.4141069489996880E-05  -1.0986294364556670E-03   4.8862589756026864E-04   1.0699428385123610E-03
     363   1.1874999850988388E-02   3.3360442612320185E-03   5.7066202862188220E-04  -9.7818367066793144E-05   3.1383760870085098E-06   1.2737029919662746E-06  -9.3485219565536681E-08  -1.7072112612481760E-08   2.4732156322926357E-09  -8.5713547370858123E-11   2.1214066073298454E-03  -7.1635353378951550E-04  -1.0695816017687321E-03   3.1925679650157690E-04   9.9712132941931486E-04   5.0954258767887950E-05  -1.1104281293228269E-03   5.1540462300181389E-04   1.6593147302046418E-03
     364   1.1884765699505806E-02   3.3219542820006609E-03   5.7253439445048571E-04  -9.6923045930452645E-05   2.8821793875977164E-06   1.2660740367209655E-06  -8.7257618019975780E-08  -1.6847774730877063E-08   2.3181467856403515E-09  -7.5944917021786296E-11   2.1295545157045126E-03  -6.9291278487071395E-04  -1.0780474403873086E-03   2.7932020020671189E-04   9.7807822749018669E-04   9.3802264018449932E-05  -1.0437667369842529E-03   4.5054839574731886E-04   1.0770309017971158E-03
     365   1.1894531548023224E-02   3.4080329351127148E-03   5.4463057313114405E-04  -9.9847893579863012E-05   4.9569503062230069E-06   1.2276091183593962E-06  -1.4083042287893477E-07  -1.7114277994778604E-08   3.7266865149376827E-09  -1.7853230005471232E-10   2.1141441538929939E-03  -8.5028121247887611E-04  -1.0909595293924212E-03   4.8401491949334741E-04   1.1376750189810991E-03  -6.2819737649988383E-05  -1.3862656196579337E-03   7.1318866685032845E-04   1.3275998644530773E-03
     366   1.1904297396540642E-02   3.2604399602860212E-03   5.8958661975339055E-04  -9.4618008006364107E-05   1.5128988479773398E-06   1.2834934750571847E-06  -5.2121588822728881E-08  -1.6552654358292784E-08   1.3992732528222973E-09  -9.9393757113652725E-12   2.1413036156445742E-03  -5.8602716308087111E-04  -1.0735987452790141E-03   1.3592411414720118E-04   8.7081419769674540E-04   2.0747585222125053E-04  -8.0435693962499499E-04   2.6501086540520191E-04   1.4443198451772332E-03
     367   1.1914062313735485E-02   3.4629004076123238E-03   5.2641390357166529E-04  -1.0183138510910794E-04   6.3037027757673059E-06   1.2057123512931867E-06  -1.7536451935029618E-07  -1.7342753011462264E-08   4.6292547573045795E-09  -2.4368387863127339E-10   2.1017161197960377E-03  -9.5387204783037305E-04  -1.0983343236148357E-03   6.1941979220137000E-04   1.2433640658855438E-03  -1.6427696391474456E-04  -1.6103819943964481E-03   8.8114803656935692E-04   1.1664887424558401E-03
     368   1.1923827230930328E-02   3.3518923446536064E-03   5.6237593526020646E-04  -9.8402029834687710E-05   3.6694561913463986E-06   1.2616084177352604E-06  -1.0716985343606211E-07  -1.7112583350353816E-08   2.8329667500770483E-09  -1.1206999217527880E-10   2.1129653323441744E-03  -7.5586547609418631E-04  -1.0703789303079247E-03   3.7229555891826749E-04   1.0365061461925507E-03   9.3179723990033381E-06  -1.1980070266872644E-03   5.8368314057588577E-04   1.2243608944118023E-03
     369   1.1933593079447746E-02   3.3408610615879297E-03   5.6622701231390238E-04  -9.8262498795520514E-05   3.4115275866497541E-06   1.2723368172373739E-06  -1.0025202357155649E-07  -1.7175723954210298E-08   2.6454638479833648E-09  -9.7588680192384203E-11   2.1101916208863258E-03  -7.3835905641317368E-04  -1.0633458150550723E-03   3.5433511948212981E-04   1.0166442953050137E-03   1.7993081200984307E-05  -1.1667363578453660E-03   5.6525215040892363E-04   1.4807821717113256E-03
     370   1.1953124776482582E-02   3.4357055556029081E-03   5.3246435709297657E-04  -1.0095739708049223E-04   5.7805127653409727E-06   1.2136255236327997E-06  -1.6182787021534750E-07  -1.7253489303925562E-08   4.2733714344933560E-09  -2.1789807458372223E-10   2.1013803780078888E-03  -9.1355730546638370E-04  -1.0924560483545065E-03   5.6882982607930899E-04   1.2016899418085814E-03  -1.2705202971119434E-04  -1.5248245326802135E-03   8.1689044600352645E-04   1.0435804724693298E-03
     371   1.1962890625000000E-02   3.4542824141681194E-03   5.2467122441157699E-04  -1.0131764429388568E-04   6.2844496824254747E-06   1.1961607242483296E-06  -1.7510608074644551E-07  -1.7193034551610253E-08   4.6282653265450335E-09  -2.4473964521654068E-10   2.1016215905547142E-03  -9.4899238320067525E-04  -1.1017854558303952E-03   6.0907943407073617E-04   1.2402972206473351E-03  -1.5086101484484971E-04  -1.5926706837490201E-03   8.6151651339605451E-04   1.2350610923022032E-03
     372   1.1972656473517418E-02   3.2729583326727152E-03   5.8400654233992100E-04  -9.5756229711696506E-05   1.9518245153449243E-06   1.2903130937047536E-06  -6.2781822407487198E-08  -1.6853707762720660E-08   1.6655997692183178E-09  -2.7247183675971343E-11   2.1206780802458525E-03  -6.2433979474008083E-04  -1.0572420433163643E-03   2.0252323884051293E-04   9.0221007121726871E-04   1.3814790872856975E-04  -9.1265211813151836E-04   3.6714633461087942E-04   1.3488436816260219E-03
     373   1.1977539397776127E-02   3.2531209290027618E-03   5.9083517407998443E-04  -9.5282288384623826E-05   1.4768098708373145E-06   1.3039750683674356E-06  -5.0365102310934162E-08  -1.6869115881945618E-08   1.3357993600138229E-09  -2.6206356962960031E-12   2.1200643386691809E-03  -5.8965402422472835E-04  -1.0484465165063739E-03   1.6265497833956033E-04   8.6397613631561399E-04   1.6101535584311932E-04  -8.4619817789644003E-04   3.2573135104030371E-04   1.0829168604686856E-03
     374   1.1982422322034836E-02   3.2290723174810410E-03   5.9597752988338470E-04  -9.3997077783569694E-05   9.7568977253104094E-07   1.2995275255889283E-06  -3.7898150395676566E-08  -1.6589945417422314E-08   1.0185882137747626E-09   1.8729576917175805E-11   2.1310411393642426E-03  -5.4702145280316472E-04  -1.0560903465375304E-03   9.7145952167920768E-05   8.2534248940646648E-04   2.2305741731543094E-04  -7.3760160012170672E-04   2.2979771893005818E-04   1.2684876564890146E-03
     375   1.1987304314970970E-02   3.3292823936790228E-03   5.6411029072478414E-04  -9.7438351076561958E-05   3.3586136396479560E-06   1.2576284689203021E-06  -9.9251437291059119E-08  -1.6935826963049294E-08   2.6275293052435700E-09  -9.8024907635441139E-11   2.1139115560799837E-03  -7.2911457391455770E-04  -1.0727352928370237E-03   3.3244918449781835E-04   1.0121619561687112E-03   4.8426107241539285E-05  -1.1291579576209188E-03   5.2116124425083399E-04   1.1653075926005840E-03
     376   1.1992187239229679E-02   3.4438315778970718E-03   5.2765285363420844E-04  -1.0134623153135180E-04   6.0887009567522909E-06   1.2080705573680461E-06  -1.6971797833775781E-07  -1.7300237686868059E-08   4.4798800225009927E-09  -2.3285101624637150E-10   2.0940259564667940E-03  -9.3690253561362624E-04  -1.0900129564106464E-03   6.0274079442024231E-04   1.2236951151862741E-03  -1.5690176223870367E-04  -1.5808271709829569E-03   8.6409947834908962E-04   1.4109479961916804E-03
     377   1.2001952156424522E-02   3.3420776017010212E-03   5.5864930618554354E-04  -9.7787102276924998E-05   3.7197019082668703E-06   1.2474988579924684E-06  -1.0867181288176653E-07  -1.6929629254036627E-08   2.8776161453691884E-09  -1.1666313748381896E-10   2.1115972194820642E-03  -7.5536128133535385E-04  -1.0765081970021129E-03   3.6503194132819772E-04   1.0395967401564121E-03   2.5664714485174045E-05  -1.1836198391392827E-03   5.6036573369055986E-04   1.4371380675584078E-03
     378   1.2011718004941940E-02   3.3290083520114422E-03   5.6285492610186338E-04  -9.7512413049116731E-05   3.4230411074531730E-06   1.2568140164148645E-06  -1.0086726831559645E-07  -1.6952618864252145E-08   2.6693740551309020E-09  -1.0099359543103148E-10   2.1099953446537256E-03  -7.3398533277213573E-04  -1.0699437698349357E-03   3.4135143505409360E-04   1.0155633790418506E-03   3.8134086935315281E-05  -1.1437535285949707E-03   5.3712836233898997E-04   1.1784834787249565E-03
     379   1.2014159932732582E-02   3.3030789345502853E-03   5.7325087254866958E-04  -9.7155258117709309E-05   2.7572280032472918E-06   1.2832714446631144E-06  -8.3191231681212230E-08  -1.7088170878309938E-08   2.1940711469881080E-09  -6.4590131854114219E-11   2.1055438555777073E-03  -6.8807811476290226E-04  -1.0526616824790835E-03   2.9366277158260345E-04   9.6301996381953359E-04   5.9454356232890859E-05  -1.0631441837176681E-03   4.9260677769780159E-04   1.8636158201843500E-03
     380   1.2016600929200649E-02   3.3155868295580149E-03   5.6833488633856177E-04  -9.7404961707070470E-05   3.0818082450423390E-06   1.2722820201815921E-06  -9.1742784036341618E-08  -1.7052151690677420E-08   2.4226702866059213E-09  -8.1870489554436432E-11   2.1060097496956587E-03  -7.1105977986007929E-04  -1.0588460136204958E-03   3.1973962904885411E-04   9.8826910834759474E-04   4.4351530959829688E-05  -1.1071137851104140E-03   5.2049267105758190E-04   1.5618064207956195E-03
     381   1.2021483853459358E-02   3.2213525846600533E-03   5.9749552747234702E-04  -9.4141149020288140E-05   8.7219012812056462E-07   1.3100037676849752E-06  -3.4819052530110639E-08  -1.6718070483534575E-08   9.2910457105688238E-10   2.6477665546198459E-11   2.1219302434474230E-03  -5.4200756130740047E-04  -1.0448530083522201E-03   9.9802215117961168E-05   8.1603141734376550E-04   2.1092411770951003E-04  -7.4009731179103255E-04   2.4268336710520089E-04   1.1776343453675508E-03
     382   1.2026366777718067E-02   3.2971194013953209E-03   5.7180400472134352E-04  -9.6405747171957046E-05   2.7190203581994865E-06   1.2675950529228430E-06  -8.2768494280571758E-08  -1.6828034077320808E-08   2.1954755791142588E-09  -6.6766626949377184E-11   2.1139315795153379E-03  -6.7957182181999087E-04  -1.0645989095792174E-03   2.7121574385091662E-04   9.5961510669440031E-04   9.0028726845048368E-05  -1.0269694030284882E-03   4.5022467384114861E-04   1.0818858863785863E-03
     383   1.2031249701976776E-02   3.3764636609703302E-03   5.4536474635824561E-04  -9.8875636467710137E-05   4.6393665797950234E-06   1.2263485587027390E-06  -1.3250530628283741E-07  -1.6987542039714754E-08   3.5064382508664949E-09  -1.6291630544618130E-10   2.1041147410869598E-03  -8.2377449143677950E-04  -1.0833669221028686E-03   4.5268371468409896E-04   1.1098772520199418E-03  -3.8945181586313993E-05  -1.3298642588779330E-03   6.6899036755785346E-04   1.3807395007461309E-03
     384   1.2050781399011612E-02   3.3034135121852160E-03   5.6850328110158443E-04  -9.6709940407890826E-05   2.9340119453991065E-06   1.2647458333958639E-06  -8.8177642965092673E-08  -1.6879409869829942E-08   2.3347763722370019E-09  -7.6639396218158851E-11   2.1092691458761692E-03  -6.9644773611798882E-04  -1.0641504777595401E-03   2.9441888909786940E-04   9.7654393175616860E-04   7.2401067882310599E-05  -1.0641118278726935E-03   4.7830291441641748E-04   1.2985684443265200E-03
     385   1.2070312164723873E-02   3.3668181858956814E-03   5.4639257723465562E-04  -9.8705422715283930E-05   4.5179344851931091E-06   1.2300888556637801E-06  -1.2922416203764442E-07  -1.7001751118073116E-08   3.4174376661866290E-09  -1.5612770798423270E-10   2.0992539357393980E-03  -8.1507430877536535E-04  -1.0777658317238092E-03   4.4525892008095980E-04   1.0993045289069414E-03  -3.7077348679304123E-05  -1.3160436647012830E-03   6.6281144972890615E-04   1.4509228058159351E-03
     386   1.2109374627470970E-02   3.4106764942407608E-03   5.3039391059428453E-04  -1.0032808495452628E-04   5.6650528676982503E-06   1.2105285804864252E-06  -1.5864007707477867E-07  -1.7184133227488019E-08   4.1866901057119321E-09  -2.1175440567677839E-10   2.0862878300249577E-03  -9.0289709623903036E-04  -1.0821857722476125E-03   5.6147592840716243E-04   1.1880745878443122E-03  -1.2603930372279137E-04  -1.5082678291946650E-03   8.0923544010147452E-04   1.2779110111296177E-03
     387   1.2114257551729679E-02   3.3576753921806812E-03   5.4786063265055418E-04  -9.8759897809941322E-05   4.3994282350467984E-06   1.2394367558954400E-06  -1.2578854580169718E-07  -1.7108050087699667E-08   3.3190905579516539E-09  -1.4786202817695937E-10   2.0906492136418819E-03  -8.0842804163694382E-04  -1.0674165096133947E-03   4.4481299119070172E-04   1.0888357646763325E-03  -4.5475382648874074E-05  -1.3133011525496840E-03   6.6996511304751039E-04   1.2593461433425546E-03
     388   1.2119140475988388E-02   3.3635820727795362E-03   5.4582447046414018E-04  -9.8998592875432223E-05   4.5514198063756339E-06   1.2373199069770635E-06  -1.2968557427939231E-07  -1.7138237495828434E-08   3.4211566912745184E-09  -1.5522529095424176E-10   2.0885241683572531E-03  -8.2011782797053456E-04  -1.0671593481674790E-03   4.6102475607767701E-04   1.0999718215316534E-03  -5.9523244999581948E-05  -1.3404405908659101E-03   6.9331668782979250E-04   1.4215039554983377E-03
     389   1.2128906324505806E-02   3.3037289977073669E-03   5.6434830185025930E-04  -9.7028147138189524E-05   3.1594104257237632E-06   1.2632867765205447E-06  -9.3759609853805159E-08  -1.6962538040843356E-08   2.4771384943278463E-09  -8.6472579097218727E-11   2.0961726550012827E-03  -7.1412342367693782E-04  -1.0550682200118899E-03   3.2598903635516763E-04   9.9005468655377626E-04   3.8068228604970500E-05  -1.1154526146128774E-03   5.2941119065508246E-04   1.1796577600762248E-03
     390   1.2138672173023224E-02   3.2053985632956028E-03   5.9337745187804103E-04  -9.3385431682690978E-05   8.9357371280129883E-07   1.2951944654560066E-06  -3.5579517998485244E-08  -1.6516512602038347E-08   9.5476770933800026E-10   2.3165832099825145E-11   2.1163534838706255E-03  -5.3862918866798282E-04  -1.0469735134392977E-03   9.1823319962713867E-05   8.1436766777187586E-04   2.2353835811372846E-04  -7.2449143044650555E-04   2.2376772540155798E-04   1.3532870216295123E-03
     391   1.2148437090218067E-02   3.2882909290492535E-03   5.6429725373163819E-04  -9.5713963673915714E-05   2.9414854907372501E-06   1.2441120134099037E-06  -8.8835747646953678E-08  -1.6577221373381690E-08   2.3632316104027495E-09  -8.0987251627195889E-11   2.1098412107676268E-03  -6.9016235647723079E-04  -1.0732868686318398E-03   2.7651194250211120E-04   9.7531033679842949E-04   1.0056510654976591E-04  -1.0326735209673643E-03   4.3700533569790423E-04   1.3669835170730948E-03
     392   1.2167967855930328E-02   3.2678344286978245E-03   5.7215685956180096E-04  -9.5628303824923933E-05   2.4487617338309065E-06   1.2688035440078238E-06  -7.5509603902901290E-08  -1.6761696031153406E-08   1.9998254163766660E-09  -5.2462749422499400E-11   2.1016281098127365E-03  -6.5786222694441676E-04  -1.0551892919465899E-03   2.4790960014797747E-04   9.3580642715096474E-04   1.0600476525723934E-04  -9.8306324798613787E-04   4.1840845369733870E-04   1.2195534072816372E-03
     393   1.2177733704447746E-02   3.2712416723370552E-03   5.6996301282197237E-04  -9.5645227702334523E-05   2.5730298602866242E-06   1.2629196817215416E-06  -7.8843171991138661E-08  -1.6722298212812348E-08   2.0903205832922822E-09  -5.9503547922279409E-11   2.1015305537730455E-03  -6.6599930869415402E-04  -1.0576021159067750E-03   2.5687864399515092E-04   9.4468944007530808E-04   1.0078737977892160E-04  -9.9844962824136019E-04   4.2859718087129295E-04   1.3177534565329552E-03
     394   1.2187499552965164E-02   3.3305946271866560E-03   5.4875930072739720E-04  -9.7265139629598707E-05   4.0579589040135033E-06   1.2238949693710310E-06  -1.1760488405343494E-07  -1.6731309671058625E-08   3.1189011373555786E-09  -1.3593542957934801E-10   2.0967759191989899E-03  -7.7491399133577943E-04  -1.0757889831438661E-03   3.9048545295372605E-04   1.0595306521281600E-03   9.0897292466252111E-06  -1.2228906853124499E-03   5.8725971030071378E-04   1.4355222228914499E-03
     395   1.2207031250000000E-02   3.2810389529913664E-03   5.6645536096766591E-04  -9.6333984402008355E-05   2.8556025881698588E-06   1.2658816785915405E-06  -8.5753846690295177E-08  -1.6893418219865453E-08   2.2637354213372873E-09  -7.0956740483296699E-11   2.0914857741445303E-03  -6.9031654857099056E-04  -1.0508242994546890E-03   2.9600242851302028E-04   9.6629565814509988E-04   6.3469422457274050E-05  -1.0618501110002398E-03   4.8433776828460395E-04   1.3166909338906407E-03
     396   1.2216797098517418E-02   3.3322619274258614E-03   5.5091216927394271E-04  -9.8364995210431516E-05   4.0673207877262030E-06   1.2514033187471796E-06  -1.1673452604554768E-07  -1.7175020516901895E-08   3.0716571508548896E-09  -1.2876011368234686E-10   2.0773999858647585E-03  -7.8505306737497449E-04  -1.0517942719161510E-03   4.2527116602286696E-04   1.0598978260532022E-03  -4.1770090319914743E-05  -1.2769170571118593E-03   6.5550149884074926E-04   1.3170051388442516E-03
     397   1.2221679091453552E-02   3.3078698907047510E-03   5.5472331587225199E-04  -9.6747455245349556E-05   3.5951582049165154E-06   1.2373678828225820E-06  -1.0534603944734044E-07  -1.6757676135625843E-08   2.7899806909204017E-09  -1.1115834641639566E-10   2.0934944041073322E-03  -7.4150983709841967E-04  -1.0669350158423185E-03   3.5186277818866074E-04   1.0234396904706955E-03   3.4109227271983400E-05  -1.1560756247490644E-03   5.4167205234989524E-04   1.3818413717672229E-03
     398   1.2226562015712261E-02   3.3926349133253098E-03   5.2655703620985150E-04  -9.9395241704769433E-05   5.6457706705259625E-06   1.1934005215152865E-06  -1.5848411294427933E-07  -1.6927559798318725E-08   4.1912877613015098E-09  -2.1396946714435927E-10   2.0827138796448708E-03  -8.9540571207180619E-04  -1.0861454065889120E-03   5.4632138926535845E-04   1.1831716401502490E-03  -1.0586365533526987E-04  -1.4812132576480508E-03   7.7876931754872203E-04   1.1436879867687821E-03
     399   1.2236326932907104E-02   3.2657566480338573E-03   5.6651455815881491E-04  -9.5199859060812742E-05   2.6606817300489638E-06   1.2494190286815865E-06  -8.1446181354749569E-08  -1.6554389858924878E-08   2.1669492866749351E-09  -6.6515133678723970E-11   2.1003733854740858E-03  -6.6840281942859292E-04  -1.0613367194309831E-03   2.5634569465182722E-04   9.4860605895519257E-04   1.0546636622166261E-04  -9.9790457170456648E-04   4.2364580440334976E-04   1.4372734585776925E-03
     400   1.2241209857165813E-02   3.2841179054230452E-03   5.6236854288727045E-04  -9.6265634056180716E-05   3.0591170343541307E-06   1.2544886658361065E-06  -9.1252502443239791E-08  -1.6803006985810498E-08   2.4141468824012691E-09  -8.2866311035267870E-11   2.0899963565170765E-03  -7.0294726174324751E-04  -1.0540676303207874E-03   3.1019546440802515E-04   9.7976333927363157E-04   5.4562668083235621E-05  -1.0862660128623247E-03   5.0148949958384037E-04   1.2707883724942803E-03
     401   1.2246092781424522E-02   3.1964534427970648E-03   5.8932963293045759E-04  -9.3198686954565346E-05   1.0051693379864446E-06   1.2890368452644907E-06  -3.8306680494315515E-08  -1.6487186726976688E-08   1.0240637227099114E-09   1.7988137021585082E-11   2.1056118421256542E-03  -5.4579717107117176E-04  -1.0428349487483501E-03   1.0405870125396177E-04   8.2084030145779252E-04   2.1390490292105824E-04  -7.4152072193101048E-04   2.3621061700396240E-04   1.8230106215924025E-03
     402   1.2265624478459358E-02   3.4173650201410055E-03   5.1542464643716812E-04  -1.0009168181568384E-04   6.3706993387313560E-06   1.1734279041775153E-06  -1.7733943025177723E-07  -1.6923923595868473E-08   4.6905421768883571E-09  -2.5106597356661098E-10   2.0770831033587456E-03  -9.4829639419913292E-04  -1.0933460434898734E-03   6.1215192545205355E-04   1.2384761357679963E-03  -1.5146401710808277E-04  -1.5905414475128055E-03   8.5712585132569075E-04   1.2672946322709322E-03
     403   1.2285156175494194E-02   3.2284178305417299E-03   5.7695066789165139E-04  -9.4371273007709533E-05   1.8746018213278148E-06   1.2730350817946601E-06  -6.0645142241355643E-08  -1.6607453190431443E-08   1.6093052446208844E-09  -2.4488338440376012E-11   2.0952015183866024E-03  -6.1189185362309217E-04  -1.0457995813339949E-03   1.9179785158485174E-04   8.8740920182317495E-04   1.4615648251492530E-04  -8.8679039618000388E-04   3.4779123961925507E-04   1.8875319510698318E-03
     404   1.2304686941206455E-02   3.3381546381860971E-03   5.3924467647448182E-04  -9.7720243502408266E-05   4.5821898311260156E-06   1.2116551033614087E-06  -1.3094457074203092E-07  -1.6779537759248342E-08   3.4663902859222162E-09  -1.6118741064108377E-10   2.0809054840356112E-03  -8.1373692955821753E-04  -1.0714593809098005E-03   4.4632412027567625E-04   1.0965681867673993E-03  -3.7701105611631647E-05  -1.3131230371072888E-03   6.6087895538657904E-04   1.5092416433617473E-03
     405   1.2324217706918716E-02   3.3812264446169138E-03   5.2658363711088896E-04  -9.9690521892625839E-05   5.6040521485556383E-06   1.2063329677403090E-06  -1.5675840359108406E-07  -1.7129677232219365E-08   4.1325169952699525E-09  -2.0783300080928768E-10   2.0640897564589977E-03  -8.9599157217890024E-04  -1.0666856542229652E-03   5.6327652418985963E-04   1.1756450403481722E-03  -1.3766236952506006E-04  -1.5063014579936862E-03   8.2028395263478160E-04   1.7698939191177487E-03
     406   1.2343749403953552E-02   3.2724454067647457E-03   5.5882567539811134E-04  -9.5809205959085375E-05   3.1102315460884711E-06   1.2443862260624883E-06  -9.2680309649040282E-08  -1.6681486414427127E-08   2.4552568866909041E-09  -8.6766094309354003E-11   2.0826631225645542E-03  -7.0366042200475931E-04  -1.0524351382628083E-03   3.1160726211965084E-04   9.8055822309106588E-04   5.4830485169077292E-05  -1.0867855744436383E-03   4.9968977691605687E-04   1.3509377604350448E-03
     407   1.2353515252470970E-02   3.3104731701314449E-03   5.4795807227492332E-04  -9.7502961580175906E-05   3.9949113670445513E-06   1.2391077461870736E-06  -1.1508603137144746E-07  -1.6971428706824554E-08   3.0348172863625678E-09  -1.2750693556551340E-10   2.0691556856036186E-03  -7.7464984497055411E-04  -1.0490486165508628E-03   4.1202860302291811E-04   1.0490281274542212E-03  -3.0734867323189974E-05  -1.2530856765806675E-03   6.3654792029410601E-04   1.2736141216009855E-03
     408   1.2363281100988388E-02   3.3496734686195850E-03   5.3515378385782242E-04  -9.8890406661666930E-05   4.9486425268696621E-06   1.2227433217049111E-06  -1.3964042011593847E-07  -1.7116509098968891E-08   3.6787619617228984E-09  -1.7419685138797547E-10   2.0608617924153805E-03  -8.4741151658818126E-04  -1.0537960333749652E-03   5.0763523904606700E-04   1.1222930625081062E-03  -1.0495836613699794E-04  -1.4126799069344997E-03   7.6043582521378994E-04   1.6857415903359652E-03
     409   1.2373046949505806E-02   3.2734635751694441E-03   5.5638753110542893E-04  -9.5820170827209949E-05   3.2239813663181849E-06   1.2402400670907809E-06  -9.5533316368801025E-08  -1.6674059466481594E-08   2.5283828364308647E-09  -9.2127520889828673E-11   2.0806440152227879E-03  -7.1174069307744503E-04  -1.0547267738729715E-03   3.2004195963963866E-04   9.8997715394943953E-04   5.2653776947408915E-05  -1.0990293230861425E-03   5.0463317893445492E-04   1.5569009119644761E-03
     410   1.2377928942441940E-02   3.2803143840283155E-03   5.5286986753344536E-04  -9.5826922915875912E-05   3.4241568300785730E-06   1.2302459708735114E-06  -1.0086480983773072E-07  -1.6603875607756891E-08   2.6721527213169338E-09  -1.0332950467484281E-10   2.0829543936997652E-03  -7.2511605685576797E-04  -1.0623557027429342E-03   3.3151937532238662E-04   1.0070177959278226E-03   5.2791092457482591E-05  -1.1176123516634107E-03   5.0772388931363821E-04   1.3312692753970623E-03
     411   1.2382811866700649E-02   3.2675710972398520E-03   5.5595993762835860E-04  -9.5258626970462501E-05   3.1534693789581070E-06   1.2308937584748492E-06  -9.4033950404082134E-08  -1.6500864674640070E-08   2.4961166467107887E-09  -9.1070109786706155E-11   2.0866531413048506E-03  -7.0301786763593554E-04  -1.0632714256644249E-03   3.0030758352950215E-04   9.8559493198990822E-04   7.9205696238204837E-05  -1.0659777326509356E-03   4.6550590195693076E-04   1.3071356806904078E-03
     412   1.2392576783895493E-02   3.2874117605388165E-03   5.5312615586444736E-04  -9.6832452982198447E-05   3.5588150240073446E-06   1.2471875834307866E-06  -1.0377348758083826E-07  -1.6921223533472585E-08   2.7365325561135023E-09  -1.0569747854738409E-10   2.0671426318585873E-03  -7.4120028875768185E-04  -1.0414657881483436E-03   3.7240475649014115E-04   1.0126443812623620E-03  -6.0409174693631940E-06  -1.1866785353049636E-03   5.9304363094270229E-04   1.3532221782952547E-03
     413   1.2402342632412910E-02   3.3378272783011198E-03   5.3690903587266803E-04  -9.8628057457972318E-05   4.7741095841047354E-06   1.2268874343135394E-06  -1.3504057960744831E-07  -1.7113592321038595E-08   3.5562128797295145E-09  -1.6507872846460714E-10   2.0566040184348822E-03  -8.3428929792717099E-04  -1.0475738672539592E-03   4.9478461733087897E-04   1.1067962041124701E-03  -1.0025192023022100E-04  -1.3905835803598166E-03   7.4946176027879119E-04   1.7022184329107404E-03
     414   1.2407225556671619E-02   3.2846340909600258E-03   5.5108155356720090E-04  -9.6310817752964795E-05   3.5814227885566652E-06   1.2343264188530156E-06  -1.0467663003055350E-07  -1.6734777119609134E-08   2.7674296187996106E-09  -1.0939173178403649E-10   2.0735727157443762E-03  -7.3921500006690621E-04  -1.0532670421525836E-03   3.5886082332581282E-04   1.0168353328481317E-03   2.0476541976677254E-05  -1.1629387736320496E-03   5.5515620624646544E-04   1.2574001448228955E-03
     415   1.2412108480930328E-02   3.2484356779605150E-03   5.6373036932200193E-04  -9.5422074082307518E-05   2.6992058792529861E-06   1.2595914995472413E-06  -8.1566284393375099E-08  -1.6762879084808446E-08   2.1525659033017064E-09  -6.3438601594079103E-11   2.0736912265419960E-03  -6.7515380214899778E-04  -1.0392863769084215E-03   2.8316563111729920E-04   9.4795797485858202E-04   6.8765744799748063E-05  -1.0355402482673526E-03   4.6887647476978600E-04   1.3320839498192072E-03
     416   1.2416991405189037E-02   3.1777217518538237E-03   5.8237346820533276E-04  -9.2277055955491960E-05   1.1188368489456479E-06   1.2675679954554653E-06  -4.1424176089321918E-08  -1.6231208377348594E-08   1.1116577658398796E-09   9.7760879252950517E-12   2.0973114296793938E-03  -5.4819200886413455E-04  -1.0477770119905472E-03   1.0080933861900121E-04   8.2740653306245804E-04   2.2985102259553969E-04  -7.3115213308483362E-04   2.1185852529015392E-04   1.4223980251699686E-03
     417   1.2421874329447746E-02   3.2880615908652544E-03   5.4802827071398497E-04  -9.6212133939843625E-05   3.7292213619366521E-06   1.2250195595697733E-06  -1.0862923716103978E-07  -1.6656301227158110E-08   2.8743367685990506E-09  -1.1788554854508249E-10   2.0754414144903421E-03  -7.4842345202341676E-04  -1.0602199472486973E-03   3.6501395516097546E-04   1.0293945670127869E-03   2.4448041585856117E-05  -1.1723792413249612E-03   5.5211450671777129E-04   1.3073439477011561E-03
     418   1.2441406026482582E-02   3.3155414275825024E-03   5.4041581461206079E-04  -9.7666648798622191E-05   4.3897589421248995E-06   1.2252822898517479E-06  -1.2534603399672051E-07  -1.6933130453367085E-08   3.3068727756102589E-09  -1.4794106217852487E-10   2.0597241818904877E-03  -8.0207979772239923E-04  -1.0485071688890457E-03   4.4925187830813229E-04   1.0756708215922117E-03  -6.0888152802363038E-05  -1.3143668184056878E-03   6.8637280492112041E-04   1.1574995005503297E-03
     419   1.2460937723517418E-02   3.2747457735240459E-03   5.5146799422800541E-04  -9.6163988928310573E-05   3.4901095204986632E-06   1.2375760434224503E-06  -1.0213571499662066E-07  -1.6756800391704019E-08   2.6970896627176444E-09  -1.0389834825819122E-10   2.0670569501817226E-03  -7.3272356530651450E-04  -1.0467749089002609E-03   3.5510404268279672E-04   1.0080413194373250E-03   1.8607430320116691E-05  -1.1550569906830788E-03   5.5450364015996456E-04   1.6649079043418169E-03
     420   1.2465820647776127E-02   3.3994207624346018E-03   5.1140697905793786E-04  -1.0032561112893745E-04   6.4703776843089145E-06   1.1810550404334208E-06  -1.7913784233769547E-07  -1.7118379602720779E-08   4.7226618171691825E-09  -2.5160204475405124E-10   2.0470274612307549E-03  -9.5858186250552535E-04  -1.0678787948563695E-03   6.4675335306674242E-04   1.2386710150167346E-03  -2.0090624457225204E-04  -1.6428062226623297E-03   9.2330289771780372E-04   1.3582564424723387E-03
     421   1.2470703572034836E-02   3.4461030736565590E-03   4.9612839939072728E-04  -1.0186776489717886E-04   7.5988787102687638E-06   1.1588826964725740E-06  -2.0833307701195736E-07  -1.7243010574929940E-08   5.4915409997136067E-09  -3.0778238291340188E-10   2.0393945742398500E-03  -1.0436741868034005E-03  -1.0757326381281018E-03   7.5663387542590499E-04   1.3250603806227446E-03  -2.8461791225709021E-04  -1.8269780557602644E-03   1.0650794720277190E-03   1.3290442293509841E-03
     422   1.2480469420552254E-02   3.2779618632048368E-03   5.4889335297048092E-04  -9.6219533588737249E-05   3.6332282888906775E-06   1.2321238500589970E-06  -1.0588559007373988E-07  -1.6734782448679653E-08   2.7970274985023025E-09  -1.1147598122374092E-10   2.0655486732721329E-03  -7.4242509435862303E-04  -1.0483325459063053E-03   3.6669577821157873E-04   1.0177860967814922E-03   1.0231352462142240E-05  -1.1744636576622725E-03   5.7059578830376267E-04   1.5246751718223095E-03
     423   1.2490235269069672E-02   3.1822891905903816E-03   5.7711597764864564E-04  -9.2666363343596458E-05   1.4265896197684924E-06   1.2631452364075813E-06  -4.9198909835013183E-08  -1.6300097271937375E-08   1.3132281928562861E-09  -4.6001423156805110E-12   2.0855041220784187E-03  -5.7180220028385520E-04  -1.0413894196972251E-03   1.3825953647028655E-04   8.4809958934783936E-04   1.9372814858797938E-04  -7.9233391443267465E-04   2.6703975163400173E-04   1.4433020260185003E-03
     424   1.2500000186264515E-02   3.1972487922757864E-03   5.7334575103595853E-04  -9.3526949058286846E-05   1.7757167825038778E-06   1.2654744523388217E-06  -5.7964196997772888E-08  -1.6481287445913040E-08   1.5382697338139906E-09  -1.9927235209160621E-11   2.0759121980518103E-03  -6.0086546000093222E-04  -1.0332609526813030E-03   1.8553360132500529E-04   8.7246985640376806E-04   1.4433030446525663E-04  -8.7193894432857633E-04   3.4348442568443716E-04   1.5905643813312054E-03
     425   1.2539062649011612E-02   3.2466112170368433E-03   5.5383954895660281E-04  -9.4916897069197148E-05   3.0928592877899064E-06   1.2314784498812514E-06  -9.2133063844812568E-08  -1.6510220746113191E-08   2.4403341569723125E-09  -8.6623791473172673E-11   2.0692225079983473E-03  -6.9794035516679287E-04  -1.0496552567929029E-03   3.0367178260348737E-04   9.7556022228673100E-04   6.6751446865964681E-05  -1.0676613310351968E-03   4.7863673535175622E-04   1.2711322633549571E-03
     426   1.2558594346046448E-02   3.2460391521453857E-03   5.5544462520629168E-04  -9.5491173851769418E-05   3.0771543606533669E-06   1.2462154472814291E-06  -9.1296342930036190E-08  -1.6731446450535259E-08   2.4093944617220586E-09  -8.2654563748896237E-11   2.0571546629071236E-03  -7.0110114756971598E-04  -1.0323275346308947E-03   3.2352036214433610E-04   9.7038288367912173E-04   3.0016208256711252E-05  -1.1012551840394735E-03   5.2964471979066730E-04   1.3866507215425372E-03
     427   1.2568360194563866E-02   3.1689333263784647E-03   5.7623285101726651E-04  -9.2226044216658920E-05   1.3444954447550117E-06   1.2597070053743664E-06  -4.7061934793646287E-08  -1.6225184751306188E-08   1.2574346008875636E-09  -9.2064333587216218E-13   2.0801739301532507E-03  -5.6388723896816373E-04  -1.0387188522145152E-03   1.2885739852208644E-04   8.3982426440343261E-04   2.0154418598394841E-04  -7.7464396599680185E-04   2.5276275118812919E-04   1.2611756101250648E-03
     428   1.2578126043081284E-02   3.2208214979618788E-03   5.6010810658335686E-04  -9.4192771939560771E-05   2.5809954422584269E-06   1.2424022770574084E-06  -7.8765715727513452E-08  -1.6473864050681186E-08   2.0859896032732195E-09  -6.0502630683245684E-11   2.0674364641308784E-03  -6.5962772350758314E-04  -1.0419142199680209E-03   2.5747387553565204E-04   9.3516218475997448E-04   9.8784737929236144E-05  -9.8893360700458288E-04   4.2169238440692425E-04   1.5025702305138111E-03
     429   1.2587891891598701E-02   3.3446848392486572E-03   5.1972822984680533E-04  -9.8268552392255515E-05   5.5620512284804136E-06   1.1839754279208137E-06  -1.5583114532091713E-07  -1.6806628977406035E-08   4.1143204398963462E-09  -2.0863476224430855E-10   2.0480914972722530E-03  -8.8503037113696337E-04  -1.0645865695551038E-03   5.4704782087355852E-04   1.1662952601909637E-03  -1.1665983038255945E-04  -1.4728931710124016E-03   7.8435568138957024E-04   1.3412298867478967E-03
     430   1.2592774815857410E-02   3.4077921882271767E-03   5.0400925101712346E-04  -1.0141720849787816E-04   6.9629513745894656E-06   1.1859947335324250E-06  -1.9107875459667412E-07  -1.7423122500304089E-08   5.0206288015886003E-09  -2.7112609379820185E-10   2.0206426270306110E-03  -1.0003896895796061E-03  -1.0483345249667764E-03   7.2022044332697988E-04   1.2719461228698492E-03  -2.7836035587824881E-04  -1.7614556709304452E-03   1.0382526088505983E-03   1.3888817047700286E-03
     431   1.2597657740116119E-02   3.2662013545632362E-03   5.4774811724200845E-04  -9.6453957667108625E-05   3.6388303215062479E-06   1.2415026731105172E-06  -1.0546289530566355E-07  -1.6901845256711567E-08   2.7746187569732683E-09  -1.0832835323215662E-10   2.0460034720599651E-03  -7.4578617932274938E-04  -1.0294377570971847E-03   3.8700847653672099E-04   1.0137273930013180E-03  -2.2910657207830809E-05  -1.2051183730363846E-03   6.1307440046221018E-04   1.2990469112992287E-03
     432   1.2602540664374828E-02   3.2070393208414316E-03   5.6390458485111594E-04  -9.3950737209524959E-05   2.3072859676176449E-06   1.2513551155279856E-06  -7.1601853335323540E-08  -1.6498541199894134E-08   1.8960586434246807E-09  -4.6253834096177115E-11   2.0631579682230949E-03  -6.3971057534217834E-04  -1.0319600114598870E-03   2.3891667660791427E-04   9.1066700406372547E-04   1.0202424164162949E-04  -9.5870724180713296E-04   4.1177147068083286E-04   1.1337468167766929E-03
     433   1.2607423588633537E-02   3.1962681096047163E-03   5.6476955069229007E-04  -9.3094917247071862E-05   2.1208179532550275E-06   1.2408593192958506E-06  -6.7237593270874640E-08  -1.6258603352525824E-08   1.7911322425234744E-09  -4.0322942901349634E-11   2.0725107751786709E-03  -6.2101508956402540E-04  -1.0428510140627623E-03   2.0341115305200219E-04   8.9731876505538821E-04   1.4359127089846879E-04  -8.9978030882775784E-04   3.5004224628210068E-04   1.4496215153485537E-03
     434   1.2612305581569672E-02   3.2239023130387068E-03   5.5670447181910276E-04  -9.4252405688166618E-05   2.7685100576491095E-06   1.2346629318926716E-06  -8.3785849369633070E-08  -1.6431945581985019E-08   2.2223693996181737E-09  -7.1022202008386159E-11   2.0637251436710358E-03  -6.7188503453508019E-04  -1.0409182868897915E-03   2.7504513855092227E-04   9.4589253421872854E-04   8.1118123489432037E-05  -1.0197656229138374E-03   4.5146245975047350E-04   1.2252810411155224E-03
     435   1.2617188505828381E-02   3.1442781910300255E-03   5.8140186592936516E-04  -9.1516907559707761E-05   8.9549922677178984E-07   1.2678028724621981E-06  -3.5410327114959728E-08  -1.6170526251357842E-08   9.5029717428474214E-10   2.1511032538557018E-11   2.0773147698491812E-03  -5.2934203995391726E-04  -1.0302944574505091E-03   8.8406653958372772E-05   8.0201739910990000E-04   2.2614927729591727E-04  -7.0677621988579631E-04   2.0893153850920498E-04   1.4669111697003245E-03
     436   1.2626953423023224E-02   3.2842075452208519E-03   5.3703511366620660E-04  -9.6380070317536592E-05   4.2282936192350462E-06   1.2099856121494668E-06  -1.2128195692184818E-07  -1.6662037083392534E-08   3.2038598440919941E-09  -1.4205599196959184E-10   2.0516177173703909E-03  -7.8396062599495053E-04  -1.0501642245799303E-03   4.2060046689584851E-04   1.0609428863972425E-03  -2.6547495508566499E-05  -1.2609050609171391E-03   6.2994298059493303E-04   1.4686576323583722E-03
     437   1.2636719271540642E-02   3.3235102891921997E-03   5.2473082905635238E-04  -9.7884178103413433E-05   5.1696292757696938E-06   1.1970936384386732E-06  -1.4539256198986550E-07  -1.6855947748695144E-08   3.8335667973399268E-09  -1.8729848227927448E-10   2.0416043698787689E-03  -8.5695617599412799E-04  -1.0524344397708774E-03   5.1871151663362980E-04   1.1335022281855345E-03  -1.0502254008315504E-04  -1.4241724275052547E-03   7.5919844675809145E-04   1.2388265458866954E-03
     438   1.2656250968575478E-02   3.1578298658132553E-03   5.7511089835315943E-04  -9.2094924184493721E-05   1.3210146789788269E-06   1.2605917163455160E-06  -4.6304844403266543E-08  -1.6240756295360370E-08   1.2351378808617142E-09   9.3283518930176168E-13   2.0693996921181679E-03  -5.6182389380410314E-04  -1.0289339115843177E-03   1.3389122614171356E-04   8.3349295891821384E-04   1.8804150749929249E-04  -7.8193674562498927E-04   2.7017964748665690E-04   1.4055679785087705E-03
     439   1.2675782665610313E-02   3.3079818822443485E-03   5.2771426271647215E-04  -9.7490097687114030E-05   4.9065424718719441E-06   1.2024870557070244E-06  -1.3855900249382103E-07  -1.6833521243597716E-08   3.6535288128192178E-09  -1.7409811092772287E-10   2.0379351917654276E-03  -8.3686009747907519E-04  -1.0450312402099371E-03   4.9745343858376145E-04   1.1104269651696086E-03  -9.5446725026704371E-05  -1.3887347886338830E-03   7.3963683098554611E-04   1.1391208972781897E-03
     440   1.2695313431322575E-02   3.2249426003545523E-03   5.5174523731693625E-04  -9.4462418928742409E-05   3.0153571515256772E-06   1.2301203469178290E-06  -8.9873879005608615E-08  -1.6481386921896046E-08   2.3768982337912803E-09  -8.1913378857656483E-11   2.0536477677524090E-03  -6.9101399276405573E-04  -1.0384010383859277E-03   3.0246895039454103E-04   9.6509302966296673E-04   6.1227940022945404E-05  -1.0615652427077293E-03   4.8103005974553525E-04   1.3303622836247087E-03
     441   1.2705078348517418E-02   3.2624693121761084E-03   5.4007547441869974E-04  -9.5916802820283920E-05   3.9165402085927781E-06   1.2178111319371965E-06  -1.1301840174837707E-07  -1.6664886359762932E-08   2.9827957881423117E-09  -1.2552313355396194E-10   2.0432984456419945E-03  -7.6071795774623752E-04  -1.0387357324361801E-03   3.9803626714274287E-04   1.0333731770515442E-03  -1.8327558791497722E-05  -1.2216230388730764E-03   6.1063643079251051E-04   1.3780031586065888E-03
     442   1.2714844197034836E-02   3.2220510765910149E-03   5.5262882960960269E-04  -9.4634371635038406E-05   2.9786260711262003E-06   1.2365072734610294E-06  -8.8758810079525574E-08  -1.6565767424481237E-08   2.3442152663477600E-09  -7.8852743778945467E-11   2.0474623888731003E-03  -6.8975583417341113E-04  -1.0294751264154911E-03   3.0868515023030341E-04   9.5951254479587078E-04   4.5395718188956380E-05  -1.0724868625402451E-03   5.0219817785546184E-04   1.4571952633559704E-03
     443   1.2734375894069672E-02   3.2148687168955803E-03   5.5159948533400893E-04  -9.3941431259736419E-05   2.9147995519451797E-06   1.2240814157848945E-06  -8.7498243317440938E-08  -1.6349718023889181E-08   2.3196888854215558E-09  -7.8682754756087547E-11   2.0543432328850031E-03  -6.8051932612434030E-04  -1.0402128100395203E-03   2.8607773128896952E-04   9.5549965044483542E-04   7.6858312240801752E-05  -1.0344326728954911E-03   4.5702079660259187E-04   1.2843374861404300E-03
     444   1.2773438356816769E-02   3.2226906623691320E-03   5.4807384731248021E-04  -9.4530194473918527E-05   3.1795843824511394E-06   1.2256617765160627E-06  -9.4031449293652258E-08  -1.6491737753199232E-08   2.4850150825983519E-09  -8.9777407730196046E-11   2.0441825035959482E-03  -7.0270255673676729E-04  -1.0330151999369264E-03   3.2264000037685037E-04   9.7448634915053844E-04   4.0306236769538373E-05  -1.0942213702946901E-03   5.1188375800848007E-04   1.1333167785778642E-03
     445   1.2783203274011612E-02   3.3126128837466240E-03   5.2092480473220348E-04  -9.8003736638929695E-05   5.2937634791305754E-06   1.1982684782196884E-06  -1.4820928129211097E-07  -1.6946978931287049E-08   3.9005900731581278E-09  -1.9139852203142738E-10   2.0215490367263556E-03  -8.6711166659370065E-04  -1.0363957844674587E-03   5.4553622612729669E-04   1.1370680294930935E-03  -1.4085862494539469E-04  -1.4660326996818185E-03   8.0871331738308072E-04   1.3708828482776880E-03
     446   1.2792969122529030E-02   3.2983371056616306E-03   5.2286579739302397E-04  -9.7089963674079627E-05   5.0321414164500311E-06   1.1904412531293929E-06  -1.4186076668920578E-07  -1.6717310202807312E-08   3.7426701737786061E-09  -1.8146104063809787E-10   2.0300024189054966E-03  -8.4302952745929360E-04  -1.0449400870129466E-03   5.0463079242035747E-04   1.1171473888680339E-03  -9.7752839792519808E-05  -1.3981395168229938E-03   7.4392580427229404E-04   1.3253228971734643E-03
     447   1.2812500819563866E-02   3.2504603732377291E-03   5.3738657152280211E-04  -9.5605202659498900E-05   3.9348624341073446E-06   1.2133303926020744E-06  -1.1334525140682672E-07  -1.6621562792806799E-08   2.9891846775598196E-09  -1.2614828626134056E-10   2.0341738127171993E-03  -7.6082913437858224E-04  -1.0348908836022019E-03   4.0035924757830799E-04   1.0330448858439922E-03  -1.9501976566971280E-05  -1.2221579672768712E-03   6.0940347611904144E-04   1.3481028145179152E-03
     448   1.2851563282310963E-02   3.2755050342530012E-03   5.2672025049105287E-04  -9.6398012829013169E-05   4.6499444579239935E-06   1.1960944448219379E-06  -1.3187057845698291E-07  -1.6656626300459720E-08   3.4779394919581819E-09  -1.6215090381521691E-10   2.0273344125598669E-03  -8.1373332068324089E-04  -1.0398473823443055E-03   4.6826162724755704E-04   1.0872697457671165E-03  -6.9550675107166171E-05  -1.3350872322916985E-03   6.9370871642604470E-04   1.4042526017874479E-03
     449   1.2871094048023224E-02   3.1960813794285059E-03   5.5073271505534649E-04  -9.3731308879796416E-05   2.8241247491678223E-06   1.2283020396353095E-06  -8.4806870859210903E-08  -1.6397324387185108E-08   2.2426811518982959E-09  -7.2423109176433798E-11   2.0377750042825937E-03  -6.7416764795780182E-04  -1.0249984916299582E-03   2.8951675631105900E-04   9.4325502868741751E-04   6.1340157117228955E-05  -1.0371521348133683E-03   4.7411737614311278E-04   1.6457628225907683E-03
     450   1.2880859896540642E-02   3.1312266364693642E-03   5.6891492567956448E-04  -9.1155583504587412E-05   1.3544265584641835E-06   1.2442162642400945E-06  -4.7180318318851278E-08  -1.6035935246350164E-08   1.2605041455060473E-09  -2.2246230465400307E-12   2.0539427641779184E-03  -5.5895687546581030E-04  -1.0249695042148232E-03   1.3095886970404536E-04   8.3070766413584352E-04   1.9406618957873434E-04  -7.7181804226711392E-04   2.5782588636502624E-04   1.4909863239154220E-03
     451   1.2890625745058060E-02   3.2037072815001011E-03   5.4712843848392367E-04  -9.4001967227086425E-05   3.0582532417611219E-06   1.2233531379024498E-06  -9.0792546814100206E-08  -1.6422369242263812E-08   2.3989001896040918E-09  -8.3775535120178546E-11   2.0348012913018465E-03  -6.9189409259706736E-04  -1.0266067693009973E-03   3.1218276126310229E-04   9.6187170129269361E-04   4.5965989556862041E-05  -1.0739146964624524E-03   4.9928837688639760E-04   1.4810402644798160E-03
     452   1.2929688207805157E-02   3.1117822509258986E-03   5.7226128410547972E-04  -9.0561152319423854E-05   1.0277492492605234E-06   1.2488455922721187E-06  -3.8680326497342321E-08  -1.5980509360247197E-08   1.0359275659510558E-09   1.4114201127291004E-11   2.0517420489341021E-03  -5.3352129179984331E-04  -1.0200589895248413E-03   9.9785058409906924E-05   8.0377404810860753E-04   2.1596899023279548E-04  -7.1862642653286457E-04   2.1994180860929191E-04   1.2821017298847437E-03
     453   1.2949218973517418E-02   3.3090978395193815E-03   5.1105703460052609E-04  -9.7789736173581332E-05   5.7034649216802791E-06   1.1773718142649159E-06  -1.5886317328295263E-07  -1.6818406223251259E-08   4.1838585929099281E-09  -2.1321856780165405E-10   2.0087056327611208E-03  -8.9370191562920809E-04  -1.0376732097938657E-03   5.7910906616598368E-04   1.1649806983768940E-03  -1.6166693239938468E-04  -1.5184759395197034E-03   8.4302906179800630E-04   1.3157156063243747E-03
     454   1.2958984822034836E-02   3.1939749605953693E-03   5.4647866636514664E-04  -9.3803857453167439E-05   3.0081789645919343E-06   1.2237898090461385E-06  -8.9325268959328241E-08  -1.6421479287487273E-08   2.3569537432877041E-09  -8.0518668121865034E-11   2.0283896010369062E-03  -6.8797165295109153E-04  -1.0222588898614049E-03   3.0984095064923167E-04   9.5690810121595860E-04   4.6455261326627806E-05  -1.0676141828298569E-03   4.9562100321054459E-04   1.3317281845957041E-03
     455   1.2968750670552254E-02   3.1951218843460083E-03   5.4493721108883619E-04  -9.3716545961797237E-05   3.0783251077082241E-06   1.2182443924757536E-06  -9.1274905855698307E-08  -1.6364161581350345E-08   2.4115245356171044E-09  -8.5048239284457594E-11   2.0292648114264011E-03  -6.9185358006507158E-04  -1.0252492502331734E-03   3.1242551631294191E-04   9.6196058439090848E-04   4.7412497224286199E-05  -1.0721599683165550E-03   4.9604970263317227E-04   1.2846790486946702E-03
     456   1.3046875596046448E-02   3.2125695142894983E-03   5.3565198322758079E-04  -9.4554881798103452E-05   3.6890894534735708E-06   1.2088694347767159E-06  -1.0682508388981660E-07  -1.6484797527027695E-08   2.8161308840424226E-09  -1.1405597299951609E-10   2.0153366494923830E-03  -7.3869491461664438E-04  -1.0211045155301690E-03   3.7972719292156398E-04   1.0064740199595690E-03  -1.0716806173149962E-05  -1.1829221621155739E-03   5.8821862330660224E-04   1.4557974645867944E-03
     457   1.3066407293081284E-02   3.2608918845653534E-03   5.1908183377236128E-04  -9.6177151135634631E-05   4.8933338803180959E-06   1.1851487897729385E-06  -1.3793938080652879E-07  -1.6619329912259673E-08   3.6348009047060259E-09  -1.7383153250172256E-10   2.0058206282556057E-03  -8.2962837768718600E-04  -1.0288202902302146E-03   4.9766135634854436E-04   1.0990215232595801E-03  -1.0000194015447050E-04  -1.3798582367599010E-03   7.3798495577648282E-04   1.4018048532307148E-03
     458   1.3076173141598701E-02   3.2150465995073318E-03   5.3181411931291223E-04  -9.4368922873400152E-05   3.8582229535677470E-06   1.1968181752308737E-06  -1.1137279187778404E-07  -1.6374688271980631E-08   2.9397722034474327E-09  -1.2401560334218686E-10   2.0171040669083595E-03  -7.4881163891404867E-04  -1.0294095845893025E-03   3.8579149986617267E-04   1.0207926388829947E-03  -4.4188873289385810E-06  -1.1918244417756796E-03   5.8171624550595880E-04   1.7598246922716498E-03
     459   1.3085938058793545E-02   3.2309007365256548E-03   5.2742747357115149E-04  -9.5174778834916651E-05   4.2361225496279076E-06   1.1962069947912823E-06  -1.2097278556666424E-07  -1.6519992485086732E-08   3.1890687868241230E-09  -1.4147019666843619E-10   2.0087359007447958E-03  -7.7932159183546901E-04  -1.0234283981844783E-03   4.3317361269146204E-04   1.0475498856976628E-03  -5.1647308282554150E-05  -1.2717550853267312E-03   6.5590359736233950E-04   1.4622261514887214E-03
     460   1.3090820983052254E-02   3.1774754170328379E-03   5.4393726168200374E-04  -9.3342561740428209E-05   2.9854270451323828E-06   1.2180111070847488E-06  -8.8724306124277064E-08  -1.6338512764946245E-08   2.3423323280979957E-09  -7.9971924915600567E-11   2.0173734519630671E-03  -6.8387074861675501E-04  -1.0152735048905015E-03   3.0919120763428509E-04   9.5036177663132548E-04   4.2430368921486661E-05  -1.0645517613738775E-03   4.9854902317747474E-04   1.4161531580612063E-03
     461   1.3095702975988388E-02   3.1623858958482742E-03   5.4848572472110391E-04  -9.2851063527632505E-05   2.6368093131168280E-06   1.2249264500496793E-06  -7.9651258033663908E-08  -1.6304159800029083E-08   2.1021362428541579E-09  -6.2332673744780465E-11   2.0194128155708313E-03  -6.5767986234277487E-04  -1.0132928146049380E-03   2.7479353593662381E-04   9.2416920233517885E-04   7.0027956098783761E-05  -1.0061868233606219E-03   4.5211618999019265E-04   1.4137343969196081E-03
     462   1.3105468824505806E-02   3.2758479937911034E-03   5.1296071615070105E-04  -9.6911273431032896E-05   5.3336593737185467E-06   1.1809013358288212E-06  -1.4909903711668449E-07  -1.6742252029189331E-08   3.9240113380856201E-09  -1.9430748676718679E-10   1.9961781799793243E-03  -8.6430984083563089E-04  -1.0251549538224936E-03   5.4825330153107643E-04   1.1317345779389143E-03  -1.4460689271800220E-04  -1.4633303508162498E-03   8.0811785301193595E-04   1.3275987002998590E-03
     463   1.3110351748764515E-02   3.2039994839578867E-03   5.3392472909763455E-04  -9.4153139798436314E-05   3.6794053812627681E-06   1.2018267625535373E-06  -1.0669517536143758E-07  -1.6380367284796193E-08   2.8158817499956967E-09  -1.1478191314084896E-10   2.0128674805164337E-03  -7.3541898746043444E-04  -1.0219756513834000E-03   3.7376457476057112E-04   1.0038879700005054E-03  -3.3150988656416303E-06  -1.1720220791175961E-03   5.7713908609002829E-04   1.3297935947775841E-03
     464   1.3115234673023224E-02   3.1736558303236961E-03   5.4329319391399622E-04  -9.3140668468549848E-05   2.9696184355998412E-06   1.2150992461101850E-06  -8.8321243651989789E-08  -1.6293068227923868E-08   2.3318840192132484E-09  -7.9467252223075491E-11   2.0173708908259869E-03  -6.8172835744917393E-04  -1.0174176422879100E-03   3.0394381610676646E-04   9.4970356440171599E-04   5.0933922466356307E-05  -1.0545687982812524E-03   4.8551030340604484E-04   1.6806146595627069E-03
     465   1.3125000521540642E-02   3.2781681511551142E-03   5.0967629067599773E-04  -9.6696108812466264E-05   5.4748857110098470E-06   1.1692357020365307E-06  -1.5296711808332475E-07  -1.6624763787831398E-08   4.0305265791573675E-09  -2.0307798498375718E-10   1.9991470035165548E-03  -8.7212992366403341E-04  -1.0337184648960829E-03   5.5101158795878291E-04   1.1434979969635606E-03  -1.3637891970574856E-04  -1.4673606492578983E-03   7.9938193084672093E-04   1.5748445875942707E-03
     466   1.3144532218575478E-02   3.2064786646515131E-03   5.3268577903509140E-04  -9.4600422016810626E-05   3.7936360968160443E-06   1.2076112625436508E-06  -1.0930987315305174E-07  -1.6522447410238783E-08   2.8777671357005374E-09  -1.1822352818935400E-10   2.0035144407302141E-03  -7.4674340430647135E-04  -1.0130022419616580E-03   3.9706024108454585E-04   1.0114752221852541E-03  -3.0807859729975462E-05  -1.2096335412934422E-03   6.1611842829734087E-04   1.3134414330124855E-03
     467   1.3164062984287739E-02   3.2094619236886501E-03   5.2966870134696364E-04  -9.4510156486649066E-05   3.9393503357132431E-06   1.1986070376224234E-06  -1.1321551340870428E-07  -1.6447295081434277E-08   2.9836559889417913E-09  -1.2663067816554019E-10   2.0046066492795944E-03  -7.5581576675176620E-04  -1.0188071755692363E-03   4.0408209315501153E-04   1.0233045322820544E-03  -2.9111160984029993E-05  -1.2207526015117764E-03   6.1626080423593521E-04   1.6014608554542065E-03
     468   1.3203125447034836E-02   3.2114733476191759E-03   5.2675226470455527E-04  -9.4602975877933204E-05   4.0964846448332537E-06   1.1937012232010602E-06  -1.1729619586731133E-07  -1.6440555583585592E-08   3.0918581028771541E-09  -1.3470967397122280E-10   2.0002240780740976E-03  -7.6679908670485020E-04  -1.0174430208280683E-03   4.2002485133707523E-04   1.0331943631172180E-03  -4.3956486479146406E-05  -1.2474007671698928E-03   6.4058840507641435E-04   1.5376877272501588E-03
     469   1.3222657144069672E-02   3.1677403021603823E-03   5.3962669335305691E-04  -9.3172675406094640E-05   3.1068948374013416E-06   1.2120966630391194E-06  -9.1680220748457941E-08  -1.6318953299787609E-08   2.4170740964279958E-09  -8.5463185139911246E-11   2.0050127059221268E-03  -6.9169915514066815E-04  -1.0095179313793778E-03   3.2358535099774599E-04   9.5633085584267974E-04   2.8601902158698067E-05  -1.0853430721908808E-03   5.1818683277815580E-04   1.3309048954397440E-03
     470   1.3242187909781933E-02   3.1943025533109903E-03   5.2953365957364440E-04  -9.3963637482374907E-05   3.8011248761904426E-06   1.1954579122175346E-06  -1.0965184316091836E-07  -1.6353471465890834E-08   2.8907229943087032E-09  -1.2033535279343255E-10   2.0009803120046854E-03  -7.4339116690680385E-04  -1.0172999463975430E-03   3.8746607606299222E-04   1.0111143346875906E-03  -1.4084968825045507E-05  -1.1910663451999426E-03   5.9083936503157020E-04   1.4304841170087457E-03
     471   1.3251952826976776E-02   3.1947710085660219E-03   5.2828458137810230E-04  -9.3866037786938250E-05   3.8537173168151639E-06   1.1905245855814428E-06  -1.1115235309944183E-07  -1.6298329796882172E-08   2.9334772388978081E-09  -1.2396608739528858E-10   2.0017006900161505E-03  -7.4596982449293137E-04  -1.0195706272497773E-03   3.8896041223779321E-04   1.0145182022824883E-03  -1.3272275282361079E-05  -1.1940564727410674E-03   5.9092458104714751E-04   1.5741984825581312E-03
     472   1.3256835751235485E-02   3.1286349985748529E-03   5.4676155559718609E-04  -9.1149006038904190E-05   2.3521229195466731E-06   1.2043419701512903E-06  -7.2846795262648811E-08  -1.5888245386008748E-08   1.9366228620754100E-09  -5.3105519981500038E-11   2.0198591519147158E-03  -6.2727159820497036E-04  -1.0209442116320133E-03   2.2446372895501554E-04   8.9867424685508013E-04   1.2447223707567900E-04  -9.1982947196811438E-04   3.6811130121350288E-04   1.5726943966001272E-03
     473   1.3261718675494194E-02   3.1829187646508217E-03   5.3272518562152982E-04  -9.3748596555087715E-05   3.5690347885974916E-06   1.2029249774059281E-06  -1.0355275037454703E-07  -1.6374306355260160E-08   2.7282729408995010E-09  -1.0810959766294204E-10   1.9981137011200190E-03  -7.2654476389288902E-04  -1.0101433144882321E-03   3.7056111614219844E-04   9.9108845461159945E-04  -8.4289176811580546E-06  -1.1630151420831680E-03   5.7841010857373476E-04   1.5194270526990294E-03
     474   1.3281250372529030E-02   3.2211828511208296E-03   5.1841553067788482E-04  -9.4821465609129518E-05   4.5540086830442306E-06   1.1777459576478577E-06  -1.2914742342218233E-07  -1.6396423774267532E-08   3.4048976971234879E-09  -1.5817326615152894E-10   1.9939849153161049E-03  -7.9921464202925563E-04  -1.0225089499726892E-03   4.5914444490335882E-04   1.0682006832212210E-03  -6.7209366534370929E-05  -1.3103958917781711E-03   6.8051053676754236E-04   1.4297494199126959E-03
     475   1.3286133296787739E-02   3.2940970268100500E-03   4.9634574679657817E-04  -9.7577787528280169E-05   6.2662752497999463E-06   1.1540402056198218E-06  -1.7309920963270997E-07  -1.6741278585641339E-08   4.5546704185994713E-09  -2.4090779371377380E-10   1.9767966587096453E-03  -9.3182228738442063E-04  -1.0264537995681167E-03   6.3796713948249817E-04   1.1999023845419288E-03  -2.1146133076399565E-04  -1.6090850112959743E-03   9.1712747234851122E-04   1.4112017815932631E-03
     476   1.3288574293255806E-02   3.2717543654143810E-03   5.0371076213195920E-04  -9.6918993222061545E-05   5.7321694839629345E-06   1.1663477152978885E-06  -1.5922189788852847E-07  -1.6710639982875364E-08   4.1880059420407179E-09  -2.1389771898139287E-10   1.9786662887781858E-03  -8.9201738592237234E-04  -1.0203790152445436E-03   5.8862002333626151E-04   1.1581205762922764E-03  -1.7712665430735797E-04  -1.5264715766534209E-03   8.5814512567594647E-04   1.4170979848131537E-03
     477   1.3291016221046448E-02   3.1539204064756632E-03   5.3864880464971066E-04  -9.2442067398224026E-05   2.9955263016745448E-06   1.2029582876493805E-06  -8.8982979207230528E-08  -1.6142843506372628E-08   2.3505621893349371E-09  -8.1765740012063048E-11   2.0059966482222080E-03  -6.7970057716593146E-04  -1.0148041183128953E-03   3.0155220883898437E-04   9.4789668219164014E-04   5.6117944041034207E-05  -1.0465295054018497E-03   4.7540885861963034E-04   1.6371897654607892E-03
     478   1.3295899145305157E-02   3.1586431432515383E-03   5.3649570327252150E-04  -9.2520625912584364E-05   3.1292706808017101E-06   1.1979631153735681E-06  -9.2505921145402681E-08  -1.6120836221489299E-08   2.4449005042725958E-09  -8.8948189091997421E-11   2.0061496179550886E-03  -6.8916589953005314E-04  -1.0177879594266415E-03   3.1188485445454717E-04   9.5880549633875489E-04   5.1460669055813923E-05  -1.0635374346747994E-03   4.8403997789137065E-04   1.6552276210859418E-03
     479   1.3300782069563866E-02   3.1486719381064177E-03   5.3994066547602415E-04  -9.2311849584802985E-05   2.8932261102454504E-06   1.2054283615725581E-06  -8.6315324665520166E-08  -1.6138990588387969E-08   2.2800721311000416E-09  -7.6563255735351277E-11   2.0051426254212856E-03  -6.7211239365860820E-04  -1.0124589316546917E-03   2.9317376902326941E-04   9.3950767768546939E-04   6.0756559832952917E-05  -1.0323821334168315E-03   4.6644857502542436E-04   1.3318818528205156E-03
     480   1.3320312835276127E-02   3.0924945604056120E-03   5.5798335233703256E-04  -9.0727146016433835E-05   1.5814093785593286E-06   1.2367594308670959E-06  -5.2200920919176497E-08  -1.6082720932786287E-08   1.3779426488724766E-09  -9.9480163689991130E-12   2.0072865299880505E-03  -5.7452527107670903E-04  -9.9454727023839951E-04   1.7484418640378863E-04   8.3558459300547838E-04   1.3909651897847652E-04  -8.3449127851054072E-04   3.2993307104334235E-04   2.2611934691667557E-03
     481   1.3359375298023224E-02   3.0794350896030664E-03   5.5768102174624801E-04  -8.9824825408868492E-05   1.4304691831057426E-06   1.2243399396538734E-06  -4.8730328217061469E-08  -1.5831366440011152E-08   1.2965245543838932E-09  -5.8378865977481986E-12   2.0135999657213688E-03  -5.5802409769967198E-04  -1.0040269698947668E-03   1.4323013601824641E-04   8.2379381638020277E-04   1.7659190052654594E-04  -7.8145170118659735E-04   2.7462089201435447E-04   1.9049881957471371E-03
     482   1.3398437760770321E-02   3.1296820379793644E-03   5.3991738241165876E-04  -9.1633548436220735E-05   2.7167161533725448E-06   1.2015291304123821E-06  -8.1812046914819803E-08  -1.6018274706652846E-08   2.1637838187871239E-09  -6.8758249094358348E-11   2.0003914833068848E-03  -6.5607775468379259E-04  -1.0095115285366774E-03   2.7271060389466584E-04   9.2274136841297150E-04   7.6695156167261302E-05  -9.9665892776101828E-04   4.3975285370834172E-04   1.5798930544406176E-03
     483   1.3437500223517418E-02   3.1307463068515062E-03   5.3735513938590884E-04  -9.1691974375862628E-05   2.8461570309445960E-06   1.1973824030064861E-06  -8.5134836069755693E-08  -1.6013324000141438E-08   2.2510397990060937E-09  -7.5231036678058416E-11   1.9965115934610367E-03  -6.6530372714623809E-04  -1.0089048882946372E-03   2.8556253528222442E-04   9.3184615252539515E-04   6.6669097577687353E-05  -1.0172987822443247E-03   4.5549127389676869E-04   1.4851848827674985E-03
     484   1.3457031920552254E-02   3.1521399505436420E-03   5.3008826216682792E-04  -9.2563765065278858E-05   3.3913386232597986E-06   1.1902466212632135E-06  -9.9084893179224309E-08  -1.6132066349427987E-08   2.6151389942441483E-09  -1.0133404532153278E-10   1.9888691604137421E-03  -7.0757343200966716E-04  -1.0082070948556066E-03   3.4412954119034111E-04   9.7295735031366348E-04   1.7537959138280712E-05  -1.1148587800562382E-03   5.3517101332545280E-04   1.4185663312673569E-03
     485   1.3476562686264515E-02   3.1062718480825424E-03   5.4448377341032028E-04  -9.1239227913320065E-05   2.3293889626074815E-06   1.2149067742939224E-06  -7.1437938231611042E-08  -1.6077095210675907E-08   1.8835373261083532E-09  -4.7353166526820090E-11   1.9911294803023338E-03  -6.2865798827260733E-04  -9.9540036171674728E-04   2.4688846315257251E-04   8.9039898011833429E-04   8.5822866822127253E-05  -9.5119501929730177E-04   4.1624470031820238E-04   1.4111595228314400E-03
     486   1.3496093451976776E-02   3.1444032210856676E-03   5.3023517830297351E-04  -9.2304690042510629E-05   3.3144231110782130E-06   1.1892586826434126E-06  -9.7113584729413560E-08  -1.6089586551970569E-08   2.5640212175659371E-09  -9.7833366408117683E-11   1.9867084920406342E-03  -7.0080044679343700E-04  -1.0064113885164261E-03   3.3603268093429506E-04   9.6558354562148452E-04   2.3008997231954709E-05  -1.1008215369656682E-03   5.2566971862688661E-04   1.5671980800107121E-03
     487   1.3515625149011612E-02   3.1729701440781355E-03   5.2056519780308008E-04  -9.3387068773154169E-05   4.0313366298505571E-06   1.1781957027778844E-06  -1.1550596923370904E-07  -1.6218567822079422E-08   3.0452242949507990E-09  -1.3255954667279468E-10   1.9785319454967976E-03  -7.5606012251228094E-04  -1.0081320069730282E-03   4.1029928252100945E-04   1.0208499152213335E-03  -3.5716828278964385E-05  -1.2241957010701299E-03   6.2157213687896729E-04   1.3705552555620670E-03
     488   1.3554687611758709E-02   3.1647002324461937E-03   5.1974435336887836E-04  -9.2856840637978166E-05   3.9670467231189832E-06   1.1702300071192440E-06  -1.1405072086745349E-07  -1.6074620745598622E-08   3.0116775739941204E-09  -1.3111614571847952E-10   1.9808483775705099E-03  -7.4823468457907438E-04  -1.0135123739019036E-03   3.9429229218512774E-04   1.0160712990909815E-03  -1.4813851521466859E-05  -1.1965732555836439E-03   5.9010082622990012E-04   1.2781238183379173E-03
     489   1.3574218377470970E-02   3.1788267660886049E-03   5.1676121074706316E-04  -9.3917115009389818E-05   4.2902838686131872E-06   1.1792609484473360E-06  -1.2185942921405513E-07  -1.6352945664266372E-08   3.2053595333536578E-09  -1.4329730457784962E-10   1.9673686474561691E-03  -7.7762821456417441E-04  -1.0007270611822605E-03   4.4597472879104316E-04   1.0393031407147646E-03  -7.0975409471429884E-05  -1.2818857794627547E-03   6.7429221235215664E-04   1.2222781078889966E-03
     490   1.3583984225988388E-02   3.1097028404474258E-03   5.3776393178850412E-04  -9.1509311459958553E-05   2.6831085051526316E-06   1.2062578207405750E-06  -8.0418658399139531E-08  -1.6105856204262636E-08   2.1171719932766564E-09  -6.4335904659262866E-11   1.9790886435657740E-03  -6.5471534617245197E-04  -9.9168834276497364E-04   2.8492859564721584E-04   9.1504317242652178E-04   5.3642779676010832E-05  -1.0123155079782009E-03   4.6635913895443082E-04   1.4045344432815909E-03
     491   1.3593750074505806E-02   3.1102227512747049E-03   5.3452397696673870E-04  -9.0972695033997297E-05   2.7845694603456650E-06   1.1882908665938885E-06  -8.3579465126604191E-08  -1.5868044656031088E-08   2.2123083365244156E-09  -7.3301212322185449E-11   1.9870740361511707E-03  -6.5707188332453370E-04  -1.0053698206320405E-03   2.7587378281168640E-04   9.2331302585080266E-04   7.5612188084051013E-05  -9.9809083621948957E-04   4.3860336882062256E-04   1.4350633136928082E-03
     492   1.3632812537252903E-02   3.1340776477009058E-03   5.2701443200930953E-04  -9.2293914349284023E-05   3.3974674806813709E-06   1.1890377891177195E-06  -9.8915627688711538E-08  -1.6141241232503489E-08   2.6051032442353517E-09  -1.0028338576217877E-10   1.9715810194611549E-03  -7.0753897307440639E-04  -9.9604472052305937E-04   3.5322032636031508E-04   9.6896622562780976E-04   2.7517282887856709E-06  -1.1258288286626339E-03   5.5161904310807586E-04   1.7001101514324546E-03
     493   1.3652343302965164E-02   3.2692544627934694E-03   4.8292000428773463E-04  -9.6833529823925346E-05   6.6621896621654741E-06   1.1270518598394119E-06  -1.8325165740407101E-07  -1.6538198366333745E-08   4.8232964289240954E-09  -2.6200669411835520E-10   1.9482526695355773E-03  -9.5484452322125435E-04  -1.0179748060181737E-03   6.7347817821428180E-04   1.2209016131237149E-03  -2.3960192629601806E-04  -1.6613308107480407E-03   9.5831812359392643E-04   1.1194152757525444E-03
     494   1.3671875000000000E-02   3.1730525661259890E-03   5.1262584747746587E-04  -9.3663584266323596E-05   4.4199819058121648E-06   1.1695273087752867E-06  -1.2524523640422558E-07  -1.6270023550646329E-08   3.2959734941329089E-09  -1.5054588131668822E-10   1.9612472970038652E-03  -7.8496709465980530E-04  -1.0011078556999564E-03   4.5469796168617904E-04   1.0473357979208231E-03  -7.4719639087561518E-05  -1.2944510672241449E-03   6.8052072310820222E-04   1.5683594392612576E-03
     495   1.3710937462747097E-02   3.1275064684450626E-03   5.2366679301485419E-04  -9.1873778728768229E-05   3.4701017739280360E-06   1.1776684232245316E-06  -1.0095697433598616E-07  -1.6005804681640257E-08   2.6630986305065107E-09  -1.0555066543016522E-10   1.9695365335792303E-03  -7.0974364643916488E-04  -1.0000268230214715E-03   3.5183798172511160E-04   9.7344606183469296E-04   1.0764280887087807E-05  -1.1219581356272101E-03   5.4092356003820896E-04   1.5232233563438058E-03
     496   1.3749999925494194E-02   3.2002311199903488E-03   4.9970817053690553E-04  -9.4625087513122708E-05   5.2684822549053933E-06   1.1502803545226925E-06  -1.4715442375745624E-07  -1.6332968755250477E-08   3.8727430151652698E-09  -1.9285062435869804E-10   1.9494498847052455E-03  -8.4805965889245272E-04  -1.0033249855041504E-03   5.3879129700362682E-04   1.1104767909273505E-03  -1.4051326434127986E-04  -1.4339861227199435E-03   7.8881694935262203E-04   1.3552707387134433E-03
     497   1.3769531622529030E-02   3.1507897656410933E-03   5.1262747729197145E-04  -9.2597605544142425E-05   4.1851653804769740E-06   1.1592693454076652E-06  -1.1949020972679136E-07  -1.6024955584725831E-08   3.1523756938156566E-09  -1.4169902751159924E-10   1.9618966616690159E-03  -7.6217902824282646E-04  -1.0048318654298782E-03   4.1905330726876855E-04   1.0271042119711637E-03  -3.8698002754244953E-05  -1.2335916981101036E-03   6.2443345086649060E-04   1.4314089203253388E-03
     498   1.3789062388241291E-02   3.2111436594277620E-03   4.9450265942141414E-04  -9.5103612693492323E-05   5.6166327340179123E-06   1.1447669976405450E-06  -1.5601597169734305E-07  -1.6398061575273459E-08   4.1033239028820390E-09  -2.0941684497621793E-10   1.9428252708166838E-03  -8.7485264521092176E-04  -1.0025560623034835E-03   5.7588488562032580E-04   1.1368023697286844E-03  -1.7047756409738213E-04  -1.4947253512218595E-03   8.3686085417866707E-04   1.4199403813108802E-03
     499   1.3828124850988388E-02   3.1687398441135883E-03   5.0496362382546067E-04  -9.3508060672320426E-05   4.7294229261751752E-06   1.1544315157152596E-06  -1.3323185044100683E-07  -1.6185948581437515E-08   3.5072236226341147E-09  -1.6670509417338053E-10   1.9493690924718976E-03  -8.0528471153229475E-04  -1.0001942282542586E-03   4.8191312816925347E-04   1.0680491104722023E-03  -9.3267706688493490E-05  -1.3366705970838666E-03   7.0963730104267597E-04   1.2696998892351985E-03
     500   1.3906249776482582E-02   3.1694555655121803E-03   5.0110509619116783E-04  -9.3707494670525193E-05   4.9325299187330529E-06   1.1506722330523189E-06  -1.3837228607371799E-07  -1.6220033316471927E-08   3.6409708581430777E-09  -1.7633561277818899E-10   1.9397671567276120E-03  -8.2042114809155464E-04  -9.9450198467820883E-04   5.0713255768641829E-04   1.0803915793076158E-03  -1.1935702787013724E-04  -1.3779384316876531E-03   7.4963492807000875E-04   1.3322728918865323E-03
     501   1.3984374701976776E-02   3.0960014555603266E-03   5.1951402565464377E-04  -9.1123016318306327E-05   3.4002393931586994E-06   1.1716275594153558E-06  -9.8875830190081615E-08  -1.5919987106371991E-08   2.6046851342442778E-09  -1.0154883878232823E-10   1.9473396241664886E-03  -7.0166401565074921E-04  -9.8557898309081793E-04   3.5099819069728255E-04   9.6081133233383298E-04   3.6624123822548427E-06  -1.1149935889989138E-03   5.4428802104666829E-04   1.4963158173486590E-03
     502   1.4023437164723873E-02   3.1851779203861952E-03   4.8975489335134625E-04  -9.4285947852768004E-05   5.6017829592747148E-06   1.1329271956128650E-06  -1.5561019495180517E-07  -1.6238248079503137E-08   4.0942444989866544E-09  -2.0973509040622673E-10   1.9270475022494793E-03  -8.6937623564153910E-04  -9.9530781153589487E-04   5.7260924950242043E-04   1.1295108124613762E-03  -1.6941296053119004E-04  -1.4850859297439456E-03   8.3127146353945136E-04   1.1832340387627482E-03
     503   1.4062499627470970E-02   3.1597753986716270E-03   4.9564044456928968E-04  -9.3433605798054487E-05   5.0964799811481498E-06   1.1403866437831311E-06  -1.4251635604978219E-07  -1.6151242121509313E-08   3.7491689752755519E-09  -1.8468768181456596E-10   1.9282239954918623E-03  -8.3039212040603161E-04  -9.9156692158430815E-04   5.2189402049407363E-04   1.0900800116360188E-03  -1.2957912986166775E-04  -1.3990674633532763E-03   7.6415011426433921E-04   1.3700370909646153E-03
     504   1.4218749478459358E-02   3.0752781312912703E-03   5.1316310418769717E-04  -9.0439192717894912E-05   3.5013047181564616E-06   1.1569894695639960E-06  -1.0146185758230786E-07  -1.5766511651804649E-08   2.6739965797162313E-09  -1.0761071200793282E-10   1.9320307765156031E-03  -7.0474372478201985E-04  -9.8084728233516216E-04   3.5717478021979332E-04   9.6297968411818147E-04  -3.0429333719439455E-07  -1.1210283264517784E-03   5.4844841361045837E-04   1.2750903842970729E-03
     505   1.4374999329447746E-02   3.1113200820982456E-03   4.9366679741069674E-04  -9.1744455858133733E-05   4.7354628804896493E-06   1.1280312719463836E-06  -1.3325276881914760E-07  -1.5850144308160452E-08   3.5093634664917772E-09  -1.6885855214088252E-10   1.9126025727018714E-03  -7.9625623766332865E-04  -9.8357757087796926E-04   4.7915862523950636E-04   1.0548435384407640E-03  -9.4384762633126229E-05  -1.3221102999523282E-03   7.0261204382404685E-04   1.2842484284192324E-03
     506   1.4531249180436134E-02   3.0669185798615217E-03   4.9922300968319178E-04  -9.0206267486792058E-05   4.0671266106073745E-06   1.1307549812045181E-06  -1.1602335803218011E-07  -1.5634476824288868E-08   3.0582965049319455E-09  -1.3684330057994742E-10   1.9086627289652824E-03  -7.4216810753569007E-04  -9.7694562282413244E-04   4.0924176573753357E-04   9.9983462132513523E-04  -3.9138823922257870E-05  -1.2023193994536996E-03   6.0911214677616954E-04   1.4833585591986775E-03
     507   1.4687499031424522E-02   3.0903520528227091E-03   4.8448622692376375E-04  -9.1193942353129387E-05   4.9780965127865784E-06   1.1108853641417227E-06  -1.3938888798747939E-07  -1.5722925184036285E-08   3.6705545269910544E-09  -1.8149882985429855E-10   1.8898340640589595E-03  -8.1010960275307298E-04  -9.7464048303663731E-04   5.0335907144472003E-04   1.0661212727427483E-03  -1.1612583330133930E-04  -1.3570055598393083E-03   7.3320558294653893E-04   1.3493571896106005E-03
     508   1.4765623956918716E-02   3.1175168696790934E-03   4.7155804350040853E-04  -9.2053342086728662E-05   5.8142577472608536E-06   1.0898670552705880E-06  -1.6101371613785886E-07  -1.5754682891611083E-08   4.2403542899194235E-09  -2.2349279371614017E-10   1.8806740408763289E-03  -8.7175046792253852E-04  -9.8044530022889376E-04   5.8221694780513644E-04   1.1296995216980577E-03  -1.7291706171818078E-04  -1.4873399632051587E-03   8.2841084804385900E-04   1.4297664165496826E-03
     509   1.4843748882412910E-02   3.0901820864528418E-03   4.7724312753416598E-04  -9.1360008809715509E-05   5.3243393267621286E-06   1.1010662319677067E-06  -1.4816158966368675E-07  -1.5734396896505132E-08   3.8986822659126119E-09  -1.9817748830863735E-10   1.8756047356873751E-03  -8.3510408876463771E-04  -9.6969876904040575E-04   5.4077222011983395E-04   1.0894075967371464E-03  -1.4822998491581529E-04  -1.4165389584377408E-03   7.8227382618933916E-04   1.3080785283818841E-03
     510   1.4999999664723873E-02   3.0896125826984644E-03   4.6883709728717804E-04  -9.1199442977085710E-05   5.6915218920039479E-06   1.0821368050528690E-06  -1.5779531281623349E-07  -1.5610954307021530E-08   4.1565297870249651E-09  -2.1815385609080806E-10   1.8665847601369023E-03  -8.5873878560960293E-04  -9.7220245515927672E-04   5.6968111312016845E-04   1.1143432930111885E-03  -1.6608688747510314E-04  -1.4627174241468310E-03   8.1310194218531251E-04   1.4265271602198482E-03
     511   1.5078125521540642E-02   3.1166148837655783E-03   4.5625044731423259E-04  -9.2087946541141719E-05   6.5155713855347130E-06   1.0622144372973708E-06  -1.7911092697886488E-07  -1.5652453555503598E-08   4.7184456342108660E-09  -2.5952426319086896E-10   1.8568785162642598E-03  -9.1966695617884398E-04  -9.7653316333889961E-04   6.4895907416939735E-04   1.1763434158638120E-03  -2.2552686277776957E-04  -1.5941914170980453E-03   9.1217056615278125E-04   1.4570658095180988E-03
     512   1.5117187984287739E-02   3.1159510836005211E-03   4.5543999294750392E-04  -9.2272181063890457E-05   6.5650765463942662E-06   1.0651779120962601E-06  -1.8017225045241503E-07  -1.5725140301015017E-08   4.7418295956447309E-09  -2.6062460523057496E-10   1.8509700894355774E-03  -9.2472776304930449E-04  -9.7143469611182809E-04   6.6011160379275680E-04   1.1794494930654764E-03  -2.3873210011515766E-04  -1.6115490579977632E-03   9.3041639775037766E-04   1.3794334372505546E-03
     513   1.5156250447034836E-02   3.0306475237011909E-03   4.7860728227533400E-04  -8.8965272880159318E-05   4.6775435293966439E-06   1.0859524763873196E-06  -1.3185402281123970E-07  -1.5265856134760725E-08   3.4810840876531302E-09  -1.7051951517466080E-10   1.8689504358917475E-03  -7.7662168769165874E-04  -9.6807541558519006E-04   4.5911647612228990E-04   1.0328073985874653E-03  -7.5060910603497177E-05  -1.2756854994222522E-03   6.6306168446317315E-04   1.3599832309409976E-03
     514   1.5234375372529030E-02   3.0262696091085672E-03   4.7639789409004152E-04  -8.8878339738585055E-05   4.7428907237190288E-06   1.0826371408256819E-06  -1.3345866989311617E-07  -1.5252265228582473E-08   3.5219156480081892E-09  -1.7354898074195546E-10   1.8633058061823249E-03  -7.8085670247673988E-04  -9.6592510817572474E-04   4.6617258340120316E-04   1.0366220958530903E-03  -8.0758996773511171E-05  -1.2857822002843022E-03   6.7068781936541200E-04   1.4128015609458089E-03
     515   1.5253907069563866E-02   3.0210304539650679E-03   4.7771207755431533E-04  -8.8837325165513903E-05   4.6482773541356437E-06   1.0870620599234826E-06  -1.3090611616917158E-07  -1.5283388776765605E-08   3.4526170811233214E-09  -1.6814641345952452E-10   1.8604882061481476E-03  -7.7445147326216102E-04  -9.6124771516770124E-04   4.6141271013766527E-04   1.0282433358952403E-03  -8.1737707660067827E-05  -1.2775884242728353E-03   6.6984043223783374E-04   1.3634136412292719E-03
     516   1.5273437835276127E-02   3.0157745350152254E-03   4.7815465950407088E-04  -8.8602741016075015E-05   4.5718511501036119E-06   1.0861426744668279E-06  -1.2894390977180592E-07  -1.5241448991787365E-08   3.4012856975351724E-09  -1.6460048601896204E-10   1.8611234845593572E-03  -7.6803081901744008E-04  -9.6251262584701180E-04   4.5125233009457588E-04   1.0230370098724961E-03  -7.0380294346250594E-05  -1.2597009772434831E-03   6.5124547109007835E-04   1.4350148849189281E-03
     517   1.5312500298023224E-02   2.9752498958259821E-03   4.8951368080452085E-04  -8.7329513917211443E-05   3.6888682188873645E-06   1.1028803328372305E-06  -1.0608977873971526E-07  -1.5137954889610228E-08   2.7995514795264853E-09  -1.2067426224948719E-10   1.8632924184203148E-03  -7.0084765320643783E-04  -9.5281016547232866E-04   3.6721277865581214E-04   9.5263635739684105E-04  -1.1180945875821635E-05  -1.1190153891220689E-03   5.5062311002984643E-04   1.4769813278689981E-03
     518   1.5625000000000000E-02   3.0390266329050064E-03   4.5402412069961429E-04  -8.9431508968118578E-05   5.8994473874918185E-06   1.0451055914018070E-06  -1.6326133334132464E-07  -1.5192785696171995E-08   4.3071590738463783E-09  -2.3201551790918984E-10   1.8320631934329867E-03  -8.6278637172654271E-04  -9.6243142616003752E-04   5.7881430257111788E-04   1.1171045480296016E-03  -1.6957891057245433E-04  -1.4683626359328628E-03   8.1348279491066933E-04   1.5184192452579737E-03
     519   1.5781249850988388E-02   2.9564048163592815E-03   4.7225199523381889E-04  -8.6510954133700579E-05   4.2896494960587006E-06   1.0636135812092107E-06  -1.2180778696802008E-07  -1.4828771099928417E-08   3.2208793410148928E-09  -1.5397125241456422E-10   1.8372453050687909E-03  -7.3661661008372903E-04  -9.5201196381822228E-04   4.1334173874929547E-04   9.8962767515331507E-04  -3.9694015868008137E-05  -1.1893312912434340E-03   5.9662834974005818E-04   1.3366605853661895E-03
     520   1.5937499701976776E-02   2.9537510126829147E-03   4.6642898814752698E-04  -8.6549662228208035E-05   4.5455617510015145E-06   1.0549033504503313E-06  -1.2832234119741770E-07  -1.4816492921454483E-08   3.3912113117651188E-09  -1.6658927015633651E-10   1.8251304281875491E-03  -7.5445906259119511E-04  -9.4726757379248738E-04   4.4090911978855729E-04   1.0055738966912031E-03  -6.4665742684155703E-05  -1.2332205660641193E-03   6.3495425274595618E-04   1.6420243773609400E-03
     521   1.6249999403953552E-02   3.0735598411411047E-03   4.1434288141317666E-04  -9.0607500169426203E-05   8.0407380664837547E-06   9.7603515314403921E-07  -2.1862865651200991E-07  -1.5075398707153909E-08   5.7689852894782234E-09  -3.4103017632070021E-10   1.7848241841420531E-03  -1.0147177381440997E-03  -9.6382381161674857E-04   7.8170624328777194E-04   1.2691386509686708E-03  -3.2397356699220836E-04  -1.7992428038269281E-03   1.0661164997145534E-03   1.3804334448650479E-03
     522   1.6874998807907104E-02   2.7539245784282684E-03   4.8586115008220077E-04  -7.9234829172492027E-05   1.7618043557376950E-06   1.0476225043021259E-06  -5.7046474211119858E-08  -1.3639969154155551E-08   1.5370464900854586E-09  -3.7205759306768726E-11   1.8076887354254723E-03  -5.2255892660468817E-04  -9.2499394668266177E-04   1.3501834473572671E-04   7.7269232133403420E-04   1.8492138769943267E-04  -7.0953607792034745E-04   2.1702272351831198E-04   1.3777584536001086E-03
     523   1.7500000074505806E-02   2.5877181906253099E-03   5.1613262621685863E-04  -7.4349532951600850E-05  -1.0879115279749385E-06   1.0939862704617553E-06   1.7220278536456135E-08  -1.3238988572084054E-08  -4.2674444533652434E-10   1.0618316642618808E-10   1.7864203546196222E-03  -3.0326371779665351E-04  -8.7776099098846316E-04  -1.2873935338575393E-04   5.3953722817823291E-04   3.6585773341357708E-04  -2.5892103440128267E-04  -1.0316593397874385E-04   1.1400355724617839E-03
     524   1.8750000745058060E-02   2.6990284677594900E-03   4.3839760473929346E-04  -7.9201694461517036E-05   3.6086501040699659E-06   9.8889086075359955E-07  -1.0312123777111992E-07  -1.3671068721521351E-08   2.7239790423294608E-09  -1.2360852619242024E-10   1.6823848709464073E-03  -6.5256247762590647E-04  -8.6235068738460541E-04   3.5745307104662061E-04   8.7981141405180097E-04  -3.1977171602193266E-05  -1.0555548360571265E-03   5.3528841817751527E-04   2.6934529887512326E-04
     525   1.9999999552965164E-02   2.6192264631390572E-03   4.2222326737828553E-04  -7.6811753388028592E-05   3.6446472222451121E-06   9.5259701993199997E-07  -1.0380622228467473E-07  -1.3223485417768188E-08   2.7431443783143550E-09  -1.2764093948458566E-10   1.6291345236822963E-03  -6.4257276244461536E-04  -8.3769985940307379E-04   3.5852965083904564E-04   8.6387310875579715E-04  -3.7961992347845808E-05  -1.0427361121401191E-03   5.3090206347405910E-04   2.4880800629034638E-04
     526   2.1324999630451202E-02   2.5405187625437975E-03   4.0743421413935721E-04  -7.4476447480265051E-05   3.6294720757723553E-06   9.1939250523864757E-07  -1.0315979892538962E-07  -1.2798377468925537E-08   2.7268638458366468E-09  -1.2891138156945203E-10   1.5777369262650609E-03  -6.2937324400991201E-04  -8.1275333650410175E-04   3.5573772038333118E-04   8.4434141172096133E-04  -4.2197316361125559E-05  -1.0241644922643900E-03   5.2375876111909747E-04   2.5746686151251197E-04
     527   2.2649999707937241E-02   2.4485664907842875E-03   4.0059999446384609E-04  -7.1706199378240854E-05   3.1281986139219953E-06   8.9936122549261199E-07  -8.9934360403276514E-08  -1.2367777024735460E-08   2.3786626002220146E-09  -1.0561677921128165E-10   1.5336881624534726E-03  -5.8068719226866961E-04  -7.8588782344013453E-04   3.0647113453596830E-04   7.8878685599192977E-04  -1.1672160326270387E-05  -9.2902733013033867E-04   4.5903047430329025E-04   6.7328925069887191E-05
     528   2.3974999785423279E-02   2.3854691535234451E-03   3.8763883640058339E-04  -6.9872658059466630E-05   3.1699976261734264E-06   8.7156075778693776E-07  -9.0767287019843934E-08  -1.2034813146044598E-08   2.4003168341835135E-09  -1.0911174741501384E-10   1.4901183312758803E-03  -5.7401490630581975E-04  -7.6483062002807856E-04   3.1032745027914643E-04   7.7653862535953522E-04  -2.0822219084948301E-05  -9.2399085406213999E-04   4.6210887376219034E-04   5.5641739891143516E-05
     529   2.5299999862909317E-02   2.3215664550662041E-03   3.7761070416308939E-04  -6.7993380071129650E-05   3.0668406907352619E-06   8.4887591356164194E-07  -8.7850565932967584E-08  -1.1715075132201491E-08   2.3228505785510833E-09  -1.0518344528698265E-10   1.4510945184156299E-03  -5.5721122771501541E-04  -7.4473989661782980E-04   2.9977897065691650E-04   7.5445632683113217E-04  -1.8238935808767565E-05  -8.9570158161222935E-04   4.4663425069302320E-04   5.6255106755997986E-05
     530   2.6844000443816185E-02   2.2538949269801378E-03   3.6670907866209745E-04  -6.6006396082229912E-05   2.9707709927606629E-06   8.2428601899664500E-07  -8.5111146574945451E-08  -1.1372323527325534E-08   2.2504831331815467E-09  -1.0178625997614432E-10   1.4092376222833991E-03  -5.4042722331359982E-04  -7.2337267920374870E-04   2.8998809284530580E-04   7.3200673796236515E-04  -1.6624395357212052E-05  -8.6794729577377439E-04   4.3205055408179760E-04   5.5873621022328734E-05
     531   2.8387000784277916E-02   2.1922043524682522E-03   3.5672020749188960E-04  -6.4204941736534238E-05   2.8868478239019169E-06   8.0197906981993583E-07  -8.2700879033836827E-08  -1.1063983507142439E-08   2.1864945409788561E-09  -9.8794146474734390E-11   1.3707008911296725E-03  -5.2557303570210934E-04  -7.0371228503063321E-04   2.8175589977763593E-04   7.1188790025189519E-04  -1.5778574379510246E-05  -8.4366317605599761E-04   4.1965825948864222E-04   5.5908338254084811E-05
     532   2.9930999502539635E-02   2.1352600306272507E-03   3.4759505069814622E-04  -6.2538863858208060E-05   2.8062813726137392E-06   7.8134570458132657E-07  -8.0419901848927111E-08  -1.0776567194170639E-08   2.1264361382833386E-09  -9.5997383653401158E-11   1.3350887456908822E-03  -5.1174446707591414E-04  -6.8543531233444810E-04   2.7411949122324586E-04   6.9315347354859114E-04  -1.5100992641237099E-05  -8.2117802230641246E-04   4.0830942452885211E-04   5.5439722927985713E-05
     533   3.1475000083446503E-02   2.0827455446124077E-03   3.3911096397787333E-04  -6.0997030232101679E-05   2.7357109502190724E-06   7.6204679544389364E-07  -7.8422310423320596E-08  -1.0509241477052456E-08   2.0739665540503438E-09  -9.3653057531284389E-11   1.3021379709243774E-03  -4.9923540791496634E-04  -6.6857546335086226E-04   2.6740608154796064E-04   6.7611999111250043E-04  -1.4728097994520795E-05  -8.0097862519323826E-04   3.9825608837418258E-04   5.5832075304351747E-05
     534   3.4563001245260239E-02   1.9885858055204153E-03   3.2392091816291213E-04  -5.8247227570973337E-05   2.6079310373461340E-06   7.2796035510691581E-07  -7.4772927405319933E-08  -1.0038599285167038E-08   1.9772696813191715E-09  -8.9158160021529653E-11   1.2429880443960428E-03  -4.7679973067715764E-04  -6.3829950522631407E-04   2.5535686290822923E-04   6.4553134143352509E-04  -1.4040929272596259E-05  -7.6466723112389445E-04   3.8016171311028302E-04   5.6130771554308012E-05
     535   3.7650000303983688E-02   1.9066683016717434E-03   3.1047410448081791E-04  -5.5859796702861786E-05   2.5049062060134020E-06   6.9804087843294838E-07  -7.1790466904531058E-08  -9.6271355332078201E-09   1.8983326022237179E-09  -8.5666446159038401E-11   1.1914648348465562E-03  -4.5770732685923576E-04  -6.1207922408357263E-04   2.4535937700420618E-04   6.1940198065713048E-04  -1.3721147297474090E-05  -7.3391245678067207E-04   3.6495632957667112E-04   5.6955148465931416E-05
     536   4.0738001465797424E-02   1.8339329399168491E-03   2.9856737819500268E-04  -5.3722524171462283E-05   2.4115222458931385E-06   6.7121260372005054E-07  -6.9107471745155635E-08  -9.2582057575896215E-09   1.8273306201521677E-09  -8.2508673504566588E-11   1.1461224639788270E-03  -4.4026362593285739E-04  -5.8886839542537928E-04   2.3590748605784029E-04   5.9581728419288993E-04  -1.3079054951958824E-05  -7.0585822686553001E-04   3.5093037877231836E-04   5.6678953114897013E-05
     537   4.3825000524520874E-02   1.7688194056972861E-03   2.8800350264646113E-04  -5.1806739065796137E-05   2.3240831978910137E-06   6.4725662696218933E-07  -6.6618859762002103E-08  -8.9270164593813206E-09   1.7616816894161502E-09  -7.9538771402543063E-11   1.1056435760110617E-03  -4.2431338806636631E-04  -5.6792574469000101E-04   2.2723524307366461E-04   5.7438435032963753E-04  -1.2528014849522151E-05  -6.8044039653614163E-04   3.3829978201538324E-04   5.5676569900242612E-05
     538   4.6913001686334610E-02   1.7102898564189672E-03   2.7850756305269897E-04  -5.0092741730622947E-05   2.2450999495049473E-06   6.2590316929345136E-07  -6.4360811791175365E-08  -8.6311375824266179E-09   1.7020840292758521E-09  -7.6823061800901371E-11   1.0691932402551174E-03  -4.1002107900567353E-04  -5.4906198056414723E-04   2.1951578673906624E-04   5.5514433188363910E-04  -1.2093178156646900E-05  -6.5767625346779823E-04   3.2700688461773098E-04   5.6267232139362022E-05
     539   5.0000000745058060E-02   1.6573627945035696E-03   2.6990773039869964E-04  -4.8544741730438545E-05   2.1742878288932843E-06   6.0670305401799851E-07  -6.2321454663560871E-08  -8.3666469308241176E-09   1.6478333142444512E-09  -7.4296971352971752E-11   1.0362212779000401E-03  -3.9714216836728156E-04  -5.3205824224278331E-04   2.1251144062262028E-04   5.3777144057676196E-04  -1.1641451237665024E-05  -6.3705095089972019E-04   3.1673538614995778E-04   5.6224234867841005E-05
     540   5.3125001490116119E-02   1.6087577678263187E-03   2.6190612697973847E-04  -4.7111458115978166E-05   2.1137248040759005E-06   5.8857222029473633E-07  -6.0582728167446476E-08  -8.1178592736819155E-09   1.6019272575107379E-09  -7.2319622512750925E-11   1.0059418855234981E-03  -3.8557394873350859E-04  -5.1664322381839156E-04   2.0621182920876890E-04   5.2209699060767889E-04  -1.1189797078259289E-05  -6.1838276451453567E-04   3.0739445355720818E-04   5.6230437621707097E-05
     541   5.6249998509883881E-02   1.5642936341464520E-03   2.5468025705777109E-04  -4.5812921598553658E-05   2.0548020529531641E-06   5.7237701867052238E-07  -5.8893672161275390E-08  -7.8937194558648116E-09   1.5573597966778152E-09  -7.0308196764568009E-11   9.7805203404277563E-04  -3.7503213388845325E-04  -5.0243246369063854E-04   2.0050955936312675E-04   5.0770776579156518E-04  -1.0832098269020207E-05  -6.0127169126644731E-04   2.9885515687055886E-04   5.7317167375003919E-05
     542   5.9374999254941940E-02   1.5235295286402106E-03   2.4804100394248962E-04  -4.4627136958297342E-05   2.0022798707941547E-06   5.5759392125764862E-07  -5.7381456031180278E-08  -7.6905086743295215E-09   1.5172744172176067E-09  -6.8489887372624736E-11   9.5227878773584962E-04  -3.6561288288794458E-04  -4.8934714868664742E-04   1.9560509826987982E-04   4.9471785314381123E-04  -1.0727269000199158E-05  -5.8601761702448130E-04   2.9135073418729007E-04   5.7591340009821579E-05
     543   6.2500000000000000E-02   1.4857455389574170E-03   2.4192330602090806E-04  -4.3521427869563922E-05   1.9522892671375303E-06   5.4377846936404239E-07  -5.5958491174123992E-08  -7.4998922627855791E-09   1.4797391090226597E-09  -6.6798649944743715E-11   9.2847185442224145E-04  -3.5676051629707217E-04  -4.7724499017931521E-04   1.9088936096522957E-04   4.8257704474963248E-04  -1.0488473890291061E-05  -5.7162443408742547E-04   2.8418318834155798E-04   5.6138847867259756E-05
     544   6.8750001490116119E-02   1.4178744750097394E-03   2.3092208721209317E-04  -4.1542989492882043E-05   1.8620107766764704E-06   5.1916219945269404E-07  -5.3372708919141587E-08  -7.1595831485637973E-09   1.4114226454253753E-09  -6.3688852802723517E-11   8.8576221605762839E-04  -3.4074019640684128E-04  -4.5541190775111318E-04   1.8241393263451755E-04   4.6068601659499109E-04  -1.0134926924365573E-05  -5.4576992988586426E-04   2.7136248536407948E-04   5.7130211644107476E-05
     545   7.5000002980232239E-02   1.3582149986177683E-03   2.2117661137599498E-04  -3.9786838897271082E-05   1.7841532553575234E-06   4.9714611805029563E-07  -5.1141448409453005E-08  -6.8564598443288105E-09   1.3523763220391061E-09  -6.1039680254726392E-11   8.4872526349499822E-04  -3.2618519617244601E-04  -4.3630867730826139E-04   1.7448318249080330E-04   4.4114078627899289E-04  -9.5838058769004419E-06  -5.2254012553021312E-04   2.5977709447033703E-04   5.6803364714141935E-05
     546   8.1249997019767761E-02   1.3053485890850425E-03   2.1253355953376740E-04  -3.8228947232710198E-05   1.7144757293863222E-06   4.7759516519363387E-07  -4.9146063219041025E-08  -6.5862177933695421E-09   1.2997238840739556E-09  -5.8690260984484155E-11   8.1606395542621613E-04  -3.1310928170569241E-04  -4.1940811206586659E-04   1.6725153545849025E-04   4.2368532740511000E-04  -8.9733039203565568E-06  -5.0169671885669231E-04   2.4934107204899192E-04   5.7443816331215203E-05
     547   8.7499998509883881E-02   1.2585165677592158E-03   2.0483057596720755E-04  -3.6859863030258566E-05   1.6561818938498618E-06   4.6044081614127208E-07  -4.7453585949597255E-08  -6.3515321890861287E-09   1.2546909067268075E-09  -5.6682384480533088E-11   7.8671722440049052E-04  -3.0207124655134976E-04  -4.0439024451188743E-04   1.6147762653417885E-04   4.0869004442356527E-04  -8.7770149548305199E-06  -4.8405106645077467E-04   2.4062153534032404E-04   5.6530225265305489E-05
     548   9.3750000000000000E-02   1.2163477949798107E-03   1.9804998009931296E-04  -3.5632729122880846E-05   1.5987052393029444E-06   4.4520956521409971E-07  -4.5821227701026146E-08  -6.1404037410284218E-09   1.2116926351168900E-09  -5.4706506685819889E-11   7.6005357550457120E-04  -2.9214960522949696E-04  -3.9068624028004706E-04   1.5638336481060833E-04   3.9512902731075883E-04  -8.6847494458197616E-06  -4.6814006054773927E-04   2.3277630680240691E-04   5.5585700465599075E-05
     549   1.0000000149011612E-01   1.1779931373894215E-03   1.9189766317140311E-04  -3.4509786928538233E-05   1.5453763353434624E-06   4.3126678406224528E-07  -4.4313161140507873E-08  -5.9467768487309058E-09   1.1719994974512815E-09  -5.2878312839510500E-11   7.3599861934781075E-04  -2.8287878376431763E-04  -3.7824787432327867E-04   1.5146266377996653E-04   3.8257866981439292E-04  -8.4628036347567104E-06  -4.5331718865782022E-04   2.2543556406162679E-04   5.5889264331199229E-05
     550   1.0625000298023224E-01   1.1431532911956310E-03   1.8610994447953999E-04  -3.3485055610071868E-05   1.5031980638013920E-06   4.1830151076283073E-07  -4.3085218948135662E-08  -5.7691615928945339E-09   1.1394616361570797E-09  -5.1483484142522684E-11   7.1437912993133068E-04  -2.7453899383544922E-04  -3.6720215575769544E-04   1.4693834236823022E-04   3.7134424201212823E-04  -8.1487523857504129E-06  -4.3995998566970229E-04   2.1876662503927946E-04   5.5566932132933289E-05
     551   1.1249999701976776E-01   1.1111237108707428E-03   1.8082778842654079E-04  -3.2542426197323948E-05   1.4626539268647321E-06   4.0647736909704690E-07  -4.1908077008656619E-08  -5.6072715359789527E-09   1.1080817374775620E-09  -5.0069715734624154E-11   6.9459166843444109E-04  -2.6670572697184980E-04  -3.5704585025086999E-04   1.4257324801292270E-04   3.6084957537241280E-04  -7.7389113357639872E-06  -4.2737717740237713E-04   2.1243687660899013E-04   5.5945529311429709E-05
     552   1.1874999850988388E-01   1.0816343128681183E-03   1.7607439076527953E-04  -3.1680188840255141E-05   1.4223071502783569E-06   3.9579552435498044E-07  -4.0756631847216340E-08  -5.4595226117726270E-09   1.0776016745595030E-09  -4.8653064216308550E-11   6.7612895509228110E-04  -2.5957255274988711E-04  -3.4750919439829886E-04   1.3876320736017078E-04   3.5119426320306957E-04  -7.5573052527033724E-06  -4.1597025119699538E-04   2.0678990404121578E-04   5.6057357141980901E-05
     553   1.2500000000000000E-01   1.0543699609115720E-03   1.7174625827465206E-04  -3.0886934837326407E-05   1.3827427665091818E-06   3.8601751839451026E-07  -3.9644010740857993E-08  -5.3227120488941182E-09   1.0484102475061263E-09  -4.7281213666483524E-11   6.5892899874597788E-04  -2.5302430731244385E-04  -3.3862958662211895E-04   1.3530268915928900E-04   3.4227035939693451E-04  -7.4140857577731367E-06  -4.0542712667956948E-04   2.0156173559371382E-04   5.6358479923801497E-05
     554   1.3750000298023224E-01   1.0056955507025123E-03   1.6374893311876804E-04  -2.9463082682923414E-05   1.3218526646596729E-06   3.6814401482843095E-07  -3.7882646353182281E-08  -5.0775836868410806E-09   1.0017032758824485E-09  -4.5216715788276574E-11   6.2839395832270384E-04  -2.4162991030607373E-04  -3.2311709946952760E-04   1.2924631300847977E-04   3.2671962981112301E-04  -7.0966048042464536E-06  -3.8699369179084897E-04   1.9238298409618437E-04   5.6623335694894195E-05
     555   1.5000000596046448E-01   9.6273986855521798E-04   1.5677991905249655E-04  -2.8199241569382139E-05   1.2639529813895933E-06   3.5234933193351026E-07  -3.6233775091432108E-08  -4.8590789170077642E-09   9.5819729928336983E-10  -4.3242978642332730E-11   6.0171523364260793E-04  -2.3109087487682700E-04  -3.0933399102650583E-04   1.2347490701358765E-04   3.1259070965461433E-04  -6.6274251366849057E-06  -3.7011352833360434E-04   1.8392008496448398E-04   5.5561049521202222E-05
     556   1.6249999403953552E-01   9.2490622773766518E-04   1.5058451390359551E-04  -2.7093450626125559E-05   1.2159752031948301E-06   3.3848681368908728E-07  -3.4851350250164614E-08  -4.6684505150551558E-09   9.2164420539830871E-10  -4.1626192076593682E-11   5.7798833586275578E-04  -2.2210075985640287E-04  -2.9705392080359161E-04   1.1891752365045249E-04   3.0045566381886601E-04  -6.6015354605042376E-06  -3.5597226815298200E-04   1.7699689487926662E-04   5.5584743677172810E-05
     557   1.7499999701976776E-01   8.9091836707666516E-04   1.4511257177218795E-04  -2.6093479391420260E-05   1.1681960359055665E-06   3.2608127753519511E-07  -3.3495066276145735E-08  -4.4962211731558455E-09   8.8581464385839581E-10  -3.9954393959984458E-11   5.5698002688586712E-04  -2.1352896874304861E-04  -2.8604181716218591E-04   1.1421447561588138E-04   2.8907667729072273E-04  -6.2383378462982364E-06  -3.4242321271449327E-04   1.7023563850671053E-04   5.6523585953982547E-05
     558   1.8750000000000000E-01   8.6080405162647367E-04   1.4013137842994183E-04  -2.5208526494679973E-05   1.1309123237879248E-06   3.1494076324634079E-07  -3.2410550687700379E-08  -4.3436183538858586E-09   8.5698709240134008E-10  -3.8684562497781627E-11   5.3828378440812230E-04  -2.0632088126149029E-04  -2.7654034784063697E-04   1.1021783575415611E-04   2.7933411183767021E-04  -5.8703612921817694E-06  -3.3073264057748020E-04   1.6434624558314681E-04   5.5434509704355150E-05
     559   2.0000000298023224E-01   8.3378690760582685E-04   1.3578127254731953E-04  -2.4424658477073535E-05   1.0949647730740253E-06   3.0519640858983621E-07  -3.1387774157565218E-08  -4.2089380869470006E-09   8.3004103590411660E-10  -3.7461481833256371E-11   5.2103959023952484E-04  -2.0019653311464936E-04  -2.6781443739309907E-04   1.0710999777074903E-04   2.7079929714091122E-04  -5.8704808907350525E-06  -3.2075057970359921E-04   1.5944252663757652E-04   5.7038163504330441E-05
     560   2.1875000000000000E-01   7.9742947127670050E-04   1.2985977809876204E-04  -2.3364727894659154E-05   1.0474481086930609E-06   2.9199017603787070E-07  -3.0019922547808164E-08  -4.0268610668192650E-09   7.9381801132427654E-10  -3.5816721116743722E-11   4.9820594722405076E-04  -1.9159546354785562E-04  -2.5612555327825248E-04   1.0256632231175900E-04   2.5907161762006581E-04  -5.6996191233338322E-06  -3.0692902510054410E-04   1.5261505905073136E-04   5.6827189837349579E-05
     561   2.3749999701976776E-01   7.6501909643411636E-04   1.2458338460419327E-04  -2.2407244614441879E-05   1.0035173545475118E-06   2.8002602903143270E-07  -2.8764530313196701E-08  -3.8613707786794293E-09   7.6060746589945438E-10  -3.4300982193480323E-11   4.7830922994762659E-04  -1.8337681831326336E-04  -2.4573178961873055E-04   9.7954783996101469E-05   2.4820188991725445E-04  -5.2577629503502976E-06  -2.9391335556283593E-04   1.4608234050683677E-04   5.6396696891169995E-05
     562   2.5624999403953552E-01   7.3663849616423249E-04   1.1997230467386544E-04  -2.1580899556283839E-05   9.6687188033683924E-07   2.6971514444085187E-07  -2.7713557670949740E-08  -3.7195464486217134E-09   7.3280764789629416E-10  -3.3048966341375774E-11   4.6032606041990221E-04  -1.7684334306977689E-04  -2.3658257850911468E-04   9.4620525487698615E-05   2.3921357933431864E-04  -5.2008899729116820E-06  -2.8335626120679080E-04   1.4086722512729466E-04   5.6721353757893667E-05
     563   2.7500000596046448E-01   7.1105023380368948E-04   1.1580400314414874E-04  -2.0828818378504366E-05   9.3352474550556508E-07   2.6025242050309316E-07  -2.6764777061316636E-08  -3.5887646188115241E-09   7.0788869210858252E-10  -3.1958401203180387E-11   4.4432390131987631E-04  -1.7072285118047148E-04  -2.2835927666164935E-04   9.1372014139778912E-05   2.3092978517524898E-04  -5.0514095164544415E-06  -2.7357463841326535E-04   1.3602679246105254E-04   5.6505235988879576E-05
     564   2.9374998807907104E-01   6.8792194360867143E-04   1.1195025581400841E-04  -2.0148028852418065E-05   9.0570097199815791E-07   2.5164382577713695E-07  -2.5950969373411681E-08  -3.4711380436647232E-09   6.8623656757083040E-10  -3.1022451968398812E-11   4.3003365863114595E-04  -1.6511962166987360E-04  -2.2101841750554740E-04   8.8328524725511670E-05   2.2344398894347250E-04  -4.8153697207453661E-06  -2.6465358678251505E-04   1.3155443593859673E-04   5.6084601965267211E-05
     565   3.1250000000000000E-01   6.6678528673946857E-04   1.0864776413654909E-04  -1.9531500583980232E-05   8.7312656660287757E-07   2.4413100163656054E-07  -2.5041952511628551E-08  -3.3656641917900743E-09   6.6233407647331433E-10  -2.9856266764438644E-11   4.1676138062030077E-04  -1.5984303900040686E-04  -2.1400921104941517E-04   8.5563959146384150E-05   2.1635864686686546E-04  -4.7414650907739997E-06  -2.5634668418206275E-04   1.2747329310514033E-04   5.5796215747250244E-05
     566   3.3125001192092896E-01   6.4777268562465906E-04   1.0546722478466108E-04  -1.8970416931551881E-05   8.5040193198437919E-07   2.3702888540810818E-07  -2.4373633777940995E-08  -3.2686811035631536E-09   6.4450861314568897E-10  -2.9085624533853327E-11   4.0506065124645829E-04  -1.5526213974226266E-04  -2.0812953880522400E-04   8.2887941971421242E-05   2.1018086408730596E-04  -4.3650343286572024E-06  -2.4879840202629566E-04   1.2360283290036023E-04   5.7258723245467991E-05
     567   3.4999999403953552E-01   6.3061621040105820E-04   1.0262723662890494E-04  -1.8474569515092298E-05   8.3109313209206448E-07   2.3075074295775266E-07  -2.3810970972704126E-08  -3.1834379576878291E-09   6.2961608149336712E-10  -2.8467235513307543E-11   3.9397095679305494E-04  -1.5166260709520429E-04  -2.0261839381419122E-04   8.1235528341494501E-05   2.0503555424511433E-04  -4.5528327063948382E-06  -2.4294789182022214E-04   1.2081881141057238E-04   5.6606630096212029E-05
     568   3.8749998807907104E-01   5.9926905669271946E-04   9.7465475846547633E-05  -1.7556569218868390E-05   7.9114420259429608E-07   2.1928489957190322E-07  -2.2647377306839189E-08  -3.0260678407501018E-09   5.9861077206235791E-10  -2.7060572532766614E-11   3.7455486017279327E-04  -1.4398267376236618E-04  -1.9254330254625529E-04   7.7124495874159038E-05   1.9480586342979223E-04  -4.2809710976143833E-06  -2.3080145183485001E-04   1.1474984785309061E-04   5.6031181884463876E-05
     569   4.2500001192092896E-01   5.7230674428865314E-04   9.3097565695643425E-05  -1.6761248843977228E-05   7.5409593591757584E-07   2.0935827649282146E-07  -2.1593834276245616E-08  -2.8883988534289529E-09   5.7081950277648730E-10  -2.5790508617618002E-11   3.5791931441053748E-04  -1.3722880976274610E-04  -1.8391394405625761E-04   7.3317853093612939E-05   1.8578342860564590E-04  -3.9348528844129760E-06  -2.2001002798788249E-04   1.0935514728771523E-04   5.6208195019280538E-05
     570   4.6250000596046448E-01   5.4941803682595491E-04   8.9512264821678400E-05  -1.6112966477521695E-05   7.2238094617205206E-07   2.0146036661117250E-07  -2.0700587910482682E-08  -2.7788980005993835E-09   5.4733045873334163E-10  -2.4677712998077972E-11   3.4267190494574606E-04  -1.3261100684758276E-04  -1.7632244271226227E-04   7.1403024776373059E-05   1.7897346697282046E-04  -4.3292193367960863E-06  -2.1232294966466725E-04   1.0570955055300146E-04   5.6795815908117220E-05
     571   5.0000000000000000E-01   5.2772788330912590E-04   8.5781452071387321E-05  -1.5443854863406159E-05   6.9587559892170248E-07   1.9280375340713363E-07  -1.9921593263916293E-08  -2.6601019165184425E-09   5.2659271387867079E-10  -2.3819351005482936E-11   3.3056671964004636E-04  -1.2595720181707293E-04  -1.6954864258877933E-04   6.7175751610193402E-05   1.7096922965720296E-04  -3.4520255667302990E-06  -2.0238892466295511E-04   1.0054096492240205E-04   5.6393782870145515E-05
     572   5.3125000000000000E-01   5.1302049541845918E-04   8.3643972175195813E-05  -1.5033780073281378E-05   6.7065815301248222E-07   1.8799732970364857E-07  -1.9240271598164327E-08  -2.5913360346407899E-09   5.0891685310361368E-10  -2.2910753155747088E-11   3.2042220118455589E-04  -1.2318146764300764E-04  -1.6462254279758781E-04   6.6003165557049215E-05   1.6654399223625660E-04  -3.7767435969726648E-06  -1.9742878794204444E-04   9.8236305348109454E-05   5.6731449149083346E-05
     573   5.6250000000000000E-01   4.9954140558838844E-04   8.1303580373059958E-05  -1.4638939319411293E-05   6.5863645204444765E-07   1.8288075409600424E-07  -1.8865202733309161E-08  -2.5234596634504669E-09   4.9871168306125924E-10  -2.2530194723757724E-11   3.1184381805360317E-04  -1.2057121057296172E-04  -1.6084553499240428E-04   6.4289379224646837E-05   1.6260858683381230E-04  -3.3510177672724240E-06  -1.9234966021031141E-04   9.5497758593410254E-05   5.5085434723878279E-05
     574   6.2500000000000000E-01   4.7244780580513179E-04   7.6825795986223966E-05  -1.3828823284711689E-05   6.2213450746639865E-07   1.7270468788410653E-07  -1.7812585184628915E-08  -2.3826309814012347E-09   4.7080822573875025E-10  -2.1268974428889642E-11   2.9586435994133353E-04  -1.1279500176897272E-04  -1.5174625150393695E-04   6.0189082432771102E-05   1.5305980923585594E-04  -3.1380259315483272E-06  -1.8122837354894727E-04   9.0049354184884578E-05   5.6960878282552585E-05
     575   6.8750000000000000E-01   4.5135788968764246E-04   7.3446703027002513E-05  -1.3227869203547016E-05   5.9587858913801028E-07   1.6522504608929012E-07  -1.7065708846075722E-08  -2.2800075161200084E-09   4.5117604097200115E-10  -2.0402752404224955E-11   2.8173485770821571E-04  -1.0894826118601486E-04  -1.4521047705784440E-04   5.8285662817070261E-05   1.4701450709253550E-04  -3.1662816581956577E-06  -1.7403002129867673E-04   8.6451451352331787E-05   5.6082499213516712E-05
     576   7.5000000000000000E-01   4.3102257768623531E-04   7.0083027821965516E-05  -1.2616904314199928E-05   5.6828577044143458E-07   1.5752904403143475E-07  -1.6272522884719365E-08  -2.1734185562394259E-09   4.3017225892505451E-10  -1.9456254315985966E-11   2.6982364943251014E-04  -1.0304387978976592E-04  -1.3844907516613603E-04   5.5045860790414736E-05   1.3974978355690837E-04  -2.9304628696991131E-06  -1.6551731096114963E-04   8.2271973951719701E-05   5.6390501413261518E-05
     577   8.1250000000000000E-01   4.1482661617919803E-04   6.7514636612031609E-05  -1.2158242498117033E-05   5.4720874231861671E-07   1.5189142743565753E-07  -1.5673247588665618E-08  -2.0958526025793844E-09   4.1436731823552009E-10  -1.8727307898869228E-11   2.5894024292938411E-04  -1.0005250805988908E-04  -1.3334424875210971E-04   5.3629544709110633E-05   1.3507579569704831E-04  -3.0199962566257454E-06  -1.6002167831175029E-04   7.9555749834980816E-05   5.5603271903237328E-05
     578   8.7500000000000000E-01   3.9915900561027229E-04   6.4934218244161457E-05  -1.1687814549077302E-05   5.2570243269656203E-07   1.4597254960335704E-07  -1.5057137758844874E-08  -2.0137580492018969E-09   3.9806849483348117E-10  -1.7990222159203206E-11   2.4970152298919857E-04  -9.5615039754193276E-05  -1.2824848818127066E-04   5.1071194320684299E-05   1.2949935626238585E-04  -2.7504745503392769E-06  -1.5338654338847846E-04   7.6257463661022484E-05   5.6267224863404408E-05
     579   9.3750000000000000E-01   3.8586166920140386E-04   6.2819977756589651E-05  -1.1310689842503052E-05   5.0829413567043957E-07   1.4134670323073806E-07  -1.4560201933022654E-08  -1.9501158465828894E-09   3.8493064291600376E-10  -1.7378414679525278E-11   2.4085708719212562E-04  -9.3002505309414119E-05  -1.2394238729029894E-04   4.9926817155210301E-05   1.2561643961817026E-04  -2.8635206490434939E-06  -1.4886935241520405E-04   7.4037590820807964E-05   5.6446366215823218E-05
     580   1.0000000000000000E+00   3.7304605939425528E-04   6.0669699450954795E-05  -1.0920120985247195E-05   4.9134246182802599E-07   1.3636966400554229E-07  -1.4070942633281902E-08  -1.8813643976045569E-09   3.7196057345312283E-10  -1.6810134881306560E-11   2.3353565484285355E-04  -8.9141292846761644E-05  -1.1978614929830655E-04   4.7646059101680294E-05   1.2093752593500540E-04  -2.5309586817456875E-06  -1.4322457718662918E-04   7.1182701503857970E-05   5.6119075452443212E-05
     581   1.0625000000000000E+00   3.6292424192652106E-04   5.9086913097416982E-05  -1.0635179933160543E-05   4.7772493871889310E-07   1.3288311606629577E-07  -1.3688589817206775E-08  -1.8331081097500146E-09   3.6194333641326182E-10  -1.6346077269524528E-11   2.2663634445052594E-04  -8.7359541794285178E-05  -1.1658717266982421E-04   4.6825665776850656E-05   1.1803775851149112E-04  -2.6595773761073360E-06  -1.3988729915581644E-04   6.9572604843415320E-05   5.5476761190220714E-05
     582   1.1250000000000000E+00   3.5304139601066709E-04   5.7494955399306491E-05  -1.0342680980102159E-05   4.6359946281882003E-07   1.2924529357860592E-07  -1.3288368627684122E-08  -1.7824270948096910E-09   3.5138494891562289E-10  -1.5853677745591988E-11   2.2056512534618378E-04  -8.4885665273759514E-05  -1.1353562877047807E-04   4.5260796468937770E-05   1.1465668649179861E-04  -2.4157864118024008E-06  -1.3573942123912275E-04   6.7459477577358484E-05   5.5202312069013715E-05
     583   1.2500000000000000E+00   3.3374861232005060E-04   5.4271902627078816E-05  -9.7690044640330598E-06   4.3985025399706501E-07   1.2196845489143016E-07  -1.2597223708610272E-08  -1.6826630089283867E-09   3.3304908830800173E-10  -1.5064968370004372E-11   2.0894147746730596E-04  -7.9748475400265306E-05  -1.0715518146753311E-04   4.2653289710870013E-05   1.0821505566127598E-04  -2.2801409613748547E-06  -1.2817287642974406E-04   6.3705301727168262E-05   5.5698783398838714E-05
     584   1.3750000000000000E+00   3.1897710869088769E-04   5.1928243919974193E-05  -9.3439402917283587E-06   4.1965091668316745E-07   1.1672457844724704E-07  -1.2026894147254552E-08  -1.6100172306465765E-09   3.1804198163953856E-10  -1.4369413645076712E-11   1.9928440451622009E-04  -7.6717718911822885E-05  -1.0257060785079375E-04   4.0956347220344469E-05   1.0364637273596600E-04  -2.2114959392638411E-06  -1.2272718595340848E-04   6.1004044255241752E-05   5.7017048675334081E-05
     585   1.5000000000000000E+00   3.0469341436401010E-04   4.9572761781746522E-05  -8.9207742348662578E-06   4.0090336028697493E-07   1.1142002165343001E-07  -1.1484576845077754E-08  -1.5369199246606513E-09   3.0363520031606583E-10  -1.3717769975496452E-11   1.9065944070462137E-04  -7.2893875767476857E-05  -9.7847507277037948E-05   3.8965215935604647E-05   9.8819538834504783E-05  -2.0797681372641819E-06  -1.1702786287060007E-04   5.8158799220109358E-05   5.6003740610321984E-05
     586   1.6250000000000000E+00   2.9312245897017419E-04   4.7730150981806219E-05  -8.5866131485090591E-06   3.8511001321239746E-07   1.0728738430998419E-07  -1.1038165048660176E-08  -1.4796680547490837E-09   2.9188665373602873E-10  -1.3175265566045535E-11   1.8315350462216884E-04  -7.0452253567054868E-05  -9.4245784566737711E-05   3.7597459595417604E-05   9.5215196779463440E-05  -1.9933172552555334E-06  -1.1270233517279848E-04   5.5994707508943975E-05   5.5543288908666000E-05
     587   1.7500000000000000E+00   2.8194574406370521E-04   4.5866272557759658E-05  -8.2551187006174587E-06   3.7131920294086740E-07   1.0309728537549745E-07  -1.0636041380962524E-08  -1.4223178190775343E-09   2.8118712913638433E-10  -1.2708238975034369E-11   1.7639831639826298E-04  -6.7491360823623836E-05  -9.0538967924658209E-05   3.6104767787037417E-05   9.1476322268135846E-05  -1.9568626612453954E-06  -1.0835994180524722E-04   5.3868159739067778E-05   5.6826473155524582E-05
     588   1.8750000000000000E+00   2.7280140784569085E-04   4.4422551582101732E-05  -7.9916790127754211E-06   3.5834034406434512E-07   9.9866412028859486E-08  -1.0269836536735966E-08  -1.3773547857809376E-09   2.7154239967686067E-10  -1.2251287657971677E-11   1.7046074208337814E-04  -6.5553540480323136E-05  -8.7697473645675927E-05   3.4997152397409081E-05   8.8614993728697300E-05  -1.8519650666348753E-06  -1.0488358384463936E-04   5.2102426707278937E-05   5.6446497183060274E-05
     589   2.0000000000000000E+00   2.6396539760753512E-04   4.2961688450304791E-05  -7.7302165664150380E-06   3.4698715012382308E-07   9.6582006392509356E-08  -9.9407859721623026E-09  -1.3322091207967901E-09   2.6279925458005948E-10  -1.1859960062643449E-11   1.6510671412106603E-04  -6.3210543885361403E-05  -8.4765109932050109E-05   3.3799125958466902E-05   8.5634012066293508E-05  -1.8270440023115952E-06  -1.0142828978132457E-04   5.0419221224728972E-05   5.6817909353412688E-05
     590   2.1875000000000000E+00   2.5282709975726902E-04   4.1166676965076476E-05  -7.4060444603674114E-06   3.3226734785785084E-07   9.2529575113076135E-08  -9.5238492647808926E-09  -1.2761552925510955E-09   2.5185434293639730E-10  -1.1372106381579705E-11   1.5798126696608961E-04  -6.0750066040782258E-05  -8.1260688602924347E-05   3.2451567676616833E-05   8.2116064731962979E-05  -1.7670231500233058E-06  -9.7255120635963976E-05   4.8348105337936431E-05   5.5989628890529275E-05
     591   2.3750000000000000E+00   2.4193699937313795E-04   3.9367758290609345E-05  -7.0840624175616540E-06   3.1824274060454627E-07   8.8489059635321610E-08  -9.1170466731682609E-09  -1.2206012867110871E-09   2.4103924411988942E-10  -1.0886476616012164E-11   1.5136438014451414E-04  -5.7899575040210038E-05  -7.7681761467829347E-05   3.0969757062848657E-05   7.8480479714926332E-05  -1.6701794720574981E-06  -9.2954745923634619E-05   4.6204713726183400E-05   5.5859592976048589E-05
     592   2.5625000000000000E+00   2.3317841987591237E-04   3.7975907616782933E-05  -6.8306694629427511E-06   3.0604817879975599E-07   8.5363105029045983E-08  -8.7727256570246936E-09  -1.1772165464662976E-09   2.3197159471077811E-10  -1.0462825918156060E-11   1.4571803330909461E-04  -5.5995158618316054E-05  -7.4937634053640068E-05   2.9898783395765349E-05   7.5707575888372958E-05  -1.6061919723142637E-06  -8.9641122031025589E-05   4.4551507016876712E-05   5.6490149290766567E-05
     593   2.7500000000000000E+00   2.2467623057309538E-04   3.6566983908414841E-05  -6.5789963628049009E-06   2.9530585266002163E-07   8.2188350347678352E-08  -8.4614590889486863E-09  -1.1335701266546039E-09   2.2372260988223758E-10  -1.0101241891546930E-11   1.4054622442927212E-04  -5.3784689953317866E-05  -7.2145026933867484E-05   2.8759728593286127E-05   7.2883151005953550E-05  -1.5450625596713508E-06  -8.6315631051547825E-05   4.2899937398033217E-05   5.6043467338895425E-05
     594   2.9375000000000000E+00   2.1768952137790620E-04   3.5448167182039469E-05  -6.3768657128093764E-06   2.8593106549124059E-07   7.9683239562200470E-08  -8.1953048791660876E-09  -1.0989643639547353E-09   2.1670253091965463E-10  -9.7786813368916370E-12   1.3603721163235605E-04  -5.2283881814219058E-05  -6.9957524829078466E-05   2.7930967917200178E-05   7.0694244641344994E-05  -1.5073508166096872E-06  -8.3711129263974726E-05   4.1605624574003741E-05   5.6643704738235101E-05
     595   3.1250000000000000E+00   2.1087429195176810E-04   3.4319946280447766E-05  -6.1753362388117239E-06   2.7737937102756405E-07   7.7136363074714609E-08  -7.9482491699423008E-09  -1.0639652492372420E-09   2.1016716145183523E-10  -9.4947921053245565E-12   1.3186673459131271E-04  -5.0546452257549390E-05  -6.7729721195064485E-05   2.7034528102376498E-05   6.8447021476458758E-05  -1.4674395742986235E-06  -8.1072183093056083E-05   4.0298866224475205E-05   5.6766279158182442E-05
     596   3.5000000000000000E+00   1.9917296594940126E-04   3.2415409805253148E-05  -5.8325199461251032E-06   2.6187683488387847E-07   7.2864366984504159E-08  -7.5030897050964995E-09  -1.0050649201787110E-09   1.9836837727993384E-10  -8.9554336168973236E-12   1.2457949924282730E-04  -4.7695557441329584E-05  -6.3953011704143137E-05   2.5515078959870152E-05   6.4623731304891407E-05  -1.3813292980557890E-06  -7.6543103205040097E-05   3.8047961425036192E-05   5.5972417612792924E-05
     597   3.8750000000000000E+00   1.8979572632815689E-04   3.0902923754183576E-05  -5.5596865422558039E-06   2.4943039989011595E-07   6.9464839214106178E-08  -7.1489543174152459E-09  -9.5807572986217338E-10   1.8904054710500162E-10  -8.5341586228415700E-12   1.1860487575177103E-04  -4.5586326450575143E-05  -6.0984399169683456E-05   2.4369644961552694E-05   6.1642829678021371E-05  -1.3322122640602174E-06  -7.3012954089790583E-05   3.6295034078648314E-05   5.6413122365484014E-05
     598   4.2500000000000000E+00   1.8057931447401643E-04   2.9386090318439528E-05  -5.2873797358188313E-06   2.3745167254674016E-07   6.6046176527834177E-08  -6.8033698674696552E-09  -9.1097135390683093E-10   1.7988208145247597E-10  -8.1244759184140314E-12   1.1297702440060675E-04  -4.3209813156863675E-05  -5.7973691582446918E-05   2.3118942408473231E-05   5.8577388699632138E-05  -1.2454645457182778E-06  -6.9377863837871701E-05   3.4483116905903444E-05   5.5961521866265684E-05
     599   4.6250000000000000E+00   1.7360536730848253E-04   2.8268013920751400E-05  -5.0855228437285405E-06   2.2810063171618822E-07   6.3543076578298496E-08  -6.5377419034007289E-09  -8.7636586876271849E-10   1.7288134812609712E-10  -7.8038252943057884E-12   1.0848845704458654E-04  -4.1690993384690955E-05  -5.5774245993234217E-05   2.2293510482995771E-05   5.6380522437393665E-05  -1.2248129905856331E-06  -6.6786829847842455E-05   3.3205171348527074E-05   5.5783384595997632E-05
     600   5.0000000000000000E+00   1.6677896201144904E-04   2.7141823011334054E-05  -4.8837841859494802E-06   2.1937751171208220E-07   6.1003248674751376E-08  -6.2859295546502381E-09  -8.4144818890408146E-10   1.6620710363568492E-10  -7.5082778536184058E-12   1.0431095870444551E-04  -3.9948812627699226E-05  -5.3550531447399408E-05   2.1379275494837202E-05   5.4123527661431581E-05  -1.1656112519631279E-06  -6.4114072301890701E-05   3.1874431442702189E-05   5.4942873248364776E-05
     601   5.6250000000000000E+00   1.5775817155372351E-04   2.5688968889880925E-05  -4.6213444875320420E-06   2.0721525118005957E-07   5.7748408721636224E-08  -5.9389999584880115E-09  -7.9645662287575192E-10   1.5703757738627644E-10  -7.0858054666833592E-12   9.8588374385144562E-05  -3.7879199226154014E-05  -5.0682363507803530E-05   2.0252218746463768E-05   5.1229599193902686E-05  -1.1068789262935752E-06  -6.0678779846057296E-05   3.0164001145749353E-05   5.6810629757819697E-05
     602   6.2500000000000000E+00   1.4887587167322636E-04   2.4226817913586274E-05  -4.3591194298642222E-06   1.9575739429456007E-07   5.4452797826343158E-08  -5.6085505129033209E-09  -7.5107392527584693E-10   1.4828603622785153E-10  -6.6965183398437489E-12   9.3145652499515563E-05  -3.5616638342617080E-05  -4.7789322707103565E-05   1.9061972125200555E-05   4.8291160055669025E-05  -1.0298232382410788E-06  -5.7198310969397426E-05   2.8431624741642736E-05   5.6363751355092973E-05
     603   6.8750000000000000E+00   1.4260159514378756E-04   2.3220722141559236E-05  -4.1771718315430917E-06   1.8730278839029779E-07   5.2195268551713525E-08  -5.3686299850141950E-09  -7.1985850613742741E-10   1.4196170627922555E-10  -6.4063546134640603E-12   8.9120803750120103E-05  -3.4234613849548623E-05  -4.5811499148840085E-05   1.8304468540009111E-05   4.6306096919579431E-05  -9.9868191227869829E-07  -5.4845470003783703E-05   2.7263135052635334E-05   5.5818192777223885E-05
     604   7.5000000000000000E+00   1.3643647253047675E-04   2.2208954760571942E-05  -3.9959686546353623E-06   1.7936987717348529E-07   4.9923407630103611E-08  -5.1398538758462564E-09  -6.8859806745535934E-10   1.3590036040955766E-10  -6.1355707840771156E-12   8.5305597167462111E-05  -3.2709522201912478E-05  -4.3811509385704994E-05   1.7505597497802228E-05   4.4288688513915986E-05  -9.6109567948587937E-07  -5.2467450586846098E-05   2.6086841899086721E-05   5.6579880038043484E-05
     605   8.7500000000000000E+00   1.2609886471182108E-04   2.0527637389022857E-05  -3.6929263842466753E-06   1.6567167904213420E-07   4.6139916776155587E-08  -4.7476360620635205E-09  -6.3637140002015258E-10   1.2552919814723396E-10  -5.6656485059036754E-12   7.8855940955691040E-05  -3.0212080673663877E-05  -4.0491577237844467E-05   1.6160665836650878E-05   4.0920094761531800E-05  -8.7446812813141150E-07  -4.8464178689755499E-05   2.4088889404083602E-05   5.7240180467488244E-05
     606   1.0000000000000000E+01   1.1783780064433813E-04   1.9180035451427102E-05  -3.4507861528254580E-06   1.5490910243443068E-07   4.3108240532774289E-08  -4.4391006426280910E-09  -5.9458005186030505E-10   1.1737591454341612E-10  -5.3004636270392869E-12   7.3695460741873831E-05  -2.8228600058355369E-05  -3.7835809052921832E-05   1.5105615602806211E-05   3.8240876165218651E-05  -8.2143588997496408E-07  -4.5296143071027473E-05   2.2517106117447838E-05   5.6235261581605300E-05
     607   1.2500000000000000E+01   1.0543373355176300E-04   1.7161442883661948E-05  -3.0874934964231215E-06   1.3857420810836629E-07   3.8570487248534846E-08  -3.9710790211699987E-09  -5.3197296567830676E-10   1.0500247199507484E-10  -4.7414095219466823E-12   6.5941407228820026E-05  -2.5251927581848577E-05  -3.3851905755000189E-05   1.3511923498299439E-05   3.4212400350952521E-05  -7.3247753107352764E-07  -4.0522216295357794E-05   2.0142544599366374E-05   5.6099419452948496E-05
     608   1.5000000000000000E+01   9.6462194051127881E-05   1.5702706150477752E-05  -2.8250606192159466E-06   1.2680928307418071E-07   3.5291176203600116E-08  -3.6343485998457936E-09  -4.8674592134645422E-10   9.6105977342997306E-11  -4.3408085285967513E-12   6.0308197134872898E-05  -2.3132975911721587E-05  -3.0980863812146708E-05   1.2375861842883751E-05   3.1316401873482391E-05  -6.7452174334903248E-07  -3.7093283026479185E-05   1.8439057384966873E-05   5.6745077017694712E-05
     609   1.7500000000000000E+01   8.8890221377369016E-05   1.4470336282101925E-05  -2.6032532787212403E-06   1.1678683620175434E-07   3.2524845039461070E-08  -3.3467819626764594E-09  -4.4857345615767485E-10   8.8494059302668404E-11  -3.9946088971343219E-12   5.5588043323950842E-05  -2.1295320038916543E-05  -2.8540238417917863E-05   1.1394929060770664E-05   2.8845848646597005E-05  -6.1931211803312181E-07  -3.4166827390436083E-05   1.6983929526759312E-05   5.5600092309759930E-05
     610   2.0000000000000000E+01   8.3365252066869289E-05   1.3574416698247660E-05  -2.4418191060249228E-06   1.0944597761408659E-07   3.0514396343050976E-08  -3.1366813590949505E-09  -4.2082964890610697E-10   8.2935880385548444E-11  -3.7409264054544256E-12   5.2118211897322908E-05  -1.9986906409030780E-05  -2.6770596377900802E-05   1.0690862836781889E-05   2.7057320039602928E-05  -5.8134332903136965E-07  -3.2046820706455037E-05   1.5929948858683929E-05   5.6156593927880749E-05
     611   2.3750000000000000E+01   7.6481643191073090E-05   1.2450902431737632E-05  -2.2401095520763192E-06   1.0051278565015309E-07   2.7988525275191023E-08  -2.8803652796227652E-09  -3.8602354646144477E-10   7.6161216222558892E-11  -3.4380933430083749E-12   4.7815072321100160E-05  -1.8339642338105477E-05  -2.4559605662943795E-05   9.8148739198222756E-06   2.4828455934766680E-05  -5.3829342050448759E-07  -2.9411990908556618E-05   1.4622899470850825E-05   5.5643431551288813E-05
     612   2.7500000000000000E+01   7.0973226684145629E-05   1.1552120668056887E-05  -2.0785657852684380E-06   9.3346130825011642E-08   2.5964613570295114E-08  -2.6750015535981220E-09  -3.5812972032367441E-10   7.0735146906475421E-11  -3.1955629548746645E-12   4.4374424760462716E-05  -1.7018384824041277E-05  -2.2791533410781994E-05   9.1094179879291914E-06   2.3042728571454063E-05  -4.9983231065198197E-07  -2.7297190172248520E-05   1.3571200724982191E-05   5.5725959100527689E-05
     613   3.1250000000000000E+01   6.6824642999563366E-05   1.0880788977374323E-05  -1.9574611087591620E-06   8.7800493986378569E-08   2.4458442382524481E-08  -2.5164736960903156E-09  -3.3733804638558240E-10   6.6541064325242871E-11  -3.0032634365517730E-12   4.1763691115193069E-05  -1.6041256458265707E-05  -2.1464302335516550E-05   8.5818555817240849E-06   2.1700716388295405E-05  -4.7197335106829996E-07  -2.5706596716190688E-05   1.2780937140632886E-05   5.6257584219565615E-05
     614   3.5000000000000000E+01   6.2706363678444177E-05   1.0206852493865881E-05  -1.8364478364674142E-06   8.2443690985201101E-08   2.2942236554968076E-08  -2.3624855405302014E-09  -3.1644165066069263E-10   6.2467142569744283E-11  -2.8207822362624757E-12   3.9210284739965573E-05  -1.5028449524834286E-05  -2.0133538782829419E-05   8.0449344750377350E-06   2.0353898435132578E-05  -4.4135123289379408E-07  -2.4112476239679381E-05   1.1988503501925152E-05   5.5877149861771613E-05
     615   4.2500000000000000E+01   5.7185658079106361E-05   9.3108410510467365E-06  -1.6749248743508360E-06   7.5103926633346418E-08   2.0928908384121314E-08  -2.1524537707762192E-09  -2.8864827195107523E-10   5.6912582285795210E-11  -2.5678677934015681E-12   3.5752498661167920E-05  -1.3709788618143648E-05  -1.8363334675086662E-05   7.3345431701454800E-06   1.8561120668891817E-05  -3.9967088127923489E-07  -2.1984913473716006E-05   1.0929012205451727E-05   5.6008877436397597E-05
     616   5.0000000000000000E+01   5.3047035180497915E-05   8.6376012404798530E-06  -1.5537472108917427E-06   6.9667628110892110E-08   1.9413676000112901E-08  -1.9969177422751727E-09  -2.6773522288081608E-10   5.2806103240099489E-11  -2.3833673749862339E-12   3.3159110898850486E-05  -1.2725972737825941E-05  -1.7038109945133328E-05   6.8061222009418998E-06   1.7221884263562970E-05  -3.7021672483206203E-07  -2.0397154003148898E-05   1.0138734978681896E-05   5.5464915931224823E-05
     617   6.2500000000000000E+01   4.6854827814968303E-05   7.6270666795608122E-06  -1.3721920595344272E-06   6.1594128908382118E-08   1.7141980279689051E-08  -1.7651978767574406E-09  -2.3643118018945586E-10   4.6676593146166567E-11  -2.1079609412166800E-12   2.9296754291863181E-05  -1.1231859389226884E-05  -1.5046040971355978E-05   6.0105658121756278E-06   1.5209584489639383E-05  -3.2786041970211954E-07  -1.8015845853369683E-05   8.9559243861003779E-06   5.6593024055473506E-05
     618   7.5000000000000000E+01   4.2718693293863907E-05   6.9542397795885336E-06  -1.2510859050962608E-06   5.6145708526855742E-08   1.5629101568492842E-08  -1.6091782351068673E-09  -2.1555014717566934E-10   4.2554192808408331E-11  -1.9220133297415121E-12   2.6708641598816030E-05  -1.0242510143143591E-05  -1.3718588888878003E-05   5.4805173022032250E-06   1.3867647794540972E-05  -2.9894928843532398E-07  -1.6426103684352711E-05   8.1655380199663341E-06   5.6908986152848229E-05
     619   8.7500000000000000E+01   3.9956066757440567E-05   6.5061794884968549E-06  -1.1703552900144132E-06   5.2480480405847629E-08   1.4622899335847706E-08  -1.5043408740922359E-09  -2.0166057712600605E-10   3.9782871441573775E-11  -1.7960042090689465E-12   2.4972960090963170E-05  -9.5895047707017511E-06  -1.2834225344704464E-05   5.1291008276166394E-06   1.2974114724784158E-05  -2.8024371090396016E-07  -1.5367206287919544E-05   7.6390651884139515E-06   5.6200558901764452E-05
     620   1.0000000000000000E+02   3.7204619729891419E-05   6.0573715927603189E-06  -1.0897305173784844E-06   4.8880359315717214E-08   1.3616008764927301E-08  -1.4008679771748689E-09  -1.8779269805868637E-10   3.7041227723966230E-11  -1.6718016944763936E-12   2.3257676730281673E-05  -8.9234436018159613E-06  -1.1947828170377761E-05   4.7747398639330640E-06   1.2078354302502703E-05  -2.6160785182582913E-07  -1.4307550372905098E-05   7.1132039920485113E-06   5.6787688663462177E-05
     621   1.1250000000000000E+02   3.5134868085151538E-05   5.7206225392292254E-06  -1.0291503258486046E-06   4.6172285550483139E-08   1.2857945819177985E-08  -1.3234238149806288E-09  -1.7733411961096124E-10   3.4997352238441692E-11  -1.5802567587819283E-12   2.1958745492156595E-05  -8.4340599642018788E-06  -1.1285291293461341E-05   4.5126762415748090E-06   1.1410122169763781E-05  -2.4863572889444185E-07  -1.3516931176127400E-05   6.7208025029685814E-06   5.5568390962434933E-05
     622   1.1875000000000000E+02   3.4099233744200319E-05   5.5535406318085734E-06  -9.9892577054561116E-07   4.4745732452611264E-08   1.2485359413005881E-08  -1.2824632467101083E-09  -1.7218775016925036E-10   3.3907477520189744E-11  -1.5285598307934745E-12   2.1312114768079482E-05  -8.1818943726830184E-06  -1.0951775038847700E-05   4.3754207581514493E-06   1.1069823813159019E-05  -2.3845248620091297E-07  -1.3110947293171193E-05   6.5172748691111337E-06   5.6443845096509904E-05
     623   1.2187500000000000E+02   3.3584674383746460E-05   5.4684269343852066E-06  -9.8378188795322785E-07   4.4126991838311369E-08   1.2292371565081339E-08  -1.2647158875722653E-09  -1.6953713433132123E-10   3.3442252439508380E-11  -1.5094584653388421E-12   2.0989695258322172E-05  -8.0617464846000075E-06  -1.0787226528918836E-05   4.3132849896210246E-06   1.0906433089985512E-05  -2.3722388675651018E-07  -1.2919697837787680E-05   6.4233663579216227E-06   5.6715216487646103E-05
     624   1.2343750000000000E+02   3.3466494642198086E-05   5.3900143939245027E-06  -9.8264524694968713E-07   4.6871775793988490E-08   1.2190091602803932E-08  -1.3325760495064287E-09  -1.6939059876985851E-10   3.5183671948102457E-11  -1.6371806254439347E-12   2.0778847101610154E-05  -8.2583846960915253E-06  -1.0693780495785177E-05   4.6508694140356965E-06   1.1096516573161352E-05  -5.1068673201370984E-07  -1.3429372302198317E-05   6.7233586378279142E-06   5.3469881095224991E-05
     625   1.2363281250000000E+02   3.3519350836286321E-05   5.3912422117718961E-06  -9.9185854196548462E-07   4.8169390254315658E-08   1.2339898880497913E-08  -1.3619810834697432E-09  -1.7221091219710161E-10   3.5871056125458267E-11  -1.6676441044055634E-12   2.0609579223673791E-05  -8.4044686445849948E-06  -1.0457829375809524E-05   5.0730759539874271E-06   1.1133774023619480E-05  -1.1541865205799695E-06  -1.4201212252373807E-05   7.4894269346259534E-06   5.5253101891139522E-05
     626   1.2382812500000000E+02   3.2905743864830583E-05   5.5815585255913902E-06  -9.7418228506285232E-07   3.4779723989686318E-08   1.2595065435050401E-08  -1.0246692383475420E-09  -1.7041026922903768E-10   2.7173213332232216E-11  -1.0414606460215636E-12   2.0582410797942430E-05  -7.3001538112293929E-06  -1.0044102054962423E-05   3.9228543755598366E-06   9.6746898634592071E-06  -1.1392193073334056E-06  -1.2719869118882343E-05   7.0426376623800024E-06   7.4520954512991011E-05
     627   1.2392578125000000E+02   3.2196534448303282E-05   5.7348038353666198E-06  -9.3732643335897592E-07   2.0460198868477164E-08   1.2463387655259339E-08  -6.7332645015127923E-10  -1.6244443290513999E-10   1.8302779430934280E-11  -4.4669945368537578E-13   2.0878080249531195E-05  -5.9740341384895146E-06  -1.0099497558258008E-05   1.9950830392190255E-06   8.0850322774494998E-06  -1.4163823891522043E-07  -1.0031347301264759E-05   5.4205252126848791E-06   8.6091255070641637E-05
     628   1.2402343750000000E+02   3.1528255931334570E-05   5.7878737607097719E-06  -8.8374787310385727E-07   8.9487652843445176E-09   1.1831828850006332E-08  -4.0250386357243428E-10  -1.4829673600225135E-10   1.1697972451818472E-11  -6.1673647959448186E-14   2.1528945580939762E-05  -4.6866839511494618E-06  -1.0780248885566834E-05  -5.5656670383541496E-07   6.5455392359581310E-06   1.6682220120856073E-06  -6.5525377976882737E-06   2.9450588954205159E-06   8.8094093371182680E-05
     629   1.2412109375000000E+02   3.1578139896737412E-05   5.5497839639429003E-06  -8.4114998344375635E-07   1.4752895793890275E-08   1.0644776615720275E-08  -5.6769500211828472E-10  -1.3340814564166692E-10   1.6322304619009742E-11  -5.0218011173053245E-13   2.2431535398936830E-05  -4.7152520892268512E-06  -1.2434575182851404E-05  -2.4051616946962895E-06   6.3986467466747854E-06   3.6840281154582044E-06  -4.3500149331521243E-06   8.2697943071252666E-07   6.0669593949569389E-05
     630   1.2421875000000000E+02   3.3022457500919700E-05   4.9451018639956601E-06  -8.6002893340264563E-07   4.9150557401844708E-08   9.5131165167572362E-09  -1.4225830513581172E-09  -1.3169404455837252E-10   3.8142464880985827E-11  -2.1015847482402927E-12   2.3072831027093343E-05  -7.4511190177872777E-06  -1.4953427125874441E-05  -1.6807146039354848E-06   9.0101129899267107E-06   4.6880286390660331E-06  -6.1194409681775142E-06   9.2742402557632886E-07   8.9312372438143939E-05
     631   1.2426757812500000E+02   3.4303335269214585E-05   4.5701985982304905E-06  -9.0844008582280367E-07   7.5803910704053123E-08   9.3755181396204534E-09  -2.0651980126018543E-09  -1.4116664781571586E-10   5.4180427505601259E-11  -3.2006190232858334E-12   2.3011558369034901E-05  -9.9981043604202569E-06  -1.6266045349766500E-05   8.5562490426127624E-08   1.1460222594905645E-05   4.3891454879485536E-06  -9.0252888185204938E-06   2.2916212856216589E-06   1.1908748274436221E-04
     632   1.2431640625000000E+02   3.5793123970506713E-05   4.2402721192047466E-06  -9.8486384558782447E-07   1.0405753414488572E-07   9.7707681945280456E-09  -2.7308528771641249E-09  -1.5900372685173636E-10   7.0518001160646548E-11  -4.2623435163313683E-12   2.2528294721269049E-05  -1.3109466635796707E-05  -1.7352205759380013E-05   2.7253961434325902E-06   1.4404825378733221E-05   3.4635691008588765E-06  -1.3067932741250843E-05   4.4984330997976940E-06   1.3883294013794512E-04
     633   1.2436523437500000E+02   3.7250098102958873E-05   4.0483555494574830E-06  -1.0837590025403188E-06   1.2827970863327209E-07   1.0816592954654425E-08  -3.2820812734257743E-09  -1.8437469606613632E-10   8.3706763742696921E-11  -5.0432674529587995E-12   2.1528665456571616E-05  -1.6409790987381712E-05  -1.7980171833187342E-05   5.9588519434328191E-06   1.7434296751162037E-05   1.9724691355804680E-06  -1.7731415937305428E-05   7.2917096076707821E-06   1.4302962517831475E-04
     634   1.2441406250000000E+02   3.8347145164152607E-05   4.0857617022993509E-06  -1.1911710089407279E-06   1.4190452191087388E-07   1.2481048194956657E-08  -3.5653604513186110E-09  -2.1383955717269032E-10   9.0014259934712015E-11  -5.2988121702901569E-12   1.9993882233393379E-05  -1.9363713363418356E-05  -1.7951497284229845E-05   9.2793052317574620E-06   1.9996527043986134E-05   1.4520550450924929E-07  -2.2177704522619024E-05   1.0172637303185184E-05   1.2502155732363462E-04
     635   1.2446289062500000E+02   3.8799604226369411E-05   4.3960685616184492E-06  -1.2887527418570244E-06   1.4054442942779133E-07   1.4537295811578588E-08  -3.4880589527830352E-09  -2.4210636273558350E-10   8.7366433532132248E-11  -4.9192360254690648E-12   1.7987231331062503E-05  -2.1495368855539709E-05  -1.7159552953671664E-05   1.2198654985695612E-05   2.1628446120303124E-05  -1.7737559119268553E-06  -2.5664601707831025E-05   1.2685050023719668E-05   9.2052214313298464E-05
     636   1.2451171875000000E+02   3.8371166738215834E-05   4.9711952669895254E-06  -1.3545685533244978E-06   1.2202417565276846E-07   1.6603909358536839E-08  -3.0140321349847454E-09  -2.6284457943503980E-10   7.5116288189569502E-11  -3.9026750581205860E-12   1.5677391274948604E-05  -2.2386017008102499E-05  -1.5631498172297142E-05   1.4196324627846479E-05   2.1958496290608309E-05  -3.4460922506696079E-06  -2.7461826903163455E-05   1.4316384294943418E-05   7.3233932198490947E-05
     637   1.2456054687500000E+02   3.7002497265348211E-05   5.7232755352742970E-06  -1.3708080359720043E-06   8.8821543897665833E-08   1.8209286523074297E-08  -2.2192818693866911E-09  -2.7060517715504773E-10   5.5397558068603914E-11  -2.4413587471072695E-12   1.3299943930178415E-05  -2.1899420971749350E-05  -1.3542260603571776E-05   1.5002197869762313E-05   2.0928217054461129E-05  -4.6377749640669208E-06  -2.7298945497022942E-05   1.4822077901044395E-05   9.3024515081197023E-05
     638   1.2460937500000000E+02   3.4800814319169149E-05   6.5057151914515998E-06  -1.3273497643240262E-06   4.7059476315780557E-08   1.8920495392649173E-08  -1.2605566590551120E-09  -2.6223989646467771E-10   3.2226141893909599E-11  -8.4476620577228489E-13   1.1124490811198484E-05  -2.0160581698291935E-05  -1.1183690730831586E-05   1.4580007700715214E-05   1.8753044059849344E-05  -5.2142190725135151E-06  -2.5309333068435080E-05   1.4195536095940042E-05   1.1528728646226227E-04
     639   1.2463378906250000E+02   3.3444059226894751E-05   6.8605768319685012E-06  -1.2826831152779050E-06   2.5075998166812496E-08   1.8862088779769692E-08  -7.6911388369182987E-10  -2.5192875563462280E-10   2.0545305040586825E-11  -8.1247339314260286E-14   1.0192693480348680E-05  -1.8894012100645341E-05  -1.0007199307437986E-05   1.3922164725954644E-05   1.7334921722067520E-05  -5.2303971642686520E-06  -2.3702703401795588E-05   1.3462831702781841E-05   1.3168173609301448E-04
     640   1.2465820312500000E+02   3.1982843211153522E-05   7.1637909968558233E-06  -1.2260441053513205E-06   3.9477701108125984E-09   1.8554425551542408E-08  -3.0348984436656679E-10  -2.3881657762458985E-10   9.5420581158744966E-12   6.1814740609164587E-13   9.3831558842794038E-06  -1.7463296899222769E-05  -8.8768592831911519E-06   1.3060889614280313E-05   1.5802703273948282E-05  -5.1133083616150543E-06  -2.1856674720766023E-05   1.2557246009237133E-05   1.3836896687280387E-04
     641   1.2468261718750000E+02   3.0481705834972672E-05   7.3823734965117183E-06  -1.1582819752220530E-06  -1.4577273610427710E-08   1.7925536610619019E-08   9.1474709751349081E-11  -2.2234976360113734E-10   4.3775923099127756E-13   1.1561110142138675E-12   8.7299458755296655E-06  -1.5970948879839852E-05  -7.8562725320807658E-06   1.2080959095328581E-05   1.4274620298238005E-05  -4.8913543650996871E-06  -1.9934779629693367E-05   1.1568043191800825E-05   1.4400233339983970E-04
     642   1.2470703125000000E+02   2.8967080652364530E-05   7.5152292993152514E-06  -1.0835991588464822E-06  -3.0297648834221036E-08   1.7082177450333802E-08   4.1861009103527635E-10  -2.0437672387796368E-10  -7.0007289895701597E-12   1.5675365736336766E-12   8.2201986515428871E-06  -1.4451838978857268E-05  -6.9408984018082265E-06   1.1025083040294703E-05   1.2775374671036843E-05  -4.5997371671546716E-06  -1.7998050680034794E-05   1.0547094461799134E-05   1.4771378482691944E-04
     643   1.2473144531250000E+02   2.7456761017674580E-05   7.5542238846537657E-06  -1.0034668775915634E-06  -4.2991153748062061E-08   1.6053624207756911E-08   6.7666711123237633E-10  -1.8538606760820642E-10  -1.2797980557255340E-11   1.8582548694245915E-12   7.8785133155179210E-06  -1.2923053873237222E-05  -6.1783898672729265E-06   9.8645987236523069E-06   1.1330766028549988E-05  -4.1693074308568612E-06  -1.5998482922441326E-05   9.4121178335626610E-06   1.4486894360743463E-04
     644   1.2475585937500000E+02   2.5961739083868451E-05   7.5156976890866645E-06  -9.2348864200175740E-07  -5.3185544857115019E-08   1.4996752284446302E-08   8.8651158636210425E-10  -1.6748594178217502E-10  -1.7620328807144148E-11   2.0940291601406757E-12   7.6532542152563110E-06  -1.1399136383261066E-05  -5.5065979722712655E-06   8.6658819782314822E-06   9.9277722256374545E-06  -3.6986643863201607E-06  -1.4021525203133933E-05   8.2783817560994066E-06   1.4529435429722071E-04
     645   1.2478027343750000E+02   2.4594643036834896E-05   7.3500177677487954E-06  -8.4494644170263200E-07  -5.8054666851603542E-08   1.3778266527708638E-08   9.7260777209839944E-10  -1.4957117489000638E-10  -1.9384448907144858E-11   2.1092227357050186E-12   7.5890684456680901E-06  -1.0068215487990528E-05  -5.0342368922429159E-06   7.5851598921872210E-06   8.7827775132609531E-06  -3.2274037948809564E-06  -1.2348613381618634E-05   7.2829657256079372E-06   1.3612638576887548E-04
     646   1.2480468750000000E+02   2.3312790290219709E-05   7.0978858275339007E-06  -7.7266167863854207E-07  -5.9633933346958656E-08   1.2615740452304181E-08   9.9590047319964015E-10  -1.3411509403038480E-10  -1.9846955676139366E-11   2.0542519508365276E-12   7.6264423114480451E-06  -8.8511224021203816E-06  -4.6770960580033716E-06   6.5748840825108346E-06   7.7827653512940742E-06  -2.7680582661560038E-06  -1.0860062502615619E-05   6.3858119574433658E-06   1.3330341607797891E-04
     647   1.2482910156250000E+02   2.2134221580927260E-05   6.7496598603611346E-06  -7.0567585908065666E-07  -5.7538692033176631E-08   1.1430683954927190E-08   9.4145780060728157E-10  -1.1965470281261048E-10  -1.8450779099010717E-11   1.8704081252568505E-12   7.7864087870693766E-06  -7.7764043453498743E-06  -4.4741559577232692E-06   5.6380790738330688E-06   6.9680336309829727E-06  -2.2905419427843299E-06  -9.5689420049893670E-06   5.5643668019911274E-06   1.3735359243582934E-04
     648   1.2485351562500000E+02   2.1120358724147081E-05   6.3019410845299717E-06  -6.4891145257206517E-07  -5.0921446614893284E-08   1.0283915941045052E-08   7.8976125639229622E-10  -1.0744951456365115E-10  -1.4732583208942884E-11   1.5341745885841251E-12   8.0250210885424167E-06  -6.9544353209494147E-06  -4.4007110773236491E-06   4.9390778258384671E-06   6.4353052948717959E-06  -1.9364090348972240E-06  -8.7272064774879254E-06   5.0289891078136861E-06   1.0308097989764065E-04
     649   1.2487792968750000E+02   2.0171926735201851E-05   5.8063133110408671E-06  -6.0279728586465353E-07  -4.2834781055489657E-08   9.3562659841950335E-09   6.2582911075637071E-10  -9.9206733106260714E-11  -1.1083990496263407E-11   1.2385889839802711E-12   8.3156855907873251E-06  -6.2051608438196126E-06  -4.3986283344565891E-06   4.2693695831985679E-06   5.9823501032951754E-06  -1.5641320487702615E-06  -7.9539449870935641E-06   4.5079614210408181E-06   9.6406780357938260E-05
     650   1.2490234375000000E+02   1.9325483663124032E-05   5.2462251005636062E-06  -5.6505820111851790E-07  -3.2209513278758095E-08   8.4905558139780624E-09   4.1106376635902109E-10  -9.2526528105985051E-11  -6.2272647975702977E-12   8.6402006426247735E-13   8.6681056927773170E-06  -5.6012008826655801E-06  -4.4932262426300440E-06   3.7125967082829447E-06   5.6934754866233561E-06  -1.2279436987228110E-06  -7.4034965109603945E-06   4.1090970626100898E-06   1.1238567822147161E-04
     651   1.2492675781250000E+02   1.8553368136053905E-05   4.6443428800557740E-06  -5.3632982144335983E-07  -2.0074161000138702E-08   7.7685813337780019E-09   1.7448878453230066E-10  -8.8514959251106973E-11  -1.0314832755292658E-12   4.8799408524508037E-13   9.0574030764400959E-06  -5.0950625336554367E-06  -4.6518266572093125E-06   3.2250304684566800E-06   5.5088767112465575E-06  -9.0572461886040401E-07  -6.9817933763260953E-06   3.7725671973021235E-06   1.0269768245052546E-04
     652   1.2495117187500000E+02   1.7811387806432322E-05   4.0287736737809610E-06  -5.1545310952860746E-07  -7.7537114506753824E-09   7.2103607529072633E-09  -5.3539485345144300E-11  -8.6669664500771404E-11   3.8075632056988606E-12   1.5197206286367976E-13   9.4476181402569637E-06  -4.6205132093746215E-06  -4.8137080739252269E-06   2.7711437269317685E-06   5.3473904699785635E-06  -6.1142401364122634E-07  -6.6128332036896609E-06   3.4799995773937553E-06   9.6851013950072229E-05
     653   1.2497558593750000E+02   1.7086316802306101E-05   3.3967069157370133E-06  -4.9786024192144396E-07   4.8331374458143728E-09   6.6970335943494774E-09  -2.8267668761294829E-10  -8.5212142897361787E-11   8.6711263169725328E-12  -1.8620116570573081E-13   9.8653927125269547E-06  -4.1586031329643447E-06  -5.0106000344385393E-06   2.3012032670521876E-06   5.2042682909814175E-06  -2.8255755069039878E-07  -6.2279696066980250E-06   3.1538013445242541E-06   7.0325273554772139E-05
     654   1.2500000000000000E+02   1.6525982573512010E-05   2.6927586986857932E-06  -4.8429080834466731E-07   2.1677488248883492E-08   6.0534453005800515E-09  -6.2157468061485588E-10  -8.3471202172447079E-11   1.6438886710212763E-11  -7.4132383174815852E-13   1.0317925443814602E-05  -3.9788956200936809E-06  -5.3117082643439062E-06   2.1264770566631341E-06   5.3711205509898718E-06  -1.1778713826515741E-07  -6.3622646848671138E-06   3.1633164780942025E-06   5.6563709222245961E-05
