       1   9.9999997473787516E-06   5.4575817108154297E+01   8.4794635772705078E+00  -1.5428593158721924E+00   6.6812954843044281E-02   1.9301738590002060E-02  -1.8418107647448778E-03  -2.6367377722635865E-04   4.7961711970856413E-05  -2.0384418348839972E-06   3.9760398864746094E+01  -4.0997734069824219E+00  -1.1701241493225098E+01   7.2081418037414551E+00   1.5136265754699707E+01  -1.4817559719085693E+00  -1.9379722595214844E+01   1.0141810417175293E+01   1.7634537653066218E-04
       2   1.0499999916646630E-05   5.3337028503417969E+01   8.2418413162231445E+00  -1.5058226585388184E+00   6.7213818430900574E-02   1.8741272389888763E-02  -1.8507649656385183E-03  -2.5674639618955553E-04   4.8228655941784382E-05  -2.0985203263990115E-06   3.8833553314208984E+01  -4.1307168006896973E+00  -1.1497430801391602E+01   7.1402349472045898E+00   1.4927146911621094E+01  -1.4581894874572754E+00  -1.9096202850341797E+01   9.9684562683105469E+00   2.5973320589400828E-04
       3   1.1000000085914508E-05   5.1865970611572266E+01   8.1377229690551758E+00  -1.4640074968338013E+00   5.9671409428119659E-02   1.8450584262609482E-02  -1.6529413405805826E-03  -2.5050804833881557E-04   4.3027630454162136E-05  -1.7492885717729223E-06   3.7958698272705078E+01  -3.5913600921630859E+00  -1.1154246330261230E+01   6.4384026527404785E+00   1.4116982460021973E+01  -1.0612559318542480E+00  -1.7756956100463867E+01   9.1006870269775391E+00   2.1713806199841201E-04
       4   1.1000000085914508E-05   5.1865970611572266E+01   8.1377229690551758E+00  -1.4640074968338013E+00   5.9671409428119659E-02   1.8450584262609482E-02  -1.6529413405805826E-03  -2.5050804833881557E-04   4.3027630454162136E-05  -1.7492885717729223E-06   3.7958698272705078E+01  -3.5913600921630859E+00  -1.1154246330261230E+01   6.4384026527404785E+00   1.4116982460021973E+01  -1.0612559318542480E+00  -1.7756956100463867E+01   9.1006870269775391E+00   2.1713806199841201E-04
       5   1.1500000255182385E-05   5.1298389434814453E+01   7.7659592628479004E+00  -1.4480960369110107E+00   7.2245806455612183E-02   1.7707491293549538E-02  -1.9782520830631256E-03  -2.4555501295253634E-04   5.1648938097059727E-05  -2.4174041755031794E-06   3.7078620910644531E+01  -4.5372076034545898E+00  -1.1067485809326172E+01   7.5643811225891113E+00   1.4874330520629883E+01  -1.9364531040191650E+00  -1.9500389099121094E+01   1.0459321975708008E+01   2.0027834398206323E-04
       6   1.2000000424450263E-05   4.9690372467041016E+01   7.7794303894042969E+00  -1.4013918638229370E+00   5.7940162718296051E-02   1.7618633806705475E-02  -1.6048374818637967E-03  -2.3948584566824138E-04   4.1802624764386564E-05  -1.7227773696504300E-06   3.6357452392578125E+01  -3.4859697818756104E+00  -1.0704853057861328E+01   6.2083258628845215E+00   1.3570096015930176E+01  -1.0374916791915894E+00  -1.7085037231445312E+01   8.7662715911865234E+00   2.6765209622681141E-04
       7   1.2999999853491317E-05   4.7495624542236328E+01   7.5649967193603516E+00  -1.3399360179901123E+00   4.9506738781929016E-02   1.7097856849431992E-02  -1.3812086544930935E-03  -2.3023402900435030E-04   3.5889333958039060E-05  -1.3356955150811700E-06   3.4939517974853516E+01  -2.8997731208801270E+00  -1.0190145492553711E+01   5.4324917793273926E+00   1.2555649757385254E+01  -6.5765756368637085E-01  -1.5522642135620117E+01   7.8186998367309570E+00   1.7281890904996544E-04
       8   1.4000000192027073E-05   4.6698589324951172E+01   6.9922180175781250E+00  -1.3210091590881348E+00   6.9820344448089600E-02   1.6032541170716286E-02  -1.9031469710171223E-03  -2.2418436128646135E-04   4.9647926061879843E-05  -2.3883751509856666E-06   3.3542987823486328E+01  -4.4657402038574219E+00  -1.0008546829223633E+01   7.3642611503601074E+00   1.3824232101440430E+01  -2.1896803379058838E+00  -1.8514244079589844E+01   1.0165029525756836E+01   2.1166793885640800E-04
       9   1.4999999621068127E-05   4.4330699920654297E+01   7.0030059814453125E+00  -1.2485483884811401E+00   4.8902668058872223E-02   1.5796616673469543E-02  -1.3620714889839292E-03  -2.1363985433708876E-04   3.5480326914694160E-05  -1.4032756325832452E-06   3.2543788909912109E+01  -2.8882327079772949E+00  -9.5399961471557617E+00   5.2738418579101562E+00   1.1894565582275391E+01  -7.5207018852233887E-01  -1.4829907417297363E+01   7.5399680137634277E+00   2.3863800743129104E-04
      10   1.5999999959603883E-05   4.3160919189453125E+01   6.6966376304626465E+00  -1.2141225337982178E+00   5.3173262625932693E-02   1.5117719769477844E-02  -1.4714673161506653E-03  -2.0654649415519089E-04   3.8411293644458055E-05  -1.6625867829134222E-06   3.1518243789672852E+01  -3.2161824703216553E+00  -9.3441343307495117E+00   5.5873227119445801E+00   1.1974946975708008E+01  -1.0128942728042603E+00  -1.5166687011718750E+01   7.8230738639831543E+00   1.7114450747612864E-04
      11   1.7000000298139639E-05   4.2093708038330078E+01   6.4443836212158203E+00  -1.1884633302688599E+00   5.6355632841587067E-02   1.4676378108561039E-02  -1.5469447243958712E-03  -2.0261199097149074E-04   4.0307226299773902E-05  -1.8201955072072451E-06   3.0493612289428711E+01  -3.5143229961395264E+00  -9.0259609222412109E+00   5.9965476989746094E+00   1.1988055229187012E+01  -1.4957361221313477E+00  -1.5667251586914062E+01   8.3974132537841797E+00   1.7235043924301863E-04
      12   1.8000000636675395E-05   4.0826103210449219E+01   6.2877774238586426E+00  -1.1512193679809570E+00   5.2826754748821259E-02   1.4280182309448719E-02  -1.4536526286974549E-03  -1.9644128042273223E-04   3.7859525036765262E-05  -1.6739605825932813E-06   2.9665740966796875E+01  -3.2593147754669189E+00  -8.7817888259887695E+00   5.6037702560424805E+00   1.1500714302062988E+01  -1.2588555812835693E+00  -1.4853756904602051E+01   7.8503131866455078E+00   2.2902499767951667E-04
      13   1.8999999156221747E-05   3.9823383331298828E+01   6.0935645103454590E+00  -1.1225975751876831E+00   5.3432021290063858E-02   1.3839900493621826E-02  -1.4683771878480911E-03  -1.9106188847217709E-04   3.8292637327685952E-05  -1.7388701962772757E-06   2.8868581771850586E+01  -3.3223681449890137E+00  -8.5686416625976562E+00   5.6446871757507324E+00   1.1355016708374023E+01  -1.3560671806335449E+00  -1.4774847984313965E+01   7.8616890907287598E+00   2.2203450498636812E-04
      14   1.9999999494757503E-05   3.8933280944824219E+01   5.9098744392395020E+00  -1.0991206169128418E+00   5.4673958569765091E-02   1.3473293744027615E-02  -1.4973996439948678E-03  -1.8708051356952637E-04   3.9038182876538485E-05  -1.8153014025301673E-06   2.8101604461669922E+01  -3.4443464279174805E+00  -8.3374853134155273E+00   5.7985510826110840E+00   1.1260810852050781E+01  -1.5904537439346313E+00  -1.4900913238525391E+01   8.0920953750610352E+00   1.5890493523329496E-04
      15   2.2000000171829015E-05   3.6694549560546875E+01   5.7615756988525391E+00  -1.0301036834716797E+00   4.2213071137666702E-02   1.2941054999828339E-02  -1.1753903236240149E-03  -1.7577140533830971E-04   3.0651735869469121E-05  -1.2627157275346690E-06   2.6914789199829102E+01  -2.4967288970947266E+00  -7.9435210227966309E+00   4.4538011550903320E+00   9.9559869766235352E+00  -6.5174597501754761E-01  -1.2429334640502930E+01   6.3153648376464844E+00   1.6541592776775360E-04
      16   2.4000000848900527E-05   3.5355899810791016E+01   5.4491858482360840E+00  -9.9310743808746338E-01   4.5614209026098251E-02   1.2283525429666042E-02  -1.2605218216776848E-03  -1.6882443742360920E-04   3.2909549190662801E-05  -1.4695100389872096E-06   2.5740156173706055E+01  -2.7800004482269287E+00  -7.6399965286254883E+00   4.7714657783508301E+00   9.9279851913452148E+00  -1.0165001153945923E+00  -1.2755693435668945E+01   6.7056269645690918E+00   1.9560861983336508E-04
      17   2.5999999706982635E-05   3.3931472778320312E+01   5.2462458610534668E+00  -9.5124316215515137E-01   4.2898435145616531E-02   1.1787085793912411E-02  -1.1879750527441502E-03  -1.6167803551070392E-04   3.1011895771371201E-05  -1.3697040230908897E-06   2.4765632629394531E+01  -2.5908756256103516E+00  -7.3760566711425781E+00   4.4410290718078613E+00   9.4763078689575195E+00  -8.1498867273330688E-01  -1.2013513565063477E+01   6.1989464759826660E+00   1.4323429786600173E-04
      18   2.8000000384054147E-05   3.2754329681396484E+01   5.0508241653442383E+00  -9.2010933160781860E-01   4.2339272797107697E-02   1.1389243416488171E-02  -1.1695786379277706E-03  -1.5671305300202221E-04   3.0504166716127656E-05  -1.3588988849733141E-06   2.3826539993286133E+01  -2.5893893241882324E+00  -7.0610861778259277E+00   4.4520502090454102E+00   9.2046098709106445E+00  -9.7923845052719116E-01  -1.1865142822265625E+01   6.2570047378540039E+00   1.4938286039978266E-04
      19   2.9000000722589903E-05   3.2089603424072266E+01   4.9902920722961426E+00  -8.9962124824523926E-01   3.9395574480295181E-02   1.1201982386410236E-02  -1.0932522127404809E-03  -1.5326845459640026E-04   2.8516917154775001E-05  -1.2323122291491018E-06   2.3448932647705078E+01  -2.3657696247100830E+00  -6.9520668983459473E+00   4.1161842346191406E+00   8.8729572296142578E+00  -7.3782253265380859E-01  -1.1230855941772461E+01   5.7945399284362793E+00   1.8235991592518985E-04
      20   3.0999999580672011E-05   3.0975057601928711E+01   4.8535680770874023E+00  -8.6823940277099609E-01   3.6447446793317795E-02   1.0875798761844635E-02  -1.0151604656130075E-03  -1.4821282820776105E-04   2.6470854209037498E-05  -1.1096068419647054E-06   2.2681226730346680E+01  -2.1645629405975342E+00  -6.6867418289184570E+00   3.8478074073791504E+00   8.4429597854614258E+00  -6.5329027175903320E-01  -1.0647157669067383E+01   5.4877157211303711E+00   1.6096758190542459E-04
      21   3.3000000257743523E-05   3.0032421112060547E+01   4.7057027816772461E+00  -8.4168535470962524E-01   3.5404682159423828E-02   1.0544531978666782E-02  -9.8576804157346487E-04  -1.4378358901012689E-04   2.5690638722153381E-05  -1.0765427305159392E-06   2.1985569000244141E+01  -2.1070415973663330E+00  -6.4850044250488281E+00   3.7378559112548828E+00   8.1944913864135742E+00  -6.3279610872268677E-01  -1.0331076622009277E+01   5.3184509277343750E+00   1.4629322686232626E-04
      22   3.5000000934815034E-05   2.9239467620849609E+01   4.5446066856384277E+00  -8.1865233182907104E-01   3.6187004297971725E-02   1.0178122669458389E-02  -1.0051018325611949E-03  -1.3943975500296801E-04   2.6225274268654175E-05  -1.1418528629292268E-06   2.1355150222778320E+01  -2.1746873855590820E+00  -6.3320722579956055E+00   3.7761785984039307E+00   8.0983552932739258E+00  -7.0123219490051270E-01  -1.0280332565307617E+01   5.3248195648193359E+00   1.5785399591550231E-04
      23   3.6999997973907739E-05   2.8541120529174805E+01   4.3879761695861816E+00  -7.9860669374465942E-01   3.7625059485435486E-02   9.8297474905848503E-03  -1.0418096790090203E-03  -1.3558505452238023E-04   2.7215286536375061E-05  -1.2376483482512413E-06   2.0767251968383789E+01  -2.2882404327392578E+00  -6.1832180023193359E+00   3.8912267684936523E+00   8.0534200668334961E+00  -8.5124880075454712E-01  -1.0376061439514160E+01   5.4714121818542480E+00   1.8776446813717484E-04
      24   3.8999998650979251E-05   2.7989053726196289E+01   4.2165541648864746E+00  -7.8367418050765991E-01   4.1025243699550629E-02   9.4871902838349342E-03  -1.1279614409431815E-03  -1.3257231330499053E-04   2.9479209842975251E-05  -1.4217569059837842E-06   2.0208045959472656E+01  -2.5601828098297119E+00  -6.0660958290100098E+00   4.2063927650451660E+00   8.1881666183471680E+00  -1.1263952255249023E+00  -1.0801280021667480E+01   5.8363819122314453E+00   2.1918430866207927E-04
      25   4.0999999328050762E-05   2.7077297210693359E+01   4.1800994873046875E+00  -7.5522065162658691E-01   3.4836769104003906E-02   9.3058021739125252E-03  -9.6874410519376397E-04  -1.2798976968042552E-04   2.5334906240459532E-05  -1.1429880260038772E-06   1.9767372131347656E+01  -2.0868453979492188E+00  -5.9015569686889648E+00   3.5545482635498047E+00   7.5737099647521973E+00  -6.7506176233291626E-01  -9.6319389343261719E+00   5.0004558563232422E+00   1.8302338139619678E-04
      26   4.3000000005122274E-05   2.6476476669311523E+01   4.0804147720336914E+00  -7.3975449800491333E-01   3.4586437046527863E-02   9.1122966259717941E-03  -9.5978827448561788E-04  -1.2563052587211132E-04   2.5076007659663446E-05  -1.1358820302120876E-06   1.9277399063110352E+01  -2.0961143970489502E+00  -5.7349715232849121E+00   3.5770754814147949E+00   7.4438591003417969E+00  -7.7088731527328491E-01  -9.5772848129272461E+00   5.0445060729980469E+00   1.8843606812879443E-04
      27   4.6000001020729542E-05   2.5608272552490234E+01   3.9447293281555176E+00  -7.1452420949935913E-01   3.3542275428771973E-02   8.7899100035429001E-03  -9.3152659246698022E-04  -1.2122764746891335E-04   2.4347098587895744E-05  -1.1074822623413638E-06   1.8653512954711914E+01  -2.0298187732696533E+00  -5.5642275810241699E+00   3.4460630416870117E+00   7.2087149620056152E+00  -7.1510547399520874E-01  -9.2407369613647461E+00   4.8375301361083984E+00   1.6604844131506979E-04
      28   4.9999998736893758E-05   2.4564008712768555E+01   3.7901186943054199E+00  -6.8486988544464111E-01   3.1988278031349182E-02   8.4304688498377800E-03  -8.8963855523616076E-04  -1.1624117178143933E-04   2.3253833205671981E-05  -1.0548887985351030E-06   1.7897871017456055E+01  -1.9300435781478882E+00  -5.3300194740295410E+00   3.2905290126800537E+00   6.8910832405090332E+00  -6.9413655996322632E-01  -8.8481645584106445E+00   4.6534962654113770E+00   1.3219073298387229E-04
      29   5.2999999752501026E-05   2.3895769119262695E+01   3.6753835678100586E+00  -6.6629874706268311E-01   3.1731009483337402E-02   8.1844069063663483E-03  -8.8079005945473909E-04  -1.1319331679260358E-04   2.3000664441497065E-05  -1.0520600426389137E-06   1.7383535385131836E+01  -1.9287338256835938E+00  -5.1866326332092285E+00   3.2613716125488281E+00   6.7518954277038574E+00  -7.1304404735565186E-01  -8.6994323730468750E+00   4.5848598480224609E+00   1.7018674407154322E-04
      30   5.6000000768108293E-05   2.3123945236206055E+01   3.6203141212463379E+00  -6.4379823207855225E-01   2.7776818722486496E-02   8.0159092321991920E-03  -7.7804096508771181E-04  -1.0964818648062646E-04   2.0321231204434298E-05  -8.7520965053045074E-07   1.6931856155395508E+01  -1.6417281627655029E+00  -5.0141329765319824E+00   2.8807163238525391E+00   6.3227853775024414E+00  -4.9438518285751343E-01  -7.9819235801696777E+00   4.1204962730407715E+00   1.7537595704197884E-04
      31   5.9000001783715561E-05   2.2562608718872070E+01   3.5139291286468506E+00  -6.2647169828414917E-01   2.7894591912627220E-02   7.7486140653491020E-03  -7.8156759263947606E-04  -1.0625527647789568E-04   2.0450273950700648E-05  -9.0545682951415074E-07   1.6520050048828125E+01  -1.6467094421386719E+00  -4.9253559112548828E+00   2.8366322517395020E+00   6.2210550308227539E+00  -4.7319692373275757E-01  -7.8358764648437500E+00   4.0265321731567383E+00   1.0468885011505336E-04
      32   6.2999999499879777E-05   2.1998550415039062E+01   3.3608491420745850E+00  -6.1267417669296265E-01   3.0491044744849205E-02   7.4708457104861736E-03  -8.4560643881559372E-04  -1.0390549141447991E-04   2.2099882698967122E-05  -1.0386885378466104E-06   1.5948067665100098E+01  -1.8749728202819824E+00  -4.7672481536865234E+00   3.1315238475799561E+00   6.2992987632751465E+00  -7.7060955762863159E-01  -8.2226238250732422E+00   4.3999476432800293E+00   1.8044424359686673E-04
      33   6.9000001531094313E-05   2.0898027420043945E+01   3.2533042430877686E+00  -5.7936197519302368E-01   2.6085687801241875E-02   7.1512795984745026E-03  -7.3200324550271034E-04  -9.8235133918933570E-05   1.9161179807269946E-05  -8.5559628359987983E-07   1.5286987304687500E+01  -1.5455870628356934E+00  -4.5573587417602539E+00   2.6553351879119873E+00   5.7750287055969238E+00  -4.7083809971809387E-01  -7.3079853057861328E+00   3.7775804996490479E+00   1.7440582450944930E-04
      34   7.5000003562308848E-05   2.0149015426635742E+01   3.0945651531219482E+00  -5.5830013751983643E-01   2.7214583009481430E-02   6.8062716163694859E-03  -7.5995002407580614E-04  -9.4366434495896101E-05   1.9905075532733463E-05  -9.3239322040972183E-07   1.4661392211914062E+01  -1.6484613418579102E+00  -4.3986010551452637E+00   2.7515144348144531E+00   5.7130756378173828E+00  -5.9530216455459595E-01  -7.3544864654541016E+00   3.8715660572052002E+00   1.8715059559326619E-04
      35   8.0999998317565769E-05   1.9220079421997070E+01   3.0418968200683594E+00  -5.3149664402008057E-01   2.1843722090125084E-02   6.6368463449180126E-03  -6.2002264894545078E-04  -9.0368819655850530E-05   1.6234689610428177E-05  -6.8391892682484468E-07   1.4133962631225586E+01  -1.2608438730239868E+00  -4.1851100921630859E+00   2.2452776432037354E+00   5.1555724143981934E+00  -2.9979151487350464E-01  -6.4113955497741699E+00   3.2561039924621582E+00   1.2351566692814231E-04
      36   8.8000000687316060E-05   1.8626457214355469E+01   2.8655357360839844E+00  -5.1495206356048584E-01   2.5116434320807457E-02   6.2685804441571236E-03  -7.0387445157393813E-04  -8.6933920101728290E-05   1.8458727936376818E-05  -8.6831329326741979E-07   1.3551487922668457E+01  -1.5214649438858032E+00  -4.0626435279846191E+00   2.5415804386138916E+00   5.2709074020385742E+00  -5.6464797258377075E-01  -6.8043804168701172E+00   3.6015529632568359E+00   1.7603472224436700E-04
      37   9.4000002718530595E-05   1.7934814453125000E+01   2.8072316646575928E+00  -4.9459460377693176E-01   2.1975215524435043E-02   6.0958191752433777E-03  -6.2253349460661411E-04  -8.3624428953044116E-05   1.6343172319466248E-05  -7.3153978519258089E-07   1.3135832786560059E+01  -1.2938202619552612E+00  -3.9150485992431641E+00   2.2304182052612305E+00   4.9160137176513672E+00  -3.8342511653900146E-01  -6.2093410491943359E+00   3.2124104499816895E+00   1.4053520862944424E-04
      38   9.9999997473787516E-05   1.7477458953857422E+01   2.7016973495483398E+00  -4.8225933313369751E-01   2.3089217022061348E-02   5.8828834444284439E-03  -6.4967561047524214E-04  -8.1447535194456577E-05   1.7043334082700312E-05  -7.9470777336609899E-07   1.2730508804321289E+01  -1.3955521583557129E+00  -3.8157944679260254E+00   2.3379769325256348E+00   4.9135808944702148E+00  -4.9307951331138611E-01  -6.3109993934631348E+00   3.3202435970306396E+00   1.5812789206393063E-04
      39   1.0599999950500205E-04   1.6931524276733398E+01   2.6445071697235107E+00  -4.6624967455863953E-01   2.1127210929989815E-02   5.7262321934103966E-03  -5.9881480410695076E-04  -7.8749610111117363E-05   1.5727853678981774E-05  -7.1374682875102735E-07   1.2383202552795410E+01  -1.2566200494766235E+00  -3.7023713588714600E+00   2.1398391723632812E+00   4.6725239753723145E+00  -3.8041013479232788E-01  -5.9158234596252441E+00   3.0628399848937988E+00   1.0431862028781325E-04
      40   1.1300000187475234E-04   1.6427646636962891E+01   2.5587587356567383E+00  -4.5169490575790405E-01   2.0880214869976044E-02   5.5232387967407703E-03  -5.9230276383459568E-04  -7.6111347880214453E-05   1.5574998542433605E-05  -7.1781539645598968E-07   1.2003473281860352E+01  -1.2470972537994385E+00  -3.5974617004394531E+00   2.1047928333282471E+00   4.5576872825622559E+00  -3.9090165495872498E-01  -5.7902064323425293E+00   3.0104339122772217E+00   1.4576158719137311E-04
      41   1.1899999663000926E-04   1.5981472969055176E+01   2.5100469589233398E+00  -4.3911820650100708E-01   1.9408069550991058E-02   5.4026469588279724E-03  -5.5358553072437644E-04  -7.4085110099986196E-05   1.4564453522325493E-05  -6.5493003376104753E-07   1.1705265998840332E+01  -1.1492300033569336E+00  -3.4959595203399658E+00   1.9694775342941284E+00   4.3710813522338867E+00  -3.2721614837646484E-01  -5.5081334114074707E+00   2.8411743640899658E+00   1.2611565762199461E-04
      42   1.2500000593718141E-04   1.5682242393493652E+01   2.4264969825744629E+00  -4.3079414963722229E-01   2.0822834223508835E-02   5.2233198657631874E-03  -5.9029541444033384E-04  -7.2301176260225475E-05   1.5554469428025186E-05  -7.3933591693275957E-07   1.1416995048522949E+01  -1.2640297412872314E+00  -3.4283125400543213E+00   2.1041231155395508E+00   4.4111356735229492E+00  -4.5862844586372375E-01  -5.6850266456604004E+00   3.0084011554718018E+00   1.5844030713196844E-04
      43   1.3150001177564263E-04   1.5232566833496094E+01   2.3880240917205811E+00  -4.1707217693328857E-01   1.8723158165812492E-02   5.1039597019553185E-03  -5.3579156519845128E-04  -7.0049907662905753E-05   1.4128827388049103E-05  -6.4675037947381497E-07   1.1161680221557617E+01  -1.1095207929611206E+00  -3.3556234836578369E+00   1.8701573610305786E+00   4.1837801933288574E+00  -2.8599211573600769E-01  -5.2422175407409668E+00   2.6791238784790039E+00   1.6504729865118861E-04
      44   1.3800000306218863E-04   1.4915374755859375E+01   2.3271040916442871E+00  -4.0905895829200745E-01   1.9000871106982231E-02   4.9853119999170303E-03  -5.4206722415983677E-04  -6.8714005465153605E-05   1.4293249478214420E-05  -6.6630298078962369E-07   1.0883310317993164E+01  -1.1482608318328857E+00  -3.2633020877838135E+00   1.9275896549224854E+00   4.1424980163574219E+00  -3.7942588329315186E-01  -5.2891206741333008E+00   2.7692556381225586E+00   1.5696002810727805E-04
      45   1.5000000712461770E-04   1.4276599884033203E+01   2.2537460327148438E+00  -3.9067795872688293E-01   1.7010603100061417E-02   4.7979750670492649E-03  -4.9001374281942844E-04  -6.5645064751151949E-05   1.2941221939399838E-05  -5.8437120742382831E-07   1.0460396766662598E+01  -1.0150910615921021E+00  -3.1317694187164307E+00   1.7289441823959351E+00   3.8869497776031494E+00  -2.6803407073020935E-01  -4.8761968612670898E+00   2.5011329650878906E+00   9.4449686002917588E-05
      46   1.6300000424962491E-04   1.3725890159606934E+01   2.1655149459838867E+00  -3.7522515654563904E-01   1.6498517245054245E-02   4.5956699177622795E-03  -4.7617877135053277E-04  -6.2925289967097342E-05   1.2593321116582956E-05  -5.7459487834421452E-07   1.0045293807983398E+01  -9.9444270133972168E-01  -3.0127208232879639E+00   1.6798405647277832E+00   3.7497229576110840E+00  -2.7248433232307434E-01  -4.7177686691284180E+00   2.4287080764770508E+00   1.0549212311161682E-04
      47   1.7499999376013875E-04   1.3236999511718750E+01   2.1050980091094971E+00  -3.6139211058616638E-01   1.5193588100373745E-02   4.4486788101494312E-03  -4.4185676961205900E-04  -6.0627000493695959E-05   1.1700295544869732E-05  -5.2182758736307733E-07   9.7093992233276367E+00  -9.1110843420028687E-01  -2.9074873924255371E+00   1.5548901557922363E+00   3.5688023567199707E+00  -2.1349509060382843E-01  -4.4457831382751465E+00   2.2628991603851318E+00   1.1864303814945742E-04
      48   1.8800000543706119E-04   1.2819274902343750E+01   2.0278637409210205E+00  -3.4972611069679260E-01   1.5298676677048206E-02   4.2722905054688454E-03  -4.4465702376328409E-04  -5.8391666243551299E-05   1.1804952919192147E-05  -5.4366114454751369E-07   9.3738269805908203E+00  -9.3424284458160400E-01  -2.8141632080078125E+00   1.5691468715667725E+00   3.4988496303558350E+00  -2.6083266735076904E-01  -4.4099092483520508E+00   2.2774240970611572E+00   1.2762661208398640E-04
      49   1.9999999494757503E-04   1.2471059799194336E+01   1.9658620357513428E+00  -3.4065169095993042E-01   1.5297544188797474E-02   4.1507049463689327E-03  -4.4313969556242228E-04  -5.6948116252897307E-05   1.1750887097150553E-05  -5.4700700502507971E-07   9.0891160964965820E+00  -9.5316958427429199E-01  -2.7326340675354004E+00   1.5814696550369263E+00   3.4380617141723633E+00  -3.0000266432762146E-01  -4.3757205009460449E+00   2.2853653430938721E+00   1.3348819629754871E-04
      50   2.1899999410379678E-04   1.1993372917175293E+01   1.8734546899795532E+00  -3.2797831296920776E-01   1.5642372891306877E-02   3.9582345634698868E-03  -4.5114831300452352E-04  -5.4669297242071480E-05   1.1973706023127306E-05  -5.7679744713823311E-07   8.6866645812988281E+00  -1.0040732622146606E+00  -2.6189782619476318E+00   1.6327242851257324E+00   3.3774077892303467E+00  -3.8437011837959290E-01  -4.3870644569396973E+00   2.3448984622955322E+00   1.1329830158501863E-04
      51   2.3799999326001853E-04   1.1454198837280273E+01   1.8269830942153931E+00  -3.1195884943008423E-01   1.3165135867893696E-02   3.8169503677636385E-03  -3.8721889723092318E-04  -5.1927589083788916E-05   1.0324102731829043E-05  -4.7185841367536341E-07   8.3683671951293945E+00  -8.2918363809585571E-01  -2.5216100215911865E+00   1.3732538223266602E+00   3.1076059341430664E+00  -2.0809142291545868E-01  -3.8922715187072754E+00   1.9938826560974121E+00   1.1984700540779158E-04
      52   2.5599999935366213E-04   1.1104707717895508E+01   1.7600132226943970E+00  -3.0308157205581665E-01   1.3413017615675926E-02   3.6855014041066170E-03  -3.9260342600755394E-04  -5.0398128223605454E-05   1.0468583241163287E-05  -4.9125446821562946E-07   8.0666465759277344E+00  -8.7073427438735962E-01  -2.4316499233245850E+00   1.4212731122970581E+00   3.0632278919219971E+00  -2.8556096553802490E-01  -3.9170277118682861E+00   2.0592296123504639E+00   1.0223982098978013E-04
      53   2.7499999850988388E-04   1.0683167457580566E+01   1.7234456539154053E+00  -2.9121154546737671E-01   1.1525824666023254E-02   3.5917533095926046E-03  -3.4287388552911580E-04  -4.8573339881841093E-05   9.1599522420438007E-06  -4.0461080175191455E-07   7.8057813644409180E+00  -7.4359226226806641E-01  -2.3462586402893066E+00   1.2371399402618408E+00   2.8557937145233154E+00  -1.7166608572006226E-01  -3.5588824748992920E+00   1.8180521726608276E+00   1.0855776781681925E-04
      54   2.9399999766610563E-04   1.0392395019531250E+01   1.6621048450469971E+00  -2.8339225053787231E-01   1.1928599327802658E-02   3.4646128769963980E-03  -3.5252084489911795E-04  -4.7114241169765592E-05   9.4206498033599928E-06  -4.3262951976430486E-07   7.5588741302490234E+00  -7.8901553153991699E-01  -2.2881731986999512E+00   1.2741854190826416E+00   2.8345232009887695E+00  -2.1563002467155457E-01  -3.5744783878326416E+00   1.8489533662796021E+00   1.3113726163282990E-04
      55   3.1299999682232738E-04   1.0067853927612305E+01   1.6296635866165161E+00  -2.7502748370170593E-01   1.0737341828644276E-02   3.3995348494499922E-03  -3.2038791687227786E-04  -4.5924334699520841E-05   8.5667888924945146E-06  -3.7574406519524928E-07   7.3329529762268066E+00  -7.2048717737197876E-01  -2.2078952789306641E+00   1.1816239356994629E+00   2.6970651149749756E+00  -1.7658795416355133E-01  -3.3742296695709229E+00   1.7306985855102539E+00   1.0192191257374361E-04
      56   3.3099998836405575E-04   9.8155260086059570E+00   1.5886191129684448E+00  -2.6780965924263000E-01   1.0493992827832699E-02   3.2985082361847162E-03  -3.1439767917618155E-04  -4.4467145926319063E-05   8.4420526036410592E-06  -3.7659580698345962E-07   7.1453557014465332E+00  -7.1146893501281738E-01  -2.1589546203613281E+00   1.1532434225082397E+00   2.6342122554779053E+00  -1.7151859402656555E-01  -3.2942981719970703E+00   1.6902257204055786E+00   1.1531863128766418E-04
      57   3.4999998752027750E-04   9.6173458099365234E+00   1.5387057065963745E+00  -2.6349130272865295E-01   1.1212895624339581E-02   3.2206792384386063E-03  -3.3115220139734447E-04  -4.3845993786817417E-05   8.8588913058629259E-06  -4.0975993442771141E-07   6.9439196586608887E+00  -7.8631889820098877E-01  -2.1048557758331299E+00   1.2444202899932861E+00   2.6533792018890381E+00  -2.6412269473075867E-01  -3.4073436260223389E+00   1.8024244308471680E+00   1.4483860286418349E-04
      58   3.6899998667649925E-04   9.3660106658935547E+00   1.5117464065551758E+00  -2.5653061270713806E-01   1.0318934917449951E-02   3.1581979710608721E-03  -3.0724573298357427E-04  -4.2758627387229353E-05   8.2276255852775648E-06  -3.6909256095896126E-07   6.7793898582458496E+00  -7.2968453168869019E-01  -2.0565152168273926E+00   1.1549581289291382E+00   2.5471308231353760E+00  -2.0883721113204956E-01  -3.2259702682495117E+00   1.6801631450653076E+00   1.1889333836734295E-04
      59   3.8799998583272099E-04   9.1119203567504883E+00   1.4931944608688354E+00  -2.4912686645984650E-01   8.9913913980126381E-03   3.0989479273557663E-03  -2.7302376111038029E-04  -4.1455627069808543E-05   7.3526439337001648E-06  -3.1328758609561191E-07   6.6320772171020508E+00  -6.3815796375274658E-01  -2.0087316036224365E+00   1.0220571756362915E+00   2.4092147350311279E+00  -1.2144758552312851E-01  -2.9765272140502930E+00   1.5069117546081543E+00   1.2510694796219468E-04
      60   4.2500000563450158E-04   8.7776746749877930E+00   1.4293270111083984E+00  -2.4079932272434235E-01   9.1497842222452164E-03   2.9857840854674578E-03  -2.7472674264572561E-04  -4.0192437154473737E-05   7.3702458394109271E-06  -3.2041603503785154E-07   6.3512849807739258E+00  -6.7486149072647095E-01  -1.9399966001510620E+00   1.0436681509017944E+00   2.3677842617034912E+00  -1.5460935235023499E-01  -2.9562234878540039E+00   1.5116685628890991E+00   1.1329579137964174E-04
      61   4.6300000394694507E-04   8.4513072967529297E+00   1.3796068429946899E+00  -2.3209704458713531E-01   8.7001211941242218E-03   2.8806356713175774E-03  -2.6214341050945222E-04  -3.8692527596140280E-05   7.0478295128850732E-06  -3.0568213560400181E-07   6.1053290367126465E+00  -6.5853965282440186E-01  -1.8711593151092529E+00   1.0037215948104858E+00   2.2777903079986572E+00  -1.5094336867332458E-01  -2.8459959030151367E+00   1.4591367244720459E+00   1.3084823149256408E-04
      62   5.0000002374872565E-04   8.1650533676147461E+00   1.3404330015182495E+00  -2.2478248178958893E-01   8.1130890175700188E-03   2.8058458119630814E-03  -2.4548306828364730E-04  -3.7566329410765320E-05   6.6038719523930922E-06  -2.7925389645133691E-07   5.8915209770202637E+00  -6.3342648744583130E-01  -1.8073147535324097E+00   9.5721179246902466E-01   2.1871037483215332E+00  -1.4094664156436920E-01  -2.7286047935485840E+00   1.4001923799514771E+00   1.7111185297835618E-04
      63   5.3100002696737647E-04   7.9769940376281738E+00   1.3026161193847656E+00  -2.2034069895744324E-01   8.2975560799241066E-03   2.7451096102595329E-03  -2.4846542510204017E-04  -3.6945933970855549E-05   6.6597272052604239E-06  -2.8593771617124730E-07   5.7266325950622559E+00  -6.6410648822784424E-01  -1.7672988176345825E+00   9.8191940784454346E-01   2.1714284420013428E+00  -1.7026257514953613E-01  -2.7366061210632324E+00   1.4186346530914307E+00   1.3434834545478225E-04
      64   5.6299997959285975E-04   7.7921438217163086E+00   1.2685309648513794E+00  -2.1564339101314545E-01   8.3149056881666183E-03   2.6819759514182806E-03  -2.4775229394435883E-04  -3.6178054870106280E-05   6.6345796767564025E-06  -2.8830524456679996E-07   5.5756306648254395E+00  -6.7819428443908691E-01  -1.7309187650680542E+00   9.8428672552108765E-01   2.1418881416320801E+00  -1.8269969522953033E-01  -2.7123901844024658E+00   1.4128775596618652E+00   1.1963996803388000E-04
      65   5.9399998281151056E-04   7.5840568542480469E+00   1.2507301568984985E+00  -2.0964783430099487E-01   7.3381504043936729E-03   2.6342144701629877E-03  -2.2201704268809408E-04  -3.5229622881161049E-05   5.9585099734249525E-06  -2.4364928208342462E-07   5.4529514312744141E+00  -6.1075925827026367E-01  -1.6960252523422241E+00   8.7931919097900391E-01   2.0349929332733154E+00  -1.1179726570844650E-01  -2.5153536796569824E+00   1.2748000621795654E+00   1.3860649778507650E-04
      66   6.2499998603016138E-04   7.4726643562316895E+00   1.2109651565551758E+00  -2.0729789137840271E-01   8.2749156281352043E-03   2.5702065322548151E-03  -2.4504362954758108E-04  -3.4795135434251279E-05   6.5540548348508310E-06  -2.8984192113057361E-07   5.3209700584411621E+00  -6.9409573078155518E-01  -1.6701154708862305E+00   9.7625809907913208E-01   2.0828461647033691E+00  -1.9612708687782288E-01  -2.6536738872528076E+00   1.3925791978836060E+00   1.2149590475019068E-04
      67   6.8800000008195639E-04   7.1497225761413574E+00   1.1753889322280884E+00  -1.9853626191616058E-01   7.1451114490628242E-03   2.4968138895928860E-03  -2.1392703638412058E-04  -3.3525415346957743E-05   5.7165880207321607E-06  -2.3440703955657227E-07   5.1096262931823730E+00  -6.2478560209274292E-01  -1.6148709058761597E+00   8.5584110021591187E-01   1.9476288557052612E+00  -1.1647975444793701E-01  -2.4126465320587158E+00   1.2252819538116455E+00   1.7987504543270916E-04
      68   7.5000000651925802E-04   6.8898015022277832E+00   1.1410812139511108E+00  -1.9164410233497620E-01   6.5404390916228294E-03   2.4242557119578123E-03  -1.9739926210604608E-04  -3.2376861781813204E-05   5.2885411605529953E-06  -2.0992081317672273E-07   4.9216651916503906E+00  -5.9440046548843384E-01  -1.5599914789199829E+00   8.0121058225631714E-01   1.8578648567199707E+00  -9.8704375326633453E-02  -2.2895777225494385E+00   1.1593261957168579E+00   1.8693190941121429E-04
      69   8.1300002057105303E-04   6.7080965042114258E+00   1.0931673049926758E+00  -1.8694566190242767E-01   7.2041884995996952E-03   2.3372799623757601E-03  -2.1301218657754362E-04  -3.1587889679940417E-05   5.6788262554618996E-06  -2.4223842842729937E-07   4.7552642822265625E+00  -6.5515261888504028E-01  -1.5351067781448364E+00   8.4958952665328979E-01   1.8721479177474976E+00  -1.3819068670272827E-01  -2.3419446945190430E+00   1.2046575546264648E+00   1.4721312618348747E-04
      70   8.7500002700835466E-04   6.5044279098510742E+00   1.0672702789306641E+00  -1.8155689537525177E-01   6.6751083359122276E-03   2.2863314952701330E-03  -1.9815747509710491E-04  -3.0799623345956206E-05   5.2765399232157506E-06  -2.1646549441811658E-07   4.6118307113647461E+00  -6.2676417827606201E-01  -1.4961637258529663E+00   7.9625028371810913E-01   1.7982906103134155E+00  -1.1148840188980103E-01  -2.2278225421905518E+00   1.1342624425888062E+00   1.5932464157231152E-04
      71   9.3799998285248876E-04   6.3791384696960449E+00   1.0263935327529907E+00  -1.7901299893856049E-01   7.5549976900219917E-03   2.2274830844253302E-03  -2.1900904539506882E-04  -3.0478971893899143E-05   5.7949309848481789E-06  -2.5527674551995005E-07   4.4691147804260254E+00  -7.0792984962463379E-01  -1.4678531885147095E+00   8.8727217912673950E-01   1.8386089801788330E+00  -1.9363647699356079E-01  -2.3551850318908691E+00   1.2465121746063232E+00   1.7029092123266309E-04
      72   1.0000000474974513E-03   6.1876626014709473E+00   1.0118612051010132E+00  -1.7308233678340912E-01   6.5407501533627510E-03   2.1779278758913279E-03  -1.9278455874882638E-04  -2.9464204999385402E-05   5.1142505981260911E-06  -2.1101487845953670E-07   4.3677663803100586E+00  -6.3340169191360474E-01  -1.4440805912017822E+00   7.6694667339324951E-01   1.7299733161926270E+00  -1.0546549409627914E-01  -2.1389501094818115E+00   1.0876100063323975E+00   1.3787038915324956E-04
      73   1.0629999451339245E-03   6.0667629241943359E+00   9.8228389024734497E-01  -1.6967409849166870E-01   6.8838824518024921E-03   2.1115290001034737E-03  -2.0176403631921858E-04  -2.8688426027656533E-05   5.3696280701842625E-06  -2.3548727767774835E-07   4.2609539031982422E+00  -6.6516411304473877E-01  -1.4241600036621094E+00   7.9285538196563721E-01   1.7300788164138794E+00  -1.3454601168632507E-01  -2.1676828861236572E+00   1.1206759214401245E+00   1.9254336075391620E-04
      74   1.1249999515712261E-03   5.9847407341003418E+00   9.4816529750823975E-01  -1.6770960390567780E-01   7.7881827019155025E-03   2.0503890700638294E-03  -2.2451250697486103E-04  -2.8265161745366640E-05   5.9629537645378150E-06  -2.8151325182079745E-07   4.1603703498840332E+00  -7.4031889438629150E-01  -1.4107730388641357E+00   8.7531805038452148E-01   1.7775566577911377E+00  -2.0345301926136017E-01  -2.2907011508941650E+00   1.2221421003341675E+00   1.7485121497884393E-04
      75   1.1869999580085278E-03   5.8340191841125488E+00   9.3989807367324829E-01  -1.6306413710117340E-01   6.8443794734776020E-03   2.0172661170363426E-03  -2.0011892775073647E-04  -2.7471192879602313E-05   5.3318849495553877E-06  -2.4003193743737938E-07   4.0844802856445312E+00  -6.7230057716369629E-01  -1.3916738033294678E+00   7.6892471313476562E-01   1.6833150386810303E+00  -1.2472905218601227E-01  -2.1010003089904785E+00   1.0810521841049194E+00   1.5174098371062428E-04
      76   1.2499999720603228E-03   5.7203884124755859E+00   9.2783266305923462E-01  -1.6056874394416809E-01   6.4817294478416443E-03   2.0047407597303391E-03  -1.8949531659018248E-04  -2.7245869205216877E-05   5.0348635340924375E-06  -2.1861090715447062E-07   3.9962713718414307E+00  -6.5848243236541748E-01  -1.3611999750137329E+00   7.4810975790023804E-01   1.6396241188049316E+00  -1.2432760745286942E-01  -2.0494754314422607E+00   1.0592885017395020E+00   1.6501171921845526E-04
      77   1.3124999823048711E-03   5.6317510604858398E+00   9.0927654504776001E-01  -1.5820381045341492E-01   6.5952520817518234E-03   1.9681095145642757E-03  -1.9200827227905393E-04  -2.6850359063246287E-05   5.0959051804966293E-06  -2.2501302510136156E-07   3.9216713905334473E+00  -6.7225849628448486E-01  -1.3463343381881714E+00   7.5451922416687012E-01   1.6300768852233887E+00  -1.3595250248908997E-01  -2.0494687557220459E+00   1.0674225091934204E+00   2.0901224343106151E-04
      78   1.3749999925494194E-03   5.5216360092163086E+00   8.9651232957839966E-01  -1.5398719906806946E-01   6.1527122743427753E-03   1.9107878906652331E-03  -1.8172562704421580E-04  -2.5838815417955630E-05   4.8616343519825023E-06  -2.1530676974634844E-07   3.8722102642059326E+00  -6.3390219211578369E-01  -1.3497748374938965E+00   6.7533189058303833E-01   1.5775576829910278E+00  -6.1946924775838852E-02  -1.9116590023040771E+00   9.4914114475250244E-01   1.9242122652940452E-04
      79   1.5000000130385160E-03   5.3328952789306641E+00   8.8262450695037842E-01  -1.4931990206241608E-01   5.2480218000710011E-03   1.8871255451813340E-03  -1.5726841229479760E-04  -2.5268527679145336E-05   4.2073143049492501E-06  -1.6966365024018160E-07   3.7435448169708252E+00  -5.8259421586990356E-01  -1.3019598722457886E+00   6.0440444946289062E-01   1.4798718690872192E+00  -3.5129539668560028E-02  -1.7721742391586304E+00   8.7271904945373535E-01   2.9461985104717314E-04
      80   1.6250000335276127E-03   5.2516965866088867E+00   8.4307962656021118E-01  -1.4785067737102509E-01   6.4478740096092224E-03   1.8273688619956374E-03  -1.8701351655181497E-04  -2.5029421522049233E-05   4.9682757889968343E-06  -2.2615560624217323E-07   3.6240465641021729E+00  -6.8723428249359131E-01  -1.2851684093475342E+00   7.2423136234283447E-01   1.5510319471359253E+00  -1.3493895530700684E-01  -1.9533199071884155E+00   1.0204104185104370E+00   1.9363823230378330E-04
      81   1.7500000540167093E-03   5.1244077682495117E+00   8.2633262872695923E-01  -1.4465942978858948E-01   6.1791269108653069E-03   1.7965425504371524E-03  -1.7943973944056779E-04  -2.4593693524366245E-05   4.7599587560398504E-06  -2.1248889936487103E-07   3.5260648727416992E+00  -6.7844408750534058E-01  -1.2566595077514648E+00   7.0384430885314941E-01   1.5078723430633545E+00  -1.3658623397350311E-01  -1.9051177501678467E+00   1.0034244060516357E+00   2.6164986775256693E-04
      82   1.8749999580904841E-03   5.0016765594482422E+00   8.1275296211242676E-01  -1.4118027687072754E-01   5.7274671271443367E-03   1.7699026502668858E-03  -1.6657914966344833E-04  -2.4167073206626810E-05   4.3982845454593189E-06  -1.8715240912570152E-07   3.4508614540100098E+00  -6.5169954299926758E-01  -1.2487356662750244E+00   6.4174687862396240E-01   1.4571210145950317E+00  -8.0916762351989746E-02  -1.7866865396499634E+00   9.0559375286102295E-01   2.0699031301774085E-04
      83   2.0000000949949026E-03   4.9123234748840332E+00   7.9657787084579468E-01  -1.3905756175518036E-01   5.7591930963099003E-03   1.7376340692862868E-03  -1.6733027587179095E-04  -2.3712211259407923E-05   4.4355592763167806E-06  -1.9375768545160099E-07   3.3690054416656494E+00  -6.6663545370101929E-01  -1.2255610227584839E+00   6.5632963180541992E-01   1.4450449943542480E+00  -1.0650753229856491E-01  -1.7987102270126343E+00   9.3022257089614868E-01   2.4776381906121969E-04
      84   2.1879998967051506E-03   4.8112320899963379E+00   7.6729679107666016E-01  -1.3635610044002533E-01   6.2622949481010437E-03   1.6797853168100119E-03  -1.7988744366448373E-04  -2.3168769985204563E-05   4.7653311412432231E-06  -2.2124763177089335E-07   3.2698738574981689E+00  -7.1407717466354370E-01  -1.2153815031051636E+00   6.9375574588775635E-01   1.4616400003433228E+00  -1.3832475244998932E-01  -1.8483260869979858E+00   9.7287809848785400E-01   2.6115230866707861E-04
      85   2.3749999236315489E-03   4.6941990852355957E+00   7.5222504138946533E-01  -1.3304142653942108E-01   5.9670344926416874E-03   1.6434630379080772E-03  -1.7207289056386799E-04  -2.2609534426010214E-05   4.5612791836902034E-06  -2.0929130073454871E-07   3.1879978179931641E+00  -7.0083373785018921E-01  -1.1996796131134033E+00   6.5791732072830200E-01   1.4202380180358887E+00  -1.1600567400455475E-01  -1.7767738103866577E+00   9.2452716827392578E-01   2.3552511993329972E-04
      86   2.5629999581724405E-03   4.5834469795227051E+00   7.4269938468933105E-01  -1.3011027872562408E-01   5.4803015664219856E-03   1.6239696415141225E-03  -1.5890799113549292E-04  -2.2224578060558997E-05   4.2067367758136243E-06  -1.8479789787306800E-07   3.1146395206451416E+00  -6.7430329322814941E-01  -1.1807419061660767E+00   6.1002635955810547E-01   1.3665814399719238E+00  -8.8028863072395325E-02  -1.6858431100845337E+00   8.6510074138641357E-01   2.5629627634771168E-04
      87   2.7499999850988388E-03   4.4742879867553711E+00   7.3708027601242065E-01  -1.2679226696491241E-01   4.7949831932783127E-03   1.5999526949599385E-03  -1.4136417303234339E-04  -2.1638483303831890E-05   3.7570403037534561E-06  -1.5550176613032818E-07   3.0562136173248291E+00  -6.2923473119735718E-01  -1.1677979230880737E+00   5.3497272729873657E-01   1.2993257045745850E+00  -3.3801361918449402E-02  -1.5525457859039307E+00   7.6731479167938232E-01   2.2386114869732410E-04
      88   2.9380000196397305E-03   4.3843660354614258E+00   7.3181235790252686E-01  -1.2455813586711884E-01   4.2956494726240635E-03   1.5916364500299096E-03  -1.2784595310222358E-04  -2.1383837520261295E-05   3.3938397336896742E-06  -1.2977335472896812E-07   2.9970476627349854E+00  -6.0249394178390503E-01  -1.1500918865203857E+00   4.9100577831268311E-01   1.2494943141937256E+00  -9.3658771365880966E-03  -1.4698280096054077E+00   7.1487075090408325E-01   3.9694603765383363E-04
      89   3.1250000465661287E-03   4.3937602043151855E+00   6.9727581739425659E-01  -1.2518861889839172E-01   6.0173762030899525E-03   1.5315393684431911E-03  -1.7242567264474928E-04  -2.1219851987552829E-05   4.5754400161968078E-06  -2.1854714304936351E-07   2.9347035884857178E+00  -7.3982971906661987E-01  -1.1552466154098511E+00   6.5527069568634033E-01   1.3721461296081543E+00  -1.3573662936687469E-01  -1.7382884025573730E+00   9.2104876041412354E-01   2.3637425329070538E-04
      90   3.3120000734925270E-03   4.2995948791503906E+00   6.9912093877792358E-01  -1.2241782248020172E-01   5.1095350645482540E-03   1.5289481962099671E-03  -1.4855440531391650E-04  -2.0879948351648636E-05   3.9414981074514799E-06  -1.7331400670173025E-07   2.8956515789031982E+00  -6.7769515514373779E-01  -1.1450748443603516E+00   5.6001716852188110E-01   1.2935373783111572E+00  -6.2312021851539612E-02  -1.5719971656799316E+00   7.9379820823669434E-01   2.0570830383803695E-04
      91   3.5000001080334187E-03   4.2275223731994629E+00   6.9576436281204224E-01  -1.2013678997755051E-01   4.6379831619560719E-03   1.5117276925593615E-03  -1.3659863907378167E-04  -2.0467810827540234E-05   3.6358553643367486E-06  -1.5346977022545616E-07   2.8592271804809570E+00  -6.4540964365005493E-01  -1.1377629041671753E+00   5.0581628084182739E-01   1.2458215951919556E+00  -2.4459451436996460E-02  -1.4785286188125610E+00   7.2729259729385376E-01   2.2851071844343096E-04
      92   3.6875000223517418E-03   4.2007331848144531E+00   6.8243306875228882E-01  -1.1977363377809525E-01   5.0639384426176548E-03   1.4925623545423150E-03  -1.4724335051141679E-04  -2.0395771571202204E-05   3.9122469388530590E-06  -1.7416765274447243E-07   2.8144588470458984E+00  -6.8632960319519043E-01  -1.1310720443725586E+00   5.5273514986038208E-01   1.2728075981140137E+00  -6.5105810761451721E-02  -1.5504293441772461E+00   7.8646457195281982E-01   2.5985669344663620E-04
      93   3.8749999366700649E-03   4.1595554351806641E+00   6.7212933301925659E-01  -1.1811069399118423E-01   5.1515195518732071E-03   1.4584580203518271E-03  -1.5007934416644275E-04  -1.9942068320233375E-05   4.0028435250860639E-06  -1.8420669789520616E-07   2.7878925800323486E+00  -6.9223827123641968E-01  -1.1379032135009766E+00   5.4099750518798828E-01   1.2701194286346436E+00  -4.9074336886405945E-02  -1.5300042629241943E+00   7.6424777507781982E-01   2.5729922344908118E-04
      94   4.0624998509883881E-03   4.1341876983642578E+00   6.6444253921508789E-01  -1.1829167604446411E-01   5.3463708609342575E-03   1.4654172118753195E-03  -1.5363220882136375E-04  -2.0201207007630728E-05   4.0658319448994007E-06  -1.8597020812194387E-07   2.7453269958496094E+00  -7.2116708755493164E-01  -1.1269860267639160E+00   5.7570803165435791E-01   1.2852088212966919E+00  -8.0019488930702209E-02  -1.5774005651473999E+00   8.0454128980636597E-01   2.2798120335210115E-04
      95   4.2500002309679985E-03   4.0995841026306152E+00   6.5745866298675537E-01  -1.1724568158388138E-01   5.3854789584875107E-03   1.4463114785030484E-03  -1.5495414845645428E-04  -1.9949293346144259E-05   4.1103471630776767E-06  -1.9114132498998515E-07   2.7163369655609131E+00  -7.2626394033432007E-01  -1.1212618350982666E+00   5.7672065496444702E-01   1.2777527570724487E+00  -8.9560404419898987E-02  -1.5794717073440552E+00   8.1668907403945923E-01   2.5589342112652957E-04
      96   4.4375001452863216E-03   4.0079407691955566E+00   6.7137467861175537E-01  -1.1455326527357101E-01   3.9533483795821667E-03   1.4644211623817682E-03  -1.1783929221564904E-04  -1.9658429664559662E-05   3.1358997603092575E-06  -1.2089910228496592E-07   2.6955504417419434E+00  -6.2427109479904175E-01  -1.1035106182098389E+00   4.4136467576026917E-01   1.1623722314834595E+00   6.9552431814372540E-03  -1.3489240407943726E+00   6.4778804779052734E-01   2.4892220972105861E-04
      97   4.6250000596046448E-03   3.9993703365325928E+00   6.6034686565399170E-01  -1.1470822989940643E-01   4.4296872802078724E-03   1.4508872991427779E-03  -1.2982798216398805E-04  -1.9679313481901772E-05   3.4467327623133315E-06  -1.4354949939843209E-07   2.6634173393249512E+00  -6.6700398921966553E-01  -1.0984619855880737E+00   4.9422815442085266E-01   1.1944392919540405E+00  -4.0155529975891113E-02  -1.4337717294692993E+00   7.1984660625457764E-01   3.1932641286402941E-04
      98   4.9999998882412910E-03   3.9621546268463135E+00   6.4617341756820679E-01  -1.1395797878503799E-01   4.7841304913163185E-03   1.4295926084741950E-03  -1.3839761959388852E-04  -1.9567978597478941E-05   3.6628730413212907E-06  -1.5974343625657639E-07   2.6159644126892090E+00  -7.0369100570678711E-01  -1.0978363752365112E+00   5.2546226978302002E-01   1.2159744501113892E+00  -6.1559882014989853E-02  -1.4785766601562500E+00   7.5147956609725952E-01   2.6288183289580047E-04
      99   5.3130001761019230E-03   3.9256620407104492E+00   6.3823556900024414E-01  -1.1297868937253952E-01   4.8454799689352512E-03   1.4134800294414163E-03  -1.3983594544697553E-04  -1.9391507521504536E-05   3.6998847008362645E-06  -1.6343030040388840E-07   2.5836098194122314E+00  -7.1360194683074951E-01  -1.0957341194152832E+00   5.2706801891326904E-01   1.2139919996261597E+00  -6.3746742904186249E-02  -1.4780315160751343E+00   7.5205761194229126E-01   2.8252499760128558E-04
     100   5.6250002235174179E-03   3.8850052356719971E+00   6.3294816017150879E-01  -1.1164020746946335E-01   4.7298818826675415E-03   1.3962180819362402E-03  -1.3701949501410127E-04  -1.9109711502096616E-05   3.6325543533166638E-06  -1.6038639216731099E-07   2.5585746765136719E+00  -7.0770788192749023E-01  -1.0960768461227417E+00   5.0612628459930420E-01   1.1977428197860718E+00  -4.6950705349445343E-02  -1.4417273998260498E+00   7.2477871179580688E-01   2.9371556593105197E-04
     101   5.9380000457167625E-03   3.8572423458099365E+00   6.2868040800094604E-01  -1.1147811263799667E-01   4.7404780052602291E-03   1.4009077567607164E-03  -1.3645018043462187E-04  -1.9231763872085139E-05   3.6012183954881039E-06  -1.5660798169392365E-07   2.5240354537963867E+00  -7.1941864490509033E-01  -1.0841482877731323E+00   5.2095252275466919E-01   1.1960707902908325E+00  -6.7213580012321472E-02  -1.4603978395462036E+00   7.4771946668624878E-01   3.1945650698617101E-04
     102   6.2500000931322575E-03   3.7966904640197754E+00   6.3232803344726562E-01  -1.0927823185920715E-01   4.0205391123890877E-03   1.3924663653597236E-03  -1.1832670134026557E-04  -1.8823784557753243E-05   3.1374245281767799E-06  -1.2525150339115498E-07   2.5101988315582275E+00  -6.6475617885589600E-01  -1.0819234848022461E+00   4.3797290325164795E-01   1.1322515010833740E+00  -3.9838287048041821E-03  -1.3228545188903809E+00   6.4397579431533813E-01   3.1047049560584128E-04
     103   6.5625002607703209E-03   3.7946388721466064E+00   6.2029081583023071E-01  -1.0940178483724594E-01   4.5760013163089752E-03   1.3733613304793835E-03  -1.3250777556095272E-04  -1.8790457033901475E-05   3.5083833154203603E-06  -1.5277495890586579E-07   2.4850487709045410E+00  -7.1118313074111938E-01  -1.0844991207122803E+00   4.8993685841560364E-01   1.1715517044067383E+00  -4.3091934174299240E-02  -1.4072377681732178E+00   7.0750403404235840E-01   3.4583680098876357E-04
     104   6.8749999627470970E-03   3.7498438358306885E+00   6.2195575237274170E-01  -1.0784418135881424E-01   4.0933028794825077E-03   1.3672501081600785E-03  -1.2023824092466384E-04  -1.8518974684411660E-05   3.1917597880237736E-06  -1.3118720687543828E-07   2.4719862937927246E+00  -6.7581635713577271E-01  -1.0834785699844360E+00   4.3359661102294922E-01   1.1287295818328857E+00   9.5971947303041816E-04  -1.3129794597625732E+00   6.3518500328063965E-01   4.5629838132299483E-04
     105   7.1874996647238731E-03   3.7351195812225342E+00   6.2077361345291138E-01  -1.0854090005159378E-01   4.1222185827791691E-03   1.3884309446439147E-03  -1.1978721886407584E-04  -1.8888757040258497E-05   3.1556314752378967E-06  -1.2528968795777473E-07   2.4367499351501465E+00  -6.9246435165405273E-01  -1.0599957704544067E+00   4.6946781873703003E-01   1.1307511329650879E+00  -4.7459714114665985E-02  -1.3659642934799194E+00   6.9605743885040283E-01   3.3869434264488518E-04
     106   7.4999998323619366E-03   3.7255053520202637E+00   6.0847246646881104E-01  -1.0712374001741409E-01   4.5033320784568787E-03   1.3395566493272781E-03  -1.3078408665023744E-04  -1.8308115613763221E-05   3.4711406442511361E-06  -1.5314741119709652E-07   2.4383687973022461E+00  -7.1238553524017334E-01  -1.0898911952972412E+00   4.6257844567298889E-01   1.1555888652801514E+00  -1.3855199329555035E-02  -1.3574547767639160E+00   6.6012597084045410E-01   5.0656648818403482E-04
     107   7.6562501490116119E-03   3.7659330368041992E+00   5.8931750059127808E-01  -1.0817398875951767E-01   5.7246661745011806E-03   1.3033940922468901E-03  -1.6259805124718696E-04  -1.8267788618686609E-05   4.3138884393556509E-06  -2.1595523946871253E-07   2.4290232658386230E+00  -8.0297011137008667E-01  -1.1073752641677856E+00   5.6769371032714844E-01   1.2483801841735840E+00  -8.3688676357269287E-02  -1.5338346958160400E+00   7.8406298160552979E-01   4.5705446973443031E-04
     108   7.8125000000000000E-03   3.6949391365051270E+00   6.0895073413848877E-01  -1.0616245120763779E-01   4.2183119803667068E-03   1.3356913113966584E-03  -1.2354869977571070E-04  -1.8144681234844029E-05   3.2852526601345744E-06  -1.4054390362616687E-07   2.4254486560821533E+00  -6.9248318672180176E-01  -1.0860098600387573E+00   4.3205964565277100E-01   1.1278990507125854E+00   4.7200229018926620E-03  -1.3071669340133667E+00   6.2824213504791260E-01   3.6318492493592203E-04
     109   8.1249997019767761E-03   3.7213695049285889E+00   5.9222847223281860E-01  -1.0716450959444046E-01   5.2375867962837219E-03   1.3109778519719839E-03  -1.4971972268540412E-04  -1.8206737877335399E-05   3.9712981561024208E-06  -1.9080648883118556E-07   2.4050531387329102E+00  -7.7320390939712524E-01  -1.0940200090408325E+00   5.2936398983001709E-01   1.2061389684677124E+00  -6.5083205699920654E-02  -1.4671535491943359E+00   7.4435031414031982E-01   4.4069529394619167E-04
     110   8.4374994039535522E-03   3.6701595783233643E+00   6.0140794515609741E-01  -1.0567945986986160E-01   4.3743504211306572E-03   1.3244831934571266E-03  -1.2729843729175627E-04  -1.8071938029606827E-05   3.3805101793404901E-06  -1.4786206747885444E-07   2.3953950405120850E+00  -7.1143639087677002E-01  -1.0834350585937500E+00   4.4818326830863953E-01   1.1363919973373413E+00  -8.7451022118330002E-03  -1.3302193880081177E+00   6.4555644989013672E-01   3.5475176991894841E-04
     111   8.5937492549419403E-03   3.6805393695831299E+00   5.9505420923233032E-01  -1.0620746016502380E-01   4.7801532782614231E-03   1.3177387882024050E-03  -1.3763754395768046E-04  -1.8144392015528865E-05   3.6498165627563139E-06  -1.6723386409012164E-07   2.3842806816101074E+00  -7.4467623233795166E-01  -1.0826872587203979E+00   4.9179750680923462E-01   1.1664818525314331E+00  -4.5476004481315613E-02  -1.4023334980010986E+00   7.0437318086624146E-01   5.1051424816250801E-04
     112   8.7500000372529030E-03   3.6935927867889404E+00   5.8493798971176147E-01  -1.0616222769021988E-01   5.3156935609877110E-03   1.2908349744975567E-03  -1.5186134260147810E-04  -1.7960011973627843E-05   4.0327417991647962E-06  -1.9701593600984779E-07   2.3842754364013672E+00  -7.8171896934509277E-01  -1.1002858877182007E+00   5.2393698692321777E-01   1.2079355716705322E+00  -5.3471662104129791E-02  -1.4562737941741943E+00   7.2736084461212158E-01   5.1837874343618751E-04
     113   9.0625006705522537E-03   3.6513528823852539E+00   5.9337002038955688E-01  -1.0520178824663162E-01   4.5908917672932148E-03   1.3090701540932059E-03  -1.3281461724545807E-04  -1.7954687791643664E-05   3.5259856758784736E-06  -1.5930577035305760E-07   2.3713216781616211E+00  -7.3215752840042114E-01  -1.0846983194351196E+00   4.6474647521972656E-01   1.1482431888580322E+00  -2.1421350538730621E-02  -1.3562685251235962E+00   6.6593343019485474E-01   4.5946208410896361E-04
     114   9.1406255960464478E-03   3.7318599224090576E+00   5.6654816865921021E-01  -1.0801158100366592E-01   6.5677468664944172E-03   1.2738346122205257E-03  -1.8370870384387672E-04  -1.8236254618386738E-05   4.8608008000883274E-06  -2.5620769861234294E-07   2.3542649745941162E+00  -8.8380777835845947E-01  -1.0974310636520386E+00   6.6047716140747070E-01   1.3017234802246094E+00  -1.6920667886734009E-01  -1.6824423074722290E+00   9.1282671689987183E-01   4.7568554873578250E-04
     115   9.2187505215406418E-03   3.6770966053009033E+00   5.8442330360412598E-01  -1.0664004832506180E-01   5.2886116318404675E-03   1.3088918058201671E-03  -1.5022425213828683E-04  -1.8252660083817318E-05   3.9709707380097825E-06  -1.8990647276950767E-07   2.3526916503906250E+00  -7.9175406694412231E-01  -1.0780910253524780E+00   5.5008625984191895E-01   1.2028927803039551E+00  -9.6276968717575073E-02  -1.4957814216613770E+00   7.8200709819793701E-01   5.3248641779646277E-04
     116   9.2968754470348358E-03   3.6746318340301514E+00   5.8033281564712524E-01  -1.0584557056427002E-01   5.3904447704553604E-03   1.2851338833570480E-03  -1.5359885583166033E-04  -1.7926558939507231E-05   4.0761478885542601E-06  -2.0031026792821649E-07   2.3615636825561523E+00  -7.9268389940261841E-01  -1.0951855182647705E+00   5.3486400842666626E-01   1.2091985940933228E+00  -6.8194545805454254E-02  -1.4730235338211060E+00   7.4735409021377563E-01   5.1389681175351143E-04
     117   9.3359379097819328E-03   3.6515300273895264E+00   5.8659088611602783E-01  -1.0500844568014145E-01   4.8880418762564659E-03   1.2916745617985725E-03  -1.4072665362618864E-04  -1.7818989363149740E-05   3.7401700865302701E-06  -1.7621067627260345E-07   2.3646628856658936E+00  -7.5391399860382080E-01  -1.0926122665405273E+00   4.8333975672721863E-01   1.1692823171615601E+00  -2.9088595882058144E-02  -1.3874734640121460E+00   6.8280303478240967E-01   5.0166324945166707E-04
     118   9.3750003725290298E-03   3.7024354934692383E+00   5.7016938924789429E-01  -1.0683837532997131E-01   6.1218445189297199E-03   1.2710393639281392E-03  -1.7251267854589969E-04  -1.8012437067227438E-05   4.5743818191112950E-06  -2.3668636117690767E-07   2.3530571460723877E+00  -8.4879767894744873E-01  -1.0980449914932251E+00   6.0843062400817871E-01   1.2641595602035522E+00  -1.2732219696044922E-01  -1.5966091156005859E+00   8.4540706872940063E-01   4.2138414573855698E-04
     119   9.5312502235174179E-03   3.6734876632690430E+00   5.7789367437362671E-01  -1.0623611509799957E-01   5.5342311970889568E-03   1.2892618542537093E-03  -1.5693313616793603E-04  -1.8060694856103510E-05   4.1563521335774567E-06  -2.0512176490683487E-07   2.3467593193054199E+00  -8.0875152349472046E-01  -1.0870556831359863E+00   5.6084692478179932E-01   1.2191008329391479E+00  -9.7204260528087616E-02  -1.5146247148513794E+00   7.8865796327590942E-01   4.7403696225956082E-04
     120   9.5703126862645149E-03   3.6930782794952393E+00   5.7047367095947266E-01  -1.0679832100868225E-01   6.0509797185659409E-03   1.2756134383380413E-03  -1.7047119035851210E-04  -1.8061051378026605E-05   4.5168553697294556E-06  -2.3198353460429644E-07   2.3433635234832764E+00  -8.4668093919754028E-01  -1.0913730859756470E+00   6.0872733592987061E-01   1.2568858861923218E+00  -1.3470961153507233E-01  -1.5964279174804688E+00   8.5299116373062134E-01   5.4003868717700243E-04
     121   9.5715336501598358E-03   3.5996398925781250E+00   5.9929674863815308E-01  -1.0347217321395874E-01   3.8541159592568874E-03   1.3111127773299813E-03  -1.1393201566534117E-04  -1.7698095689411275E-05   3.0344665447046282E-06  -1.2467687326989108E-07   2.3612008094787598E+00  -6.7810022830963135E-01  -1.0803259611129761E+00   3.8682004809379578E-01   1.0866590738296509E+00   3.7253711372613907E-02  -1.2258728742599487E+00   5.6754046678543091E-01   5.1077740499749780E-04
     122   9.5727536827325821E-03   3.5783913135528564E+00   6.0680609941482544E-01  -1.0293257981538773E-01   3.3295978792011738E-03   1.3258596882224083E-03  -1.0018989996751770E-04  -1.7710908650769852E-05   2.6687478111853125E-06  -9.7362310214066383E-08   2.3619012832641602E+00  -6.4002084732055664E-01  -1.0729547739028931E+00   3.4099525213241577E-01   1.0463218688964844E+00   6.8102955818176270E-02  -1.1485478878021240E+00   5.1277089118957520E-01   5.8014516253024340E-04
     123   9.5733646303415298E-03   3.6779892444610596E+00   5.7647484540939331E-01  -1.0657099634408951E-01   5.6629693135619164E-03   1.2906057527288795E-03  -1.6017258167266846E-04  -1.8133756384486333E-05   4.2399797166581266E-06  -2.1081388013044489E-07   2.3412103652954102E+00  -8.1992655992507935E-01  -1.0821629762649536E+00   5.8014094829559326E-01   1.2268447875976562E+00  -1.2016880512237549E-01  -1.5478233098983765E+00   8.2367271184921265E-01   4.9648107960820198E-04
     124   9.5739746466279030E-03   3.6873614788055420E+00   5.7353109121322632E-01  -1.0689669847488403E-01   5.8828797191381454E-03   1.2870287755504251E-03  -1.6580231022089720E-04  -1.8171262126998045E-05   4.3868421926163137E-06  -2.2139988686831202E-07   2.3397247791290283E+00  -8.3697855472564697E-01  -1.0841757059097290E+00   6.0172784328460693E-01   1.2448116540908813E+00  -1.3490633666515350E-01  -1.5832359790802002E+00   8.4813010692596436E-01   4.7039822675287724E-04
     125   9.5751956105232239E-03   3.6186614036560059E+00   5.9550172090530396E-01  -1.0462539643049240E-01   4.2457794770598412E-03   1.3186136493459344E-03  -1.2345561117399484E-04  -1.7981506971409544E-05   3.2720452054491034E-06  -1.4003106230120466E-07   2.3502697944641113E+00  -7.1324753761291504E-01  -1.0725358724594116E+00   4.4191560149192810E-01   1.1186503171920776E+00  -1.3945449143648148E-02  -1.3153818845748901E+00   6.4467793703079224E-01   5.2531249821186066E-04
     126   9.5776366069912910E-03   3.6163167953491211E+00   5.9638589620590210E-01  -1.0459040105342865E-01   4.1863732039928436E-03   1.3210853794589639E-03  -1.2184791557956487E-04  -1.7997741451836191E-05   3.2278981052513700E-06  -1.3657189867899433E-07   2.3500332832336426E+00  -7.0925921201705933E-01  -1.0716042518615723E+00   4.3714714050292969E-01   1.1144170761108398E+00  -1.0491875931620598E-02  -1.3069187402725220E+00   6.3854211568832397E-01   4.7957038623280823E-04
     127   9.5800776034593582E-03   3.6431865692138672E+00   5.8790147304534912E-01  -1.0551439225673676E-01   4.8248930834233761E-03   1.3096707407385111E-03  -1.3833133562002331E-04  -1.8084836483467370E-05   3.6613523661799263E-06  -1.6812622050110804E-07   2.3452305793762207E+00  -7.5791060924530029E-01  -1.0753237009048462E+00   5.0073313713073730E-01   1.1637207269668579E+00  -5.9382848441600800E-02  -1.4133325815200806E+00   7.1999472379684448E-01   5.5031047668308020E-04
     128   9.5898434519767761E-03   3.6185145378112793E+00   5.9521251916885376E-01  -1.0460880398750305E-01   4.2599057778716087E-03   1.3174269115552306E-03  -1.2388853065203875E-04  -1.7968355678021908E-05   3.2848515729710925E-06  -1.4110565871305880E-07   2.3496971130371094E+00  -7.1392762660980225E-01  -1.0719529390335083E+00   4.4324746727943420E-01   1.1184177398681641E+00  -1.7017666250467300E-02  -1.3185268640518188E+00   6.4994364976882935E-01   4.7301061567850411E-04
     129   9.5922853797674179E-03   3.6071302890777588E+00   5.9928852319717407E-01  -1.0433875024318695E-01   3.9787190034985542E-03   1.3257601531222463E-03  -1.1651341628748924E-04  -1.7981254131882451E-05   3.0884975785738789E-06  -1.2640661850582546E-07   2.3496539592742920E+00  -6.9365721940994263E-01  -1.0673903226852417E+00   4.1941851377487183E-01   1.0966012477874756E+00  -1.8830490298569202E-03  -1.2783389091491699E+00   6.2272006273269653E-01   4.9759197281673551E-04
     130   9.5947263762354851E-03   3.6018741130828857E+00   5.9946298599243164E-01  -1.0384295880794525E-01   3.8915874902158976E-03   1.3185220304876566E-03  -1.1455393541837111E-04  -1.7832433513831347E-05   3.0433266147156246E-06  -1.2422000850165205E-07   2.3556451797485352E+00  -6.8416029214859009E-01  -1.0747280120849609E+00   3.9975059032440186E-01   1.0905220508575439E+00   2.2330151870846748E-02  -1.2459229230880737E+00   5.8726936578750610E-01   5.6601379765197635E-04
     131   9.5996093004941940E-03   3.6426792144775391E+00   5.8642631769180298E-01  -1.0521871596574783E-01   4.8662447370588779E-03   1.3002970954403281E-03  -1.3974778994452208E-04  -1.7954016584553756E-05   3.7062970932311146E-06  -1.7255447914976685E-07   2.3487415313720703E+00  -7.5804406404495239E-01  -1.0809282064437866E+00   4.9573597311973572E-01   1.1652873754501343E+00  -5.1486872136592865E-02  -1.4068787097930908E+00   7.1134096384048462E-01   4.7200475819408894E-04
     132   9.6044922247529030E-03   3.6575608253479004E+00   5.8085578680038452E-01  -1.0555832087993622E-01   5.2409195341169834E-03   1.2890854850411415E-03  -1.4952513447497040E-04  -1.7938476958079264E-05   3.9653464227740187E-06  -1.9187933730790974E-07   2.3490891456604004E+00  -7.8513109683990479E-01  -1.0882177352905273E+00   5.2624011039733887E-01   1.1949692964553833E+00  -6.8698234856128693E-02  -1.4577740430831909E+00   7.4354511499404907E-01   5.8262987295165658E-04
     133   9.6093751490116119E-03   3.6529154777526855E+00   5.8233958482742310E-01  -1.0542473942041397E-01   5.1331203430891037E-03   1.2915313709527254E-03  -1.4673422265332192E-04  -1.7931299225892872E-05   3.8918610698601697E-06  -1.8648245259100804E-07   2.3492307662963867E+00  -7.7710318565368652E-01  -1.0866978168487549E+00   5.1651966571807861E-01   1.1862958669662476E+00  -6.2513425946235657E-02  -1.4416646957397461E+00   7.3272919654846191E-01   5.2580877672880888E-04
     134   9.6118170768022537E-03   3.6148030757904053E+00   5.9305405616760254E-01  -1.0384212434291840E-01   4.2680092155933380E-03   1.2985824141651392E-03  -1.2477813288569450E-04  -1.7676091374596581E-05   3.3232672649319284E-06  -1.4632368561251496E-07   2.3596138954162598E+00  -7.0819371938705444E-01  -1.0863381624221802E+00   4.2223581671714783E-01   1.1179213523864746E+00   1.3301989994943142E-02  -1.2859050035476685E+00   6.1012601852416992E-01   5.6230911286547780E-04
     135   9.6142580732703209E-03   3.5870954990386963E+00   6.0481584072113037E-01  -1.0357566922903061E-01   3.5355144646018744E-03   1.3307955814525485E-03  -1.0519986244617030E-04  -1.7874624973046593E-05   2.7939652227360057E-06  -1.0537812045186001E-07   2.3533682823181152E+00  -6.5890777111053467E-01  -1.0656983852386475E+00   3.7285795807838440E-01   1.0609258413314819E+00   3.3397018909454346E-02  -1.2015979290008545E+00   5.6517922878265381E-01   5.6629121536388993E-04
     136   9.6166990697383881E-03   3.6256399154663086E+00   5.9225630760192871E-01  -1.0481614619493484E-01   4.4562686234712601E-03   1.3125892728567123E-03  -1.2894942483399063E-04  -1.7978438336285762E-05   3.4175584460172104E-06  -1.5083467985732568E-07   2.3484437465667725E+00  -7.2868055105209351E-01  -1.0748196840286255E+00   4.6044799685478210E-01   1.1337431669235229E+00  -2.8092686086893082E-02  -1.3470910787582397E+00   6.6964894533157349E-01   5.0360575551167130E-04
     137   9.6179200336337090E-03   3.6368727684020996E+00   5.8676427602767944E-01  -1.0477340221405029E-01   4.7706239856779575E-03   1.2950730742886662E-03  -1.3745643082074821E-04  -1.7835385733633302E-05   3.6499752695817733E-06  -1.6925960721891897E-07   2.3534762859344482E+00  -7.4878394603729248E-01  -1.0874668359756470E+00   4.7670057415962219E-01   1.1589431762695312E+00  -2.8081793338060379E-02  -1.3747634887695312E+00   6.7714738845825195E-01   4.4282322051003575E-04
     138   9.6191409975290298E-03   3.6600224971771240E+00   5.8058851957321167E-01  -1.0581649094820023E-01   5.2929497323930264E-03   1.2926099589094520E-03  -1.5071587404236197E-04  -1.8014794477494434E-05   3.9934911910677329E-06  -1.9337730350343918E-07   2.3453087806701660E+00  -7.9076856374740601E-01  -1.0842580795288086E+00   5.3735119104385376E-01   1.1986284255981445E+00  -8.2083895802497864E-02  -1.4760581254959106E+00   7.6292484998703003E-01   4.9609504640102386E-04
     139   9.6203619614243507E-03   3.6164882183074951E+00   5.9341472387313843E-01  -1.0413647443056107E-01   4.2830249294638634E-03   1.3054201845079660E-03  -1.2481960584409535E-04  -1.7794131053960882E-05   3.3165983950311784E-06  -1.4479016385848809E-07   2.3558547496795654E+00  -7.1227407455444336E-01  -1.0829193592071533E+00   4.3061813712120056E-01   1.1214200258255005E+00   5.7847886346280575E-03  -1.2974547147750854E+00   6.1885654926300049E-01   4.3582549551501870E-04
     140   9.6215829253196716E-03   3.6157059669494629E+00   5.9399837255477905E-01  -1.0418754070997238E-01   4.2588012292981148E-03   1.3077312614768744E-03  -1.2416750541888177E-04  -1.7818285414250568E-05   3.2989664759952575E-06  -1.4332714215470332E-07   2.3544478416442871E+00  -7.1091693639755249E-01  -1.0800946950912476E+00   4.3130391836166382E-01   1.1184446811676025E+00   1.1804434470832348E-03  -1.2990936040878296E+00   6.2556648254394531E-01   5.4890546016395092E-04
     141   9.6228029578924179E-03   3.6357591152191162E+00   5.8777928352355957E-01  -1.0490158945322037E-01   4.7294776886701584E-03   1.3003381900489330E-03  -1.3623732957057655E-04  -1.7900603779708035E-05   3.6145013382338220E-06  -1.6610263742222742E-07   2.3507966995239258E+00  -7.4729418754577637E-01  -1.0832448005676270E+00   4.7841337323188782E-01   1.1558433771133423E+00  -3.3453047275543213E-02  -1.3770160675048828E+00   6.8323725461959839E-01   4.0705379797145724E-04
     142   9.6240239217877388E-03   3.6185879707336426E+00   5.9360527992248535E-01  -1.0441212356090546E-01   4.3111848644912243E-03   1.3106769183650613E-03  -1.2532183609437197E-04  -1.7888351067085750E-05   3.3250330488954205E-06  -1.4466216669006826E-07   2.3522391319274902E+00  -7.1656113862991333E-01  -1.0787818431854248E+00   4.4011706113815308E-01   1.1241325139999390E+00  -5.4671936668455601E-03  -1.3122417926788330E+00   6.3458657264709473E-01   4.7624253784306347E-04
     143   9.6252448856830597E-03   3.6406340599060059E+00   5.8846509456634521E-01  -1.0556752234697342E-01   4.7889114357531071E-03   1.3132728636264801E-03  -1.3727229088544846E-04  -1.8128104784409516E-05   3.6307794744061539E-06  -1.6548953851724946E-07   2.3419151306152344E+00  -7.5672614574432373E-01  -1.0720233917236328E+00   5.0143104791641235E-01   1.1607729196548462E+00  -6.3048951327800751E-02  -1.4139382839202881E+00   7.2373068332672119E-01   5.7336554164066911E-04
     144   9.6264649182558060E-03   3.6283473968505859E+00   5.9218853712081909E-01  -1.0512004047632217E-01   4.5044622384011745E-03   1.3173583429306746E-03  -1.2999978207517415E-04  -1.8072469174512662E-05   3.4410738862789003E-06  -1.5185133861450595E-07   2.3441834449768066E+00  -7.3451656103134155E-01  -1.0700823068618774E+00   4.7267103195190430E-01   1.1377233266830444E+00  -4.2404543608427048E-02  -1.3666840791702271E+00   6.8962168693542480E-01   4.6005938202142715E-04
     145   9.6289068460464478E-03   3.6033706665039062E+00   5.9930282831192017E-01  -1.0411114245653152E-01   3.9319177158176899E-03   1.3233248610049486E-03  -1.1535796511452645E-04  -1.7927584849530831E-05   3.0591957056458341E-06  -1.2459777565254626E-07   2.3509445190429688E+00  -6.8953758478164673E-01  -1.0704920291900635E+00   4.1036862134933472E-01   1.0937677621841431E+00   9.7965998575091362E-03  -1.2626533508300781E+00   6.0509800910949707E-01   4.4547329889610410E-04
     146   9.6484376117587090E-03   3.6713123321533203E+00   5.7750672101974487E-01  -1.0643313825130463E-01   5.5584772489964962E-03   1.2938897125422955E-03  -1.5731080202385783E-04  -1.8148217350244522E-05   4.1612001950852573E-06  -2.0474449513585569E-07   2.3389077186584473E+00  -8.1352114677429199E-01  -1.0812469720840454E+00   5.7089573144912720E-01   1.2198084592819214E+00  -1.1174654215574265E-01  -1.5308364629745483E+00   8.0862420797348022E-01   4.8559225979261100E-04
     147   9.6508786082267761E-03   3.6193902492523193E+00   5.9394502639770508E-01  -1.0468392819166183E-01   4.3293028138577938E-03   1.3163127005100250E-03  -1.2561192852444947E-04  -1.7983573343371972E-05   3.3288272334175417E-06  -1.4421223681893025E-07   2.3469944000244141E+00  -7.1999210119247437E-01  -1.0721364021301270E+00   4.5048734545707703E-01   1.1238902807235718E+00  -2.2274691611528397E-02  -1.3300430774688721E+00   6.5824663639068604E-01   4.8570518265478313E-04
     148   9.6533205360174179E-03   3.6158194541931152E+00   5.9517043828964233E-01  -1.0459168255329132E-01   4.2463955469429493E-03   1.3182086404412985E-03  -1.2351044279057533E-04  -1.7976448361878283E-05   3.2744860618549865E-06  -1.4027314421127812E-07   2.3466844558715820E+00  -7.1364152431488037E-01  -1.0697588920593262E+00   4.4397389888763428E-01   1.1161983013153076E+00  -2.0667044445872307E-02  -1.3200237751007080E+00   6.5476113557815552E-01   4.8004474956542253E-04
     149   9.6557615324854851E-03   3.5852313041687012E+00   6.0293418169021606E-01  -1.0314418375492096E-01   3.5683470778167248E-03   1.3191967736929655E-03  -1.0637502418830991E-04  -1.7709007806843147E-05   2.8323058813839452E-06  -1.0952317808232692E-07   2.3584320545196533E+00  -6.5838015079498291E-01  -1.0756200551986694E+00   3.6262184381484985E-01   1.0644985437393188E+00   5.3087655454874039E-02  -1.1844416856765747E+00   5.3870058059692383E-01   4.9131747800856829E-04
     150   9.6569824963808060E-03   3.6246380805969238E+00   5.8941310644149780E-01  -1.0425288975238800E-01   4.5330072753131390E-03   1.2950148666277528E-03  -1.3154168846085668E-04  -1.7733698769006878E-05   3.4993781810044311E-06  -1.5892621263446927E-07   2.3553183078765869E+00  -7.2923743724822998E-01  -1.0865749120712280E+00   4.5026269555091858E-01   1.1380600929260254E+00  -9.7049344331026077E-03  -1.3324793577194214E+00   6.4782494306564331E-01   4.5978720299899578E-04
     151   9.6582025289535522E-03   3.5875205993652344E+00   6.0034531354904175E-01  -1.0282281786203384E-01   3.6706589162349701E-03   1.3062184443697333E-03  -1.0939303319901228E-04  -1.7550855773151852E-05   2.9195662136771716E-06  -1.1723496129434352E-07   2.3644602298736572E+00  -6.6234135627746582E-01  -1.0859166383743286E+00   3.5876554250717163E-01   1.0725166797637939E+00   6.6496558487415314E-02  -1.1790598630905151E+00   5.2314060926437378E-01   4.6365006710402668E-04
     152   9.6679683774709702E-03   3.6364517211914062E+00   5.8777791261672974E-01  -1.0516499727964401E-01   4.7590532340109348E-03   1.3055189047008753E-03  -1.3677992683369666E-04  -1.7995693269767798E-05   3.6240492136130342E-06  -1.6604121810814831E-07   2.3453118801116943E+00  -7.5198429822921753E-01  -1.0778452157974243E+00   4.8908677697181702E-01   1.1577115058898926E+00  -4.7745097428560257E-02  -1.3943474292755127E+00   7.0267432928085327E-01   4.2932282667607069E-04
     153   9.6704103052616119E-03   3.6261234283447266E+00   5.9254091978073120E-01  -1.0515794157981873E-01   4.4782138429582119E-03   1.3201772235333920E-03  -1.2920149310957640E-04  -1.8108386939275078E-05   3.4175061500718584E-06  -1.4978118656472361E-07   2.3414046764373779E+00  -7.3369097709655762E-01  -1.0675848722457886E+00   4.7304925322532654E-01   1.1351183652877808E+00  -4.5594159513711929E-02  -1.3671621084213257E+00   6.9345313310623169E-01   4.8317530308850110E-04
     154   9.6728513017296791E-03   3.6602954864501953E+00   5.7857078313827515E-01  -1.0563047975301743E-01   5.3667863830924034E-03   1.2850364437326789E-03  -1.5275471378117800E-04  -1.7932370610651560E-05   4.0499412534700241E-06  -1.9814868323919654E-07   2.3469953536987305E+00  -7.9511451721191406E-01  -1.0908144712448120E+00   5.3661304712295532E-01   1.2055872678756714E+00  -7.3207668960094452E-02  -1.4741246700286865E+00   7.5150448083877563E-01   4.7975633060559630E-04
     155   9.6777342259883881E-03   3.6336929798126221E+00   5.8689182996749878E-01  -1.0472461581230164E-01   4.7444473020732403E-03   1.2956509599462152E-03  -1.3678443792741746E-04  -1.7834789105108939E-05   3.6324768188933376E-06  -1.6796448676359432E-07   2.3507933616638184E+00  -7.4735063314437866E-01  -1.0852446556091309E+00   4.7601118683815002E-01   1.1557171344757080E+00  -3.0561808496713638E-02  -1.3738900423049927E+00   6.8020886182785034E-01   4.5671328552998602E-04
     156   9.6875000745058060E-03   3.5959198474884033E+00   6.0022538900375366E-01  -1.0379137098789215E-01   3.8163713179528713E-03   1.3221807312220335E-03  -1.1247169459238648E-04  -1.7862932509160601E-05   2.9856721539545106E-06  -1.1963938106873684E-07   2.3512315750122070E+00  -6.8020612001419067E-01  -1.0711899995803833E+00   3.9611056447029114E-01   1.0839924812316895E+00   2.1686073392629623E-02  -1.2392641305923462E+00   5.8638978004455566E-01   5.2261387463659048E-04
     157   9.7070317715406418E-03   3.7033071517944336E+00   5.6632500886917114E-01  -1.0752975195646286E-01   6.3711889088153839E-03   1.2778070522472262E-03  -1.7835151811596006E-04  -1.8236150935990736E-05   4.7158705456240568E-06  -2.4530532982680597E-07   2.3311722278594971E+00  -8.7534809112548828E-01  -1.0854799747467041E+00   6.5145719051361084E-01   1.2812789678573608E+00  -1.7523281276226044E-01  -1.6663432121276855E+00   9.1420245170593262E-01   4.5214197598397732E-04
     158   9.7265625372529030E-03   3.6135404109954834E+00   5.9268772602081299E-01  -1.0412298142910004E-01   4.2994418181478977E-03   1.3052220456302166E-03  -1.2519033043645322E-04  -1.7802163711166941E-05   3.3254414120165166E-06  -1.4535238790358562E-07   2.3514373302459717E+00  -7.1451020240783691E-01  -1.0810670852661133E+00   4.3378865718841553E-01   1.1210912466049194E+00   2.0391558064147830E-04  -1.3029310703277588E+00   6.2759941816329956E-01   5.2768399473279715E-04
     159   9.7363274544477463E-03   3.5948495864868164E+00   6.0047298669815063E-01  -1.0394048690795898E-01   3.8135407958179712E-03   1.3263440923765302E-03  -1.1223505134694278E-04  -1.7928618035512045E-05   2.9760026336589362E-06  -1.1838737634661811E-07   2.3468012809753418E+00  -6.8185758590698242E-01  -1.0667910575866699E+00   4.0163168311119080E-01   1.0830760002136230E+00   1.2334960512816906E-02  -1.2481676340103149E+00   5.9909313917160034E-01   5.4608046775683761E-04
     160   9.7387693822383881E-03   3.6266660690307617E+00   5.9054863452911377E-01  -1.0506089031696320E-01   4.5666489750146866E-03   1.3136654160916805E-03  -1.3164883421268314E-04  -1.8044931493932381E-05   3.4856484489864670E-06  -1.5535262321009213E-07   2.3407247066497803E+00  -7.3940908908843994E-01  -1.0705059766769409E+00   4.7745236754417419E-01   1.1410015821456909E+00  -4.6943675726652145E-02  -1.3751913309097290E+00   6.9736605882644653E-01   5.1870069000869989E-04
     161   9.7399894148111343E-03   3.6109421253204346E+00   5.9481108188629150E-01  -1.0437348484992981E-01   4.2143636383116245E-03   1.3154585612937808E-03  -1.2275380140636116E-04  -1.7923279301612638E-05   3.2564316825300921E-06  -1.3933397724485985E-07   2.3454973697662354E+00  -7.1094024181365967E-01  -1.0710066556930542E+00   4.3792605400085449E-01   1.1129043102264404E+00  -1.4791016466915607E-02  -1.3101233243942261E+00   6.4603209495544434E-01   5.1845342386513948E-04
     162   9.7412103787064552E-03   3.6408565044403076E+00   5.8657062053680420E-01  -1.0566344857215881E-01   4.8908898606896400E-03   1.3110875152051449E-03  -1.3989918807055801E-04  -1.8138951418222860E-05   3.7001505006628577E-06  -1.7057259071862063E-07   2.3363518714904785E+00  -7.6531767845153809E-01  -1.0698788166046143E+00   5.1361578702926636E-01   1.1662967205047607E+00  -7.7138148248195648E-02  -1.4351460933685303E+00   7.4588602781295776E-01   4.7371097025461495E-04
     163   9.7436513751745224E-03   3.6794998645782471E+00   5.7327961921691895E-01  -1.0674959421157837E-01   5.8348542079329491E-03   1.2876652181148529E-03  -1.6446926747448742E-04  -1.8168288079323247E-05   4.3502645894477610E-06  -2.1864326527065714E-07   2.3335866928100586E+00  -8.3503460884094238E-01  -1.0817382335662842E+00   5.9880477190017700E-01   1.2397485971450806E+00  -1.3527449965476990E-01  -1.5779514312744141E+00   8.4715652465820312E-01   4.4396039447747171E-04
     164   9.7460933029651642E-03   3.5991361141204834E+00   5.9644979238510132E-01  -1.0353622585535049E-01   3.9884396828711033E-03   1.3073283480480313E-03  -1.1732836719602346E-04  -1.7702441255096346E-05   3.1227787076204550E-06  -1.3114348007547960E-07   2.3543872833251953E+00  -6.8979638814926147E-01  -1.0803402662277222E+00   4.0037029981613159E-01   1.0961282253265381E+00   2.6220694184303284E-02  -1.2479121685028076E+00   5.8508735895156860E-01   4.1523994877934456E-04
     165   9.7656250000000000E-03   3.6183395385742188E+00   5.9038633108139038E-01  -1.0427550226449966E-01   4.4470052234828472E-03   1.3015698641538620E-03  -1.2898902059532702E-04  -1.7808833945309743E-05   3.4252068417117698E-06  -1.5268962272330100E-07   2.3496878147125244E+00  -7.2602117061614990E-01  -1.0830049514770508E+00   4.4734135270118713E-01   1.1331846714019775E+00  -7.9968106001615524E-03  -1.3249015808105469E+00   6.4139455556869507E-01   4.6093709534034133E-04
     166   9.7753908485174179E-03   3.6666834354400635E+00   5.7810181379318237E-01  -1.0661813616752625E-01   5.5238176137208939E-03   1.3012008275836706E-03  -1.5614138101227582E-04  -1.8251737856189720E-05   4.1248872548749205E-06  -2.0120398858125554E-07   2.3298642635345459E+00  -8.1437814235687256E-01  -1.0727134943008423E+00   5.7802784442901611E-01   1.2153732776641846E+00  -1.2715145945549011E-01  -1.5424351692199707E+00   8.2828265428543091E-01   4.3676228960976005E-04
     167   9.7802737727761269E-03   3.6007158756256104E+00   5.9581840038299561E-01  -1.0370791703462601E-01   4.0410817600786686E-03   1.3092808658257127E-03  -1.1852680472657084E-04  -1.7759915863280185E-05   3.1504553135164315E-06  -1.3266168252812349E-07   2.3514122962951660E+00  -6.9515973329544067E-01  -1.0787791013717651E+00   4.0856552124023438E-01   1.1005188226699829E+00   1.8507543951272964E-02  -1.2608807086944580E+00   5.9615737199783325E-01   5.0738756544888020E-04
     168   9.7851566970348358E-03   3.5864188671112061E+00   6.0028046369552612E-01  -1.0322505235671997E-01   3.7070596590638161E-03   1.3150064041838050E-03  -1.0995315824402496E-04  -1.7706606740830466E-05   2.9265825105539989E-06  -1.1650554654352163E-07   2.3533127307891846E+00  -6.6971230506896973E-01  -1.0758312940597534E+00   3.7624907493591309E-01   1.0741310119628906E+00   4.1715215891599655E-02  -1.2071064710617065E+00   5.5726623535156250E-01   5.2238674834370613E-04
     169   9.7949225455522537E-03   3.6503951549530029E+00   5.8093321323394775E-01  -1.0563390702009201E-01   5.2031143568456173E-03   1.2946012429893017E-03  -1.4827761333435774E-04  -1.8015414752881043E-05   3.9273681977647357E-06  -1.8839263304926135E-07   2.3389241695404053E+00  -7.8607720136642456E-01  -1.0811710357666016E+00   5.3124117851257324E-01   1.1909620761871338E+00  -7.9638876020908356E-02  -1.4648874998092651E+00   7.5644308328628540E-01   4.9311737529933453E-04
     170   9.7973635420203209E-03   3.6457223892211914E+00   5.8257836103439331E-01  -1.0552119463682175E-01   5.0918897613883018E-03   1.2975556310266256E-03  -1.4541673590429127E-04  -1.8013372027780861E-05   3.8524531191796996E-06  -1.8288100989138911E-07   2.3385987281799316E+00  -7.7772337198257446E-01  -1.0783569812774658E+00   5.2230232954025269E-01   1.1810184717178345E+00  -7.6562978327274323E-02  -1.4507738351821899E+00   7.5053942203521729E-01   5.1680137403309345E-04
     171   9.7998045384883881E-03   3.6050519943237305E+00   5.9471780061721802E-01  -1.0399234294891357E-01   4.1457042098045349E-03   1.3106451369822025E-03  -1.2112361582694575E-04  -1.7823829693952575E-05   3.2167076824407559E-06  -1.3710504731534456E-07   2.3477065563201904E+00  -7.0447546243667603E-01  -1.0759159326553345E+00   4.2375123500823975E-01   1.1082947254180908E+00   2.9665925540030003E-03  -1.2859942913055420E+00   6.1966776847839355E-01   4.4833001447841525E-04
     172   9.8022464662790298E-03   3.5834991931915283E+00   6.0102546215057373E-01  -1.0315811634063721E-01   3.6499074194580317E-03   1.3165224809199572E-03  -1.0846264194697142E-04  -1.7707021470414475E-05   2.8870681489934213E-06  -1.1356046769606110E-07   2.3526785373687744E+00  -6.6560727357864380E-01  -1.0744984149932861E+00   3.7155291438102722E-01   1.0691084861755371E+00   4.3678972870111465E-02  -1.1995100975036621E+00   5.5354738235473633E-01   4.5375878107734025E-04
     173   9.8046874627470970E-03   3.5655698776245117E+00   6.0629135370254517E-01  -1.0247129201889038E-01   3.2327470835298300E-03   1.3221831759437919E-03  -9.7714211733546108E-05  -1.7623147869016975E-05   2.6049747248180211E-06  -9.3222311647878087E-08   2.3571228981018066E+00  -6.3351565599441528E-01  -1.0746667385101318E+00   3.2717555761337280E-01   1.0382128953933716E+00   8.2075752317905426E-02  -1.1244742870330811E+00   4.9054729938507080E-01   4.7897204058244824E-04
     174   9.8437499254941940E-03   3.6040074825286865E+00   5.9635895490646362E-01  -1.0442262142896652E-01   4.1083842515945435E-03   1.3229980831965804E-03  -1.1978972179349512E-04  -1.7999296687776223E-05   3.1739696169097442E-06  -1.3258878084343451E-07   2.3385956287384033E+00  -7.0591163635253906E-01  -1.0635193586349487E+00   4.3639734387397766E-01   1.1037144660949707E+00  -2.1290050819516182E-02  -1.3069583177566528E+00   6.5163749456405640E-01   4.8857426736503839E-04
     175   9.9999997764825821E-03   3.5733456611633301E+00   6.0189783573150635E-01  -1.0310189425945282E-01   3.5397866740822792E-03   1.3231674674898386E-03  -1.0526570258662105E-04  -1.7776193999452516E-05   2.7957476049778052E-06  -1.0608802369915793E-07   2.3441131114959717E+00  -6.6123557090759277E-01  -1.0695434808731079E+00   3.6715984344482422E-01   1.0613814592361450E+00   4.4663131237030029E-02  -1.1895842552185059E+00   5.4747796058654785E-01   4.3750976328738034E-04
     176   1.0004882700741291E-02   3.6275715827941895E+00   5.8559125661849976E-01  -1.0514777898788452E-01   4.8069087788462639E-03   1.3057665200904012E-03  -1.3777543790638447E-04  -1.8033379092230462E-05   3.6459357488638489E-06  -1.6724868601158960E-07   2.3316724300384521E+00  -7.5950151681900024E-01  -1.0729466676712036E+00   4.9917238950729370E-01   1.1591606140136719E+00  -6.1197001487016678E-02  -1.4100295305252075E+00   7.2116607427597046E-01   5.1505625015124679E-04
     177   1.0009765625000000E-02   3.6100234985351562E+00   5.9107863903045654E-01  -1.0455478727817535E-01   4.3969862163066864E-03   1.3128345599398017E-03  -1.2725680426228791E-04  -1.7970658518606797E-05   3.3708965929690748E-06  -1.4733632269781083E-07   2.3340411186218262E+00  -7.2810679674148560E-01  -1.0691391229629517E+00   4.5948863029479980E-01   1.1263849735260010E+00  -3.3364981412887573E-02  -1.3445065021514893E+00   6.7388433218002319E-01   4.6475065755657852E-04
     178   1.0012207552790642E-02   3.5864949226379395E+00   5.9909820556640625E-01  -1.0389408469200134E-01   3.8262263406068087E-03   1.3269183691591024E-03  -1.1240765161346644E-04  -1.7951399058802053E-05   2.9782127057842445E-06  -1.1832350566010064E-07   2.3355677127838135E+00  -6.8585455417633057E-01  -1.0617583990097046E+00   4.0792185068130493E-01   1.0814108848571777E+00   9.7221153555437922E-04  -1.2583314180374146E+00   6.1464786529541016E-01   4.3222759268246591E-04
     179   1.0013427585363388E-02   3.5978529453277588E+00   5.9445148706436157E-01  -1.0405059903860092E-01   4.1236216202378273E-03   1.3149719452485442E-03  -1.2032734957756475E-04  -1.7888509319163859E-05   3.1916376883600606E-06  -1.3469620796513482E-07   2.3372278213500977E+00  -7.0622301101684570E-01  -1.0688509941101074E+00   4.2961055040359497E-01   1.1042557954788208E+00  -1.0117623023688793E-02  -1.2953737974166870E+00   6.3702666759490967E-01   6.0220155864953995E-04
     180   1.0014648549258709E-02   3.5809340476989746E+00   5.9803688526153564E-01  -1.0308970510959625E-01   3.7672328762710094E-03   1.3105762191116810E-03  -1.1150936916237697E-04  -1.7670359738986008E-05   2.9682971671718406E-06  -1.1984059256064938E-07   2.3461608886718750E+00  -6.7555320262908936E-01  -1.0756895542144775E+00   3.8137489557266235E-01   1.0772196054458618E+00   3.7076067179441452E-02  -1.2154315710067749E+00   5.6411868333816528E-01   5.3448881953954697E-04
     181   1.0019531473517418E-02   3.5294528007507324E+00   6.1486011743545532E-01  -1.0148559510707855E-01   2.5345513131469488E-03   1.3369705993682146E-03  -7.9543977335561067E-05  -1.7569800547789782E-05   2.1247135464363964E-06  -5.7902507677454196E-08   2.3523001670837402E+00  -5.8304250240325928E-01  -1.0641714334487915E+00   2.6433035731315613E-01   9.8121798038482666E-01   1.2160930037498474E-01  -1.0196061134338379E+00   4.2067819833755493E-01   4.9464782932773232E-04
     182   1.0029297322034836E-02   3.5981450080871582E+00   5.9314721822738647E-01  -1.0385690629482269E-01   4.1644792072474957E-03   1.3085159007459879E-03  -1.2152966519352049E-04  -1.7807196854846552E-05   3.2264304081763839E-06  -1.3788533692604688E-07   2.3402342796325684E+00  -7.0778882503509521E-01  -1.0749719142913818E+00   4.2604279518127441E-01   1.1087533235549927E+00   5.1117828115820885E-04  -1.2889572381973267E+00   6.2244158983230591E-01   5.8372749481350183E-04
     183   1.0031738318502903E-02   3.6297199726104736E+00   5.8261245489120483E-01  -1.0481684654951096E-01   4.9290927127003670E-03   1.2913633836433291E-03  -1.4138984261080623E-04  -1.7858319552033208E-05   3.7510833408305189E-06  -1.7648245886903169E-07   2.3366558551788330E+00  -7.6477825641632080E-01  -1.0824172496795654E+00   4.9771028757095337E-01   1.1675908565521240E+00  -5.1641751080751419E-02  -1.4092549085617065E+00   7.1211099624633789E-01   5.1578367128968239E-04
     184   1.0032959282398224E-02   3.6328098773956299E+00   5.8180391788482666E-01  -1.0496410727500916E-01   4.9956245347857475E-03   1.2916154228150845E-03  -1.4301175542641431E-04  -1.7891772586153820E-05   3.7916083783784416E-06  -1.7919457206971856E-07   2.3357081413269043E+00  -7.7059942483901978E-01  -1.0828640460968018E+00   5.0523126125335693E-01   1.1740226745605469E+00  -5.5933836847543716E-02  -1.4208163022994995E+00   7.1841353178024292E-01   5.1350117428228259E-04
     185   1.0034179314970970E-02   3.6030278205871582E+00   5.9008425474166870E-01  -1.0370925813913345E-01   4.3184095993638039E-03   1.2971265241503716E-03  -1.2576256995089352E-04  -1.7695989299681969E-05   3.3431788324378431E-06  -1.4740051312855940E-07   2.3445711135864258E+00  -7.1674048900604248E-01  -1.0842548608779907E+00   4.2987230420112610E-01   1.1215782165527344E+00   7.5516290962696075E-03  -1.2954590320587158E+00   6.1647945642471313E-01   4.5556284021586180E-04
     186   1.0039062239229679E-02   3.6100575923919678E+00   5.9105479717254639E-01  -1.0466838628053665E-01   4.4093900360167027E-03   1.3151395833119750E-03  -1.2747685832437128E-04  -1.8012318832916208E-05   3.3746759982022922E-06  -1.4729207009622769E-07   2.3313138484954834E+00  -7.3019677400588989E-01  -1.0665825605392456E+00   4.6426549553871155E-01   1.1269994974136353E+00  -4.0027119219303131E-02  -1.3522231578826904E+00   6.8332767486572266E-01   5.7428679428994656E-04
     187   1.0078124701976776E-02   3.6294105052947998E+00   5.8432400226593018E-01  -1.0534589737653732E-01   4.8954575322568417E-03   1.3064856175333261E-03  -1.3994386245030910E-04  -1.8084230759995990E-05   3.7005597732786555E-06  -1.7087958781303314E-07   2.3269333839416504E+00  -7.6784050464630127E-01  -1.0705844163894653E+00   5.1184648275375366E-01   1.1657533645629883E+00  -7.3765315115451813E-02  -1.4306607246398926E+00   7.3964989185333252E-01   6.8522099172696471E-04
     188   1.0097656399011612E-02   3.6160371303558350E+00   5.8580774068832397E-01  -1.0436133295297623E-01   4.6568512916564941E-03   1.2953659752383828E-03  -1.3434454740490764E-04  -1.7809792552725412E-05   3.5657819807966007E-06  -1.6307123473779939E-07   2.3368785381317139E+00  -7.4453002214431763E-01  -1.0810023546218872E+00   4.7029644250869751E-01   1.1467001438140869E+00  -2.9803257435560226E-02  -1.3630738258361816E+00   6.7473077774047852E-01   4.5994101674295962E-04
     189   1.0100098326802254E-02   3.6511206626892090E+00   5.7670819759368896E-01  -1.0600404441356659E-01   5.4388735443353653E-03   1.2939118314534426E-03  -1.5406662714667618E-04  -1.8116154024028219E-05   4.0736708797339816E-06  -1.9834530462503608E-07   2.3238773345947266E+00  -8.0828654766082764E-01  -1.0757616758346558E+00   5.6251299381256104E-01   1.2069863080978394E+00  -1.1129740625619888E-01  -1.5160503387451172E+00   8.0426883697509766E-01   6.4485799521207809E-04
     190   1.0101318359375000E-02   3.6096436977386475E+00   5.8877468109130859E-01  -1.0436888039112091E-01   4.4832453131675720E-03   1.3047413667663932E-03  -1.2964806228410453E-04  -1.7884929548017681E-05   3.4374422739347210E-06  -1.5291682586848765E-07   2.3342275619506836E+00  -7.3333001136779785E-01  -1.0744208097457886E+00   4.6065446734428406E-01   1.1325656175613403E+00  -2.9127424582839012E-02  -1.3466362953186035E+00   6.7064327001571655E-01   4.7326847561635077E-04
     191   1.0102539323270321E-02   3.5622446537017822E+00   6.0285782814025879E-01  -1.0256376117467880E-01   3.3833752386271954E-03   1.3190490426495671E-03  -1.0147679131478071E-04  -1.7647440472501330E-05   2.7020118977816310E-06  -1.0016758977826612E-07   2.3450469970703125E+00  -6.4774173498153687E-01  -1.0713925361633301E+00   3.4574013948440552E-01   1.0471676588058472E+00   6.2376216053962708E-02  -1.1552919149398804E+00   5.2027016878128052E-01   4.9779296386986971E-04
     192   1.0107422247529030E-02   3.5548787117004395E+00   6.0434246063232422E-01  -1.0214516520500183E-01   3.2328863162547350E-03   1.3168291188776493E-03  -9.7782125521916896E-05  -1.7548973119119182E-05   2.6091352083312813E-06  -9.4065420341848949E-08   2.3487014770507812E+00  -6.3461560010910034E-01  -1.0740305185317993E+00   3.2530462741851807E-01   1.0351598262786865E+00   8.1448934972286224E-02  -1.1218005418777466E+00   4.9124586582183838E-01   5.2196148317307234E-04
     193   1.0109863243997097E-02   3.5638089179992676E+00   6.0190075635910034E-01  -1.0254196822643280E-01   3.4366233740001917E-03   1.3156518107280135E-03  -1.0295962420059368E-04  -1.7615584511077031E-05   2.7434193725639489E-06  -1.0352432866511663E-07   2.3455884456634521E+00  -6.5092486143112183E-01  -1.0729560852050781E+00   3.4865978360176086E-01   1.0505594015121460E+00   6.0730330646038055E-02  -1.1607825756072998E+00   5.2460467815399170E-01   4.6259409282356501E-04
     194   1.0112304240465164E-02   3.6484465599060059E+00   5.7615679502487183E-01  -1.0564947128295898E-01   5.4167979396879673E-03   1.2864405289292336E-03  -1.5379504475276917E-04  -1.7987649698625319E-05   4.0734398680797312E-06  -1.9940368645166018E-07   2.3279612064361572E+00  -8.0406945943832397E-01  -1.0813168287277222E+00   5.5171918869018555E-01   1.2050230503082275E+00  -9.7104981541633606E-02  -1.4989285469055176E+00   7.8444528579711914E-01   5.5288930889219046E-04
     195   1.0117187164723873E-02   3.6027069091796875E+00   5.9145891666412354E-01  -1.0430195927619934E-01   4.3117473833262920E-03   1.3122619129717350E-03  -1.2505774793680757E-04  -1.7930975445779040E-05   3.3133640044979984E-06  -1.4332553632812051E-07   2.3321919441223145E+00  -7.2204482555389404E-01  -1.0694369077682495E+00   4.4945529103279114E-01   1.1195207834243774E+00  -2.4409538134932518E-02  -1.3273137807846069E+00   6.5920180082321167E-01   4.9409939674660563E-04
     196   1.0119628161191940E-02   3.5560939311981201E+00   6.0633367300033569E-01  -1.0275822132825851E-01   3.2056618947535753E-03   1.3331408845260739E-03  -9.6513336757197976E-05  -1.7793146980693564E-05   2.5634953999542631E-06  -8.8722458713164087E-08   2.3390016555786133E+00  -6.3806903362274170E-01  -1.0605005025863647E+00   3.4197744727134705E-01   1.0328738689422607E+00   5.4261639714241028E-02  -1.1481009721755981E+00   5.2719610929489136E-01   4.9819861305877566E-04
     197   1.0122070088982582E-02   3.6201729774475098E+00   5.8461898565292358E-01  -1.0462240129709244E-01   4.7624958679080009E-03   1.2962123146280646E-03  -1.3698355178348720E-04  -1.7867552742245607E-05   3.6332326089905109E-06  -1.6762992061103432E-07   2.3333916664123535E+00  -7.5361198186874390E-01  -1.0784429311752319E+00   4.8477312922477722E-01   1.1539845466613770E+00  -4.5117717236280441E-02  -1.3873548507690430E+00   6.9874584674835205E-01   4.8912252532318234E-04
     198   1.0124511085450649E-02   3.6085042953491211E+00   5.8800435066223145E-01  -1.0417134314775467E-01   4.4913431629538536E-03   1.2998995371162891E-03  -1.2997776502743363E-04  -1.7814472812460735E-05   3.4488357414375059E-06  -1.5429166921876458E-07   2.3364672660827637E+00  -7.3278272151947021E-01  -1.0790444612503052E+00   4.5544427633285522E-01   1.1341576576232910E+00  -1.9007371738553047E-02  -1.3375667333602905E+00   6.5622258186340332E-01   4.3820470455102623E-04
     199   1.0126952081918716E-02   3.6013171672821045E+00   5.9200704097747803E-01  -1.0431628674268723E-01   4.2799278162419796E-03   1.3143304968252778E-03  -1.2418428377714008E-04  -1.7949842003872618E-05   3.2893676689127460E-06  -1.4139934023660317E-07   2.3311097621917725E+00  -7.2021961212158203E-01  -1.0677160024642944E+00   4.4834727048873901E-01   1.1168256998062134E+00  -2.5382883846759796E-02  -1.3252834081649780E+00   6.6021686792373657E-01   4.6714869677089155E-04
     200   1.0136717930436134E-02   3.6435151100158691E+00   5.7752299308776855E-01  -1.0553620010614395E-01   5.3117508068680763E-03   1.2896407861262560E-03  -1.5099160373210907E-04  -1.7996775568462908E-05   3.9976575862965547E-06  -1.9364721026704501E-07   2.3274195194244385E+00  -7.9686987400054932E-01  -1.0801789760589600E+00   5.4242491722106934E-01   1.1974442005157471E+00  -8.9790903031826019E-02  -1.4826580286026001E+00   7.7159523963928223E-01   5.0861138151958585E-04
     201   1.0139159858226776E-02   3.5844645500183105E+00   5.9427863359451294E-01  -1.0311704128980637E-01   3.9608282968401909E-03   1.3024661457166076E-03  -1.1653995170490816E-04  -1.7632619346841238E-05   3.1013321404316230E-06  -1.2991952758056868E-07   2.3437240123748779E+00  -6.9020289182662964E-01  -1.0809721946716309E+00   3.9503887295722961E-01   1.0929783582687378E+00   3.2683487981557846E-02  -1.2372438907623291E+00   5.7349246740341187E-01   4.8952328506857157E-04
     202   1.0141600854694843E-02   3.6238505840301514E+00   5.8257222175598145E-01  -1.0462791472673416E-01   4.8783179372549057E-03   1.2904634932056069E-03  -1.4007740537635982E-04  -1.7826896510086954E-05   3.7169481856835773E-06  -1.7416577691165003E-07   2.3342106342315674E+00  -7.6146709918975830E-01  -1.0824502706527710E+00   4.9167519807815552E-01   1.1632193326950073E+00  -4.6459611505270004E-02  -1.3988493680953979E+00   7.0345318317413330E-01   5.3935486357659101E-04
     203   1.0144041851162910E-02   3.5299556255340576E+00   6.1267316341400146E-01  -1.0154115408658981E-01   2.6429989375174046E-03   1.3337334385141730E-03  -8.2304810348432511E-05  -1.7569089322932996E-05   2.1969037788949208E-06  -6.3232349134523247E-08   2.3479592800140381E+00  -5.9227615594863892E-01  -1.0648928880691528E+00   2.7474108338356018E-01   9.8950707912445068E-01   1.1440379172563553E-01  -1.0362904071807861E+00   4.3223026394844055E-01   5.2205007523298264E-04
     204   1.0146483778953552E-02   3.6270031929016113E+00   5.8208036422729492E-01  -1.0486426949501038E-01   4.9426234327256680E-03   1.2927689822390676E-03  -1.4162155275698751E-04  -1.7889809896587394E-05   3.7549839362327475E-06  -1.7649352912485483E-07   2.3313939571380615E+00  -7.6758253574371338E-01  -1.0796341896057129E+00   5.0262045860290527E-01   1.1681149005889893E+00  -5.8291073888540268E-02  -1.4169613122940063E+00   7.2037476301193237E-01   4.9711554311215878E-04
     205   1.0156249627470970E-02   3.6632397174835205E+00   5.7084661722183228E-01  -1.0618142783641815E-01   5.8014248497784138E-03   1.2792750494554639E-03  -1.6372946265619248E-04  -1.8037106201518327E-05   4.3347949940653052E-06  -2.1843959530087886E-07   2.3235869407653809E+00  -8.3356368541717529E-01  -1.0828059911727905E+00   5.9038174152374268E-01   1.2337669134140015E+00  -1.2846589088439941E-01  -1.5640152692794800E+00   8.3665436506271362E-01   4.2132590897381306E-04
     206   1.0175781324505806E-02   3.5688037872314453E+00   5.9983801841735840E-01  -1.0286150872707367E-01   3.5884019453078508E-03   1.3161875540390611E-03  -1.0667571768863127E-04  -1.7692520486889407E-05   2.8367007871565875E-06  -1.0976810926877079E-07   2.3407495021820068E+00  -6.6446590423583984E-01  -1.0718222856521606E+00   3.6732974648475647E-01   1.0631668567657471E+00   4.5601990073919296E-02  -1.1905784606933594E+00   5.4765534400939941E-01   4.1028246050700545E-04
     207   1.0185547173023224E-02   3.5943078994750977E+00   5.9148031473159790E-01  -1.0370004922151566E-01   4.2021679691970348E-03   1.3042887439951301E-03  -1.2250735017005354E-04  -1.7764090443961322E-05   3.2526404538657516E-06  -1.4009472693032876E-07   2.3368604183197021E+00  -7.1120303869247437E-01  -1.0772632360458374E+00   4.2661711573600769E-01   1.1117926836013794E+00   3.4294307697564363E-03  -1.2890616655349731E+00   6.1812728643417358E-01   4.8873689956963062E-04
     208   1.0195312090218067E-02   3.5517826080322266E+00   6.0421019792556763E-01  -1.0213399678468704E-01   3.2185649033635855E-03   1.3181775575503707E-03  -9.7305797680746764E-05  -1.7568190742167644E-05   2.5945087145373691E-06  -9.2780688021321112E-08   2.3452355861663818E+00  -6.3489800691604614E-01  -1.0725384950637817E+00   3.2589349150657654E-01   1.0342158079147339E+00   8.0256886780261993E-02  -1.1219662427902222E+00   4.9149426817893982E-01   6.1739451484754682E-04
     209   1.0200195014476776E-02   3.5884549617767334E+00   5.9502238035202026E-01  -1.0393075644969940E-01   4.0282299742102623E-03   1.3190028257668018E-03  -1.1763752263505012E-04  -1.7921605831361376E-05   3.1162394407147076E-06  -1.2871016963345028E-07   2.3303084373474121E+00  -7.0180284976959229E-01  -1.0652357339859009E+00   4.2429926991462708E-01   1.0969536304473877E+00  -7.9758400097489357E-03  -1.2848773002624512E+00   6.3006979227066040E-01   4.8030310426838696E-04
     210   1.0202636010944843E-02   3.6716494560241699E+00   5.6915718317031860E-01  -1.0685829818248749E-01   5.9915184974670410E-03   1.2860660208389163E-03  -1.6822779434733093E-04  -1.8225393432658166E-05   4.4442040234571323E-06  -2.2503827779019048E-07   2.3146960735321045E+00  -8.5215401649475098E-01  -1.0755758285522461E+00   6.2182766199111938E-01   1.2490370273590088E+00  -1.6054429113864899E-01  -1.6148878335952759E+00   8.8340502977371216E-01   4.7263226588256657E-04
     211   1.0205077007412910E-02   3.6036152839660645E+00   5.8932566642761230E-01  -1.0426480323076248E-01   4.4116885401308537E-03   1.3069496490061283E-03  -1.2769982276950032E-04  -1.7893778931465931E-05   3.3843323308246909E-06  -1.4885399934883026E-07   2.3306186199188232E+00  -7.2936517000198364E-01  -1.0723134279251099E+00   4.5580384135246277E-01   1.1270844936370850E+00  -2.6453834027051926E-02  -1.3377770185470581E+00   6.6386878490447998E-01   4.3146390817128122E-04
     212   1.0209959931671619E-02   3.5794806480407715E+00   5.9524571895599365E-01  -1.0308769345283508E-01   3.8850973360240459E-03   1.3063373044133186E-03  -1.1447026190580800E-04  -1.7663774997345172E-05   3.0446374239545548E-06  -1.2544570893169293E-07   2.3401789665222168E+00  -6.8578952550888062E-01  -1.0771069526672363E+00   3.9146724343299866E-01   1.0858144760131836E+00   3.0717361718416214E-02  -1.2314059734344482E+00   5.7498288154602051E-01   4.5019743265584111E-04
     213   1.0214842855930328E-02   3.5913362503051758E+00   5.9250044822692871E-01  -1.0372988134622574E-01   4.1424366645514965E-03   1.3083103112876415E-03  -1.2087383947800845E-04  -1.7802525690058246E-05   3.2077141440822743E-06  -1.3645919239024806E-07   2.3342413902282715E+00  -7.0769721269607544E-01  -1.0732309818267822E+00   4.2499887943267822E-01   1.1057641506195068E+00  -6.6546455491334200E-04  -1.2867330312728882E+00   6.2348628044128418E-01   4.8621330643072724E-04
     214   1.0234374552965164E-02   3.5663816928863525E+00   6.0030049085617065E-01  -1.0293402522802353E-01   3.5616045352071524E-03   1.3196844374760985E-03  -1.0587581346044317E-04  -1.7736472727847286E-05   2.8135946195106953E-06  -1.0771334046921766E-07   2.3367431163787842E+00  -6.6397285461425781E-01  -1.0676060914993286E+00   3.6979982256889343E-01   1.0602675676345825E+00   3.8882620632648468E-02  -1.1946303844451904E+00   5.5580747127532959E-01   4.5568245695903897E-04
     215   1.0236816480755806E-02   3.6319632530212402E+00   5.8034741878509521E-01  -1.0534164309501648E-01   5.0957603380084038E-03   1.2970648240298033E-03  -1.4525611186400056E-04  -1.8025082681560889E-05   3.8437992770923302E-06  -1.8197195572611236E-07   2.3231024742126465E+00  -7.8269904851913452E-01  -1.0742318630218506E+00   5.2708959579467773E-01   1.1801905632019043E+00  -8.2952745258808136E-02  -1.4564436674118042E+00   7.5611215829849243E-01   6.0173188103362918E-04
     216   1.0239257477223873E-02   3.6401188373565674E+00   5.7862490415573120E-01  -1.0581557452678680E-01   5.2714487537741661E-03   1.2990295654162765E-03  -1.4965519949328154E-04  -1.8127217117580585E-05   3.9565379665873479E-06  -1.8958664327328734E-07   2.3182268142700195E+00  -7.9756861925125122E-01  -1.0696874856948853E+00   5.5160349607467651E-01   1.1922255754470825E+00  -1.0943770408630371E-01  -1.4979102611541748E+00   7.9760050773620605E-01   4.6647049020975828E-04
     217   1.0244140401482582E-02   3.6222252845764160E+00   5.8261615037918091E-01  -1.0485973209142685E-01   4.8904526047408581E-03   1.2961725005879998E-03  -1.4015087799634784E-04  -1.7924141502589919E-05   3.7139229789318051E-06  -1.7315184663857508E-07   2.3267054557800293E+00  -7.6535373926162720E-01  -1.0756586790084839E+00   5.0187540054321289E-01   1.1630637645721436E+00  -6.2145832926034927E-02  -1.4154340028762817E+00   7.2447091341018677E-01   6.6730246180668473E-04
     218   1.0249023325741291E-02   3.6201417446136475E+00   5.8249270915985107E-01  -1.0463582724332809E-01   4.8608495853841305E-03   1.2924986658617854E-03  -1.3950496213510633E-04  -1.7855158148449846E-05   3.6996102608100045E-06  -1.7262061646761140E-07   2.3295440673828125E+00  -7.6185536384582520E-01  -1.0797077417373657E+00   4.9332910776138306E-01   1.1615263223648071E+00  -5.0221975892782211E-02  -1.4009634256362915E+00   7.0726907253265381E-01   4.8052440979517996E-04
     219   1.0250244289636612E-02   3.6365041732788086E+00   5.7724463939666748E-01  -1.0517869889736176E-01   5.2512800320982933E-03   1.2850236380472779E-03  -1.4959670079406351E-04  -1.7901567844091915E-05   3.9651099541515578E-06  -1.9198623135707749E-07   2.3269846439361572E+00  -7.9145288467407227E-01  -1.0825762748718262E+00   5.3146356344223022E-01   1.1918348073959351E+00  -7.8729547560214996E-02  -1.4647163152694702E+00   7.5510323047637939E-01   5.7687878143042326E-04
     220   1.0251464322209358E-02   3.5954031944274902E+00   5.9010952711105347E-01  -1.0375994443893433E-01   4.2809825390577316E-03   1.3019050238654017E-03  -1.2458793935365975E-04  -1.7759928596206009E-05   3.3086005259974627E-06  -1.4431533656988904E-07   2.3340749740600586E+00  -7.1732419729232788E-01  -1.0764768123626709E+00   4.3497487902641296E-01   1.1162753105163574E+00  -5.6790299713611603E-03  -1.3037356138229370E+00   6.3327085971832275E-01   5.3053611190989614E-04
     221   1.0253906250000000E-02   3.6104624271392822E+00   5.8591455221176147E-01  -1.0440768301486969E-01   4.6244799159467220E-03   1.2995417928323150E-03  -1.3330602087080479E-04  -1.7867985661723651E-05   3.5343159652256873E-06  -1.6020655380089011E-07   2.3293962478637695E+00  -7.4472993612289429E-01  -1.0756751298904419E+00   4.7330468893051147E-01   1.1427955627441406E+00  -3.8145113736391068E-02  -1.3674807548522949E+00   6.8545746803283691E-01   4.6124914661049843E-04
     222   1.0273437015712261E-02   3.6061799526214600E+00   5.8895188570022583E-01  -1.0470661520957947E-01   4.4861305505037308E-03   1.3142263051122427E-03  -1.2928454088978469E-04  -1.8040809663943946E-05   3.4188633435405791E-06  -1.5023617550014023E-07   2.3224997520446777E+00  -7.3865848779678345E-01  -1.0646741390228271E+00   4.7456297278404236E-01   1.1323854923248291E+00  -4.9538146704435349E-02  -1.3681108951568604E+00   6.9654780626296997E-01   4.7965583507902920E-04
     223   1.0312499478459358E-02   3.6291198730468750E+00   5.8081275224685669E-01  -1.0543667525053024E-01   5.0664567388594151E-03   1.3016043230891228E-03  -1.4431271119974554E-04  -1.8087246644427069E-05   3.8150533328007441E-06  -1.7930793205778173E-07   2.3183834552764893E+00  -7.8247100114822388E-01  -1.0698841810226440E+00   5.2962249517440796E-01   1.1771192550659180E+00  -8.9812561869621277E-02  -1.4601961374282837E+00   7.6518654823303223E-01   4.8837484791874886E-04
     224   1.0468749329447746E-02   3.6237263679504395E+00   5.7925558090209961E-01  -1.0510881245136261E-01   5.0748651847243309E-03   1.2946471106261015E-03  -1.4467047003563493E-04  -1.7988331819651648E-05   3.8278958527371287E-06  -1.8098505449870572E-07   2.3172903060913086E+00  -7.8241807222366333E-01  -1.0743908882141113E+00   5.2359032630920410E-01   1.1776268482208252E+00  -7.9613067209720612E-02  -1.4498122930526733E+00   7.5064873695373535E-01   5.0579517846927047E-04
     225   1.0546874254941940E-02   3.6046440601348877E+00   5.8483505249023438E-01  -1.0464177280664444E-01   4.6618385240435600E-03   1.3056718744337559E-03  -1.3386685168370605E-04  -1.7989948901231401E-05   3.5410798773227725E-06  -1.5964279498348333E-07   2.3152649402618408E+00  -7.5284320116043091E-01  -1.0672529935836792E+00   4.8840928077697754E-01   1.1446481943130493E+00  -5.8310840278863907E-02  -1.3907897472381592E+00   7.1201074123382568E-01   4.4645258458331227E-04
     226   1.0549316182732582E-02   3.5393419265747070E+00   6.0369622707366943E-01  -1.0204091668128967E-01   3.1589837744832039E-03   1.3222263660281897E-03  -9.5446201157756150E-05  -1.7621683582547121E-05   2.5393092073500156E-06  -8.8094864736376621E-08   2.3322217464447021E+00  -6.3486814498901367E-01  -1.0665005445480347E+00   3.2679420709609985E-01   1.0283174514770508E+00   7.4235558509826660E-02  -1.1215339899063110E+00   4.9686518311500549E-01   4.9324415158480406E-04
     227   1.0551757179200649E-02   3.6217796802520752E+00   5.7852536439895630E-01  -1.0504459589719772E-01   5.0920052453875542E-03   1.2928301002830267E-03  -1.4513444330077618E-04  -1.7969738109968603E-05   3.8407433748943731E-06  -1.8206711160928535E-07   2.3152289390563965E+00  -7.8391504287719727E-01  -1.0745421648025513E+00   5.2451825141906738E-01   1.1781606674194336E+00  -8.0653317272663116E-02  -1.4514633417129517E+00   7.5267904996871948E-01   5.0337001448497176E-04
     228   1.0556640103459358E-02   3.6009933948516846E+00   5.8536499738693237E-01  -1.0441801697015762E-01   4.5918300747871399E-03   1.3042865321040154E-03  -1.3210362521931529E-04  -1.7941440091817640E-05   3.4956474337377585E-06  -1.5660984331589134E-07   2.3175158500671387E+00  -7.4681997299194336E-01  -1.0701220035552979E+00   4.7730687260627747E-01   1.1400413513183594E+00  -4.5392267405986786E-02  -1.3718302249908447E+00   6.9249945878982544E-01   5.0435023149475455E-04
     229   1.0566405951976776E-02   3.5625698566436768E+00   5.9610360860824585E-01  -1.0283679515123367E-01   3.7213114555925131E-03   1.3120009098201990E-03  -1.0993958858307451E-04  -1.7697824659990147E-05   2.9198090487625450E-06  -1.1575960456866596E-07   2.3278911113739014E+00  -6.7779338359832764E-01  -1.0703734159469604E+00   3.8206151127815247E-01   1.0718303918838501E+00   3.2501328736543655E-02  -1.2137951850891113E+00   5.6716012954711914E-01   5.2746757864952087E-04
     230   1.0585937649011612E-02   3.5535993576049805E+00   5.9902703762054443E-01  -1.0261738300323486E-01   3.5172330681234598E-03   1.3172506587579846E-03  -1.0467807442182675E-04  -1.7691856555757113E-05   2.7818769012810662E-06  -1.0561732466385365E-07   2.3269925117492676E+00  -6.6273093223571777E-01  -1.0655443668365479E+00   3.6565229296684265E-01   1.0543922185897827E+00   3.9558850228786469E-02  -1.1873584985733032E+00   5.5305534601211548E-01   6.1079184524714947E-04
     231   1.0588379576802254E-02   3.5510830879211426E+00   5.9911060333251953E-01  -1.0238450020551682E-01   3.4749042242765427E-03   1.3140152441337705E-03  -1.0370097879786044E-04  -1.7624943211558275E-05   2.7586415853875224E-06  -1.0439487141411519E-07   2.3298728466033936E+00  -6.5827202796936035E-01  -1.0692982673645020E+00   3.5607445240020752E-01   1.0517386198043823E+00   5.1862224936485291E-02  -1.1712898015975952E+00   5.3505706787109375E-01   4.4653844088315964E-04
     232   1.0590820573270321E-02   3.5905816555023193E+00   5.8705770969390869E-01  -1.0382866114377975E-01   4.4019226916134357E-03   1.2999542523175478E-03  -1.2753874761983752E-04  -1.7791775462683290E-05   3.3832563985924935E-06  -1.4951324089906848E-07   2.3215417861938477E+00  -7.2974836826324463E-01  -1.0728198289871216E+00   4.5120155811309814E-01   1.1233661174774170E+00  -2.3249521851539612E-02  -1.3301436901092529E+00   6.5910398960113525E-01   6.1590800760313869E-04
     233   1.0595703497529030E-02   3.5918424129486084E+00   5.8659261465072632E-01  -1.0387711971998215E-01   4.4308141805231571E-03   1.2999915052205324E-03  -1.2819268158636987E-04  -1.7808022676035762E-05   3.3982773857132997E-06  -1.5042895995520666E-07   2.3215692043304443E+00  -7.3249131441116333E-01  -1.0744322538375854E+00   4.5335668325424194E-01   1.1274335384368896E+00  -2.1306864917278290E-02  -1.3323953151702881E+00   6.5570640563964844E-01   4.8511652857996523E-04
     234   1.0598145425319672E-02   3.6060225963592529E+00   5.8229964971542358E-01  -1.0440883040428162E-01   4.7636614181101322E-03   1.2952336110174656E-03  -1.3674738875124604E-04  -1.7872005628305487E-05   3.6224048471922288E-06  -1.6659296875332075E-07   2.3182926177978516E+00  -7.5822347402572632E-01  -1.0752557516098022E+00   4.8795595765113831E-01   1.1528403759002686E+00  -4.9448724836111069E-02  -1.3902993202209473E+00   7.0231604576110840E-01   6.4660498173907399E-04
     235   1.0600586421787739E-02   3.6023046970367432E+00   5.8332228660583496E-01  -1.0425648093223572E-01   4.6822936274111271E-03   1.2957181315869093E-03  -1.3471345300786197E-04  -1.7844464309746400E-05   3.5704099445865722E-06  -1.6297150295940810E-07   2.3190572261810303E+00  -7.5153911113739014E-01  -1.0746238231658936E+00   4.7932103276252747E-01   1.1455231904983521E+00  -4.4113028794527054E-02  -1.3765685558319092E+00   6.9424003362655640E-01   4.4000774505548179E-04
     236   1.0605469346046448E-02   3.5759572982788086E+00   5.9050828218460083E-01  -1.0312636196613312E-01   4.0864357724785805E-03   1.2999814935028553E-03  -1.1953971988987178E-04  -1.7662407117313705E-05   3.1762654089106945E-06  -1.3511726137949154E-07   2.3271903991699219E+00  -7.0421993732452393E-01  -1.0767852067947388E+00   4.1228073835372925E-01   1.1003130674362183E+00   1.4396196231245995E-02  -1.2645077705383301E+00   5.9982299804687500E-01   5.1272218115627766E-04
     237   1.0625000111758709E-02   3.5529677867889404E+00   5.9983384609222412E-01  -1.0286758095026016E-01   3.5006757825613022E-03   1.3244147412478924E-03  -1.0400163591839373E-04  -1.7798367480281740E-05   2.7586606847762596E-06  -1.0303030961722470E-07   2.3216249942779541E+00  -6.6409492492675781E-01  -1.0589400529861450E+00   3.7296789884567261E-01   1.0524426698684692E+00   2.6468163356184959E-02  -1.1991155147552490E+00   5.7049804925918579E-01   5.4494838695973158E-04
     238   1.0703125968575478E-02   3.5843665599822998E+00   5.8864790201187134E-01  -1.0393074154853821E-01   4.2995554395020008E-03   1.3088583946228027E-03  -1.2456167314667255E-04  -1.7893844415084459E-05   3.2978643957903842E-06  -1.4228189115783607E-07   2.3147549629211426E+00  -7.2550368309020996E-01  -1.0658885240554810E+00   4.5017001032829285E-01   1.1155220270156860E+00  -2.8496462851762772E-02  -1.3269051313400269E+00   6.6285163164138794E-01   5.3543935064226389E-04
     239   1.0742188431322575E-02   3.5985171794891357E+00   5.8235973119735718E-01  -1.0414683073759079E-01   4.6927160583436489E-03   1.2937844730913639E-03  -1.3494609447661787E-04  -1.7824304450186901E-05   3.5760972423304338E-06  -1.6349783038549504E-07   2.3157501220703125E+00  -7.5315856933593750E-01  -1.0753402709960938E+00   4.7926312685012817E-01   1.1464619636535645E+00  -4.2392827570438385E-02  -1.3757771253585815E+00   6.9055789709091187E-01   4.8300271737389266E-04
     240   1.0747071355581284E-02   3.5958034992218018E+00   5.8367270231246948E-01  -1.0417180508375168E-01   4.6192817389965057E-03   1.2982430635020137E-03  -1.3295109965838492E-04  -1.7863458197098225E-05   3.5214200124755735E-06  -1.5912175399535045E-07   2.3141164779663086E+00  -7.4860119819641113E-01  -1.0718327760696411E+00   4.7608554363250732E-01   1.1403193473815918E+00  -4.3708808720111847E-02  -1.3703757524490356E+00   6.9100749492645264E-01   4.8028089804574847E-04
     241   1.0751953348517418E-02   3.5956530570983887E+00   5.8280742168426514E-01  -1.0397925972938538E-01   4.6421559527516365E-03   1.2922545429319143E-03  -1.3376666174735874E-04  -1.7777612811187282E-05   3.5479181406117277E-06  -1.6181073192456097E-07   2.3167953491210938E+00  -7.4843430519104004E-01  -1.0757789611816406E+00   4.7237259149551392E-01   1.1415957212448120E+00  -3.7291046231985092E-02  -1.3651077747344971E+00   6.8300646543502808E-01   4.6876104897819459E-04
     242   1.0754395276308060E-02   3.5888001918792725E+00   5.8522909879684448E-01  -1.0381184518337250E-01   4.4745942577719688E-03   1.2970397947356105E-03  -1.2938704458065331E-04  -1.7782489521778189E-05   3.4315796710870927E-06  -1.5312384959997871E-07   2.3167748451232910E+00  -7.3622930049896240E-01  -1.0729488134384155E+00   4.5808711647987366E-01   1.1282461881637573E+00  -2.8721764683723450E-02  -1.3412735462188721E+00   6.6769868135452271E-01   4.8223105841316283E-04
     243   1.0756836272776127E-02   3.5493354797363281E+00   5.9844601154327393E-01  -1.0264512896537781E-01   3.5192009527236223E-03   1.3193694176152349E-03  -1.0452816786710173E-04  -1.7733585991663858E-05   2.7738840344682103E-06  -1.0459894639325285E-07   2.3206427097320557E+00  -6.6534638404846191E-01  -1.0630697011947632E+00   3.6935123801231384E-01   1.0546237230300903E+00   3.5107459872961044E-02  -1.1920990943908691E+00   5.5815064907073975E-01   4.3686767457984388E-04
     244   1.0761719197034836E-02   3.5256471633911133E+00   6.0510003566741943E-01  -1.0167191177606583E-01   2.9819470364600420E-03   1.3240888947620988E-03  -9.0866291429847479E-05  -1.7581578504177742E-05   2.4193896024371497E-06  -7.9482710191314254E-08   2.3269450664520264E+00  -6.2270939350128174E-01  -1.0628881454467773E+00   3.1089308857917786E-01   1.0123438835144043E+00   8.2382492721080780E-02  -1.0952720642089844E+00   4.8186236619949341E-01   5.1066069863736629E-04
     245   1.0766602121293545E-02   3.5481047630310059E+00   5.9795778989791870E-01  -1.0244096070528030E-01   3.5165422596037388E-03   1.3145247939974070E-03  -1.0464867227710783E-04  -1.7655294868745841E-05   2.7813796350528719E-06  -1.0581130283071616E-07   2.3230314254760742E+00  -6.6355788707733154E-01  -1.0664829015731812E+00   3.6380973458290100E-01   1.0541352033615112E+00   4.2777802795171738E-02  -1.1835138797760010E+00   5.4768395423889160E-01   5.9880485059693456E-04
     246   1.0771485045552254E-02   3.5829687118530273E+00   5.8684056997299194E-01  -1.0362104326486588E-01   4.3466882780194283E-03   1.2993609998375177E-03  -1.2606299424078315E-04  -1.7766073142411187E-05   3.3438402624597074E-06  -1.4672197323761793E-07   2.3172626495361328E+00  -7.2676682472229004E-01  -1.0723433494567871E+00   4.4541561603546143E-01   1.1187855005264282E+00  -1.8253238871693611E-02  -1.3196555376052856E+00   6.4999467134475708E-01   4.4526622514240444E-04
     247   1.0773926973342896E-02   3.5696310997009277E+00   5.9088236093521118E-01  -1.0313944518566132E-01   4.0333061479032040E-03   1.3044612715020776E-03  -1.1795855971286073E-04  -1.7717049558996223E-05   3.1303475225286093E-06  -1.3119611708134471E-07   2.3201162815093994E+00  -7.0290809869766235E-01  -1.0717761516571045E+00   4.1300642490386963E-01   1.0954240560531616E+00   8.9435288682579994E-03  -1.2648715972900391E+00   6.0503482818603516E-01   4.8686002264730632E-04
     248   1.0776367969810963E-02   3.6132116317749023E+00   5.7646936178207397E-01  -1.0448768734931946E-01   5.0826850347220898E-03   1.2817906681448221E-03  -1.4515221118927002E-04  -1.7801536159822717E-05   3.8474431676149834E-06  -1.8382111477421859E-07   2.3150506019592285E+00  -7.8160178661346436E-01  -1.0822054147720337E+00   5.1181209087371826E-01   1.1771768331527710E+00  -6.1665311455726624E-02  -1.4300172328948975E+00   7.2579091787338257E-01   6.0921587282791734E-04
     249   1.0778808966279030E-02   3.6075632572174072E+00   5.8004039525985718E-01  -1.0469940304756165E-01   4.9062129110097885E-03   1.2961049797013402E-03  -1.4023091353010386E-04  -1.7951046174857765E-05   3.7100783174537355E-06  -1.7243692695956270E-07   2.3093075752258301E+00  -7.7174270153045654E-01  -1.0708802938461304E+00   5.0835758447647095E-01   1.1622939109802246E+00  -7.1372233331203461E-02  -1.4239553213119507E+00   7.3546928167343140E-01   6.3124147709459066E-04
     250   1.0781250894069672E-02   3.6041793823242188E+00   5.8120542764663696E-01  -1.0461455583572388E-01   4.8237396404147148E-03   1.2984911445528269E-03  -1.3805847265757620E-04  -1.7954807844944298E-05   3.6519506920740241E-06  -1.6807112501737720E-07   2.3093936443328857E+00  -7.6582872867584229E-01  -1.0698661804199219E+00   5.0109088420867920E-01   1.1561635732650757E+00  -6.6066943109035492E-02  -1.4115430116653442E+00   7.2598701715469360E-01   7.4379425495862961E-04
     251   1.0800782591104507E-02   3.5883929729461670E+00   5.8469325304031372E-01  -1.0380921512842178E-01   4.4973278418183327E-03   1.2960716849192977E-03  -1.2998028250876814E-04  -1.7777463654056191E-05   3.4475458505767165E-06  -1.5435306011113425E-07   2.3153858184814453E+00  -7.3817074298858643E-01  -1.0728282928466797E+00   4.6034511923789978E-01   1.1295760869979858E+00  -3.0950389802455902E-02  -1.3451019525527954E+00   6.7133456468582153E-01   5.4481858387589455E-04
     252   1.0820313356816769E-02   3.5864601135253906E+00   5.8483994007110596E-01  -1.0370763391256332E-01   4.4681667350232601E-03   1.2953873956575990E-03  -1.2924194743391126E-04  -1.7755910448613577E-05   3.4284953471797053E-06  -1.5308559397908539E-07   2.3158988952636719E+00  -7.3585027456283569E-01  -1.0740274190902710E+00   4.5583793520927429E-01   1.1278952360153198E+00  -2.5284083560109138E-02  -1.3371764421463013E+00   6.6235643625259399E-01   4.7217504470609128E-04
     253   1.0839844122529030E-02   3.5298738479614258E+00   6.0234308242797852E-01  -1.0176988691091537E-01   3.1397459097206593E-03   1.3190298341214657E-03  -9.4919370894785970E-05  -1.7573571312823333E-05   2.5255812943214551E-06  -8.7364625755981251E-08   2.3253185749053955E+00  -6.3496232032775879E-01  -1.0666273832321167E+00   3.2341980934143066E-01   1.0258975028991699E+00   7.7702336013317108E-02  -1.1150411367416382E+00   4.9039584398269653E-01   4.6149300760589540E-04
     254   1.0859375819563866E-02   3.6086773872375488E+00   5.7724064588546753E-01  -1.0446851700544357E-01   5.0217537209391594E-03   1.2849438935518265E-03  -1.4351341815199703E-04  -1.7825683244154789E-05   3.8032887914596358E-06  -1.8037502513834625E-07   2.3111784458160400E+00  -7.7816557884216309E-01  -1.0778793096542358E+00   5.1009774208068848E-01   1.1707141399383545E+00  -6.6066250205039978E-02  -1.4276893138885498E+00   7.3082864284515381E-01   5.3290766663849354E-04
     255   1.0878907516598701E-02   3.6240453720092773E+00   5.7329881191253662E-01  -1.0525845736265182E-01   5.3686164319515228E-03   1.2859079288318753E-03  -1.5219292254187167E-04  -1.7987238607020117E-05   4.0253598854178563E-06  -1.9557000996428542E-07   2.3038935661315918E+00  -8.0723637342453003E-01  -1.0741299390792847E+00   5.5319178104400635E-01   1.1976794004440308E+00  -1.0504736751317978E-01  -1.4988340139389038E+00   7.9150694608688354E-01   4.5578542631119490E-04
     256   1.0888673365116119E-02   3.5943856239318848E+00   5.8241778612136841E-01  -1.0422665625810623E-01   4.6744211576879025E-03   1.2976968428120017E-03  -1.3429402315523475E-04  -1.7882077372632921E-05   3.5553687212086516E-06  -1.6146326231591956E-07   2.3089790344238281E+00  -7.5430929660797119E-01  -1.0703129768371582E+00   4.8372605443000793E-01   1.1441539525985718E+00  -5.1212608814239502E-02  -1.3825594186782837E+00   7.0161920785903931E-01   5.6453858269378543E-04
     257   1.0893555358052254E-02   3.5758135318756104E+00   5.8715742826461792E-01  -1.0336302965879440E-01   4.2640510946512222E-03   1.2985529610887170E-03  -1.2392817006912082E-04  -1.7724183635436930E-05   3.2879063383006724E-06  -1.4283664029335341E-07   2.3156826496124268E+00  -7.2091203927993774E-01  -1.0731837749481201E+00   4.3518680334091187E-01   1.1125291585922241E+00  -8.1698689609766006E-03  -1.3019459247589111E+00   6.3339179754257202E-01   5.6886253878474236E-04
     258   1.0898438282310963E-02   3.5577542781829834E+00   5.9282195568084717E-01  -1.0275635123252869E-01   3.8395589217543602E-03   1.3062518555670977E-03  -1.1298602476017550E-04  -1.7666628991719335E-05   3.0006935958226677E-06  -1.2195809517834277E-07   2.3183524608612061E+00  -6.8853938579559326E-01  -1.0698605775833130E+00   3.9358294010162354E-01   1.0789810419082642E+00   2.2076429799199104E-02  -1.2328044176101685E+00   5.8288532495498657E-01   5.2998849423602223E-04
     259   1.0900879278779030E-02   3.6281137466430664E+00   5.7121086120605469E-01  -1.0529297590255737E-01   5.4942248389124870E-03   1.2801820412278175E-03  -1.5557065489701927E-04  -1.7949723769561388E-05   4.1171974771714304E-06  -2.0271723144560383E-07   2.3041505813598633E+00  -8.1565612554550171E-01  -1.0768965482711792E+00   5.6206595897674561E-01   1.2065026760101318E+00  -1.1058056354522705E-01  -1.5145084857940674E+00   8.0270218849182129E-01   5.9278821572661400E-04
     260   1.0903321206569672E-02   3.5918340682983398E+00   5.8287745714187622E-01  -1.0411432385444641E-01   4.6298136003315449E-03   1.2973651755601168E-03  -1.3320425932761282E-04  -1.7858177670859732E-05   3.5280290830996819E-06  -1.5963648536398978E-07   2.3092687129974365E+00  -7.5034886598587036E-01  -1.0699133872985840E+00   4.7846016287803650E-01   1.1393043994903564E+00  -4.8818159848451614E-02  -1.3747072219848633E+00   6.9857460260391235E-01   4.9757451051846147E-04
     261   1.0908203199505806E-02   3.5332400798797607E+00   5.9957760572433472E-01  -1.0173683613538742E-01   3.2871437724679708E-03   1.3107936829328537E-03  -9.8927077488042414E-05  -1.7506603398942389E-05   2.6356090074841632E-06  -9.6097728885524702E-08   2.3250932693481445E+00  -6.4470088481903076E-01  -1.0704371929168701E+00   3.3270046114921570E-01   1.0359513759613037E+00   7.2604827582836151E-02  -1.1316370964050293E+00   5.0153732299804688E-01   5.4198567522689700E-04
     262   1.0910645127296448E-02   3.5856373310089111E+00   5.8334112167358398E-01  -1.0359632968902588E-01   4.5226407237350941E-03   1.2905333423987031E-03  -1.3074351591058075E-04  -1.7705790014588274E-05   3.4702304674283369E-06  -1.5656488017157244E-07   2.3150169849395752E+00  -7.3941522836685181E-01  -1.0765794515609741E+00   4.5743477344512939E-01   1.1315013170242310E+00  -2.4297326803207397E-02  -1.3400743007659912E+00   6.6235125064849854E-01   5.6588236475363374E-04
     263   1.0913086123764515E-02   3.5963683128356934E+00   5.8105063438415527E-01  -1.0421225428581238E-01   4.7512040473520756E-03   1.2932886602357030E-03  -1.3641678378917277E-04  -1.7844342437456362E-05   3.6142989756626775E-06  -1.6617167375443387E-07   2.3090441226959229E+00  -7.5903600454330444E-01  -1.0717577934265137E+00   4.8869726061820984E-01   1.1484659910202026E+00  -5.5645763874053955E-02  -1.3920911550521851E+00   7.1090936660766602E-01   4.7924509271979332E-04
     264   1.0917969048023224E-02   3.5662996768951416E+00   5.8994406461715698E-01  -1.0307374596595764E-01   4.0510310791432858E-03   1.3030566042289138E-03  -1.1838338832603768E-04  -1.7707152437651530E-05   3.1411702821060317E-06  -1.3204233084707084E-07   2.3161954879760742E+00  -7.0515364408493042E-01  -1.0713537931442261E+00   4.1480687260627747E-01   1.0960319042205811E+00   6.9298269227147102E-03  -1.2675836086273193E+00   6.0801708698272705E-01   4.5085302554070950E-04
     265   1.0927734896540642E-02   3.5935180187225342E+00   5.8172231912612915E-01  -1.0411529988050461E-01   4.6909805387258530E-03   1.2944705085828900E-03  -1.3480291818268597E-04  -1.7840024156612344E-05   3.5706063954421552E-06  -1.6291642168653198E-07   2.3094527721405029E+00  -7.5486367940902710E-01  -1.0724943876266479E+00   4.8208805918693542E-01   1.1451692581176758E+00  -4.7811824828386307E-02  -1.3800535202026367E+00   6.9745349884033203E-01   4.5973001397214830E-04
     266   1.0930176824331284E-02   3.5425200462341309E+00   5.9741830825805664E-01  -1.0229627043008804E-01   3.4932494163513184E-03   1.3136811321601272E-03  -1.0398391168564558E-04  -1.7639831639826298E-05   2.7627077088254737E-06  -1.0445464937447468E-07   2.3192005157470703E+00  -6.6294491291046143E-01  -1.0665712356567383E+00   3.6098492145538330E-01   1.0523940324783325E+00   4.6177234500646591E-02  -1.1778085231781006E+00   5.4149365425109863E-01   4.9849040806293488E-04
     267   1.0932617820799351E-02   3.5537846088409424E+00   5.9407049417495728E-01  -1.0273431241512299E-01   3.7545433733612299E-03   1.3105690013617277E-03  -1.1065159924328327E-04  -1.7700844182400033E-05   2.9363275189098204E-06  -1.1686446299563613E-07   2.3164961338043213E+00  -6.8350028991699219E-01  -1.0673990249633789E+00   3.8846221566200256E-01   1.0731513500213623E+00   2.4959037080407143E-02  -1.2232149839401245E+00   5.7601761817932129E-01   5.8747659204527736E-04
     268   1.0935058817267418E-02   3.5785391330718994E+00   5.8717942237854004E-01  -1.0378961265087128E-01   4.3210722506046295E-03   1.3060650089755654E-03  -1.2510117085184902E-04  -1.7866608686745167E-05   3.3122050808742642E-06  -1.4350662524975633E-07   2.3086888790130615E+00  -7.2833871841430664E-01  -1.0653121471405029E+00   4.5198002457618713E-01   1.1158251762390137E+00  -3.0810637399554253E-02  -1.3296006917953491E+00   6.6611325740814209E-01   5.7340343482792377E-04
     269   1.0937500745058060E-02   3.5861301422119141E+00   5.8555364608764648E-01  -1.0422547161579132E-01   4.4817053712904453E-03   1.3081093784421682E-03  -1.2906720803584903E-04  -1.7964979633688927E-05   3.4127087928936817E-06  -1.5020549426481011E-07   2.3045370578765869E+00  -7.4234563112258911E-01  -1.0623074769973755E+00   4.7390869259834290E-01   1.1284635066986084E+00  -5.1618952304124832E-02  -1.3656811714172363E+00   6.9766223430633545E-01   6.3292344566434622E-04
     270   1.0942383669316769E-02   3.5741853713989258E+00   5.8660709857940674E-01  -1.0323728621006012E-01   4.2659812606871128E-03   1.2959596933797002E-03  -1.2401198910083622E-04  -1.7687410945654847E-05   3.2909365472733043E-06  -1.4331322972793714E-07   2.3160552978515625E+00  -7.2073274850845337E-01  -1.0757491588592529E+00   4.3201377987861633E-01   1.1132041215896606E+00  -2.1703012753278017E-03  -1.2961485385894775E+00   6.2498039007186890E-01   5.6023558136075735E-04
     271   1.0947266593575478E-02   3.6024115085601807E+00   5.7846713066101074E-01  -1.0438245534896851E-01   4.9209715798497200E-03   1.2887821067124605E-03  -1.4081191329751164E-04  -1.7845983165898360E-05   3.7303173030522885E-06  -1.7477101721397048E-07   2.3078520298004150E+00  -7.7191245555877686E-01  -1.0743021965026855E+00   5.0373220443725586E-01   1.1621701717376709E+00  -6.4713239669799805E-02  -1.4168106317520142E+00   7.2650605440139771E-01   5.5115565191954374E-04
     272   1.0952149517834187E-02   3.5384781360626221E+00   5.9760868549346924E-01  -1.0199267417192459E-01   3.4339535050094128E-03   1.3095347676426172E-03  -1.0265417949995026E-04  -1.7549546100781299E-05   2.7322832920617657E-06  -1.0293508978520549E-07   2.3218014240264893E+00  -6.5664422512054443E-01  -1.0695044994354248E+00   3.4947499632835388E-01   1.0467438697814941E+00   5.7433482259511948E-02  -1.1596807241439819E+00   5.2570378780364990E-01   5.5632746079936624E-04
     273   1.0957032442092896E-02   3.5635991096496582E+00   5.8965665102005005E-01  -1.0285697132349014E-01   4.0322942659258842E-03   1.2987515656277537E-03  -1.1811151489382610E-04  -1.7629345165914856E-05   3.1390329695568653E-06  -1.3256750719392585E-07   2.3172006607055664E+00  -7.0224183797836304E-01  -1.0728629827499390E+00   4.0917447209358215E-01   1.0928502082824707E+00   1.1284320615231991E-02  -1.2596735954284668E+00   6.0249775648117065E-01   5.7101761922240257E-04
     274   1.0966798290610313E-02   3.5788633823394775E+00   5.8488726615905762E-01  -1.0342300683259964E-01   4.3928115628659725E-03   1.2937920400872827E-03  -1.2730128946714103E-04  -1.7706179278320633E-05   3.3777746466512326E-06  -1.4963443106807972E-07   2.3140239715576172E+00  -7.3046928644180298E-01  -1.0753260850906372E+00   4.4555759429931641E-01   1.1219918727874756E+00  -1.4815632253885269E-02  -1.3193737268447876E+00   6.4570373296737671E-01   6.1071902746334672E-04
     275   1.0971680283546448E-02   3.6059875488281250E+00   5.7714462280273438E-01  -1.0454232990741730E-01   5.0185532309114933E-03   1.2876625405624509E-03  -1.4329962141346186E-04  -1.7869948351290077E-05   3.7950671867292840E-06  -1.7938822338692262E-07   2.3060028553009033E+00  -7.7975004911422729E-01  -1.0740494728088379E+00   5.1448160409927368E-01   1.1695313453674316E+00  -7.3911756277084351E-02  -1.4347274303436279E+00   7.4117910861968994E-01   5.9289939235895872E-04
     276   1.0976563207805157E-02   3.5811519622802734E+00   5.8548259735107422E-01  -1.0382340848445892E-01   4.4161290861666203E-03   1.3022996718063951E-03  -1.2757793592754751E-04  -1.7849381038104184E-05   3.3779920158849563E-06  -1.4850643026420585E-07   2.3082637786865234E+00  -7.3543602228164673E-01  -1.0680699348449707E+00   4.5878094434738159E-01   1.1239707469940186E+00  -3.2601516693830490E-02  -1.3404687643051147E+00   6.6970753669738770E-01   5.9049390256404877E-04
     277   1.0981446132063866E-02   3.5940530300140381E+00   5.8104187250137329E-01  -1.0419580340385437E-01   4.7349170781672001E-03   1.2943121837452054E-03  -1.3591778406407684E-04  -1.7855374608188868E-05   3.5998502880829619E-06  -1.6499652133461495E-07   2.3068180084228516E+00  -7.5884360074996948E-01  -1.0709644556045532E+00   4.8837304115295410E-01   1.1477117538452148E+00  -5.5221561342477798E-02  -1.3907551765441895E+00   7.0890486240386963E-01   6.6751032136380672E-04
     278   1.0986328125000000E-02   3.5667078495025635E+00   5.8978796005249023E-01  -1.0330796986818314E-01   4.0822988376021385E-03   1.3076029717922211E-03  -1.1896965588675812E-04  -1.7793976439861581E-05   3.1518900414084783E-06  -1.3211862892603676E-07   2.3109128475189209E+00  -7.0993417501449585E-01  -1.0668262243270874E+00   4.2467507719993591E-01   1.0984210968017578E+00  -5.3192148916423321E-03  -1.2832026481628418E+00   6.2466323375701904E-01   5.6634983047842979E-04
     279   1.0996093973517418E-02   3.5770704746246338E+00   5.8553570508956909E-01  -1.0347746312618256E-01   4.3560257181525230E-03   1.2973670382052660E-03  -1.2621324276551604E-04  -1.7748376194504090E-05   3.3462447390775196E-06  -1.4693493710637995E-07   2.3118734359741211E+00  -7.2901815176010132E-01  -1.0729494094848633E+00   4.4533714652061462E-01   1.1195892095565796E+00  -1.6294799745082855E-02  -1.3182249069213867E+00   6.4619940519332886E-01   5.0342793110758066E-04
     280   1.1015625670552254E-02   3.5769290924072266E+00   5.8631920814514160E-01  -1.0369817167520523E-01   4.3442999012768269E-03   1.3031442649662495E-03  -1.2577195593621582E-04  -1.7832435332820751E-05   3.3315811833745101E-06  -1.4521074831463920E-07   2.3073706626892090E+00  -7.2984057664871216E-01  -1.0661489963531494E+00   4.5244744420051575E-01   1.1166719198226929E+00  -3.1053761020302773E-02  -1.3308894634246826E+00   6.6697829961776733E-01   6.4934784313663840E-04
     281   1.1035157367587090E-02   3.6147241592407227E+00   5.7352727651596069E-01  -1.0486008226871490E-01   5.2644708193838596E-03   1.2830604100599885E-03  -1.4957762323319912E-04  -1.7904614651342854E-05   3.9586511775269173E-06  -1.9122100525237329E-07   2.3029141426086426E+00  -7.9915690422058105E-01  -1.0764031410217285E+00   5.3825676441192627E-01   1.1894040107727051E+00  -8.9920476078987122E-02  -1.4734724760055542E+00   7.6798754930496216E-01   4.5054883230477571E-04
     282   1.1040040291845798E-02   3.5814430713653564E+00   5.8416533470153809E-01  -1.0377241671085358E-01   4.4745383784174919E-03   1.2984678614884615E-03  -1.2915824481751770E-04  -1.7815837054513395E-05   3.4212475839012768E-06  -1.5197579728010169E-07   2.3075723648071289E+00  -7.3937636613845825E-01  -1.0699639320373535E+00   4.6176111698150635E-01   1.1277704238891602E+00  -3.3705551177263260E-02  -1.3457434177398682E+00   6.7324709892272949E-01   5.6697143008932471E-04
     283   1.1044923216104507E-02   3.5763618946075439E+00   5.8551293611526489E-01  -1.0355911403894424E-01   4.3607125990092754E-03   1.2994586722925305E-03  -1.2623559450730681E-04  -1.7785172531148419E-05   3.3446731322328560E-06  -1.4649751278739132E-07   2.3090808391571045E+00  -7.3051720857620239E-01  -1.0706795454025269E+00   4.4886478781700134E-01   1.1196142435073853E+00  -2.1576322615146637E-02  -1.3238052129745483E+00   6.5352451801300049E-01   5.0195789663121104E-04
     284   1.1054688133299351E-02   3.5166933536529541E+00   6.0251241922378540E-01  -1.0115250945091248E-01   2.9976868536323309E-03   1.3131927698850632E-03  -9.1465328296180815E-05  -1.7429603758500889E-05   2.4398668756475672E-06  -8.2088305930483330E-08   2.3246407508850098E+00  -6.2304848432540894E-01  -1.0700830221176147E+00   3.0156472325325012E-01   1.0133661031723022E+00   9.8518125712871552E-02  -1.0790091753005981E+00   4.5898130536079407E-01   5.5544282076880336E-04
     285   1.1093750596046448E-02   3.5959892272949219E+00   5.7801020145416260E-01  -1.0409452766180038E-01   4.8765554092824459E-03   1.2853097869083285E-03  -1.3973780733067542E-04  -1.7778094843379222E-05   3.7040083498141030E-06  -1.7330910395685351E-07   2.3064239025115967E+00  -7.6842975616455078E-01  -1.0764669179916382E+00   4.9538159370422363E-01   1.1584775447845459E+00  -5.5209837853908539E-02  -1.4025183916091919E+00   7.1203571557998657E-01   5.3340994054451585E-04
     286   1.1098633520305157E-02   3.5347952842712402E+00   5.9676015377044678E-01  -1.0190444439649582E-01   3.4396045375615358E-03   1.3084927340969443E-03  -1.0270693019265309E-04  -1.7543092326377518E-05   2.7318355932948180E-06  -1.0285836538059812E-07   2.3185312747955322E+00  -6.5827524662017822E-01  -1.0705052614212036E+00   3.4909871220588684E-01   1.0480279922485352E+00   6.0475755482912064E-02  -1.1576063632965088E+00   5.2037638425827026E-01   5.1800668006762862E-04
     287   1.1099854484200478E-02   3.5684330463409424E+00   5.8629310131072998E-01  -1.0308613628149033E-01   4.2340308427810669E-03   1.2950805248692632E-03  -1.2318618246354163E-04  -1.7664913684711792E-05   3.2695006666472182E-06  -1.4186284147399419E-07   2.3122141361236572E+00  -7.1905839443206787E-01  -1.0746222734451294E+00   4.2902743816375732E-01   1.1094535589218140E+00  -1.4490131288766861E-03  -1.2912517786026001E+00   6.2312769889831543E-01   5.6954013416543603E-04
     288   1.1101074516773224E-02   3.5526685714721680E+00   5.9180420637130737E-01  -1.0266968607902527E-01   3.8489450234919786E-03   1.3051539426669478E-03  -1.1316883319523185E-04  -1.7659554941928945E-05   3.0047117434151005E-06  -1.2226145429394819E-07   2.3126876354217529E+00  -6.9071513414382935E-01  -1.0686079263687134E+00   3.9548996090888977E-01   1.0788384675979614E+00   1.9365020096302032E-02  -1.2354642152786255E+00   5.8603817224502563E-01   4.9085851060226560E-04
     289   1.1103516444563866E-02   3.5913522243499756E+00   5.8038634061813354E-01  -1.0416911542415619E-01   4.7485283575952053E-03   1.2938153231516480E-03  -1.3623935228679329E-04  -1.7857602870208211E-05   3.6077076401852537E-06  -1.6552708359540702E-07   2.3030443191528320E+00  -7.6069736480712891E-01  -1.0695073604583740E+00   4.9094167351722717E-01   1.1476430892944336E+00  -5.9385020285844803E-02  -1.3951402902603149E+00   7.1475780010223389E-01   5.0936470506712794E-04
     290   1.1108399368822575E-02   3.5650012493133545E+00   5.8975183963775635E-01  -1.0351910442113876E-01   4.0992489084601402E-03   1.3123308308422565E-03  -1.1924942373298109E-04  -1.7875367120723240E-05   3.1562349249725230E-06  -1.3183215230583301E-07   2.3033373355865479E+00  -7.1357977390289307E-01  -1.0592974424362183E+00   4.3521931767463684E-01   1.0969187021255493E+00  -2.4013718590140343E-02  -1.3015847206115723E+00   6.5148615837097168E-01   6.1742216348648071E-04
     291   1.1113282293081284E-02   3.5629744529724121E+00   5.8950370550155640E-01  -1.0326991975307465E-01   4.0760608389973640E-03   1.3075513998046517E-03  -1.1884221021318808E-04  -1.7791049685911275E-05   3.1496470001002308E-06  -1.3201535864482139E-07   2.3063676357269287E+00  -7.1001964807510376E-01  -1.0631610155105591E+00   4.2684060335159302E-01   1.0948510169982910E+00  -1.3577117584645748E-02  -1.2882499694824219E+00   6.3707119226455688E-01   5.1541207358241081E-04
     292   1.1118165217339993E-02   3.5903854370117188E+00   5.7938092947006226E-01  -1.0389468073844910E-01   4.7616804949939251E-03   1.2867124751210213E-03  -1.3679021503776312E-04  -1.7752992789610289E-05   3.6269025258661713E-06  -1.6776772326920764E-07   2.3068737983703613E+00  -7.5962686538696289E-01  -1.0759077072143555E+00   4.8352697491645813E-01   1.1493241786956787E+00  -4.6166136860847473E-02  -1.3828681707382202E+00   6.9686168432235718E-01   4.5636028517037630E-04
     293   1.1123048141598701E-02   3.5669019222259521E+00   5.8714538812637329E-01  -1.0319034755229950E-01   4.1950531303882599E-03   1.2998265447095037E-03  -1.2202186917420477E-04  -1.7723441487760283E-05   3.2355726489186054E-06  -1.3887122918276873E-07   2.3094370365142822E+00  -7.1768462657928467E-01  -1.0708860158920288E+00   4.3021202087402344E-01   1.1063846349716187E+00  -6.0626594349741936E-03  -1.2927578687667847E+00   6.2818580865859985E-01   6.0434720944613218E-04
     294   1.1132813058793545E-02   3.5181331634521484E+00   6.0239464044570923E-01  -1.0152752697467804E-01   3.0466332100331783E-03   1.3202192494645715E-03  -9.2408918135333806E-05  -1.7562135326443240E-05   2.4579542241554009E-06  -8.2359164821355080E-08   2.3172831535339355E+00  -6.3020360469818115E-01  -1.0631746053695679E+00   3.1671926379203796E-01   1.0169572830200195E+00   7.9388186335563660E-02  -1.1032369136810303E+00   4.8552814126014709E-01   5.1851238822564483E-04
     295   1.1142577975988388E-02   3.5737252235412598E+00   5.8517950773239136E-01  -1.0352545976638794E-01   4.3601267971098423E-03   1.2991763651371002E-03  -1.2622523354366422E-04  -1.7781112546799704E-05   3.3449343845859403E-06  -1.4657217661806499E-07   2.3059387207031250E+00  -7.3105555772781372E-01  -1.0688490867614746E+00   4.5026960968971252E-01   1.1181551218032837E+00  -2.5657981634140015E-02  -1.3266373872756958E+00   6.5928727388381958E-01   5.4972851648926735E-04
     296   1.1152343824505806E-02   3.5421564579010010E+00   5.9515720605850220E-01  -1.0248258709907532E-01   3.6171383690088987E-03   1.3130374718457460E-03  -1.0707330511650071E-04  -1.7686150385998189E-05   2.8421629849617602E-06  -1.0998294186492785E-07   2.3101801872253418E+00  -6.7456960678100586E-01  -1.0623537302017212E+00   3.7841215729713440E-01   1.0595335960388184E+00   2.6009477674961090E-02  -1.2072089910507202E+00   5.7193797826766968E-01   5.8613735018298030E-04
     297   1.1162109673023224E-02   3.5659916400909424E+00   5.8780789375305176E-01  -1.0336522758007050E-01   4.1796425357460976E-03   1.3048639521002769E-03  -1.2149735266575590E-04  -1.7794962332118303E-05   3.2190855563385412E-06  -1.3710767632346688E-07   2.3049426078796387E+00  -7.1818172931671143E-01  -1.0647742748260498E+00   4.3604633212089539E-01   1.1033985614776611E+00  -1.8716488033533096E-02  -1.3030159473419189E+00   6.4599055051803589E-01   5.9570290613919497E-04
     298   1.1171875521540642E-02   3.5615284442901611E+00   5.8744037151336670E-01  -1.0285365581512451E-01   4.1198758408427238E-03   1.2958893785253167E-03  -1.2027344200760126E-04  -1.7630454749451019E-05   3.1940276130626444E-06  -1.3653981056904740E-07   2.3114199638366699E+00  -7.1043962240219116E-01  -1.0735943317413330E+00   4.1732418537139893E-01   1.0995746850967407E+00   6.3436087220907211E-03  -1.2720382213592529E+00   6.1049705743789673E-01   4.7939858632162213E-04
     299   1.1174317449331284E-02   3.5905156135559082E+00   5.7873523235321045E-01  -1.0394794493913651E-01   4.7938507050275803E-03   1.2869950151070952E-03  -1.3750944344792515E-04  -1.7775404558051378E-05   3.6433536934055155E-06  -1.6874072628070280E-07   2.3050513267517090E+00  -7.6307177543640137E-01  -1.0763628482818604E+00   4.8716935515403748E-01   1.1530032157897949E+00  -4.7054409980773926E-02  -1.3877222537994385E+00   6.9750463962554932E-01   5.5595714366063476E-04
     300   1.1176758445799351E-02   3.5648646354675293E+00   5.8709466457366943E-01  -1.0314200818538666E-01   4.1807550005614758E-03   1.2998974416404963E-03  -1.2162734492449090E-04  -1.7721611584420316E-05   3.2245616239379160E-06  -1.3803173715132289E-07   2.3081815242767334E+00  -7.1689361333847046E-01  -1.0705678462982178E+00   4.2878204584121704E-01   1.1048688888549805E+00  -5.3927809931337833E-03  -1.2903115749359131E+00   6.2709915637969971E-01   5.2669487195089459E-04
     301   1.1181641370058060E-02   3.6051776409149170E+00   5.7448458671569824E-01  -1.0455358028411865E-01   5.1365979015827179E-03   1.2834359658882022E-03  -1.4629583165515214E-04  -1.7861988453660160E-05   3.8729499465262052E-06  -1.8514663224777905E-07   2.3004903793334961E+00  -7.8985643386840820E-01  -1.0752542018890381E+00   5.2491855621337891E-01   1.1781812906265259E+00  -8.0813176929950714E-02  -1.4513947963714600E+00   7.5275957584381104E-01   4.2155286064371467E-04
     302   1.1191407218575478E-02   3.5999009609222412E+00   5.7657760381698608E-01  -1.0449858754873276E-01   5.0029573030769825E-03   1.2892184313386679E-03  -1.4271686086431146E-04  -1.7896369172376581E-05   3.7762351894343738E-06  -1.7768670090845262E-07   2.2991685867309570E+00  -7.8102082014083862E-01  -1.0716600418090820E+00   5.1591670513153076E-01   1.1681952476501465E+00  -7.6451450586318970E-02  -1.4357854127883911E+00   7.4285763502120972E-01   6.0891977045685053E-04
     303   1.1210937984287739E-02   3.5432951450347900E+00   5.9203749895095825E-01  -1.0210019350051880E-01   3.7295373622328043E-03   1.2985168723389506E-03  -1.1034870112780482E-04  -1.7509148165117949E-05   2.9365762657107553E-06  -1.1836808511134222E-07   2.3155610561370850E+00  -6.7952573299407959E-01  -1.0740762948989868E+00   3.7401875853538513E-01   1.0690202713012695E+00   4.2355157434940338E-02  -1.2001199722290039E+00   5.5224204063415527E-01   5.7360087521374226E-04
     304   1.1213378980755806E-02   3.5784196853637695E+00   5.8294153213500977E-01  -1.0374400764703751E-01   4.5129251666367054E-03   1.2968718074262142E-03  -1.3013149145990610E-04  -1.7810867575462908E-05   3.4469057936803438E-06  -1.5390649821256375E-07   2.3024141788482666E+00  -7.4333220720291138E-01  -1.0684362649917603E+00   4.6676078438758850E-01   1.1292070150375366E+00  -4.0191087871789932E-02  -1.3542389869689941E+00   6.8296122550964355E-01   5.9055228484794497E-04
     305   1.1215820908546448E-02   3.5928044319152832E+00   5.7777369022369385E-01  -1.0410410165786743E-01   4.8685739748179913E-03   1.2869919883087277E-03  -1.3940007193014026E-04  -1.7806769392336719E-05   3.6923149764334084E-06  -1.7214459546721628E-07   2.3022267818450928E+00  -7.6940131187438965E-01  -1.0745198726654053E+00   4.9709698557853699E-01   1.1576936244964600E+00  -5.8102611452341080E-02  -1.4046331644058228E+00   7.1507120132446289E-01   5.4257467854768038E-04
     306   1.1220702901482582E-02   3.5266385078430176E+00   5.9826397895812988E-01  -1.0177868604660034E-01   3.3122941385954618E-03   1.3128936989232898E-03  -9.9322169262450188E-05  -1.7561067579663359E-05   2.6410675673105288E-06  -9.5962882085132151E-08   2.3142783641815186E+00  -6.5020292997360229E-01  -1.0658959150314331E+00   3.4085434675216675E-01   1.0367877483367920E+00   6.1769898980855942E-02  -1.1438361406326294E+00   5.1585209369659424E-01   5.6224712170660496E-04
     307   1.1225585825741291E-02   3.5895934104919434E+00   5.7898193597793579E-01  -1.0406829416751862E-01   4.7907638363540173E-03   1.2902694288641214E-03  -1.3732690422330052E-04  -1.7825614122557454E-05   3.6364394873089623E-06  -1.6784115075552108E-07   2.3013131618499756E+00  -7.6417905092239380E-01  -1.0721950531005859E+00   4.9191892147064209E-01   1.1515113115310669E+00  -5.6244391947984695E-02  -1.3958755731582642E+00   7.1054643392562866E-01   6.0416903579607606E-04
     308   1.1230468750000000E-02   3.6110978126525879E+00   5.7243239879608154E-01  -1.0486909747123718E-01   5.2949152886867523E-03   1.2831101194024086E-03  -1.5025257016532123E-04  -1.7924803614732809E-05   3.9742953958921134E-06  -1.9215674740280519E-07   2.2965936660766602E+00  -8.0333322286605835E-01  -1.0742111206054688E+00   5.4387974739074707E-01   1.1909567117691040E+00  -9.6609428524971008E-02  -1.4822584390640259E+00   7.7690023183822632E-01   4.8532642540521920E-04
     309   1.1232910677790642E-02   3.5474503040313721E+00   5.9197604656219482E-01  -1.0258866846561432E-01   3.8015919271856546E-03   1.3067859690636396E-03  -1.1183870810782537E-04  -1.7671070963842794E-05   2.9675154564756667E-06  -1.1933819621390285E-07   2.3089399337768555E+00  -6.8849945068359375E-01  -1.0669269561767578E+00   3.9246189594268799E-01   1.0748717784881592E+00   2.0531961694359779E-02  -1.2296957969665527E+00   5.8295184373855591E-01   6.4148154342547059E-04
     310   1.1235351674258709E-02   3.6007547378540039E+00   5.7499009370803833E-01  -1.0437729209661484E-01   5.0699664279818535E-03   1.2831204803660512E-03  -1.4459613885264844E-04  -1.7830858269007877E-05   3.8289226722554304E-06  -1.8210292296316766E-07   2.3004012107849121E+00  -7.8474938869476318E-01  -1.0758138895034790E+00   5.1680356264114380E-01   1.1729871034622192E+00  -7.3349684476852417E-02  -1.4376916885375977E+00   7.4079865217208862E-01   4.9404805758967996E-04
     311   1.1240234598517418E-02   3.5744824409484863E+00   5.8388841152191162E-01  -1.0362961888313293E-01   4.4345152564346790E-03   1.2984888162463903E-03  -1.2807975872419775E-04  -1.7805270545068197E-05   3.3922840430022916E-06  -1.4985775464992912E-07   2.3021705150604248E+00  -7.3771768808364868E-01  -1.0677903890609741E+00   4.5933988690376282E-01   1.1233779191970825E+00  -3.4282691776752472E-02  -1.3415411710739136E+00   6.7248040437698364E-01   4.9534119898453355E-04
     312   1.1250000447034836E-02   3.5215215682983398E+00   5.9962135553359985E-01  -1.0163849592208862E-01   3.2093739137053490E-03   1.3149450533092022E-03  -9.6691081125754863E-05  -1.7549551557749510E-05   2.5725055365910521E-06  -9.0983178324677283E-08   2.3135740756988525E+00  -6.4245223999023438E-01  -1.0634982585906982E+00   3.3213031291961670E-01   1.0274804830551147E+00   6.5243668854236603E-02  -1.1300061941146851E+00   5.0935369729995728E-01   6.3315453007817268E-04
     313   1.1289062909781933E-02   3.5120370388031006E+00   6.0233104228973389E-01  -1.0137511044740677E-01   3.0012370552867651E-03   1.3199413660913706E-03  -9.1230795078445226E-05  -1.7542728528496809E-05   2.4271996608149493E-06  -8.0201971286442131E-08   2.3134593963623047E+00  -6.2755662202835083E-01  -1.0615797042846680E+00   3.1290656328201294E-01   1.0120992660522461E+00   8.0226868391036987E-02  -1.0970258712768555E+00   4.8319032788276672E-01   5.2046024939045310E-04
     314   1.1298827826976776E-02   3.5713124275207520E+00   5.8354192972183228E-01  -1.0340756177902222E-01   4.4117774814367294E-03   1.2947052018716931E-03  -1.2762562255375087E-04  -1.7738020687829703E-05   3.3833691759355133E-06  -1.4972177098115935E-07   2.3030467033386230E+00  -7.3498165607452393E-01  -1.0702868700027466E+00   4.5274928212165833E-01   1.1210777759552002E+00  -2.6714967563748360E-02  -1.3309770822525024E+00   6.6181778907775879E-01   5.4883415577933192E-04
     315   1.1303710751235485E-02   3.5781257152557373E+00   5.8126217126846313E-01  -1.0362705588340759E-01   4.5764669775962830E-03   1.2914483668282628E-03  -1.3186063733883202E-04  -1.7756363376975060E-05   3.4944480375997955E-06  -1.5782504192429769E-07   2.3021390438079834E+00  -7.4758285284042358E-01  -1.0721833705902100E+00   4.6828874945640564E-01   1.1344546079635620E+00  -3.6921449005603790E-02  -1.3565009832382202E+00   6.7919498682022095E-01   5.3988985018804669E-04
     316   1.1308593675494194E-02   3.5882520675659180E+00   5.7828104496002197E-01  -1.0403400659561157E-01   4.8122173175215721E-03   1.2888710480183363E-03  -1.3788077922072262E-04  -1.7814341845223680E-05   3.6513538361759856E-06  -1.6903454991279432E-07   2.2993428707122803E+00  -7.6617395877838135E-01  -1.0723277330398560E+00   4.9368575215339661E-01   1.1528289318084717E+00  -5.7566378265619278E-02  -1.3987632989883423E+00   7.1239268779754639E-01   4.8922584392130375E-04
     317   1.1318359524011612E-02   3.5954408645629883E+00   5.7603973150253296E-01  -1.0431548207998276E-01   4.9849455244839191E-03   1.2866301694884896E-03  -1.4230560918804258E-04  -1.7852342352853157E-05   3.7668005461455323E-06  -1.7729735191096552E-07   2.2973163127899170E+00  -7.7967375516891479E-01  -1.0725996494293213E+00   5.1187938451766968E-01   1.1660422086715698E+00  -7.2429075837135315E-02  -1.4290653467178345E+00   7.3700994253158569E-01   4.5610178494825959E-04
     318   1.1328125372529030E-02   3.5524740219116211E+00   5.8952921628952026E-01  -1.0286742448806763E-01   3.9716251194477081E-03   1.3051900314167142E-03  -1.1614291724981740E-04  -1.7719947209116071E-05   3.0789544780418510E-06  -1.2721186237740767E-07   2.3040285110473633E+00  -7.0264011621475220E-01  -1.0655940771102905E+00   4.1208332777023315E-01   1.0871773958206177E+00   2.5330097414553165E-03  -1.2623251676559448E+00   6.1172670125961304E-01   4.9017783021554351E-04
     319   1.1337891221046448E-02   3.5816793441772461E+00   5.8067321777343750E-01  -1.0396979749202728E-01   4.6578515321016312E-03   1.2955706333741546E-03  -1.3376257265917957E-04  -1.7854958059615456E-05   3.5402467801759485E-06  -1.6045171946643677E-07   2.2970790863037109E+00  -7.5597071647644043E-01  -1.0673530101776123E+00   4.8384666442871094E-01   1.1404449939727783E+00  -5.4671362042427063E-02  -1.3820258378982544E+00   7.0482075214385986E-01   5.3638708777725697E-04
     320   1.1340333148837090E-02   3.5834345817565918E+00   5.7960098981857300E-01  -1.0392399132251740E-01   4.7142403200268745E-03   1.2915055267512798E-03  -1.3533300079870969E-04  -1.7815238606999628E-05   3.5839316296915058E-06  -1.6401442337610206E-07   2.2983705997467041E+00  -7.5911378860473633E-01  -1.0699634552001953E+00   4.8578438162803650E-01   1.1443026065826416E+00  -5.4273262619972229E-02  -1.3858203887939453E+00   7.0643097162246704E-01   4.6241606469266117E-04
     321   1.1342774145305157E-02   3.5185306072235107E+00   5.9994894266128540E-01  -1.0169015079736710E-01   3.1798181589692831E-03   1.3185015413910151E-03  -9.5755502115935087E-05  -1.7596215911908075E-05   2.5444214770686813E-06  -8.8484938487454201E-08   2.3095653057098389E+00  -6.4214366674423218E-01  -1.0605977773666382E+00   3.3330339193344116E-01   1.0255291461944580E+00   6.2267113476991653E-02  -1.1309483051300049E+00   5.1159858703613281E-01   5.1658437587320805E-04
     322   1.1347657069563866E-02   3.5789487361907959E+00   5.8100259304046631E-01  -1.0379207879304886E-01   4.6087168157100677E-03   1.2940834276378155E-03  -1.3255457452032715E-04  -1.7813130398280919E-05   3.5096488772978773E-06  -1.5847807333102537E-07   2.2988002300262451E+00  -7.5148302316665649E-01  -1.0694203376770020E+00   4.7565117478370667E-01   1.1367982625961304E+00  -4.5666038990020752E-02  -1.3683594465255737E+00   6.9152945280075073E-01   5.6695187231525779E-04
     323   1.1357422918081284E-02   3.5854864120483398E+00   5.7793909311294556E-01  -1.0382348299026489E-01   4.7922781668603420E-03   1.2852342333644629E-03  -1.3748707715421915E-04  -1.7751912309904583E-05   3.6434735193324741E-06  -1.6891014809061744E-07   2.3005027770996094E+00  -7.6362693309783936E-01  -1.0750589370727539E+00   4.8721018433570862E-01   1.1509177684783936E+00  -4.9696724861860275E-02  -1.3882149457931519E+00   7.0162719488143921E-01   6.7290349397808313E-04
     324   1.1367187835276127E-02   3.5530829429626465E+00   5.8802092075347900E-01  -1.0271690040826797E-01   4.0300507098436356E-03   1.2987476075068116E-03  -1.1781614011852071E-04  -1.7644122635829262E-05   3.1267945814761333E-06  -1.3136872212271555E-07   2.3057765960693359E+00  -7.0572143793106079E-01  -1.0703791379928589E+00   4.1167861223220825E-01   1.0921611785888672E+00   8.3060683682560921E-03  -1.2617315053939819E+00   6.0447210073471069E-01   4.8493893700651824E-04
     325   1.1406250298023224E-02   3.5762212276458740E+00   5.8009123802185059E-01  -1.0348505526781082E-01   4.6080606989562511E-03   1.2869028141722083E-03  -1.3280178245622665E-04  -1.7699447198538110E-05   3.5223429222241975E-06  -1.6036638328387198E-07   2.3010683059692383E+00  -7.4936819076538086E-01  -1.0739386081695557E+00   4.6813851594924927E-01   1.1356965303421021E+00  -3.5962432622909546E-02  -1.3568252325057983E+00   6.7933106422424316E-01   5.5961910402402282E-04
     326   1.1445312760770321E-02   3.5560247898101807E+00   5.8641970157623291E-01  -1.0290863364934921E-01   4.1403337381780148E-03   1.2981068575754762E-03  -1.2058733409503475E-04  -1.7682905308902264E-05   3.1980332551029278E-06  -1.3633184892114514E-07   2.3019552230834961E+00  -7.1507215499877930E-01  -1.0690033435821533E+00   4.2492887377738953E-01   1.0998399257659912E+00  -4.5872977934777737E-03  -1.2838398218154907E+00   6.2503099441528320E-01   5.3723488235846162E-04
     327   1.1455077677965164E-02   3.5968341827392578E+00   5.7439988851547241E-01  -1.0451701283454895E-01   5.0886706449091434E-03   1.2869439087808132E-03  -1.4485104475170374E-04  -1.7904054402606562E-05   3.8312109609250911E-06  -1.8165350468279939E-07   2.2913589477539062E+00  -7.8938323259353638E-01  -1.0699794292449951E+00   5.2617549896240234E-01   1.1732717752456665E+00  -8.7046667933464050E-02  -1.4525520801544189E+00   7.5895869731903076E-01   4.5280772610567510E-04
     328   1.1464843526482582E-02   3.5595769882202148E+00   5.8519339561462402E-01  -1.0306385904550552E-01   4.2340685613453388E-03   1.2969311792403460E-03  -1.2300103844609112E-04  -1.7703190678730607E-05   3.2614350402582204E-06  -1.4090160505020322E-07   2.3002042770385742E+00  -7.2248613834381104E-01  -1.0684200525283813E+00   4.3551594018936157E-01   1.1066209077835083E+00  -1.4329236000776291E-02  -1.3017722368240356E+00   6.4042752981185913E-01   5.1008089212700725E-04
     329   1.1474609375000000E-02   3.5586650371551514E+00   5.8550006151199341E-01  -1.0306739807128906E-01   4.2134416289627552E-03   1.2982704211026430E-03  -1.2240972137078643E-04  -1.7716789443511516E-05   3.2445852866658242E-06  -1.3951782307231042E-07   2.2997190952301025E+00  -7.2141849994659424E-01  -1.0679808855056763E+00   4.3428912758827209E-01   1.1055009365081787E+00  -1.3158206827938557E-02  -1.2991939783096313E+00   6.3807851076126099E-01   5.1310629351064563E-04
     330   1.1484375223517418E-02   3.5261962413787842E+00   5.9578323364257812E-01  -1.0199980437755585E-01   3.4448211081326008E-03   1.3131933519616723E-03  -1.0251536878058687E-04  -1.7630385627853684E-05   2.7204521302337525E-06  -1.0121966909082403E-07   2.3044326305389404E+00  -6.6339367628097534E-01  -1.0624631643295288E+00   3.5929909348487854E-01   1.0462458133697510E+00   4.3584935367107391E-02  -1.1734473705291748E+00   5.4259574413299561E-01   5.2467419300228357E-04
     331   1.1494141072034836E-02   3.6033737659454346E+00   5.7144439220428467E-01  -1.0466120392084122E-01   5.2767423912882805E-03   1.2808518949896097E-03  -1.4977047976572067E-04  -1.7889446098706685E-05   3.9618976188648958E-06  -1.9145871021919447E-07   2.2906932830810547E+00  -8.0316257476806641E-01  -1.0734804868698120E+00   5.4158270359039307E-01   1.1881095170974731E+00  -9.5790922641754150E-02  -1.4781904220581055E+00   7.7484560012817383E-01   4.7416918096132576E-04
     332   1.1503906920552254E-02   3.5586297512054443E+00   5.8514064550399780E-01  -1.0307214409112930E-01   4.2300978675484657E-03   1.2977053411304951E-03  -1.2283431715331972E-04  -1.7715710782795213E-05   3.2557197755522793E-06  -1.4034152684416767E-07   2.2989666461944580E+00  -7.2286874055862427E-01  -1.0681186914443970E+00   4.3587794899940491E-01   1.1068332195281982E+00  -1.4146135188639164E-02  -1.3017420768737793E+00   6.3940799236297607E-01   5.1538413390517235E-04
     333   1.1513672769069672E-02   3.5553610324859619E+00   5.8669775724411011E-01  -1.0310488194227219E-01   4.1444855742156506E-03   1.3028749963268638E-03  -1.2053093814756721E-04  -1.7759064576239325E-05   3.1932847832649713E-06  -1.3539545307139633E-07   2.2967269420623779E+00  -7.1749192476272583E-01  -1.0633475780487061E+00   4.3272581696510315E-01   1.0991117954254150E+00  -1.7439836636185646E-02  -1.2968083620071411E+00   6.4248532056808472E-01   6.1513524269685149E-04
     334   1.1518554762005806E-02   3.5508916378021240E+00   5.8776354789733887E-01  -1.0289240628480911E-01   4.0478180162608624E-03   1.3029628898948431E-03  -1.1807699047494680E-04  -1.7720942196319811E-05   3.1296656288759550E-06  -1.3095490203340887E-07   2.2984366416931152E+00  -7.0964753627777100E-01  -1.0644794702529907E+00   4.2083340883255005E-01   1.0919114351272583E+00  -6.1851670034229755E-03  -1.2768543958663940E+00   6.2480878829956055E-01   7.2468462167307734E-04
     335   1.1523437686264515E-02   3.5187592506408691E+00   5.9662061929702759E-01  -1.0152984410524368E-01   3.3184925559908152E-03   1.3087133411318064E-03  -9.9486998806241900E-05  -1.7507665688754059E-05   2.6461407287570182E-06  -9.6679308114744344E-08   2.3081774711608887E+00  -6.5178865194320679E-01  -1.0666950941085815E+00   3.3918821811676025E-01   1.0362004041671753E+00   6.4206138253211975E-02  -1.1404788494110107E+00   5.1171457767486572E-01   6.4196856692433357E-04
     336   1.1562500149011612E-02   3.5274941921234131E+00   5.9472060203552246E-01  -1.0213391482830048E-01   3.5152232740074396E-03   1.3131917221471667E-03  -1.0426654625916854E-04  -1.7661626770859584E-05   2.7652051812765421E-06  -1.0428465913037144E-07   2.3009059429168701E+00  -6.6972327232360840E-01  -1.0607905387878418E+00   3.6872300505638123E-01   1.0509510040283203E+00   3.3677954226732254E-02  -1.1891776323318481E+00   5.5775529146194458E-01   6.7483261227607727E-04
     337   1.1572265997529030E-02   3.5946872234344482E+00   5.7300329208374023E-01  -1.0433732718229294E-01   5.1234345883131027E-03   1.2815942754969001E-03  -1.4585952158086002E-04  -1.7838314306573011E-05   3.8604293877142482E-06  -1.8431718729061686E-07   2.2907538414001465E+00  -7.9141259193420410E-01  -1.0732672214508057E+00   5.2483862638473511E-01   1.1757513284683228E+00  -8.2379885017871857E-02  -1.4502475261688232E+00   7.5314509868621826E-01   5.7444127742201090E-04
     338   1.1582031846046448E-02   3.5400986671447754E+00   5.8936637639999390E-01  -1.0231623798608780E-01   3.8547238800674677E-03   1.2997821904718876E-03  -1.1328352411510423E-04  -1.7593483789823949E-05   3.0078806503297528E-06  -1.2287853223824641E-07   2.3022403717041016E+00  -6.9326996803283691E-01  -1.0687576532363892E+00   3.9382389187812805E-01   1.0772674083709717E+00   2.0966388285160065E-02  -1.2317602634429932E+00   5.8303159475326538E-01   5.2636617328971624E-04
     339   1.1601562611758709E-02   3.5622792243957520E+00   5.8437156677246094E-01  -1.0357197374105453E-01   4.3352101929485798E-03   1.3048478867858648E-03  -1.2519514712039381E-04  -1.7874124750960618E-05   3.3102335237344960E-06  -1.4311416407508659E-07   2.2900507450103760E+00  -7.3465228080749512E-01  -1.0600804090499878E+00   4.5830649137496948E-01   1.1142059564590454E+00  -4.0947455912828445E-02  -1.3383361101150513E+00   6.7797547578811646E-01   4.5038262032903731E-04
     340   1.1611327528953552E-02   3.5630116462707520E+00   5.8244979381561279E-01  -1.0325171053409576E-01   4.3984553776681423E-03   1.2938163708895445E-03  -1.2717752542812377E-04  -1.7727406884660013E-05   3.3701226129778661E-06  -1.4874881060222833E-07   2.2951905727386475E+00  -7.3618859052658081E-01  -1.0685502290725708E+00   4.5277208089828491E-01   1.1191139221191406E+00  -2.7995400130748749E-02  -1.3300253152847290E+00   6.6206270456314087E-01   5.1757239270955324E-04
     341   1.1621093377470970E-02   3.5247647762298584E+00   5.9302657842636108E-01  -1.0165011137723923E-01   3.5309332888573408E-03   1.3011724222451448E-03  -1.0504565580049530E-04  -1.7482387193012983E-05   2.7939588562730933E-06  -1.0782933657083049E-07   2.3063735961914062E+00  -6.6748487949371338E-01  -1.0706405639648438E+00   3.5625272989273071E-01   1.0525707006454468E+00   5.4406091570854187E-02  -1.1689169406890869E+00   5.2957075834274292E-01   4.9011595547199249E-04
     342   1.1623535305261612E-02   3.6036012172698975E+00   5.6894856691360474E-01  -1.0451983660459518E-01   5.3811650723218918E-03   1.2727900175377727E-03  -1.5263885143212974E-04  -1.7810689314501360E-05   4.0412755879515316E-06  -1.9795309924575122E-07   2.2900266647338867E+00  -8.0991846323013306E-01  -1.0778568983078003E+00   5.4564923048019409E-01   1.1952328681945801E+00  -9.5322541892528534E-02  -1.4854705333709717E+00   7.7717053890228271E-01   6.1451568035408854E-04
     343   1.1624755337834358E-02   3.5607988834381104E+00   5.8166521787643433E-01  -1.0288950800895691E-01   4.3873204849660397E-03   1.2858106056228280E-03  -1.2716936180368066E-04  -1.7598649719730020E-05   3.3759220059437212E-06  -1.5018746069017652E-07   2.2998871803283691E+00  -7.3262786865234375E-01  -1.0753723382949829E+00   4.4159239530563354E-01   1.1182163953781128E+00  -1.2045421637594700E-02  -1.3119919300079346E+00   6.4076608419418335E-01   4.3557106982916594E-04
     344   1.1625976301729679E-02   3.5295958518981934E+00   5.9165585041046143E-01  -1.0186130553483963E-01   3.6446927115321159E-03   1.3001266634091735E-03  -1.0797564027598128E-04  -1.7511882106191479E-05   2.8709728212561458E-06  -1.1334969229892522E-07   2.3045003414154053E+00  -6.7641746997833252E-01  -1.0696407556533813E+00   3.6942523717880249E-01   1.0605738162994385E+00   4.1657064110040665E-02  -1.1913286447525024E+00   5.5028325319290161E-01   6.6083739511668682E-04
     345   1.1628417298197746E-02   3.5523793697357178E+00   5.8557468652725220E-01  -1.0289146751165390E-01   4.1572516784071922E-03   1.2980345636606216E-03  -1.2094557314412668E-04  -1.7694648704491556E-05   3.2059685963758966E-06  -1.3677372123765963E-07   2.2966082096099854E+00  -7.1781021356582642E-01  -1.0670462846755981E+00   4.2859622836112976E-01   1.1000577211380005E+00  -9.9045075476169586E-03  -1.2896409034729004E+00   6.3255089521408081E-01   5.1760504720732570E-04
     346   1.1630859225988388E-02   3.5527648925781250E+00   5.8547270298004150E-01  -1.0291601717472076E-01   4.1652796790003777E-03   1.2983041815459728E-03  -1.2111753312638029E-04  -1.7702746845316142E-05   3.2097727853397373E-06  -1.3698571876830101E-07   2.2964220046997070E+00  -7.1869951486587524E-01  -1.0672644376754761E+00   4.2959070205688477E-01   1.1012916564941406E+00  -9.7938245162367821E-03  -1.2908831834793091E+00   6.3188183307647705E-01   5.4984522284939885E-04
     347   1.1640625074505806E-02   3.5407161712646484E+00   5.8908122777938843E-01  -1.0249091684818268E-01   3.8878496270626783E-03   1.3026975793763995E-03  -1.1398333299439400E-04  -1.7655560441198759E-05   3.0228632112994092E-06  -1.2346744426849909E-07   2.2983937263488770E+00  -6.9743520021438599E-01  -1.0656675100326538E+00   4.0172362327575684E-01   1.0796602964401245E+00   1.1503385379910469E-02  -1.2444279193878174E+00   5.9628725051879883E-01   5.1445880671963096E-04
     348   1.1645507998764515E-02   3.5489223003387451E+00   5.8736759424209595E-01  -1.0297716408967972E-01   4.0617384947836399E-03   1.3052134308964014E-03  -1.1827854905277491E-04  -1.7766706150723621E-05   3.1316837976191891E-06  -1.3068645898783871E-07   2.2935445308685303E+00  -7.1264106035232544E-01  -1.0617871284484863E+00   4.2608258128166199E-01   1.0929515361785889E+00  -1.2585643678903580E-02  -1.2847378253936768E+00   6.3288289308547974E-01   4.8051113844849169E-04
     349   1.1650390923023224E-02   3.5471262931823730E+00   5.8774805068969727E-01  -1.0288810729980469E-01   4.0250751189887524E-03   1.3050014385953546E-03  -1.1736189480870962E-04  -1.7747664969647303E-05   3.1083450267033186E-06  -1.2911269209325837E-07   2.2941696643829346E+00  -7.0965099334716797E-01  -1.0622493028640747E+00   4.2152884602546692E-01   1.0902599096298218E+00  -8.1888316199183464E-03  -1.2771240472793579E+00   6.2577217817306519E-01   6.0395867330953479E-04
     350   1.1660156771540642E-02   3.5684077739715576E+00   5.8082050085067749E-01  -1.0359618812799454E-01   4.5380913652479649E-03   1.2951127719134092E-03  -1.3062420475762337E-04  -1.7807944459491409E-05   3.4572908589325380E-06  -1.5456446078587760E-07   2.2906363010406494E+00  -7.4846708774566650E-01  -1.0658743381500244E+00   4.7153803706169128E-01   1.1296217441558838E+00  -4.6219814568758011E-02  -1.3609151840209961E+00   6.9015151262283325E-01   5.0552492029964924E-04
     351   1.1665039695799351E-02   3.5388848781585693E+00   5.8890002965927124E-01  -1.0233264416456223E-01   3.8704320322722197E-03   1.2999455211684108E-03  -1.1363218800397590E-04  -1.7605390894459561E-05   3.0159449124766979E-06  -1.2335732435531099E-07   2.2997014522552490E+00  -6.9524192810058594E-01  -1.0679059028625488E+00   3.9642065763473511E-01   1.0780864953994751E+00   1.7894094809889793E-02  -1.2358390092849731E+00   5.8762806653976440E-01   5.0430913688614964E-04
     352   1.1669922620058060E-02   3.5318686962127686E+00   5.9019637107849121E-01  -1.0190575569868088E-01   3.7269503809511662E-03   1.2973741395398974E-03  -1.1008140427293256E-04  -1.7506385120213963E-05   2.9259613256726880E-06  -1.1743131267394347E-07   2.3039488792419434E+00  -6.8277060985565186E-01  -1.0720500946044922E+00   3.7549585103988647E-01   1.0678933858871460E+00   4.0307514369487762E-02  -1.2007380723953247E+00   5.5307465791702271E-01   5.7086098240688443E-04
     353   1.1679687537252903E-02   3.5439367294311523E+00   5.8766126632690430E-01  -1.0262446850538254E-01   3.9857407100498676E-03   1.3008998939767480E-03  -1.1650812666630372E-04  -1.7667551219346933E-05   3.0895416784915142E-06  -1.2835320717385912E-07   2.2965128421783447E+00  -7.0518136024475098E-01  -1.0656317472457886E+00   4.1204044222831726E-01   1.0868306159973145E+00   2.6440937072038651E-03  -1.2617695331573486E+00   6.1073553562164307E-01   5.4743909277021885E-04
     354   1.1689452454447746E-02   3.5375566482543945E+00   5.8976781368255615E-01  -1.0245551168918610E-01   3.8361537735909224E-03   1.3046938693150878E-03  -1.1262411135248840E-04  -1.7664435290498659E-05   2.9868872388760792E-06  -1.2074698929609440E-07   2.2964580059051514E+00  -6.9415324926376343E-01  -1.0631238222122192E+00   3.9908131957054138E-01   1.0747443437576294E+00   1.0350242257118225E-02  -1.2403287887573242E+00   5.9679579734802246E-01   5.3039455087855458E-04
     355   1.1699218302965164E-02   3.5834774971008301E+00   5.7588368654251099E-01  -1.0418381541967392E-01   4.9105728976428509E-03   1.2899435823783278E-03  -1.4016208297107369E-04  -1.7884140106616542E-05   3.7063452964503085E-06  -1.7245801586796006E-07   2.2860646247863770E+00  -7.7764683961868286E-01  -1.0667191743850708E+00   5.1054537296295166E-01   1.1584228277206421E+00  -7.7398799359798431E-02  -1.4258683919906616E+00   7.4079340696334839E-01   5.8646721299737692E-04
     356   1.1708984151482582E-02   3.5462248325347900E+00   5.8660936355590820E-01  -1.0271588712930679E-01   4.0560355409979820E-03   1.2996692676097155E-03  -1.1829946015495807E-04  -1.7679692973615602E-05   3.1360148113890318E-06  -1.3168028090149164E-07   2.2953319549560547E+00  -7.1075934171676636E-01  -1.0660611391067505E+00   4.1899091005325317E-01   1.0922369956970215E+00  -2.5658870581537485E-03  -1.2731715440750122E+00   6.1964654922485352E-01   6.6000589868053794E-04
     357   1.1713867075741291E-02   3.5162391662597656E+00   5.9530186653137207E-01  -1.0154013335704803E-01   3.3646300435066223E-03   1.3079480268061161E-03  -1.0057305189548060E-04  -1.7522104826639406E-05   2.6726288524514530E-06  -9.8455096519955987E-08   2.3029053211212158E+00  -6.5684008598327637E-01  -1.0658249855041504E+00   3.4496521949768066E-01   1.0393818616867065E+00   5.9035249054431915E-02  -1.1493477821350098E+00   5.1909786462783813E-01   5.5431976215913892E-04
     358   1.1718750000000000E-02   3.5835285186767578E+00   5.7417094707489014E-01  -1.0386896133422852E-01   4.9599437043070793E-03   1.2799572432413697E-03  -1.4173977251630276E-04  -1.7750015103956684E-05   3.7543641155934893E-06  -1.7707760946450435E-07   2.2907552719116211E+00  -7.7844190597534180E-01  -1.0747435092926025E+00   5.0420165061950684E-01   1.1622548103332520E+00  -6.4178213477134705E-02  -1.4159195423126221E+00   7.2471481561660767E-01   4.8009387683123350E-04
     359   1.1757812462747097E-02   3.5452020168304443E+00   5.8582180738449097E-01  -1.0257748514413834E-01   4.0729348547756672E-03   1.2958220904693007E-03  -1.1883084516739473E-04  -1.7628566638450138E-05   3.1521033179160440E-06  -1.3326138059710502E-07   2.2961299419403076E+00  -7.1124935150146484E-01  -1.0689584016799927E+00   4.1660228371620178E-01   1.0936567783355713E+00   2.6188401971012354E-03  -1.2692329883575439E+00   6.1257320642471313E-01   5.1460252143442631E-04
     360   1.1767577379941940E-02   3.5893390178680420E+00   5.7156759500503540E-01  -1.0403738170862198E-01   5.1290285773575306E-03   1.2755043571814895E-03  -1.4611260849051178E-04  -1.7752907297108322E-05   3.8696148294548038E-06  -1.8559336467660614E-07   2.2892980575561523E+00  -7.9137402772903442E-01  -1.0771965980529785E+00   5.1931929588317871E-01   1.1759700775146484E+00  -7.3282651603221893E-02  -1.4407205581665039E+00   7.4006819725036621E-01   6.3119310652837157E-04
     361   1.1777343228459358E-02   3.5549514293670654E+00   5.8398443460464478E-01  -1.0323747247457504E-01   4.2789257131516933E-03   1.3008716050535440E-03  -1.2385111767798662E-04  -1.7792852304410189E-05   3.2777159049146576E-06  -1.4130783654309198E-07   2.2886681556701660E+00  -7.3003530502319336E-01  -1.0622098445892334E+00   4.4836056232452393E-01   1.1091492176055908E+00  -3.0628513544797897E-02  -1.3217675685882568E+00   6.6216439008712769E-01   5.1913427887484431E-04
     362   1.1796874925494194E-02   3.5406439304351807E+00   5.8683681488037109E-01  -1.0243982076644897E-01   3.9867502637207508E-03   1.2972513213753700E-03  -1.1660395102808252E-04  -1.7615762772038579E-05   3.0935802897147369E-06  -1.2900598278520192E-07   2.2956883907318115E+00  -7.0493847131729126E-01  -1.0679441690444946E+00   4.0849515795707703E-01   1.0867397785186768E+00   8.2207238301634789E-03  -1.2556847333908081E+00   6.0270696878433228E-01   4.5624663471244276E-04
     363   1.1874999850988388E-02   3.5383601188659668E+00   5.8774346113204956E-01  -1.0262398421764374E-01   3.9497991092503071E-03   1.3040460180491209E-03  -1.1541781714186072E-04  -1.7707681763567962E-05   3.0575968139601173E-06  -1.2560180095988471E-07   2.2900726795196533E+00  -7.0475560426712036E-01  -1.0614640712738037E+00   4.1333726048469543E-01   1.0831867456436157E+00  -2.5920195039361715E-03  -1.2633100748062134E+00   6.1614876985549927E-01   7.0509617216885090E-04
     364   1.1884765699505806E-02   3.5321624279022217E+00   5.8876579999923706E-01  -1.0223468393087387E-01   3.8280133157968521E-03   1.3012392446398735E-03  -1.1242820619372651E-04  -1.7614056559978053E-05   2.9823611384927062E-06  -1.2073279265223391E-07   2.2938754558563232E+00  -6.9394993782043457E-01  -1.0653322935104370E+00   3.9489293098449707E-01   1.0742909908294678E+00   1.7080992460250854E-02  -1.2325266599655151E+00   5.8631581068038940E-01   4.5360618969425559E-04
     365   1.1894531548023224E-02   3.5719437599182129E+00   5.7605344057083130E-01  -1.0358253121376038E-01   4.7782813198864460E-03   1.2836724054068327E-03  -1.3697346730623394E-04  -1.7735519577399828E-05   3.6280121094023343E-06  -1.6778597000666196E-07   2.2870428562164307E+00  -7.6613712310791016E-01  -1.0714415311813354E+00   4.8859760165214539E-01   1.1474779844284058E+00  -5.4580856114625931E-02  -1.3894315958023071E+00   7.0658797025680542E-01   5.4649665253236890E-04
     366   1.1904297396540642E-02   3.5049221515655518E+00   5.9662955999374390E-01  -1.0120093822479248E-01   3.2064863480627537E-03   1.3092008884996176E-03  -9.6496245532762259E-05  -1.7479545931564644E-05   2.5660608571342891E-06  -9.0853717438221793E-08   2.2997198104858398E+00  -6.4560651779174805E-01  -1.0637989044189453E+00   3.2954552769660950E-01   1.0257561206817627E+00   6.9038249552249908E-02  -1.1236699819564819E+00   5.0178653001785278E-01   6.1616813763976097E-04
     367   1.1914062313735485E-02   3.5979037284851074E+00   5.6779778003692627E-01  -1.0450986027717590E-01   5.3982203826308250E-03   1.2737010838463902E-03  -1.5288482245523483E-04  -1.7841510270955041E-05   4.0440618249704130E-06  -1.9781991511536035E-07   2.2818341255187988E+00  -8.1400567293167114E-01  -1.0753200054168701E+00   5.5068093538284302E-01   1.1962845325469971E+00  -1.0094031691551208E-01  -1.4924306869506836E+00   7.8361546993255615E-01   4.9278483493253589E-04
     368   1.1923827230930328E-02   3.5475637912750244E+00   5.8433300256729126E-01  -1.0296253114938736E-01   4.1939066722989082E-03   1.2996501754969358E-03  -1.2169912224635482E-04  -1.7742000636644661E-05   3.2223917969531612E-06  -1.3757595240804221E-07   2.2870643138885498E+00  -7.2369760274887085E-01  -1.0625865459442139E+00   4.3791291117668152E-01   1.1018520593643188E+00  -2.1807262673974037E-02  -1.3043037652969360E+00   6.4797902107238770E-01   5.2688567666336894E-04
     369   1.1933593079447746E-02   3.5426754951477051E+00   5.8622264862060547E-01  -1.0290067642927170E-01   4.0712323971092701E-03   1.3047445099800825E-03  -1.1841769446618855E-04  -1.7771604689187370E-05   3.1335562198364642E-06  -1.3071186799606949E-07   2.2860739231109619E+00  -7.1543645858764648E-01  -1.0595793724060059E+00   4.2912077903747559E-01   1.0924881696701050E+00  -1.7317740246653557E-02  -1.2891470193862915E+00   6.3882446289062500E-01   6.3010840676724911E-04
     370   1.1953124776482582E-02   3.5869076251983643E+00   5.7086527347564697E-01  -1.0415495187044144E-01   5.1583671011030674E-03   1.2780177639797330E-03  -1.4668282528873533E-04  -1.7809996279538609E-05   3.8808420868008398E-06  -1.8592498918224010E-07   2.2824969291687012E+00  -7.9603826999664307E-01  -1.0733630657196045E+00   5.2738714218139648E-01   1.1775691509246826E+00  -8.3636060357093811E-02  -1.4534214735031128E+00   7.5412237644195557E-01   4.4160507968626916E-04
     371   1.1962890625000000E-02   3.5958497524261475E+00   5.6737190485000610E-01  -1.0433949530124664E-01   5.3898571059107780E-03   1.2703501852229238E-03  -1.5277358761522919E-04  -1.7787131582736038E-05   4.0434765651298221E-06  -1.9819229635231750E-07   2.2827363014221191E+00  -8.1252402067184448E-01  -1.0777680873870850E+00   5.4600292444229126E-01   1.1954554319381714E+00  -9.4659358263015747E-02  -1.4848439693450928E+00   7.7480590343475342E-01   5.1374867325648665E-04
     372   1.1972656473517418E-02   3.5134122371673584E+00   5.9452772140502930E-01  -1.0180683434009552E-01   3.4117633476853371E-03   1.3133403845131397E-03  -1.0150308662559837E-04  -1.7631155060371384E-05   2.6914742647932144E-06  -9.8966928874233417E-08   2.2916729450225830E+00  -6.6440230607986450E-01  -1.0576438903808594E+00   3.6030852794647217E-01   1.0411795377731323E+00   3.7393271923065186E-02  -1.1743714809417725E+00   5.4904514551162720E-01   5.5178022012114525E-04
     373   1.1977539397776127E-02   3.5046448707580566E+00   5.9765821695327759E-01  -1.0160227119922638E-01   3.1970907002687454E-03   1.3196644140407443E-03  -9.5891031378414482E-05  -1.7639569705352187E-05   2.5425144940527389E-06  -8.7840710705222591E-08   2.2914319038391113E+00  -6.4883095026016235E-01  -1.0536694526672363E+00   3.4241941571235657E-01   1.0239572525024414E+00   4.7554526478052139E-02  -1.1445906162261963E+00   5.3059941530227661E-01   4.5722891809418797E-04
     374   1.1982422322034836E-02   3.4937369823455811E+00   6.0008978843688965E-01  -1.0102079808712006E-01   2.9653208330273628E-03   1.3179085217416286E-03  -9.0114452177658677E-05  -1.7515780200483277E-05   2.3951283765200060E-06  -7.7862424063823710E-08   2.2965333461761475E+00  -6.2922912836074829E-01  -1.0572037696838379E+00   3.1225320696830750E-01   1.0061479806900024E+00   7.6084762811660767E-02  -1.0946034193038940E+00   4.8647522926330566E-01   5.4066732991486788E-04
     375   1.1987304314970970E-02   3.5396165847778320E+00   5.8558529615402222E-01  -1.0259367525577545E-01   4.0521984919905663E-03   1.2988054659217596E-03  -1.1810236901510507E-04  -1.7672897229203954E-05   3.1292629500967450E-06  -1.3115409558395186E-07   2.2888464927673340E+00  -7.1233236789703369E-01  -1.0649172067642212E+00   4.1951912641525269E-01   1.0914002656936646E+00  -3.4831685479730368E-03  -1.2731603384017944E+00   6.1930650472640991E-01   4.8917881213128567E-04
     376   1.1992187239229679E-02   3.5920608043670654E+00   5.6901872158050537E-01  -1.0439012944698334E-01   5.2969031967222691E-03   1.2765905121341348E-03  -1.5021330909803510E-04  -1.7846272385213524E-05   3.9727246985421516E-06  -1.9246387239491014E-07   2.2797935009002686E+00  -8.0719709396362305E-01  -1.0728007555007935E+00   5.4288744926452637E-01   1.1879256963729858E+00  -9.7220271825790405E-02  -1.4793030023574829E+00   7.7582877874374390E-01   5.9675425291061401E-04
     377   1.2001952156424522E-02   3.5460543632507324E+00   5.8320677280426025E-01  -1.0277678072452545E-01   4.2175198905169964E-03   1.2946107890456915E-03  -1.2240625801496208E-04  -1.7677035430097021E-05   3.2431446470582159E-06  -1.3957971134459513E-07   2.2880327701568604E+00  -7.2459924221038818E-01  -1.0668741464614868E+00   4.3450555205345154E-01   1.1041502952575684E+00  -1.3900185003876686E-02  -1.2983046770095825E+00   6.3733297586441040E-01   6.0546986060217023E-04
     378   1.2011718004941940E-02   3.5406529903411865E+00   5.8511972427368164E-01  -1.0266550630331039E-01   4.0873796679079533E-03   1.2987897498533130E-03  -1.1899016681127250E-04  -1.7687892977846786E-05   3.1521396977041150E-06  -1.3273050569750922E-07   2.2875082492828369E+00  -7.1533268690109253E-01  -1.0641319751739502E+00   4.2411619424819946E-01   1.0936588048934937E+00  -8.4770917892456055E-03  -1.2809356451034546E+00   6.2730956077575684E-01   5.0153705524280667E-04
     379   1.2014159932732582E-02   3.5289170742034912E+00   5.8988648653030396E-01  -1.0250835865736008E-01   3.7835186813026667E-03   1.3110244181007147E-03  -1.1091429041698575E-04  -1.7752530766301788E-05   2.9347522740863496E-06  -1.1605529692815253E-07   2.2855069637298584E+00  -6.9442164897918701E-01  -1.0562658309936523E+00   4.0237486362457275E-01   1.0697011947631836E+00   1.2304801493883133E-03  -1.2441955804824829E+00   6.0702872276306152E-01   7.6516997069120407E-04
     380   1.2016600929200649E-02   3.5345311164855957E+00   5.8774179220199585E-01  -1.0262341052293777E-01   3.9266035892069340E-03   1.3062641955912113E-03  -1.1468367301858962E-04  -1.7737895177560858E-05   3.0354824502865085E-06  -1.2365646284706600E-07   2.2857275009155273E+00  -7.0461839437484741E-01  -1.0590114593505859E+00   4.1392922401428223E-01   1.0808857679367065E+00  -5.4636690765619278E-03  -1.2636746168136597E+00   6.1937773227691650E-01   6.4767617732286453E-04
     381   1.2021483853459358E-02   3.4915716648101807E+00   6.0111081600189209E-01  -1.0113029927015305E-01   2.9155137017369270E-03   1.3234623475000262E-03  -8.8644381321500987E-05  -1.7583621229277924E-05   2.3524344214820303E-06  -7.4127754601249762E-08   2.2931745052337646E+00  -6.2728279829025269E-01  -1.0527694225311279E+00   3.1315967440605164E-01   1.0020997524261475E+00   7.0923328399658203E-02  -1.0955985784530640E+00   4.9207672476768494E-01   5.0216325325891376E-04
     382   1.2026366777718067E-02   3.5267746448516846E+00   5.8923923969268799E-01  -1.0217469930648804E-01   3.7701285909861326E-03   1.3036553282290697E-03  -1.1084750440204516E-04  -1.7630663933232427E-05   2.9392529086180730E-06  -1.1738031702179796E-07   2.2896733283996582E+00  -6.9092452526092529E-01  -1.0620949268341064E+00   3.9228957891464233E-01   1.0685484409332275E+00   1.5201993286609650E-02  -1.2281324863433838E+00   5.8787906169891357E-01   4.4688329217024148E-04
     383   1.2031249701976776E-02   3.5629253387451172E+00   5.7732290029525757E-01  -1.0330808907747269E-01   4.6397428959608078E-03   1.2853234075009823E-03  -1.3335747644305229E-04  -1.7708736777422018E-05   3.5321720588399330E-06  -1.6081024512004660E-07   2.2852184772491455E+00  -7.5637233257293701E-01  -1.0705690383911133E+00   4.7466024756431580E-01   1.1366908550262451E+00  -4.3396249413490295E-02  -1.3656032085418701E+00   6.8720644712448120E-01   5.8293523034080863E-04
     384   1.2050781399011612E-02   3.5305213928222656E+00   5.8795541524887085E-01  -1.0234855860471725E-01   3.8664308376610279E-03   1.3030674308538437E-03  -1.1325798550387844E-04  -1.7664047845755704E-05   3.0008566227479605E-06  -1.2165503449068638E-07   2.2879645824432373E+00  -6.9889634847640991E-01  -1.0622503757476807E+00   4.0281611680984497E-01   1.0764341354370117E+00   7.2712055407464504E-03  -1.2451460361480713E+00   6.0065746307373047E-01   5.5319414241239429E-04
     385   1.2070312164723873E-02   3.5602684020996094E+00   5.7798469066619873E-01  -1.0328456759452820E-01   4.5912885107100010E-03   1.2875209795311093E-03  -1.3204713468439877E-04  -1.7723481505527161E-05   3.4965703434863826E-06  -1.5804354802639864E-07   2.2837615013122559E+00  -7.5345712900161743E-01  -1.0688158273696899E+00   4.7185233235359192E-01   1.1328182220458984E+00  -4.2783882468938828E-02  -1.3606346845626831E+00   6.8517798185348511E-01   6.0419464716687799E-04
     386   1.2109374627470970E-02   3.5819551944732666E+00   5.7087886333465576E-01  -1.0407356172800064E-01   5.1207817159593105E-03   1.2790230102837086E-03  -1.4563607692252845E-04  -1.7814229067880660E-05   3.8519879126397427E-06  -1.8370785426213843E-07   2.2786636352539062E+00  -7.9445546865463257E-01  -1.0716713666915894E+00   5.2526104450225830E-01   1.1741616725921631E+00  -8.3442844450473785E-02  -1.4493811130523682E+00   7.5252121686935425E-01   5.2347371820360422E-04
     387   1.2114257551729679E-02   3.5578076839447021E+00   5.7894426584243774E-01  -1.0336233675479889E-01   4.5395120978355408E-03   1.2924586189910769E-03  -1.3054594455752522E-04  -1.7781405404093675E-05   3.4534275528130820E-06  -1.5434071087838674E-07   2.2807185649871826E+00  -7.5116586685180664E-01  -1.0649187564849854E+00   4.7177121043205261E-01   1.1286530494689941E+00  -4.6531479805707932E-02  -1.3600107431411743E+00   6.8870437145233154E-01   5.3433451103046536E-04
     388   1.2119140475988388E-02   3.5606586933135986E+00   5.7805114984512329E-01  -1.0347347706556320E-01   4.6084718778729439E-03   1.2914979597553611E-03  -1.3231887714937329E-04  -1.7794514860725030E-05   3.5000032312382245E-06  -1.5772101846778241E-07   2.2798824310302734E+00  -7.5651586055755615E-01  -1.0649274587631226E+00   4.7906109690666199E-01   1.1337449550628662E+00  -5.2814926952123642E-02  -1.3722800016403198E+00   6.9922119379043579E-01   6.0025131097063422E-04
     389   1.2128906324505806E-02   3.5337283611297607E+00   5.8657979965209961E-01  -1.0258986800909042E-01   3.9733923040330410E-03   1.3036371674388647E-03  -1.1592113150982186E-04  -1.7718737581162713E-05   3.0689147934026551E-06  -1.2628402146219742E-07   2.2835383415222168E+00  -7.0831423997879028E-01  -1.0595623254776001E+00   4.1748821735382080E-01   1.0837116241455078E+00  -8.2873953506350517E-03  -1.2697578668594360E+00   6.2450540065765381E-01   4.9313675845041871E-04
     390   1.2138672173023224E-02   3.4892489910125732E+00   5.9988242387771606E-01  -1.0093753039836884E-01   2.9404202941805124E-03   1.3182372786104679E-03  -8.9407185441814363E-05  -1.7515241779619828E-05   2.3753807454340858E-06  -7.6354538691703056E-08   2.2929456233978271E+00  -6.2842464447021484E-01  -1.0560501813888550E+00   3.1070911884307861E-01   1.0037077665328979E+00   7.6310291886329651E-02  -1.0915900468826294E+00   4.8518443107604980E-01   5.4881803225725889E-04
     391   1.2148437090218067E-02   3.5273451805114746E+00   5.8672684431076050E-01  -1.0201337933540344E-01   3.8723493926227093E-03   1.2953609693795443E-03  -1.1362753866706043E-04  -1.7549364201840945E-05   3.0154174055496696E-06  -1.2361677192984644E-07   2.2901568412780762E+00  -6.9753319025039673E-01  -1.0682036876678467E+00   3.9474597573280334E-01   1.0770620107650757E+00   2.0429383963346481E-02  -1.2318723201751709E+00   5.8216983079910278E-01   5.5656494805589318E-04
     392   1.2167967855930328E-02   3.5187668800354004E+00   5.9044009447097778E-01  -1.0199745744466782E-01   3.6485793534666300E-03   1.3069141423329711E-03  -1.0757875134004280E-04  -1.7637730707065202E-05   2.8504173315013759E-06  -1.1062831362096404E-07   2.2868018150329590E+00  -6.8311917781829834E-01  -1.0603075027465820E+00   3.8174915313720703E-01   1.0592991113662720E+00   2.2934267297387123E-02  -1.2095201015472412E+00   5.7382905483245850E-01   5.1275530131533742E-04
     393   1.2177733704447746E-02   3.5208489894866943E+00   5.8946108818054199E-01  -1.0202126204967499E-01   3.7091276608407497E-03   1.3042355421930552E-03  -1.0920882778009400E-04  -1.7619635400478728E-05   2.8949780244147405E-06  -1.1411552947038217E-07   2.2869040966033936E+00  -6.8727648258209229E-01  -1.0615763664245605E+00   3.8627487421035767E-01   1.0637646913528442E+00   2.0220823585987091E-02  -1.2173629999160767E+00   5.7909560203552246E-01   5.3386786021292210E-04
     394   1.2187499552965164E-02   3.5483422279357910E+00   5.7981008291244507E-01  -1.0276626050472260E-01   4.3888506479561329E-03   1.2863305164501071E-03  -1.2696362682618201E-04  -1.7622553059482016E-05   3.3663266094663413E-06  -1.4915532631221140E-07   2.2850141525268555E+00  -7.3719644546508789E-01  -1.0701864957809448E+00   4.4723963737487793E-01   1.1164129972457886E+00  -2.1469149738550186E-02  -1.3199000358581543E+00   6.5141952037811279E-01   5.8505247579887509E-04
     395   1.2207031250000000E-02   3.5263175964355469E+00   5.8810341358184814E-01  -1.0236836224794388E-01   3.8361724000424147E-03   1.3061835197731853E-03  -1.1231270764255896E-04  -1.7705304344417527E-05   2.9726156753895339E-06  -1.1917409636907905E-07   2.2829022407531738E+00  -6.9862055778503418E-01  -1.0589777231216431E+00   4.0391781926155090E-01   1.0737713575363159E+00   3.4514805302023888E-03  -1.2462053298950195E+00   6.0433661937713623E-01   5.5217737099155784E-04
     396   1.2216797098517418E-02   3.5501408576965332E+00   5.8103519678115845E-01  -1.0330574214458466E-01   4.3918583542108536E-03   1.2995882425457239E-03  -1.2652618170250207E-04  -1.7834843674791045E-05   3.3433352655265480E-06  -1.4569718587154057E-07   2.2767043113708496E+00  -7.4214631319046021E-01  -1.0596815347671509E+00   4.6304681897163391E-01   1.1167834997177124E+00  -4.4570397585630417E-02  -1.3446838855743408E+00   6.8258041143417358E-01   5.3214217768982053E-04
     397   1.2221679091453552E-02   3.5393095016479492E+00   5.8273959159851074E-01  -1.0257006436586380E-01   4.1802092455327511E-03   1.2929496588185430E-03  -1.2144074571551755E-04  -1.7641297745285556E-05   3.2181305869016796E-06  -1.3795234110602905E-07   2.2842164039611816E+00  -7.2254908084869385E-01  -1.0667965412139893E+00   4.2973676323890686E-01   1.1004377603530884E+00  -1.0027608834207058E-02  -1.2899672985076904E+00   6.3090372085571289E-01   5.8612978318706155E-04
     398   1.2226562015712261E-02   3.5779652595520020E+00   5.7003051042556763E-01  -1.0378693044185638E-01   5.1096794195473194E-03   1.2734101619571447E-03  -1.4551010099239647E-04  -1.7724696590448730E-05   3.8524290175701026E-06  -1.8443233784637414E-07   2.2793152332305908E+00  -7.9248118400573730E-01  -1.0755046606063843E+00   5.1807498931884766E-01   1.1729685068130493E+00  -7.3622547090053558E-02  -1.4376294612884521E+00   7.3858124017715454E-01   4.7979940427467227E-04
     399   1.2236326932907104E-02   3.5206573009490967E+00   5.8823412656784058E-01  -1.0188538581132889E-01   3.7539144977927208E-03   1.2988100061193109E-03  -1.1053361231461167E-04  -1.7553564248373732E-05   2.9336645184230292E-06  -1.1753266448977229E-07   2.2875986099243164E+00  -6.8944001197814941E-01  -1.0644690990447998E+00   3.8622838258743286E-01   1.0664826631546021E+00   2.2522561252117157E-02  -1.2180204391479492E+00   5.7716393470764160E-01   5.8157846797257662E-04
     400   1.2241209857165813E-02   3.5292077064514160E+00   5.8638131618499756E-01  -1.0237735509872437E-01   3.9355414919555187E-03   1.3012174749746919E-03  -1.1500417167553678E-04  -1.7668351574684493E-05   3.0463093025900889E-06  -1.2497103796249576E-07   2.2829592227935791E+00  -7.0525503158569336E-01  -1.0612343549728394E+00   4.1078034043312073E-01   1.0807352066040039E+00  -6.7453132942318916E-04  -1.2583520412445068E+00   6.1266875267028809E-01   5.1151687512174249E-04
     401   1.2246092781424522E-02   3.4894502162933350E+00   5.9869837760925293E-01  -1.0098687559366226E-01   2.9997401870787144E-03   1.3171206228435040E-03  -9.0873028966598213E-05  -1.7527274394524284E-05   2.4124992705765180E-06  -7.8958379390314803E-08   2.2901935577392578E+00  -6.3371872901916504E-01  -1.0562573671340942E+00   3.1679040193557739E-01   1.0083898305892944E+00   7.2070896625518799E-02  -1.1011900901794434E+00   4.9163952469825745E-01   7.5957726221531630E-04
     402   1.2265624478459358E-02   3.5908110141754150E+00   5.6519007682800293E-01  -1.0415416210889816E-01   5.4438002407550812E-03   1.2648857664316893E-03  -1.5420526324305683E-04  -1.7731625121086836E-05   4.0826612348610070E-06  -2.0148736723513139E-07   2.2774949073791504E+00  -8.1737321615219116E-01  -1.0794937610626221E+00   5.4838901758193970E-01   1.1988370418548584E+00  -9.4521939754486084E-02  -1.4883487224578857E+00   7.7483189105987549E-01   5.3587567526847124E-04
     403   1.2285156175494194E-02   3.5054543018341064E+00   5.9335345029830933E-01  -1.0157007724046707E-01   3.3959131687879562E-03   1.3105541002005339E-03  -1.0105733963428065E-04  -1.7591130017535761E-05   2.6793609322339762E-06  -9.8276196069946309E-08   2.2861397266387939E+00  -6.6439747810363770E-01  -1.0581923723220825E+00   3.5688400268554688E-01   1.0391284227371216E+00   4.1154455393552780E-02  -1.1679151058197021E+00   5.4281884431838989E-01   7.8422867227345705E-04
     404   1.2304686941206455E-02   3.5562951564788818E+00   5.7628059387207031E-01  -1.0312519222497940E-01   4.6324031427502632E-03   1.2829505139961839E-03  -1.3315695105120540E-04  -1.7675523849902675E-05   3.5271793876745505E-06  -1.6064690555595007E-07   2.2799713611602783E+00  -7.5686192512512207E-01  -1.0702447891235352E+00   4.7313550114631653E-01   1.1348702907562256E+00  -4.2732197791337967E-02  -1.3627864122390747E+00   6.8582558631896973E-01   6.1588548123836517E-04
     405   1.2324217706918716E-02   3.5770943164825439E+00   5.7045471668243408E-01  -1.0404907912015915E-01   5.1106652244925499E-03   1.2802361743524671E-03  -1.4526832092087716E-04  -1.7834499885793775E-05   3.8403354665206280E-06  -1.8263654055772349E-07   2.2727591991424561E+00  -7.9543143510818481E-01  -1.0686624050140381E+00   5.2734392881393433E-01   1.1720075607299805E+00  -8.8794589042663574E-02  -1.4526087045669556E+00   7.5963389873504639E-01   7.3339045047760010E-04
     406   1.2343749403953552E-02   3.5278346538543701E+00   5.8543843030929565E-01  -1.0229558497667313E-01   3.9641689509153366E-03   1.2982828775420785E-03  -1.1580057616811246E-04  -1.7636179109103978E-05   3.0687735943502048E-06  -1.2689081074768183E-07   2.2815861701965332E+00  -7.0733255147933960E-01  -1.0623302459716797E+00   4.1181534528732300E-01   1.0825331211090088E+00  -4.7331993118859828E-04  -1.2601763010025024E+00   6.1260789632797241E-01   5.7093560462817550E-04
     407   1.2353515252470970E-02   3.5455389022827148E+00   5.8055520057678223E-01  -1.0308056324720383E-01   4.3677226640284061E-03   1.2960711028426886E-03  -1.2602141941897571E-04  -1.7771219063433819E-05   3.3330859423585935E-06  -1.4544805537752836E-07   2.2755963802337646E+00  -7.3985308408737183E-01  -1.0609328746795654E+00   4.5764687657356262E-01   1.1138679981231689E+00  -3.9503891021013260E-02  -1.3361541032791138E+00   6.7510336637496948E-01   5.2577257156372070E-04
     408   1.2363281100988388E-02   3.5638413429260254E+00   5.7477223873138428E-01  -1.0372977703809738E-01   4.8041306436061859E-03   1.2888527708128095E-03  -1.3725104508921504E-04  -1.7841641238192096E-05   3.6273938803788042E-06  -1.6675497249707405E-07   2.2719664573669434E+00  -7.7329230308532715E-01  -1.0632466077804565E+00   5.0142830610275269E-01   1.1474970579147339E+00  -7.3474690318107605E-02  -1.4093099832534790E+00   7.3185896873474121E-01   6.9670914672315121E-04
     409   1.2373046949505806E-02   3.5293557643890381E+00   5.8454298973083496E-01  -1.0233474522829056E-01   4.0157525800168514E-03   1.2968895025551319E-03  -1.1709835962392390E-04  -1.7638512872508727E-05   3.1021318136481568E-06  -1.2931064929944114E-07   2.2812268733978271E+00  -7.1140134334564209E-01  -1.0638829469680786E+00   4.1562834382057190E-01   1.0871236324310303E+00  -1.3228144962340593E-03  -1.2659548521041870E+00   6.1487340927124023E-01   6.5301888389512897E-04
     410   1.2377928942441940E-02   3.5328519344329834E+00   5.8292347192764282E-01  -1.0235338658094406E-01   4.1113789193332195E-03   1.2924638576805592E-03  -1.1963435827055946E-04  -1.7610791473998688E-05   3.1701681564300088E-06  -1.3455918690397084E-07   2.2823085784912109E+00  -7.1792173385620117E-01  -1.0674434900283813E+00   4.2134296894073486E-01   1.0952979326248169E+00  -1.6116579063236713E-03  -1.2752453088760376E+00   6.1688214540481567E-01   5.4002291290089488E-04
     411   1.2382811866700649E-02   3.5269954204559326E+00   5.8440327644348145E-01  -1.0208402574062347E-01   3.9838789962232113E-03   1.2926292838528752E-03  -1.1643217294476926E-04  -1.7559405023348518E-05   3.0880032682034653E-06  -1.2887234390746016E-07   2.2842092514038086E+00  -7.0750910043716431E-01  -1.0679929256439209E+00   4.0653583407402039E-01   1.0852000713348389E+00   1.0906171053647995E-02  -1.2508542537689209E+00   5.9695160388946533E-01   5.5176939349621534E-04
     412   1.2392576783895493E-02   3.5366153717041016E+00   5.8310532569885254E-01  -1.0281914472579956E-01   4.1740871965885162E-03   1.3001086190342903E-03  -1.2101217726012692E-04  -1.7753889551386237E-05   3.2012167139328085E-06  -1.3578680579939828E-07   2.2754955291748047E+00  -7.2543734312057495E-01  -1.0582991838455200E+00   4.3986240029335022E-01   1.0980423688888550E+00  -2.8228173032402992E-02  -1.3067399263381958E+00   6.5566533803939819E-01   5.7376531185582280E-04
     413   1.2402342632412910E-02   3.5600867271423340E+00   5.7576286792755127E-01  -1.0365784168243408E-01   4.7305840998888016E-03   1.2910674558952451E-03  -1.3532926095649600E-04  -1.7844760805019177E-05   3.5766338442044798E-06  -1.6297722993385833E-07   2.2707817554473877E+00  -7.6826471090316772E-01  -1.0611838102340698E+00   4.9606075882911682E-01   1.1413040161132812E+00  -7.1507811546325684E-02  -1.4004247188568115E+00   7.2753775119781494E-01   7.0103321922942996E-04
     414   1.2407225556671619E-02   3.5359599590301514E+00   5.8225786685943604E-01  -1.0260333120822906E-01   4.1860719211399555E-03   1.2945689959451556E-03  -1.2145902292104438E-04  -1.7674077753326856E-05   3.2160232876776718E-06  -1.3748876881436445E-07   2.2786941528320312E+00  -7.2487419843673706E-01  -1.0639693737030029E+00   4.3383097648620605E-01   1.1002606153488159E+00  -1.6135482117533684E-02  -1.2962566614151001E+00   6.3851958513259888E-01   5.1561970030888915E-04
     415   1.2412108480930328E-02   3.5194101333618164E+00   5.8816128969192505E-01  -1.0220342874526978E-01   3.7777419202029705E-03   1.3064985396340489E-03  -1.1075678776251152E-04  -1.7690988897811621E-05   2.9310597255971516E-06  -1.1615314576829405E-07   2.2787768840789795E+00  -6.9533193111419678E-01  -1.0574948787689209E+00   3.9892822504043579E-01   1.0684409141540527E+00   6.0503208078444004E-03  -1.2375341653823853E+00   5.9882956743240356E-01   5.5485276971012354E-04
     416   1.2416991405189037E-02   3.4873437881469727E+00   5.9667026996612549E-01  -1.0076836496591568E-01   3.0578661244362593E-03   1.3099800562486053E-03  -9.2483001935761422E-05  -1.7445167031837627E-05   2.4576345367677277E-06  -8.2907952503319393E-08   2.2897229194641113E+00  -6.3750976324081421E-01  -1.0615658760070801E+00   3.1568595767021179E-01   1.0135782957077026E+00   7.9698912799358368E-02  -1.0986547470092773E+00   4.8143169283866882E-01   5.9750600485131145E-04
     417   1.2421874329447746E-02   3.5380454063415527E+00   5.8099824190139771E-01  -1.0258053243160248E-01   4.2525385506451130E-03   1.2907504569739103E-03  -1.2323271948844194E-04  -1.7643935279920697E-05   3.2638547509122873E-06  -1.4125156155841978E-07   2.2797551155090332E+00  -7.2925710678100586E-01  -1.0672919750213623E+00   4.3669524788856506E-01   1.1060878038406372E+00  -1.4399198815226555E-02  -1.3007586002349854E+00   6.3730746507644653E-01   5.2404450252652168E-04
     418   1.2441406026482582E-02   3.5513908863067627E+00   5.7760751247406006E-01  -1.0326468199491501E-01   4.5573986135423183E-03   1.2909794459119439E-03  -1.3096071779727936E-04  -1.7772968931240030E-05   3.4638992474356201E-06  -1.5514500262270303E-07   2.2729997634887695E+00  -7.5417661666870117E-01  -1.0623474121093750E+00   4.7532397508621216E-01   1.1275981664657593E+00  -5.3417745977640152E-02  -1.3660962581634521E+00   6.9890820980072021E-01   4.6244735131040215E-04
     419   1.2460937723517418E-02   3.5335495471954346E+00   5.8280199766159058E-01  -1.0261249542236328E-01   4.1474229656159878E-03   1.2971849646419287E-03  -1.2036947737215087E-04  -1.7700978787615895E-05   3.1853583095653448E-06  -1.3496972428583831E-07   2.2766158580780029E+00  -7.2292560338973999E-01  -1.0618097782135010E+00   4.3259358406066895E-01   1.0970474481582642E+00  -1.7275128513574600E-02  -1.2938832044601440E+00   6.3904356956481934E-01   6.8119680508971214E-04
     420   1.2465820647776127E-02   3.5907382965087891E+00   5.6448870897293091E-01  -1.0451313853263855E-01   5.5111576803028584E-03   1.2711154995486140E-03  -1.5562277985736728E-04  -1.7862112144939601E-05   4.1132011574518401E-06  -2.0268085165753291E-07   2.2676298618316650E+00  -8.2627689838409424E-01  -1.0716409683227539E+00   5.6589412689208984E-01   1.2026075124740601E+00  -1.1752355098724365E-01  -1.5169042348861694E+00   8.0758339166641235E-01   5.6914478773251176E-04
     421   1.2470703572034836E-02   3.6121752262115479E+00   5.5755293369293213E-01  -1.0521861165761948E-01   6.0256463475525379E-03   1.2610174017027020E-03  -1.6893770953174680E-04  -1.7919108358910307E-05   4.4638782128458843E-06  -2.2830178636468190E-07   2.2642683982849121E+00  -8.6509859561920166E-01  -1.0753204822540283E+00   6.1592942476272583E-01   1.2420113086700439E+00  -1.5562753379344940E-01  -1.6008337736129761E+00   8.7218159437179565E-01   5.3462223149836063E-04
     422   1.2480469420552254E-02   3.5355296134948730E+00   5.8179432153701782E-01  -1.0264515131711960E-01   4.2093400843441486E-03   1.2947780778631568E-03  -1.2201422941870987E-04  -1.7689022570266388E-05   3.2297145935444860E-06  -1.3837271239935944E-07   2.2764124870300293E+00  -7.2727435827255249E-01  -1.0629148483276367E+00   4.3737617135047913E-01   1.1013902425765991E+00  -2.0595688372850418E-02  -1.3021191358566284E+00   6.4578461647033691E-01   6.1291101155802608E-04
     423   1.2490235269069672E-02   3.4921798706054688E+00   5.9476488828659058E-01  -1.0103581100702286E-01   3.2010653521865606E-03   1.3091994915157557E-03  -9.6108175057452172E-05  -1.7493623090558685E-05   2.5515435027045896E-06  -8.9505796552202810E-08   2.2856931686401367E+00  -6.4946454763412476E-01  -1.0598856210708618E+00   3.3303946256637573E-01   1.0239681005477905E+00   6.3237719237804413E-02  -1.1276553869247437E+00   5.0715792179107666E-01   6.0535944066941738E-04
     424   1.2500000186264515E-02   3.4995791912078857E+00   5.9300899505615234E-01  -1.0143905133008957E-01   3.3667730167508125E-03   1.3100492069497705E-03  -1.0028789984062314E-04  -1.7575073798070662E-05   2.6592388167046010E-06  -9.6888520317861548E-08   2.2815656661987305E+00  -6.6325318813323975E-01  -1.0565021038055420E+00   3.5502132773399353E-01   1.0356329679489136E+00   4.0496874600648880E-02  -1.1648111343383789E+00   5.4255998134613037E-01   6.5187260042876005E-04
     425   1.2539062649011612E-02   3.5235822200775146E+00   5.8438521623611450E-01  -1.0212662070989609E-01   3.9690788835287094E-03   1.2953352415934205E-03  -1.1591013026190922E-04  -1.7599331840756349E-05   3.0715173124917783E-06  -1.2729918807963259E-07   2.2791562080383301E+00  -7.0822447538375854E-01  -1.0645503997802734E+00   4.0920966863632202E-01   1.0832021236419678E+00   4.9483794718980789E-03  -1.2548867464065552E+00   6.0471808910369873E-01   5.0759158330038190E-04
     426   1.2558594346046448E-02   3.5240280628204346E+00   5.8523297309875488E-01  -1.0240740329027176E-01   3.9628087542951107E-03   1.3022681232541800E-03  -1.1555680976016447E-04  -1.7703103367239237E-05   3.0581861665268661E-06  -1.2552931138998247E-07   2.2740797996520996E+00  -7.0993280410766602E-01  -1.0570520162582397E+00   4.1820490360260010E-01   1.0810726881027222E+00  -1.1643234640359879E-02  -1.2703111171722412E+00   6.2793171405792236E-01   5.5599259212613106E-04
     427   1.2568360194563866E-02   3.4891862869262695E+00   5.9480845928192139E-01  -1.0093359649181366E-01   3.1714574433863163E-03   1.3087972765788436E-03  -9.5341994892805815E-05  -1.7477806977694854E-05   2.5313695459772134E-06  -8.8096562933515088E-08   2.2847268581390381E+00  -6.4743113517761230E-01  -1.0600839853286743E+00   3.2938024401664734E-01   1.0215564966201782E+00   6.6635452210903168E-02  -1.1213320493698120E+00   5.0160855054855347E-01   5.0283188465982676E-04
     428   1.2578126043081284E-02   3.5133779048919678E+00   5.8742719888687134E-01  -1.0183824598789215E-01   3.7408035714179277E-03   1.3006638037040830E-03  -1.0995615593856201E-04  -1.7588337868801318E-05   2.9137822821212467E-06  -1.1565480662056871E-07   2.2791929244995117E+00  -6.9154345989227295E-01  -1.0618925094604492E+00   3.8831862807273865E-01   1.0655211210250854E+00   1.9714949652552605E-02  -1.2196717262268066E+00   5.7895255088806152E-01   6.0210534138604999E-04
     429   1.2587891891598701E-02   3.5702993869781494E+00   5.6908005475997925E-01  -1.0371809452772141E-01   5.1017329096794128E-03   1.2744079576805234E-03  -1.4512667257804424E-04  -1.7747672245604917E-05   3.8389221117540728E-06  -1.8313819794002484E-07   2.2704565525054932E+00  -7.9462379217147827E-01  -1.0722993612289429E+00   5.2066802978515625E-01   1.1711457967758179E+00  -7.8810133039951324E-02  -1.4409105777740479E+00   7.4479156732559204E-01   5.5691931629553437E-04
     430   1.2592774815857410E-02   3.5993816852569580E+00   5.6193959712982178E-01  -1.0517221689224243E-01   5.7425289414823055E-03   1.2756327632814646E-03  -1.6123753448482603E-04  -1.8034063032246195E-05   4.2529491111054085E-06  -2.1164937891171576E-07   2.2579143047332764E+00  -8.4753149747848511E-01  -1.0648758411407471E+00   6.0002994537353516E-01   1.2195649147033691E+00  -1.5291534364223480E-01  -1.5731488466262817E+00   8.6114364862442017E-01   5.5887841153889894E-04
     431   1.2597657740116119E-02   3.5346906185150146E+00   5.8198487758636475E-01  -1.0289593040943146E-01   4.2206146754324436E-03   1.3008055975660682E-03  -1.2206199608044699E-04  -1.7790238416637294E-05   3.2258633382298285E-06  -1.3726646841405454E-07   2.2696824073791504E+00  -7.3096799850463867E-01  -1.0563520193099976E+00   4.4737574458122253E-01   1.1013667583465576E+00  -3.5851858556270599E-02  -1.3183662891387939E+00   6.6637587547302246E-01   5.4457579972222447E-04
     432   1.2602540664374828E-02   3.5075240135192871E+00   5.8950692415237427E-01  -1.0175030678510666E-01   3.6047380417585373E-03   1.3056672178208828E-03  -1.0638801177265123E-04  -1.7609330825507641E-05   2.8187171210447559E-06  -1.0843589137721210E-07   2.2776467800140381E+00  -6.8199658393859863E-01  -1.0575137138366699E+00   3.7898269295692444E-01   1.0537242889404297E+00   2.1767545491456985E-02  -1.2046000957489014E+00   5.7352960109710693E-01   4.5098384725861251E-04
     433   1.2607423588633537E-02   3.5031180381774902E+00   5.8984297513961792E-01  -1.0138009488582611E-01   3.5270655062049627E-03   1.3009489048272371E-03  -1.0457877942826599E-04  -1.7503616618341766E-05   2.7754927032219712E-06  -1.0605626243886945E-07   2.2819290161132812E+00  -6.7413610219955444E-01  -1.0626140832901001E+00   3.6355599761009216E-01   1.0483050346374512E+00   4.0208872407674789E-02  -1.1790062189102173E+00   5.4626667499542236E-01   5.7872949400916696E-04
     434   1.2612305581569672E-02   3.5160131454467773E+00   5.8613204956054688E-01  -1.0191033035516739E-01   3.8263474125415087E-03   1.2978876475244761E-03  -1.1224186891922727E-04  -1.7580192434252240E-05   2.9755285595456371E-06  -1.2033042651182768E-07   2.2780644893646240E+00  -6.9761240482330322E-01  -1.0618982315063477E+00   3.9646187424659729E-01   1.0707455873489380E+00   1.1560959741473198E-02  -1.2342282533645630E+00   5.9288430213928223E-01   5.1389954751357436E-04
     435   1.2617188505828381E-02   3.4798154830932617E+00   5.9743183851242065E-01  -1.0066163539886475E-01   2.9712482355535030E-03   1.3129153521731496E-03  -9.0169225586578250E-05  -1.7458365618949756E-05   2.3954551124916179E-06  -7.8166713990412973E-08   2.2844078540802002E+00  -6.3257056474685669E-01  -1.0571835041046143E+00   3.1117203831672668E-01   1.0051047801971436E+00   7.7892951667308807E-02  -1.0912666320800781E+00   4.8204386234283447E-01   6.1275972984731197E-04
     436   1.2626953423023224E-02   3.5440907478332520E+00   5.7724368572235107E-01  -1.0289801657199860E-01   4.4934675097465515E-03   1.2867776677012444E-03  -1.2938496365677565E-04  -1.7686443243292160E-05   3.4245247206854401E-06  -1.5283369236840372E-07   2.2728128433227539E+00  -7.4902838468551636E-01  -1.0663806200027466E+00   4.6297636628150940E-01   1.1234905719757080E+00  -3.7566252052783966E-02  -1.3445439338684082E+00   6.7444938421249390E-01   6.1325338901951909E-04
     437   1.2636719271540642E-02   3.5623586177825928E+00   5.7169526815414429E-01  -1.0359319299459457E-01   4.9230149015784264E-03   1.2810166226699948E-03  -1.4039018424227834E-04  -1.7776794265955687E-05   3.7118934415047988E-06  -1.7346637548598665E-07   2.2684512138366699E+00  -7.8243911266326904E-01  -1.0676050186157227E+00   5.0768548250198364E-01   1.1566797494888306E+00  -7.3281057178974152E-02  -1.4190424680709839E+00   7.3337203264236450E-01   4.9318699166178703E-04
     438   1.2656250968575478E-02   3.4875140190124512E+00   5.9482234716415405E-01  -1.0098238289356232E-01   3.1677463557571173E-03   1.3105433899909258E-03  -9.5184681413229555E-05  -1.7504869902040809E-05   2.5260055735998321E-06  -8.7482760591228725E-08   2.2814366817474365E+00  -6.4813590049743652E-01  -1.0571614503860474E+00   3.3226126432418823E-01   1.0200704336166382E+00   6.0362219810485840E-02  -1.1263967752456665E+00   5.1048445701599121E-01   5.8746751165017486E-04
     439   1.2675782665610313E-02   3.5567860603332520E+00   5.7332754135131836E-01  -1.0347314924001694E-01   4.8049879260361195E-03   1.2844854500144720E-03  -1.3730389764532447E-04  -1.7782271243049763E-05   3.6299156818131451E-06  -1.6732835206312302E-07   2.2673826217651367E+00  -7.7401280403137207E-01  -1.0647761821746826E+00   4.9836072325706482E-01   1.1467311382293701E+00  -6.9134697318077087E-02  -1.4037659168243408E+00   7.2504150867462158E-01   4.7818029997870326E-04
     440   1.2695313431322575E-02   3.5194008350372314E+00   5.8444291353225708E-01  -1.0209599882364273E-01   3.9390944875776768E-03   1.2970500392839313E-03  -1.1503978748805821E-04  -1.7617086996324360E-05   3.0468838758679340E-06  -1.2529874027222832E-07   2.2750649452209473E+00  -7.0738494396209717E-01  -1.0621714591979980E+00   4.0886819362640381E-01   1.0803191661834717E+00   2.8654816560447216E-03  -1.2538669109344482E+00   6.0644727945327759E-01   5.5618438636884093E-04
     441   1.2705078348517418E-02   3.5369594097137451E+00   5.7916247844696045E-01  -1.0277534276247025E-01   4.3524373322725296E-03   1.2916349805891514E-03  -1.2565193173941225E-04  -1.7705242498777807E-05   3.3244346013816539E-06  -1.4523367042329483E-07   2.2704937458038330E+00  -7.3948287963867188E-01  -1.0624828338623047E+00   4.5270040631294250E-01   1.1117415428161621E+00  -3.3569071441888809E-02  -1.3273411989212036E+00   6.6586941480636597E-01   5.4622284369543195E-04
     442   1.2714844197034836E-02   3.5188941955566406E+00   5.8492487668991089E-01  -1.0219790786504745E-01   3.9259260520339012E-03   1.3001915067434311E-03  -1.1462363909231499E-04  -1.7660893718129955E-05   3.0341332148964284E-06  -1.2400786886246351E-07   2.2726523876190186E+00  -7.0727777481079102E-01  -1.0585391521453857E+00   4.1188156604766846E-01   1.0782153606414795E+00  -4.3354253284633160E-03  -1.2593293190002441E+00   6.1629933118820190E-01   6.0784578090533614E-04
     443   1.2734375894069672E-02   3.5165419578552246E+00   5.8454579114913940E-01  -1.0191859304904938E-01   3.9014643989503384E-03   1.2949432712048292E-03  -1.1416188499424607E-04  -1.7569165720487945E-05   3.0258911465352867E-06  -1.2411661032274424E-07   2.2760267257690430E+00  -7.0376223325729370E-01  -1.0637003183364868E+00   4.0221866965293884E-01   1.0770133733749390E+00   9.5582706853747368E-03  -1.2431546449661255E+00   5.9653091430664062E-01   5.3486257093027234E-04
     444   1.2773438356816769E-02   3.5213820934295654E+00   5.8322674036026001E-01  -1.0222460329532623E-01   4.0205842815339565E-03   1.2962321052327752E-03  -1.1710909893736243E-04  -1.7639851648709737E-05   3.1006127301225206E-06  -1.2910669511256856E-07   2.2721593379974365E+00  -7.1420925855636597E-01  -1.0610580444335938E+00   4.1865789890289307E-01   1.0858880281448364E+00  -6.8268324248492718E-03  -1.2703971862792969E+00   6.2140351533889771E-01   4.7546823043376207E-04
     445   1.2783203274011612E-02   3.5629117488861084E+00   5.7084500789642334E-01  -1.0382334887981415E-01   4.9894372932612896E-03   1.2837500544264913E-03  -1.4194221876095980E-04  -1.7849522919277661E-05   3.7494555726880208E-06  -1.7567342069924052E-07   2.2620198726654053E+00  -7.8963756561279297E-01  -1.0628303289413452E+00   5.2069133520126343E-01   1.1604751348495483E+00  -8.9670576155185699E-02  -1.4406956434249878E+00   7.5726133584976196E-01   5.7110912166535854E-04
     446   1.2792969122529030E-02   3.5567932128906250E+00   5.7177096605300903E-01  -1.0341645777225494E-01   4.8717018216848373E-03   1.2802253477275372E-03  -1.3909337576478720E-04  -1.7745662262313999E-05   3.6787394037673948E-06  -1.7123758766501851E-07   2.2660820484161377E+00  -7.7886700630187988E-01  -1.0669343471527100E+00   5.0211530923843384E-01   1.1515878438949585E+00  -7.0019230246543884E-02  -1.4099704027175903E+00   7.2783613204956055E-01   5.2497995784506202E-04
     447   1.2812500819563866E-02   3.5354287624359131E+00   5.7861638069152832E-01  -1.0276017338037491E-01   4.3656872585415840E-03   1.2913080863654613E-03  -1.2593324936460704E-04  -1.7709604435367510E-05   3.3306089335383149E-06  -1.4560868066837429E-07   2.2683207988739014E+00  -7.4124646186828613E-01  -1.0625672340393066E+00   4.5410791039466858E-01   1.1130020618438721E+00  -3.3974513411521912E-02  -1.3290855884552002E+00   6.6599208116531372E-01   5.6073383893817663E-04
     448   1.2851563282310963E-02   3.5485432147979736E+00   5.7388621568679810E-01  -1.0317021608352661E-01   4.7007654793560505E-03   1.2837125686928630E-03  -1.3462733477354050E-04  -1.7730999388732016E-05   3.5602699881565059E-06  -1.6251652823484619E-07   2.2659440040588379E+00  -7.6647567749023438E-01  -1.0656082630157471E+00   4.8577812314033508E-01   1.1387674808502197E+00  -5.7146258652210236E-02  -1.3821393251419067E+00   7.0540207624435425E-01   5.8182841166853905E-04
     449   1.2871094048023224E-02   3.5129578113555908E+00   5.8500236272811890E-01  -1.0197961330413818E-01   3.8665938191115856E-03   1.2989619281142950E-03  -1.1311189882690087E-04  -1.7620748621993698E-05   2.9951206670375541E-06  -1.2139710747760546E-07   2.2710328102111816E+00  -7.0299541950225830E-01  -1.0591142177581787E+00   4.0416660904884338E-01   1.0731893777847290E+00   2.6929997839033604E-03  -1.2462254762649536E+00   6.0513466596603394E-01   6.5870094113051891E-04
     450   1.2880859896540642E-02   3.4837055206298828E+00   5.9335434436798096E-01  -1.0081183165311813E-01   3.1964262016117573E-03   1.3062272919341922E-03  -9.5966723165474832E-05  -1.7455042325309478E-05   2.5478873340034625E-06  -8.9452527163302875E-08   2.2786087989807129E+00  -6.5056067705154419E-01  -1.0592745542526245E+00   3.3182799816131592E-01   1.0219509601593018E+00   6.3271194696426392E-02  -1.1252806186676025E+00   5.0650703907012939E-01   6.1815447406843305E-04
     451   1.2890625745058060E-02   3.5169720649719238E+00   5.8355808258056641E-01  -1.0212484002113342E-01   3.9696670137345791E-03   1.2972324620932341E-03  -1.1574383097467944E-04  -1.7638392819208093E-05   3.0635908387921518E-06  -1.2631802803753089E-07   2.2699759006500244E+00  -7.1108472347259521E-01  -1.0600166320800781E+00   4.1430115699768066E-01   1.0815856456756592E+00  -4.2160474695265293E-03  -1.2627935409545898E+00   6.1649566888809204E-01   5.9718324337154627E-04
     452   1.2929688207805157E-02   3.4764916896820068E+00   5.9521466493606567E-01  -1.0059132426977158E-01   3.0471186619251966E-03   1.3090526917949319E-03  -9.2090915131848305E-05  -1.7437956557841972E-05   2.4456489882140886E-06  -8.1980481070331734E-08   2.2785303592681885E+00  -6.3952732086181641E-01  -1.0578560829162598E+00   3.1750553846359253E-01   1.0101200342178345E+00   7.3547452688217163E-02  -1.1012547016143799E+00   4.8915651440620422E-01   5.3188652964308858E-04
     453   1.2949218973517418E-02   3.5674626827239990E+00   5.6730353832244873E-01  -1.0391251742839813E-01   5.1880953833460808E-03   1.2763857375830412E-03  -1.4713662676513195E-04  -1.7821716028265655E-05   3.8876751204952598E-06  -1.8612873020629195E-07   2.2592990398406982E+00  -8.0459326505661011E-01  -1.0663552284240723E+00   5.3674340248107910E-01   1.1756403446197510E+00  -9.9048748612403870E-02  -1.4673262834548950E+00   7.7418333292007446E-01   5.4500729311257601E-04
     454   1.2958984822034836E-02   3.5152745246887207E+00   5.8355742692947388E-01  -1.0211106389760971E-01   3.9575649425387383E-03   1.2979408493265510E-03  -1.1537948012119159E-04  -1.7646008927840739E-05   3.0530791264027357E-06  -1.2545972083444212E-07   2.2683851718902588E+00  -7.1085411310195923E-01  -1.0593917369842529E+00   4.1395726799964905E-01   1.0807726383209229E+00  -4.1671157814562321E-03  -1.2617713212966919E+00   6.1580818891525269E-01   5.2476010750979185E-04
     455   1.2968750670552254E-02   3.5161533355712891E+00   5.8291667699813843E-01  -1.0208342224359512E-01   3.9899763651192188E-03   1.2955786660313606E-03  -1.1627950880210847E-04  -1.7621985534788109E-05   3.0782766771153547E-06  -1.2753783096286497E-07   2.2689518928527832E+00  -7.1278262138366699E-01  -1.0609024763107300E+00   4.1519182920455933E-01   1.0832018852233887E+00  -3.7580402567982674E-03  -1.2640184164047241E+00   6.1612176895141602E-01   5.3209369070827961E-04
     456   1.3046875596046448E-02   3.5267839431762695E+00   5.7919400930404663E-01  -1.0254867374897003E-01   4.2693894356489182E-03   1.2924842303618789E-03  -1.2340275861788541E-04  -1.7692595065454952E-05   3.2635348361509386E-06  -1.4072378462515189E-07   2.2640657424926758E+00  -7.3511952161788940E-01  -1.0603148937225342E+00   4.4581836462020874E-01   1.1042766571044922E+00  -2.9930660501122475E-02  -1.3150933980941772E+00   6.5824115276336670E-01   5.7422037934884429E-04
     457   1.3066407293081284E-02   3.5496199131011963E+00   5.7175290584564209E-01  -1.0332079976797104E-01   4.8209596425294876E-03   1.2821535347029567E-03  -1.3764353934675455E-04  -1.7762064089765772E-05   3.6379080938786501E-06  -1.6799673119294312E-07   2.2599883079528809E+00  -7.7707648277282715E-01  -1.0640900135040283E+00   4.9996697902679443E-01   1.1468944549560547E+00  -7.0894055068492889E-02  -1.4056247472763062E+00   7.2704112529754639E-01   5.5330747272819281E-04
     458   1.3076173141598701E-02   3.5290560722351074E+00   5.7756751775741577E-01  -1.0249356925487518E-01   4.3509365059435368E-03   1.2871025828644633E-03  -1.2561076437123120E-04  -1.7643556930124760E-05   3.3239621188840829E-06  -1.4558685279553174E-07   2.2654397487640381E+00  -7.4037200212478638E-01  -1.0646626949310303E+00   4.4888973236083984E-01   1.1114081144332886E+00  -2.7148574590682983E-02  -1.3199442625045776E+00   6.5571153163909912E-01   7.0578663144260645E-04
     459   1.3085938058793545E-02   3.5367763042449951E+00   5.7560622692108154E-01  -1.0288358479738235E-01   4.5263320207595825E-03   1.2871864018961787E-03  -1.3005180517211556E-04  -1.7717635273584165E-05   3.4387282994430279E-06  -1.5354750360074831E-07   2.2617232799530029E+00  -7.5468176603317261E-01  -1.0620623826980591E+00   4.7087696194648743E-01   1.1239521503448486E+00  -4.8971638083457947E-02  -1.3570731878280640E+00   6.9005584716796875E-01   5.7613936951383948E-04
     460   1.3090820983052254E-02   3.5122802257537842E+00   5.8328402042388916E-01  -1.0204860568046570E-01   3.9482577703893185E-03   1.2975101126357913E-03  -1.1513895879033953E-04  -1.7637414202908985E-05   3.0469989269477082E-06  -1.2506545488122356E-07   2.2657308578491211E+00  -7.1068149805068970E-01  -1.0582841634750366E+00   4.1372191905975342E-01   1.0791091918945312E+00  -5.6471531279385090E-03  -1.2615554332733154E+00   6.1755639314651489E-01   5.5796158267185092E-04
     461   1.3095702975988388E-02   3.5054700374603271E+00   5.8540922403335571E-01  -1.0182355344295502E-01   3.7874386180192232E-03   1.3006796361878514E-03  -1.1095846275566146E-04  -1.7620526705286466E-05   2.9365112368395785E-06  -1.1697660085019379E-07   2.2667958736419678E+00  -6.9862669706344604E-01  -1.0574781894683838E+00   3.9778938889503479E-01   1.0670543909072876E+00   7.1640899404883385E-03  -1.2345863580703735E+00   5.9606349468231201E-01   5.8177037863060832E-04
     462   1.3105468824505806E-02   3.5580086708068848E+00   5.6910276412963867E-01  -1.0369591414928436E-01   5.0290343351662159E-03   1.2803681893274188E-03  -1.4294173161033541E-04  -1.7820992070483044E-05   3.7757533846161095E-06  -1.7778413052838005E-07   2.2563765048980713E+00  -7.9381328821182251E-01  -1.0632208585739136E+00   5.2348762750625610E-01   1.1626961231231689E+00  -9.1346837580204010E-02  -1.4448268413543701E+00   7.5962466001510620E-01   5.3940678481012583E-04
     463   1.3110351748764515E-02   3.5251064300537109E+00   5.7882523536682129E-01  -1.0244186222553253E-01   4.2664445936679840E-03   1.2904407922178507E-03  -1.2337570660747588E-04  -1.7661368474364281E-05   3.2639240998832975E-06  -1.4098118583660835E-07   2.2640323638916016E+00  -7.3455041646957397E-01  -1.0616923570632935E+00   4.4328510761260986E-01   1.1038404703140259E+00  -2.6488233357667923E-02  -1.3109093904495239E+00   6.5353626012802124E-01   5.3445971570909023E-04
     464   1.3115234673023224E-02   3.5115308761596680E+00   5.8305233716964722E-01  -1.0197681933641434E-01   3.9465273730456829E-03   1.2960954336449504E-03  -1.1511746561154723E-04  -1.7615828255657107E-05   3.0469827834167518E-06  -1.2521819314770255E-07   2.2662897109985352E+00  -7.1029901504516602E-01  -1.0598630905151367E+00   4.1155087947845459E-01   1.0794157981872559E+00  -1.7135491361841559E-03  -1.2576442956924438E+00   6.1185061931610107E-01   6.7420920822769403E-04
     465   1.3125000521540642E-02   3.5595595836639404E+00   5.6777840852737427E-01  -1.0361146926879883E-01   5.0899339839816093E-03   1.2753759510815144E-03  -1.4461846149060875E-04  -1.7770129488781095E-05   3.8220669011934660E-06  -1.8160561410240916E-07   2.2581315040588379E+00  -7.9731208086013794E-01  -1.0674183368682861E+00   5.2434039115905762E-01   1.1679358482360840E+00  -8.7242349982261658E-02  -1.4461749792098999E+00   7.5521105527877808E-01   6.2036764575168490E-04
     466   1.3144532218575478E-02   3.5276360511779785E+00   5.7841026782989502E-01  -1.0269162803888321E-01   4.3244315311312675E-03   1.2935644481331110E-03  -1.2471742229536176E-04  -1.7734857465256937E-05   3.2959078453131951E-06  -1.4277759419201175E-07   2.2603580951690674E+00  -7.4056375026702881E-01  -1.0581996440887451E+00   4.5442974567413330E-01   1.1080665588378906E+00  -3.9292089641094208E-02  -1.3292158842086792E+00   6.7203551530838013E-01   5.1497435197234154E-04
     467   1.3164062984287739E-02   3.5295162200927734E+00   5.7718569040298462E-01  -1.0265982151031494E-01   4.3884976767003536E-03   1.2895282125100493E-03  -1.2645925744436681E-04  -1.7698775991448201E-05   3.3437154343118891E-06  -1.4661195280041284E-07   2.2612705230712891E+00  -7.4470436573028564E-01  -1.0611625909805298E+00   4.5732074975967407E-01   1.1134310960769653E+00  -3.8226839154958725E-02  -1.3339709043502808E+00   6.7179036140441895E-01   6.3189479988068342E-04
     468   1.3203125447034836E-02   3.5319314002990723E+00   5.7600963115692139E-01  -1.0273976624011993E-01   4.4661262072622776E-03   1.2874561361968517E-03  -1.2849572522100061E-04  -1.7698661395115778E-05   3.3980629723373568E-06  -1.5066302694322076E-07   2.2600758075714111E+00  -7.5051730871200562E-01  -1.0613455772399902E+00   4.6487569808959961E-01   1.1187028884887695E+00  -4.4984795153141022E-02  -1.3469941616058350E+00   6.8329989910125732E-01   6.1866990290582180E-04
     469   1.3222657144069672E-02   3.5126545429229736E+00   5.8205687999725342E-01  -1.0212135314941406E-01   4.0135225281119347E-03   1.2966101057827473E-03  -1.1675597488647327E-04  -1.7654401744948700E-05   3.0881842576491181E-06  -1.2795634063422767E-07   2.2624804973602295E+00  -7.1652603149414062E-01  -1.0578991174697876E+00   4.2100918292999268E-01   1.0837980508804321E+00  -1.1990301311016083E-02  -1.2733497619628906E+00   6.2767440080642700E-01   5.4657232249155641E-04
     470   1.3242187909781933E-02   3.5253477096557617E+00   5.7761055231094360E-01  -1.0250178724527359E-01   4.3283118866384029E-03   1.2894101673737168E-03  -1.2490458902902901E-04  -1.7674912669463083E-05   3.3028197776729940E-06  -1.4371950385339005E-07   2.2609918117523193E+00  -7.4020212888717651E-01  -1.0617270469665527E+00   4.4997191429138184E-01   1.1088240146636963E+00  -3.1276222318410873E-02  -1.3214329481124878E+00   6.6063731908798218E-01   5.7473097695037723E-04
     471   1.3251952826976776E-02   3.5260624885559082E+00   5.7704377174377441E-01  -1.0247278213500977E-01   4.3566571548581123E-03   1.2872396036982536E-03  -1.2570008402690291E-04  -1.7653048416832462E-05   3.3250657907046843E-06  -1.4554420602053142E-07   2.2614941596984863E+00  -7.4180573225021362E-01  -1.0629879236221313E+00   4.5100826025009155E-01   1.1108052730560303E+00  -3.1082199886441231E-02  -1.3234617710113525E+00   6.6107612848281860E-01   6.2027346575632691E-04
     472   1.3256835751235485E-02   3.4958600997924805E+00   5.8554428815841675E-01  -1.0122577100992203E-01   3.6678484175354242E-03   1.2934528058394790E-03  -1.0814287816174328E-04  -1.7461716197431087E-05   2.8686192763416329E-06  -1.1314983083821062E-07   2.2699408531188965E+00  -6.8737280368804932E-01  -1.0636941194534302E+00   3.7551277875900269E-01   1.0576759576797485E+00   3.2110694795846939E-02  -1.1976890563964844E+00   5.5890440940856934E-01   6.1968731461092830E-04
     473   1.3261718675494194E-02   3.5211443901062012E+00   5.7907456159591675E-01  -1.0243168473243713E-01   4.2310319840908051E-03   1.2928076321259141E-03  -1.2235672329552472E-04  -1.7686568753561005E-05   3.2351356367144035E-06  -1.3861783543234196E-07   2.2600080966949463E+00  -7.3336690664291382E-01  -1.0588477849960327E+00   4.4304001331329346E-01   1.1005163192749023E+00  -2.9215849936008453E-02  -1.3101234436035156E+00   6.5601223707199097E-01   6.2388466903939843E-04
     474   1.3281250372529030E-02   3.5393137931823730E+00   5.7261425256729126E-01  -1.0293591022491455E-01   4.6830475330352783E-03   1.2813510838896036E-03  -1.3411161489784718E-04  -1.7697535440674983E-05   3.5460097933537327E-06  -1.6161520477453450E-07   2.2585973739624023E+00  -7.6685243844985962E-01  -1.0649868249893188E+00   4.8341092467308044E-01   1.1360427141189575E+00  -5.5781479924917221E-02  -1.3774973154067993E+00   7.0246183872222900E-01   5.7762255892157555E-04
     475   1.3286133296787739E-02   3.5727572441101074E+00   5.6260997056961060E-01  -1.0420733690261841E-01   5.4635852575302124E-03   1.2708763824775815E-03  -1.5413583605550230E-04  -1.7859789295471273E-05   4.0695808820601087E-06  -1.9925170136048109E-07   2.2507209777832031E+00  -8.2744681835174561E-01  -1.0667033195495605E+00   5.6517976522445679E-01   1.1961560249328613E+00  -1.2184861302375793E-01  -1.5140668153762817E+00   8.1075030565261841E-01   5.5269809672608972E-04
     476   1.3288574293255806E-02   3.5625877380371094E+00   5.6600183248519897E-01  -1.0390585660934448E-01   5.2185817621648312E-03   1.2764814309775829E-03  -1.4777606702409685E-04  -1.7844569811131805E-05   3.9017254493955988E-06  -1.8690482761485328E-07   2.2516369819641113E+00  -8.0921596288681030E-01  -1.0639767646789551E+00   5.4252368211746216E-01   1.1770235300064087E+00  -1.0605274140834808E-01  -1.4761614799499512E+00   7.8364968299865723E-01   5.5503443581983447E-04
     477   1.3291016221046448E-02   3.5088720321655273E+00   5.8192968368530273E-01  -1.0185547918081284E-01   3.9703957736492157E-03   1.2929002987220883E-03  -1.1575685493880883E-04  -1.7580125131644309E-05   3.0646301638626028E-06  -1.2677156746576657E-07   2.2642562389373779E+00  -7.1231877803802490E-01  -1.0615888833999634E+00   4.1138601303100586E-01   1.0811321735382080E+00   5.9204327408224344E-04  -1.2569835186004639E+00   6.0876297950744629E-01   6.4588559325784445E-04
     478   1.3295899145305157E-02   3.5108370780944824E+00   5.8112967014312744E-01  -1.0189411789178848E-01   4.0219002403318882E-03   1.2912086676806211E-03  -1.1710031685652211E-04  -1.7576248865225352E-05   3.1001375191408442E-06  -1.2942358296186285E-07   2.2643709182739258E+00  -7.1605354547500610E-01  -1.0628463029861450E+00   4.1535493731498718E-01   1.0854432582855225E+00  -1.0468343971297145E-03  -1.2634868621826172E+00   6.1182218790054321E-01   6.5132207237184048E-04
     479   1.3300782069563866E-02   3.5067021846771240E+00   5.8262807130813599E-01  -1.0180714726448059E-01   3.9209737442433834E-03   1.2944182381033897E-03  -1.1445688869571313E-04  -1.7584337911102921E-05   3.0297587727545761E-06  -1.2412965588737279E-07   2.2640376091003418E+00  -7.0877873897552490E-01  -1.0606380701065063E+00   4.0730577707290649E-01   1.0771837234497070E+00   2.9369967523962259E-03  -1.2501544952392578E+00   6.0434532165527344E-01   5.2323797717690468E-04
     480   1.3320312835276127E-02   3.4818971157073975E+00   5.9090882539749146E-01  -1.0110490024089813E-01   3.3275273162871599E-03   1.3087012339383364E-03  -9.9038647022098303E-05  -1.7558815670781769E-05   2.6224386147077894E-06  -9.4075666368098609E-08   2.2653856277465820E+00  -6.6481107473373413E-01  -1.0528404712677002E+00   3.5370910167694092E-01   1.0302950143814087E+00   3.8435991853475571E-02  -1.1607326269149780E+00   5.4266363382339478E-01   9.1121962759643793E-04
     481   1.3359375298023224E-02   3.4772255420684814E+00   5.9106969833374023E-01  -1.0074494779109955E-01   3.2572024501860142E-03   1.3040647609159350E-03  -9.7395895863883197E-05  -1.7458953152527101E-05   2.5830286176642403E-06  -9.1913683775146637E-08   2.2688710689544678E+00  -6.5772861242294312E-01  -1.0576852560043335E+00   3.3928599953651428E-01   1.0252230167388916E+00   5.5654454976320267E-02  -1.1367651224136353E+00   5.1746225357055664E-01   7.7015400165691972E-04
     482   1.3398437760770321E-02   3.5013120174407959E+00   5.8323514461517334E-01  -1.0160059481859207E-01   3.8421140052378178E-03   1.2940980959683657E-03  -1.1245529458392411E-04  -1.7548867617733777E-05   2.9779530450468883E-06  -1.2053865816596954E-07   2.2636203765869141E+00  -7.0269399881362915E-01  -1.0608255863189697E+00   3.9800921082496643E-01   1.0705111026763916E+00   1.0472264140844345E-02  -1.2347322702407837E+00   5.9248888492584229E-01   6.3789967680349946E-04
     483   1.3437500223517418E-02   3.5033187866210938E+00   5.8224564790725708E-01  -1.0167683660984039E-01   3.9067352190613747E-03   1.2927167117595673E-03  -1.1411699961172417E-04  -1.7554713849676773E-05   3.0216417599149281E-06  -1.2373601521176170E-07   2.2625060081481934E+00  -7.0779228210449219E-01  -1.0612027645111084E+00   4.0439340472221375E-01   1.0754728317260742E+00   5.6620496325194836E-03  -1.2453165054321289E+00   6.0037028789520264E-01   5.9761106967926025E-04
     484   1.3457031920552254E-02   3.5138115882873535E+00   5.7904011011123657E-01  -1.0210048407316208E-01   4.1573806665837765E-03   1.2897847918793559E-03  -1.2053109821863472E-04  -1.7613590898690745E-05   3.1890660920907976E-06  -1.3572015689078398E-07   2.2593016624450684E+00  -7.2748237848281860E-01  -1.0611351728439331E+00   4.3139350414276123E-01   1.0945768356323242E+00  -1.6943437978625298E-02  -1.2904253005981445E+00   6.3713413476943970E-01   5.6245608720928431E-04
     485   1.3476562686264515E-02   3.4935715198516846E+00   5.8569884300231934E-01  -1.0151281952857971E-01   3.6747739650309086E-03   1.3011130504310131E-03  -1.0797922732308507E-04  -1.7589050912647508E-05   2.8572128485393478E-06  -1.1125280963142359E-07   2.2607192993164062E+00  -6.9179236888885498E-01  -1.0556451082229614E+00   3.8710361719131470E-01   1.0571926832199097E+00   1.4217662625014782E-02  -1.2160853147506714E+00   5.8305144309997559E-01   5.6671217316761613E-04
     486   1.3496093451976776E-02   3.5117349624633789E+00   5.7929068803787231E-01  -1.0202635824680328E-01   4.1269413195550442E-03   1.2897839769721031E-03  -1.1975674715358764E-04  -1.7601538274902850E-05   3.1690290143160382E-06  -1.3432327250484377E-07   2.2590229511260986E+00  -7.2515630722045898E-01  -1.0610018968582153E+00   4.2802378535270691E-01   1.0918968915939331E+00  -1.4533892273902893E-02  -1.2849004268646240E+00   6.3329148292541504E-01   6.1556807486340404E-04
     487   1.3515625149011612E-02   3.5251791477203369E+00   5.7510316371917725E-01  -1.0253924876451492E-01   4.4478867202997208E-03   1.2853508815169334E-03  -1.2798047100659460E-04  -1.7666601706878282E-05   3.3839398838608759E-06  -1.4978134288412548E-07   2.2555935382843018E+00  -7.5019353628158569E-01  -1.0619517564773560E+00   4.6145454049110413E-01   1.1168483495712280E+00  -4.0983829647302628E-02  -1.3405396938323975E+00   6.7653858661651611E-01   5.4480979451909661E-04
     488   1.3554687611758709E-02   3.5230734348297119E+00   5.7479470968246460E-01  -1.0233823955059052E-01   4.4299717992544174E-03   1.2817294336855412E-03  -1.2763166159857064E-04  -1.7604688764549792E-05   3.3771259495551931E-06  -1.4973122119954496E-07   2.2574477195739746E+00  -7.4777805805206299E-01  -1.0652860403060913E+00   4.5486155152320862E-01   1.1158225536346436E+00  -3.1693413853645325E-02  -1.3295170068740845E+00   6.6305387020111084E-01   5.0011329585686326E-04
     489   1.3574218377470970E-02   3.5299808979034424E+00   5.7365959882736206E-01  -1.0284557938575745E-01   4.5720012858510017E-03   1.2864657910540700E-03  -1.3105011021252722E-04  -1.7737189409672283E-05   3.4617485198396025E-06  -1.5498775951527932E-07   2.2515153884887695E+00  -7.6112383604049683E-01  -1.0595149993896484E+00   4.7823628783226013E-01   1.1262284517288208E+00  -5.7283520698547363E-02  -1.3681992292404175E+00   7.0140522718429565E-01   4.9975671572610736E-04
     490   1.3583984225988388E-02   3.4988365173339844E+00   5.8323752880096436E-01  -1.0175076127052307E-01   3.8418991025537252E-03   1.2986335204914212E-03  -1.1223378533031791E-04  -1.7623360690777190E-05   2.9677623842871981E-06  -1.1915709308141231E-07   2.2571539878845215E+00  -7.0528703927993774E-01  -1.0557312965393066E+00   4.0476825833320618E-01   1.0698240995407104E+00  -2.4510524235665798E-04  -1.2453471422195435E+00   6.0644155740737915E-01   5.5202923249453306E-04
     491   1.3593750074505806E-02   3.4991912841796875E+00   5.8190250396728516E-01  -1.0151299089193344E-01   3.8830549456179142E-03   1.2907866621389985E-03  -1.1354083835612983E-04  -1.7518055756227113E-05   3.0074747883190867E-06  -1.2294397322420991E-07   2.2609388828277588E+00  -7.0612388849258423E-01  -1.0620050430297852E+00   4.0025353431701660E-01   1.0733033418655396E+00   1.0034095495939255E-02  -1.2382653951644897E+00   5.9335613250732422E-01   5.6834856513887644E-04
     492   1.3632812537252903E-02   3.5119502544403076E+00   5.7850694656372070E-01  -1.0217073559761047E-01   4.1780374012887478E-03   1.2912270613014698E-03  -1.2094894918845966E-04  -1.7648169887252152E-05   3.1978395327314502E-06  -1.3607090920686460E-07   2.2545220851898193E+00  -7.3070251941680908E-01  -1.0585222244262695E+00   4.3689143657684326E-01   1.0956445932388306E+00  -2.4051632732152939E-02  -1.2991491556167603E+00   6.4668327569961548E-01   6.7263667006045580E-04
     493   1.3652343302965164E-02   3.5741405487060547E+00   5.5857658386230469E-01  -1.0426618903875351E-01   5.6640906259417534E-03   1.2636068277060986E-03  -1.5931951929815114E-04  -1.7838186977314763E-05   4.2065157686010934E-06  -2.0952883517111331E-07   2.2441630363464355E+00  -8.4355205297470093E-01  -1.0687206983566284E+00   5.8278590440750122E-01   1.2105206251144409E+00  -1.3443677127361298E-01  -1.5431958436965942E+00   8.3200848102569580E-01   4.4318137224763632E-04
     494   1.3671875000000000E-02   3.5308356285095215E+00   5.7224977016448975E-01  -1.0283337533473969E-01   4.6406988985836506E-03   1.2830937048420310E-03  -1.3285795284900814E-04  -1.7715659851091914E-05   3.5101525099889841E-06  -1.5873527559051581E-07   2.2504820823669434E+00  -7.6619923114776611E-01  -1.0613616704940796E+00   4.8283696174621582E-01   1.1314604282379150E+00  -5.9021316468715668E-02  -1.3757704496383667E+00   7.0513445138931274E-01   6.1792344786226749E-04
     495   1.3710937462747097E-02   3.5110819339752197E+00   5.7762676477432251E-01  -1.0205315053462982E-01   4.2015169747173786E-03   1.2876144610345364E-03  -1.2162745406385511E-04  -1.7603802916710265E-05   3.2173459203477250E-06  -1.3784499230951042E-07   2.2549097537994385E+00  -7.3192185163497925E-01  -1.0613195896148682E+00   4.3545511364936829E-01   1.0976554155349731E+00  -1.9644716754555702E-02  -1.2965971231460571E+00   6.4102900028228760E-01   6.0078536625951529E-04
     496   1.3749999925494194E-02   3.5459623336791992E+00   5.6673943996429443E-01  -1.0335027426481247E-01   5.0346497446298599E-03   1.2750731548294425E-03  -1.4305206423159689E-04  -1.7755610315361992E-05   3.7787738165206974E-06  -1.7838557653249154E-07   2.2465262413024902E+00  -7.9626995325088501E-01  -1.0637019872665405E+00   5.2158594131469727E-01   1.1614153385162354E+00  -8.9021049439907074E-02  -1.4407500028610229E+00   7.5519514083862305E-01   5.4417061619460583E-04
     497   1.3769531622529030E-02   3.5242242813110352E+00   5.7269978523254395E-01  -1.0245434939861298E-01   4.5447442680597305E-03   1.2795234797522426E-03  -1.3053156726527959E-04  -1.7622118321014568E-05   3.4524193779361667E-06  -1.5516179985297640E-07   2.2525246143341064E+00  -7.5765019655227661E-01  -1.0647596120834351E+00   4.6732592582702637E-01   1.1239132881164551E+00  -4.2701300233602524E-02  -1.3500579595565796E+00   6.8059134483337402E-01   5.5855838581919670E-04
     498   1.3789062388241291E-02   3.5520808696746826E+00   5.6469231843948364E-01  -1.0361596941947937E-01   5.1895892247557640E-03   1.2735608033835888E-03  -1.4697997539769858E-04  -1.7797578038880602E-05   3.8805992517154664E-06  -1.8561482306722610E-07   2.2440483570098877E+00  -8.0875909328460693E-01  -1.0637371540069580E+00   5.3840732574462891E-01   1.1735382080078125E+00  -1.0260435938835144E-01  -1.4685074090957642E+00   7.7710711956024170E-01   5.6798767764121294E-04
     499   1.3828124850988388E-02   3.5343043804168701E+00   5.6960237026214600E-01  -1.0293887555599213E-01   4.7927359119057655E-03   1.2784542050212622E-03  -1.3678688264917582E-04  -1.7710626707412302E-05   3.6136939343123231E-06  -1.6642911759845447E-07   2.2476782798767090E+00  -7.7804583311080933E-01  -1.0633443593978882E+00   4.9621790647506714E-01   1.1431388854980469E+00  -6.7693434655666351E-02  -1.3978224992752075E+00   7.1990829706192017E-01   5.1008810987696052E-04
     500   1.3906249776482582E-02   3.5369455814361572E+00   5.6837242841720581E-01  -1.0310219228267670E-01   4.8822765238583088E-03   1.2779160169884562E-03  -1.3906201638747007E-04  -1.7740327166393399E-05   3.6728056329593528E-06  -1.7058678736248112E-07   2.2446615695953369E+00  -7.8554815053939819E-01  -1.0618574619293213E+00   5.0735276937484741E-01   1.1491761207580566E+00  -7.9108946025371552E-02  -1.4166414737701416E+00   7.3790276050567627E-01   5.3070805734023452E-04
     501   1.3984374701976776E-02   3.5059635639190674E+00   5.7718491554260254E-01  -1.0199480503797531E-01   4.1867941617965698E-03   1.2883269228041172E-03  -1.2114937999285758E-04  -1.7615349861443974E-05   3.2028592613642104E-06  -1.3661164643963275E-07   2.2495613098144531E+00  -7.3236155509948730E-01  -1.0590964555740356E+00   4.3612262606620789E-01   1.0954898595809937E+00  -2.2643398493528366E-02  -1.2973427772521973E+00   6.4433914422988892E-01   5.6847033556550741E-04
     502   1.4023437164723873E-02   3.5483767986297607E+00   5.6369525194168091E-01  -1.0349506884813309E-01   5.2031548693776131E-03   1.2710302835330367E-03  -1.4734653814230114E-04  -1.7768839825293981E-05   3.8908037822693586E-06  -1.8655204314654839E-07   2.2408473491668701E+00  -8.1023776531219482E-01  -1.0641391277313232E+00   5.3846329450607300E-01   1.1737447977066040E+00  -1.0244116932153702E-01  -1.4685267210006714E+00   7.7690911293029785E-01   4.6792512875981629E-04
     503   1.4062499627470970E-02   3.5376408100128174E+00   5.6674700975418091E-01  -1.0313501954078674E-01   4.9637560732662678E-03   1.2752338079735637E-03  -1.4114451187197119E-04  -1.7736258087097667E-05   3.7272968711477006E-06  -1.7463283086271986E-07   2.2420682907104492E+00  -7.9222851991653442E-01  -1.0628950595855713E+00   5.1449871063232422E-01   1.1554112434387207E+00  -8.3563998341560364E-02  -1.4281797409057617E+00   7.4535882472991943E-01   5.4163951426744461E-04
     504   1.4218749478459358E-02   3.5044050216674805E+00   5.7548952102661133E-01  -1.0192993283271790E-01   4.2496221140027046E-03   1.2845650780946016E-03  -1.2278868234716356E-04  -1.7587686670594849E-05   3.2466548418597085E-06  -1.4004118042976188E-07   2.2464706897735596E+00  -7.3748427629470825E-01  -1.0604858398437500E+00   4.4029694795608521E-01   1.0997482538223267E+00  -2.4689188227057457E-02  -1.3041223287582397E+00   6.4835584163665771E-01   4.9969065003097057E-04
     505   1.4374999329447746E-02   3.5258364677429199E+00   5.6743031740188599E-01  -1.0267808288335800E-01   4.8196464776992798E-03   1.2732401955872774E-03  -1.3749660865869373E-04  -1.7651444068178535E-05   3.6333312891656533E-06  -1.6825804038944625E-07   2.2402186393737793E+00  -7.8132313489913940E-01  -1.0640335083007812E+00   4.9639999866485596E-01   1.1434600353240967E+00  -6.7448295652866364E-02  -1.3977929353713989E+00   7.1955567598342896E-01   4.9978634342551231E-04
     506   1.4531249180436134E-02   3.5105061531066895E+00   5.7079762220382690E-01  -1.0212968289852142E-01   4.5215007849037647E-03   1.2764330022037029E-03  -1.2983061606064439E-04  -1.7580076018930413E-05   3.4326828881603433E-06  -1.5387608698347321E-07   2.2409665584564209E+00  -7.5870931148529053E-01  -1.0632222890853882E+00   4.6500429511070251E-01   1.1201230287551880E+00  -4.2185023427009583E-02  -1.3451358079910278E+00   6.7788654565811157E-01   5.7802099036052823E-04
     507   1.4687499031424522E-02   3.5259604454040527E+00   5.6496417522430420E-01  -1.0273734480142593E-01   4.9401763826608658E-03   1.2696667108684778E-03  -1.4057067164685577E-04  -1.7651631424087100E-05   3.7137590425118105E-06  -1.7418456366158352E-07   2.2348132133483887E+00  -7.9156088829040527E-01  -1.0642386674880981E+00   5.0827807188034058E-01   1.1518895626068115E+00  -7.7158384025096893E-02  -1.4173285961151123E+00   7.3523646593093872E-01   5.1366514526307583E-04
     508   1.4765623956918716E-02   3.5410368442535400E+00   5.5934393405914307E-01  -1.0320352017879486E-01   5.3327162750065327E-03   1.2605438241735101E-03  -1.5074989642016590E-04  -1.7673983165877871E-05   3.9825085877964739E-06  -1.9398196116071631E-07   2.2319557666778564E+00  -8.2118058204650879E-01  -1.0681587457656860E+00   5.4502522945404053E-01   1.1823128461837769E+00  -1.0333815962076187E-01  -1.4787108898162842E+00   7.7976965904235840E-01   5.4468301823362708E-04
     509   1.4843748882412910E-02   3.5309662818908691E+00   5.6232035160064697E-01  -1.0295775532722473E-01   5.1131900399923325E-03   1.2664617970585823E-03  -1.4500392717309296E-04  -1.7675758499535732E-05   3.8298812796710990E-06  -1.8261994227941614E-07   2.2309384346008301E+00  -8.0547279119491577E-01  -1.0644143819808960E+00   5.2630728483200073E-01   1.1648353338241577E+00  -9.1920383274555206E-02  -1.4473001956939697E+00   7.5905197858810425E-01   4.9363286234438419E-04
     510   1.4999999664723873E-02   3.5354878902435303E+00   5.5926787853240967E-01  -1.0303370654582977E-01   5.2881981246173382E-03   1.2597308959811926E-03  -1.4960463158786297E-04  -1.7646745618549176E-05   3.9527517401438672E-06  -1.9195181266695727E-07   2.2293043136596680E+00  -8.1829315423965454E-01  -1.0677437782287598E+00   5.4000455141067505E-01   1.1779960393905640E+00  -9.9938839673995972E-02  -1.4703032970428467E+00   7.7398627996444702E-01   5.3220323752611876E-04
     511   1.5078125521540642E-02   3.5501747131347656E+00   5.5392408370971680E-01  -1.0351470112800598E-01   5.6676245294511318E-03   1.2516243150457740E-03  -1.5942618483677506E-04  -1.7679605662124231E-05   4.2115957512578461E-06  -2.1092469637551403E-07   2.2260601520538330E+00  -8.4710621833801270E-01  -1.0707323551177979E+00   5.7650411128997803E-01   1.2071554660797119E+00  -1.2711630761623383E-01  -1.5313633680343628E+00   8.1976723670959473E-01   5.6010240223258734E-04
     512   1.5117187984287739E-02   3.5509729385375977E+00   5.5379569530487061E-01  -1.0363892465829849E-01   5.6895087473094463E-03   1.2536864960566163E-03  -1.5988474478945136E-04  -1.7722359189065173E-05   4.2213164306303952E-06  -2.1129096694494365E-07   2.2239146232604980E+00  -8.4977942705154419E-01  -1.0688343048095703E+00   5.8162176609039307E-01   1.2088391780853271E+00  -1.3310857117176056E-01  -1.5395613908767700E+00   8.2822579145431519E-01   5.1518384134396911E-04
     513   1.5156250447034836E-02   3.5131151676177979E+00   5.6458508968353271E-01  -1.0216099768877029E-01   4.8277257010340691E-03   1.2636139290407300E-03  -1.3783051690552384E-04  -1.7518173990538344E-05   3.6458977774600498E-06  -1.7012960995543835E-07   2.2327740192413330E+00  -7.8250008821487427E-01  -1.0678557157516479E+00   4.8974674940109253E-01   1.1421750783920288E+00  -5.8151040226221085E-02  -1.3863173723220825E+00   7.0606482028961182E-01   5.0517637282609940E-04
     514   1.5234375372529030E-02   3.5133612155914307E+00   5.6401437520980835E-01  -1.0219553112983704E-01   4.8582004383206367E-03   1.2631559511646628E-03  -1.3858691090717912E-04  -1.7524684153613634E-05   3.6653459574154112E-06  -1.7151661779735150E-07   2.2313344478607178E+00  -7.8527486324310303E-01  -1.0677927732467651E+00   4.9314934015274048E-01   1.1446019411087036E+00  -6.0744915157556534E-02  -1.3917222023010254E+00   7.0996266603469849E-01   5.3102098172530532E-04
     515   1.5253907069563866E-02   3.5117707252502441E+00   5.6459283828735352E-01  -1.0219188034534454E-01   4.8226290382444859E-03   1.2649907730519772E-03  -1.3763243623543531E-04  -1.7538901374791749E-05   3.6393994378158823E-06  -1.6947730330230115E-07   2.2304606437683105E+00  -7.8297698497772217E-01  -1.0661385059356689E+00   4.9138054251670837E-01   1.1414405107498169E+00  -6.1311326920986176E-02  -1.3888673782348633E+00   7.1004462242126465E-01   5.0665449816733599E-04
     516   1.5273437835276127E-02   3.5098409652709961E+00   5.6496852636337280E-01  -1.0210839658975601E-01   4.7846464440226555E-03   1.2651480501517653E-03  -1.3664610742125660E-04  -1.7526632291264832E-05   3.6133494631940266E-06  -1.6761907772888662E-07   2.2309424877166748E+00  -7.8010523319244385E-01  -1.0668081045150757E+00   4.8668801784515381E-01   1.1390399932861328E+00  -5.6120116263628006E-02  -1.3806685209274292E+00   7.0155107975006104E-01   5.3184927674010396E-04
     517   1.5312500298023224E-02   3.4924573898315430E+00   5.7034194469451904E-01  -1.0155823081731796E-01   4.3829046189785004E-03   1.2731453170999885E-03  -1.2625705858226866E-04  -1.7484202544437721E-05   3.3398823688912671E-06  -1.4762919420263643E-07   2.2325823307037354E+00  -7.4984693527221680E-01  -1.0629404783248901E+00   4.4831639528274536E-01   1.1072663068771362E+00  -2.8951188549399376E-02  -1.3167246580123901E+00   6.5567433834075928E-01   5.7629885850474238E-04
     518   1.5625000000000000E-02   3.5310103893280029E+00   5.5553138256072998E-01  -1.0280930995941162E-01   5.4136924445629120E-03   1.2501574819907546E-03  -1.5294479089789093E-04  -1.7560087144374847E-05   4.0434715629089624E-06  -1.9929284178488160E-07   2.2230818271636963E+00  -8.2815295457839966E-01  -1.0715644359588623E+00   5.4655265808105469E-01   1.1862978935241699E+00  -1.0151501744985580E-01  -1.4810357093811035E+00   7.7818608283996582E-01   5.6944083189591765E-04
     519   1.5781249850988388E-02   3.4974346160888672E+00   5.6470185518264771E-01  -1.0160406678915024E-01   4.6774777583777905E-03   1.2604944640770555E-03  -1.3400487659964710E-04  -1.7416878108633682E-05   3.5472498893796001E-06  -1.6351270915038185E-07   2.2278175354003906E+00  -7.7182847261428833E-01  -1.0687342882156372E+00   4.7075667977333069E-01   1.1291375160217285E+00  -4.1600354015827179E-02  -1.3542345762252808E+00   6.7912691831588745E-01   4.8682367196306586E-04
     520   1.5937499701976776E-02   3.5005607604980469E+00   5.6279581785202026E-01  -1.0175592452287674E-01   4.7992533072829247E-03   1.2582789640873671E-03  -1.3712250802200288E-04  -1.7435748304706067E-05   3.6286896829551551E-06  -1.6939264924076269E-07   2.2246038913726807E+00  -7.8166556358337402E-01  -1.0685113668441772E+00   4.8365971446037292E-01   1.1378843784332275E+00  -5.2834562957286835E-02  -1.3758150339126587E+00   6.9731014966964722E-01   5.9670326299965382E-04
     521   1.6249999403953552E-02   3.5643389225006104E+00   5.4034811258316040E-01  -1.0389740765094757E-01   6.4166835509240627E-03   1.2256902409717441E-03  -1.7893326003104448E-04  -1.7605310858925804E-05   4.7293819989135955E-06  -2.4985234858831973E-07   2.2105951309204102E+00  -9.0481388568878174E-01  -1.0798989534378052E+00   6.4123904705047607E-01   1.2621171474456787E+00  -1.7192240059375763E-01  -1.6394668817520142E+00   8.9716148376464844E-01   4.9550319090485573E-04
     522   1.6874998807907104E-02   3.4347829818725586E+00   5.7584142684936523E-01  -9.9204674363136292E-02   3.5674606915563345E-03   1.2648446718230844E-03  -1.0567814024398103E-04  -1.7036853023455478E-05   2.8110437142458977E-06  -1.1167311697590776E-07   2.2299897670745850E+00  -6.8632894754409790E-01  -1.0696612596511841E+00   3.4686821699142456E-01   1.0409610271453857E+00   6.1513941735029221E-02  -1.1472327709197998E+00   5.1145106554031372E-01   4.9616250908002257E-04
     523   1.7500000074505806E-02   3.3745908737182617E+00   5.9241628646850586E-01  -9.7467154264450073E-02   2.2828406654298306E-03   1.2925912160426378E-03  -7.2243507020175457E-05  -1.6943180526141077E-05   1.9267095012764912E-06  -4.6594124114562874E-08   2.2286193370819092E+00  -5.9221744537353516E-01  -1.0548845529556274E+00   2.2777095437049866E-01   9.3978410959243774E-01   1.4451889693737030E-01  -9.4724655151367188E-01   3.6794412136077881E-01   4.2545591713860631E-04
     524   1.8750000745058060E-02   3.4557323455810547E+00   5.6164354085922241E-01  -1.0061240196228027E-01   4.4843130744993687E-03   1.2556890724226832E-03  -1.2878092820756137E-04  -1.7298576494795270E-05   3.4076099382218672E-06  -1.5376633655250771E-07   2.1969943046569824E+00  -7.6453429460525513E-01  -1.0610587596893311E+00   4.5412793755531311E-01   1.1069548130035400E+00  -3.7384010851383209E-02  -1.3249406814575195E+00   6.6647452116012573E-01   1.1027914297301322E-04
     525   1.9999999552965164E-02   3.4467434883117676E+00   5.5873787403106689E-01  -1.0037221759557724E-01   4.5434096828103065E-03   1.2498752912506461E-03  -1.3027631212025881E-04  -1.7246247807634063E-05   3.4470704122213647E-06  -1.5698581989909144E-07   2.1872804164886475E+00  -7.7090191841125488E-01  -1.0615447759628296E+00   4.5795452594757080E-01   1.1097298860549927E+00  -3.9997700601816177E-02  -1.3306468725204468E+00   6.7012572288513184E-01   6.9593363150488585E-05
     526   2.1324999630451202E-02   3.4375524520874023E+00   5.5633771419525146E-01  -1.0013246536254883E-01   4.5780315995216370E-03   1.2451671063899994E-03  -1.3112963642925024E-04  -1.7200252841576003E-05   3.4693384804995731E-06  -1.5888446114331600E-07   2.1781795024871826E+00  -7.7535879611968994E-01  -1.0615653991699219E+00   4.5985850691795349E-01   1.1106085777282715E+00  -4.1639491915702820E-02  -1.3332306146621704E+00   6.7211121320724487E-01   7.9247154644690454E-05
     527   2.2649999707937241E-02   3.4199674129486084E+00   5.5732059478759766E-01  -9.9621199071407318E-02   4.3812384828925133E-03   1.2456864351406693E-03  -1.2600247282534838E-04  -1.7136695532826707E-05   3.3343396808049874E-06  -1.4926315827779035E-07   2.1713180541992188E+00  -7.6224744319915771E-01  -1.0595036745071411E+00   4.3996888399124146E-01   1.0937893390655518E+00  -2.7361596003174782E-02  -1.2993829250335693E+00   6.4711344242095947E-01   5.7666173233883455E-05
     528   2.3974999785423279E-02   3.4138214588165283E+00   5.5515593290328979E-01  -9.9480777978897095E-02   4.4325920753180981E-03   1.2417931575328112E-03  -1.2729651643894613E-04  -1.7106533050537109E-05   3.3683763831504621E-06  -1.5195664104794560E-07   2.1637494564056396E+00  -7.6770031452178955E-01  -1.0592782497406006E+00   4.4438368082046509E-01   1.0962837934494019E+00  -3.1384009867906570E-02  -1.3063222169876099E+00   6.5298610925674438E-01   5.6857894378481433E-05
     529   2.5299999862909317E-02   3.4057750701904297E+00   5.5400073528289795E-01  -9.9264748394489288E-02   4.4186119921505451E-03   1.2393308570608497E-03  -1.2690466246567667E-04  -1.7070984540623613E-05   3.3579792670934694E-06  -1.5138884634779970E-07   2.1574933528900146E+00  -7.6798158884048462E-01  -1.0588487386703491E+00   4.4220259785652161E-01   1.0939080715179443E+00  -3.0109319835901260E-02  -1.3022576570510864E+00   6.5019422769546509E-01   5.7469918829156086E-05
     530   2.6844000443816185E-02   3.3974454402923584E+00   5.5281740427017212E-01  -9.9047273397445679E-02   4.4041029177606106E-03   1.2368895113468170E-03  -1.2649715063162148E-04  -1.7035097698681056E-05   3.3472781524324091E-06  -1.5081059245858341E-07   2.1508679389953613E+00  -7.6836931705474854E-01  -1.0582650899887085E+00   4.4017773866653442E-01   1.0914676189422607E+00  -2.9117057099938393E-02  -1.2984145879745483E+00   6.4775341749191284E-01   5.7036741054616868E-05
     531   2.8387000784277916E-02   3.3902788162231445E+00   5.5168193578720093E-01  -9.8862320184707642E-02   4.3972204439342022E-03   1.2346578296273947E-03  -1.2628494005184621E-04  -1.7005779227474704E-05   3.3414219160476932E-06  -1.5052754065436602E-07   2.1449501514434814E+00  -7.6915371417999268E-01  -1.0578206777572632E+00   4.3889945745468140E-01   1.0897356271743774E+00  -2.8615402057766914E-02  -1.2958849668502808E+00   6.4625060558319092E-01   5.6775515986373648E-05
     532   2.9930999502539635E-02   3.3838458061218262E+00   5.5069684982299805E-01  -9.8702497780323029E-02   4.3900897726416588E-03   1.2328375596553087E-03  -1.2606495874933898E-04  -1.6981593944365159E-05   3.3353378512401832E-06  -1.5020302157608967E-07   2.1395246982574463E+00  -7.6987820863723755E-01  -1.0572786331176758E+00   4.3790507316589355E-01   1.0881625413894653E+00  -2.8377458453178406E-02  -1.2938108444213867E+00   6.4514696598052979E-01   5.6496930483262986E-05
     533   3.1475000083446503E-02   3.3781175613403320E+00   5.4974198341369629E-01  -9.8550386726856232E-02   4.3867807835340500E-03   1.2308134464547038E-03  -1.2596380838658661E-04  -1.6954927559709176E-05   3.3327626169921132E-06  -1.5016722443306207E-07   2.1347467899322510E+00  -7.7065902948379517E-01  -1.0569612979888916E+00   4.3704396486282349E-01   1.0869266986846924E+00  -2.8085300698876381E-02  -1.2920728921890259E+00   6.4414721727371216E-01   5.6598033552290872E-05
     534   3.4563001245260239E-02   3.3681924343109131E+00   5.4812335968017578E-01  -9.8297178745269775E-02   4.3800035491585732E-03   1.2276597553864121E-03  -1.2574210995808244E-04  -1.6913974832277745E-05   3.3266912851104280E-06  -1.4994716934779717E-07   2.1263446807861328E+00  -7.7201819419860840E-01  -1.0562449693679810E+00   4.3570208549499512E-01   1.0847388505935669E+00  -2.7814716100692749E-02  -1.2892489433288574E+00   6.4268624782562256E-01   5.7069282775046304E-05
     535   3.7650000303983688E-02   3.3595771789550781E+00   5.4685741662979126E-01  -9.8074935376644135E-02   4.3671741150319576E-03   1.2251529842615128E-03  -1.2537119619082659E-04  -1.6879172108019702E-05   3.3166529647132847E-06  -1.4938524373064865E-07   2.1193926334381104E+00  -7.7257323265075684E-01  -1.0555998086929321E+00   4.3383163213729858E-01   1.0823161602020264E+00  -2.7044164016842842E-02  -1.2856602668762207E+00   6.4056223630905151E-01   5.6437358580296859E-05
     536   4.0738001465797424E-02   3.3525421619415283E+00   5.4567486047744751E-01  -9.7892045974731445E-02   4.3635531328618526E-03   1.2227603001520038E-03  -1.2524941121228039E-04  -1.6847672668518499E-05   3.3134961086034309E-06  -1.4934401804111985E-07   2.1134791374206543E+00  -7.7355879545211792E-01  -1.0551367998123169E+00   4.3288981914520264E-01   1.0808136463165283E+00  -2.6841273531317711E-02  -1.2837103605270386E+00   6.3953566551208496E-01   5.7345940149389207E-05
     537   4.3825000524520874E-02   3.3464815616607666E+00   5.4468274116516113E-01  -9.7739189863204956E-02   4.3595568276941776E-03   1.2208963744342327E-03  -1.2511313252616674E-04  -1.6824313206598163E-05   3.3095616345235612E-06  -1.4916369650563865E-07   2.1083457469940186E+00  -7.7438318729400635E-01  -1.0546790361404419E+00   4.3208900094032288E-01   1.0794736146926880E+00  -2.6703389361500740E-02  -1.2820081710815430E+00   6.3868343830108643E-01   5.6865275837481022E-05
     538   4.6913001686334610E-02   3.3411202430725098E+00   5.4384601116180420E-01  -9.7601465880870819E-02   4.3539158068597317E-03   1.2192419962957501E-03  -1.2494293332565576E-04  -1.6801805031718686E-05   3.3050159800041001E-06  -1.4895886124577373E-07   2.1039140224456787E+00  -7.7492755651473999E-01  -1.0542776584625244E+00   4.3116813898086548E-01   1.0781471729278564E+00  -2.6401903480291367E-02  -1.2801624536514282E+00   6.3763397932052612E-01   5.6471373682143167E-05
     539   5.0000000745058060E-02   3.3366401195526123E+00   5.4303377866744995E-01  -9.7485087811946869E-02   4.3545472435653210E-03   1.2175762094557285E-03  -1.2494620750658214E-04  -1.6780946680228226E-05   3.3052040180336917E-06  -1.4909532808360382E-07   2.1000132560729980E+00  -7.7580612897872925E-01  -1.0539808273315430E+00   4.3087244033813477E-01   1.0774042606353760E+00  -2.6518858969211578E-02  -1.2794160842895508E+00   6.3737350702285767E-01   5.6554021284682676E-05
     540   5.3125001490116119E-02   3.3322014808654785E+00   5.4243433475494385E-01  -9.7365662455558777E-02   4.3450901284813881E-03   1.2162864441052079E-03  -1.2468523345887661E-04  -1.6761630831751972E-05   3.2982811717374716E-06  -1.4869198139422224E-07   2.0966386795043945E+00  -7.7579146623611450E-01  -1.0536956787109375E+00   4.2952069640159607E-01   1.0759282112121582E+00  -2.5776987895369530E-02  -1.2769565582275391E+00   6.3576424121856689E-01   5.5838398111518472E-05
     541   5.6249998509883881E-02   3.3286690711975098E+00   5.4177606105804443E-01  -9.7272932529449463E-02   4.3462379835546017E-03   1.2149338144809008E-03  -1.2470310321077704E-04  -1.6744877939345315E-05   3.2988132261380088E-06  -1.4883453047787043E-07   2.0935716629028320E+00  -7.7652227878570557E-01  -1.0535162687301636E+00   4.2927253246307373E-01   1.0753754377365112E+00  -2.5826366618275642E-02  -1.2763605117797852E+00   6.3552606105804443E-01   5.7086726883426309E-05
     542   5.9374999254941940E-02   3.3255136013031006E+00   5.4119062423706055E-01  -9.7191199660301208E-02   4.3472643010318279E-03   1.2137523153796792E-03  -1.2471913942135870E-04  -1.6730618881410919E-05   3.2992290925903944E-06  -1.4894060029746470E-07   2.0908069610595703E+00  -7.7719229459762573E-01  -1.0533354282379150E+00   4.2908814549446106E-01   1.0748920440673828E+00  -2.5909073650836945E-02  -1.2758769989013672E+00   6.3536357879638672E-01   5.5667500419076532E-05
     543   6.2500000000000000E-02   3.3222701549530029E+00   5.4083234071731567E-01  -9.7111754119396210E-02   4.3373815715312958E-03   1.2131369439885020E-03  -1.2444243475329131E-04  -1.6720337953302078E-05   3.2916912005021004E-06  -1.4843388385088474E-07   2.0882749557495117E+00  -7.7707576751708984E-01  -1.0529808998107910E+00   4.2808783054351807E-01   1.0736771821975708E+00  -2.5431737303733826E-02  -1.2739852666854858E+00   6.3418358564376831E-01   5.6608743761898950E-05
     544   6.8750001490116119E-02   3.3171980381011963E+00   5.3998351097106934E-01  -9.6981294453144073E-02   4.3346951715648174E-03   1.2114571873098612E-03  -1.2435097596608102E-04  -1.6698688341421075E-05   3.2892075978452340E-06  -1.4836749073765532E-07   2.0839829444885254E+00  -7.7782148122787476E-01  -1.0526639223098755E+00   4.2741447687149048E-01   1.0726133584976196E+00  -2.5263829156756401E-02  -1.2725691795349121E+00   6.3342577219009399E-01   5.5018448620103300E-05
     545   7.5000002980232239E-02   3.3129014968872070E+00   5.3929460048675537E-01  -9.6871905028820038E-02   4.3310779146850109E-03   1.2101148022338748E-03  -1.2423694715835154E-04  -1.6680580301908776E-05   3.2861871659406461E-06  -1.4825445759925060E-07   2.0803835391998291E+00  -7.7832812070846558E-01  -1.0523165464401245E+00   4.2678707838058472E-01   1.0715953111648560E+00  -2.5155875831842422E-02  -1.2712839841842651E+00   6.3278949260711670E-01   5.5985256040003151E-05
     546   8.1249997019767761E-02   3.3092362880706787E+00   5.3870666027069092E-01  -9.6776150166988373E-02   4.3279351666569710E-03   1.2089374940842390E-03  -1.2414035154506564E-04  -1.6665662769810297E-05   3.2834504963830113E-06  -1.4811629966970941E-07   2.0773696899414062E+00  -7.7871453762054443E-01  -1.0520646572113037E+00   4.2616057395935059E-01   1.0707086324691772E+00  -2.4945098906755447E-02  -1.2700400352478027E+00   6.3209342956542969E-01   5.5752330808900297E-05
     547   8.7499998509883881E-02   3.3059473037719727E+00   5.3828799724578857E-01  -9.6698038280010223E-02   4.3204296380281448E-03   1.2083005858585238E-03  -1.2391743075568229E-04  -1.6656538718962111E-05   3.2771463338576723E-06  -1.4768401968012768E-07   2.0747065544128418E+00  -7.7878570556640625E-01  -1.0517104864120483E+00   4.2536854743957520E-01   1.0696396827697754E+00  -2.4634206667542458E-02  -1.2684841156005859E+00   6.3117170333862305E-01   5.5806482123443857E-05
     548   9.3750000000000000E-02   3.3036093711853027E+00   5.3770822286605835E-01  -9.6634402871131897E-02   4.3277237564325333E-03   1.2070551747456193E-03  -1.2410289491526783E-04  -1.6642356058582664E-05   3.2823143101268215E-06  -1.4817192095506471E-07   2.0724699497222900E+00  -7.7977406978607178E-01  -1.0516866445541382E+00   4.2572346329689026E-01   1.0697370767593384E+00  -2.4999519810080528E-02  -1.2689511775970459E+00   6.3160496950149536E-01   5.7048298913286999E-05
     549   1.0000000149011612E-01   3.3009681701660156E+00   5.3742074966430664E-01  -9.6565894782543182E-02   4.3191993609070778E-03   1.2064614566043019E-03  -1.2387236347422004E-04  -1.6632360711810179E-05   3.2761588499852223E-06  -1.4776469470234588E-07   2.0705032348632812E+00  -7.7956932783126831E-01  -1.0514143705368042E+00   4.2478573322296143E-01   1.0686706304550171E+00  -2.4526363238692284E-02  -1.2672454118728638E+00   6.3053143024444580E-01   5.6493496231269091E-05
     550   1.0625000298023224E-01   3.2988665103912354E+00   5.3710842132568359E-01  -9.6516460180282593E-02   4.3166223913431168E-03   1.2059574946761131E-03  -1.2379013060126454E-04  -1.6626021533738822E-05   3.2737696074036648E-06  -1.4761099009774625E-07   2.0686972141265869E+00  -7.7980291843414307E-01  -1.0511790513992310E+00   4.2451336979866028E-01   1.0681393146514893E+00  -2.4535749107599258E-02  -1.2666391134262085E+00   6.3027942180633545E-01   5.6034463341347873E-05
     551   1.1249999701976776E-01   3.2969858646392822E+00   5.3679704666137695E-01  -9.6464604139328003E-02   4.3151420541107655E-03   1.2052753008902073E-03  -1.2374520883895457E-04  -1.6616570064797997E-05   3.2726566132623702E-06  -1.4759154964849586E-07   2.0672075748443604E+00  -7.7996957302093506E-01  -1.0510981082916260E+00   4.2411670088768005E-01   1.0676746368408203E+00  -2.4339888244867325E-02  -1.2659029960632324E+00   6.2981009483337402E-01   5.6465971283614635E-05
     552   1.1874999850988388E-01   3.2955427169799805E+00   5.3644502162933350E-01  -9.6424482762813568E-02   4.3194149620831013E-03   1.2044837931171060E-03  -1.2385820446070284E-04  -1.6607797078904696E-05   3.2757809549366357E-06  -1.4787667623750167E-07   2.0658388137817383E+00  -7.8055971860885620E-01  -1.0510841608047485E+00   4.2431062459945679E-01   1.0677133798599243E+00  -2.4554889649152756E-02  -1.2661591768264771E+00   6.3005971908569336E-01   5.6595497881062329E-05
     553   1.2500000000000000E-01   3.2940714359283447E+00   5.3618854284286499E-01  -9.6383735537528992E-02   4.3189050629734993E-03   1.2038835557177663E-03  -1.2384488945826888E-04  -1.6599307855358347E-05   3.2756358905317029E-06  -1.4792767899507453E-07   2.0646235942840576E+00  -7.8077608346939087E-01  -1.0510287284851074E+00   4.2408654093742371E-01   1.0674154758453369E+00  -2.4466728791594505E-02  -1.2657220363616943E+00   6.2980699539184570E-01   5.5824810260673985E-05
     554   1.3750000298023224E-01   3.2913348674774170E+00   5.3583413362503052E-01  -9.6314527094364166E-02   4.3127620592713356E-03   1.2032361701130867E-03  -1.2366862210910767E-04  -1.6589983715675771E-05   3.2707382615626557E-06  -1.4760739475150331E-07   2.0624697208404541E+00  -7.8080576658248901E-01  -1.0507985353469849E+00   4.2333635687828064E-01   1.0665217638015747E+00  -2.4088013917207718E-02  -1.2642978429794312E+00   6.2889415025711060E-01   5.6767901696730405E-05
     555   1.5000000596046448E-01   3.2891752719879150E+00   5.3548222780227661E-01  -9.6258871257305145E-02   4.3111834675073624E-03   1.2025356991216540E-03  -1.2361837434582412E-04  -1.6580615920247510E-05   3.2694199489924358E-06  -1.4756530219983688E-07   2.0606653690338135E+00  -7.8106379508972168E-01  -1.0506244897842407E+00   4.2303341627120972E-01   1.0660250186920166E+00  -2.4034556001424789E-02  -1.2636693716049194E+00   6.2857651710510254E-01   5.7006851420737803E-05
     556   1.6249999403953552E-01   3.2873888015747070E+00   5.3517729043960571E-01  -9.6214197576045990E-02   4.3105869553983212E-03   1.2019583955407143E-03  -1.2359458196442574E-04  -1.6573483662796207E-05   3.2687312341295183E-06  -1.4754849075870879E-07   2.0591216087341309E+00  -7.8135859966278076E-01  -1.0504833459854126E+00   4.2286545038223267E-01   1.0656689405441284E+00  -2.4062022566795349E-02  -1.2632827758789062E+00   6.2843614816665649E-01   5.5542430345667526E-05
     557   1.7499999701976776E-01   3.2856647968292236E+00   5.3500002622604370E-01  -9.6175372600555420E-02   4.3048504739999771E-03   1.2017781846225262E-03  -1.2342559057287872E-04  -1.6570591469644569E-05   3.2638890843372792E-06  -1.4718671081936918E-07   2.0577628612518311E+00  -7.8126490116119385E-01  -1.0502488613128662E+00   4.2233955860137939E-01   1.0649908781051636E+00  -2.3831577971577644E-02  -1.2622627019882202E+00   6.2781095504760742E-01   5.7169461797457188E-05
     558   1.8750000000000000E-01   3.2844104766845703E+00   5.3473508358001709E-01  -9.6141412854194641E-02   4.3065929785370827E-03   1.2012207880616188E-03  -1.2346726725809276E-04  -1.6564174075028859E-05   3.2650057164573809E-06  -1.4730679254171264E-07   2.0566523075103760E+00  -7.8161025047302246E-01  -1.0502178668975830E+00   4.2232659459114075E-01   1.0648798942565918E+00  -2.3883529007434845E-02  -1.2621824741363525E+00   6.2780129909515381E-01   5.6794378906488419E-05
     559   2.0000000298023224E-01   3.2831399440765381E+00   5.3457403182983398E-01  -9.6107989549636841E-02   4.3035568669438362E-03   1.2008468620479107E-03  -1.2338858505245298E-04  -1.6558069546590559E-05   3.2630541682010517E-06  -1.4720164642767486E-07   2.0556569099426270E+00  -7.8160810470581055E-01  -1.0500893592834473E+00   4.2198768258094788E-01   1.0644433498382568E+00  -2.3757345974445343E-02  -1.2615534067153931E+00   6.2746065855026245E-01   5.5715623602736741E-05
     560   2.1875000000000000E-01   3.2816839218139648E+00   5.3428918123245239E-01  -9.6067205071449280E-02   4.3045482598245144E-03   1.2001809664070606E-03  -1.2341488036327064E-04  -1.6549236534046941E-05   3.2639684377500089E-06  -1.4733683428858058E-07   2.0544066429138184E+00  -7.8192615509033203E-01  -1.0500335693359375E+00   4.2190313339233398E-01   1.0642510652542114E+00  -2.3772334679961205E-02  -1.2613456249237061E+00   6.2736064195632935E-01   5.6042648793663830E-05
     561   2.3749999701976776E-01   3.2803432941436768E+00   5.3407788276672363E-01  -9.6028178930282593E-02   4.3030357919633389E-03   1.1996311368420720E-03  -1.2337922817096114E-04  -1.6541298464289866E-05   3.2632078728056513E-06  -1.4733231523678114E-07   2.0533738136291504E+00  -7.8199189901351929E-01  -1.0499562025070190E+00   4.2158746719360352E-01   1.0638746023178101E+00  -2.3638879880309105E-02  -1.2607816457748413E+00   6.2703496217727661E-01   5.5765980505384505E-05
     562   2.5624999403953552E-01   3.2792382240295410E+00   5.3394371271133423E-01  -9.6010819077491760E-02   4.3006232008337975E-03   1.1997036635875702E-03  -1.2328685261309147E-04  -1.6543348465347663E-05   3.2601610655547120E-06  -1.4706954232224234E-07   2.0523498058319092E+00  -7.8212022781372070E-01  -1.0497756004333496E+00   4.2147532105445862E-01   1.0635831356048584E+00  -2.3644998669624329E-02  -1.2604323625564575E+00   6.2684655189514160E-01   5.7588080380810425E-05
     563   2.7500000596046448E-01   3.2781689167022705E+00   5.3381288051605225E-01  -9.5978617668151855E-02   4.2976248078048229E-03   1.1992894578725100E-03  -1.2321595568209887E-04  -1.6536234397790395E-05   3.2585587632638635E-06  -1.4700573558457108E-07   2.0515952110290527E+00  -7.8203195333480835E-01  -1.0497006177902222E+00   4.2107176780700684E-01   1.0631636381149292E+00  -2.3427564650774002E-02  -1.2597346305847168E+00   6.2640506029129028E-01   5.6503711675759405E-05
     564   2.9374998807907104E-01   3.2773468494415283E+00   5.3367644548416138E-01  -9.5958530902862549E-02   4.2971661314368248E-03   1.1990682687610388E-03  -1.2319681991357356E-04  -1.6533962480025366E-05   3.2578875561739551E-06  -1.4695650918383762E-07   2.0508992671966553E+00  -7.8214240074157715E-01  -1.0496371984481812E+00   4.2096248269081116E-01   1.0629800558090210E+00  -2.3409213870763779E-02  -1.2595022916793823E+00   6.2628489732742310E-01   5.6318411225220188E-05
     565   3.1250000000000000E-01   3.2766630649566650E+00   5.3354579210281372E-01  -9.5941990613937378E-02   4.2976159602403641E-03   1.1988338083028793E-03  -1.2320409587118775E-04  -1.6531212168047205E-05   3.2580649076408008E-06  -1.4698477457386616E-07   2.0502705574035645E+00  -7.8232413530349731E-01  -1.0495893955230713E+00   4.2097419500350952E-01   1.0629142522811890E+00  -2.3448972031474113E-02  -1.2594577074050903E+00   6.2627816200256348E-01   5.6832865084288642E-05
     566   3.3125001192092896E-01   3.2761535644531250E+00   5.3337436914443970E-01  -9.5925174653530121E-02   4.3011587113142014E-03   1.1983980657532811E-03  -1.2330105528235435E-04  -1.6526668332517147E-05   3.2607490538794082E-06  -1.4721240404469427E-07   2.0497660636901855E+00  -7.8264486789703369E-01  -1.0496225357055664E+00   4.2115056514739990E-01   1.0630269050598145E+00  -2.3620137944817543E-02  -1.2597669363021851E+00   6.2655156850814819E-01   5.5741940741427243E-05
     567   3.4999999403953552E-01   3.2754211425781250E+00   5.3333604335784912E-01  -9.5906689763069153E-02   4.2968266643583775E-03   1.1983541771769524E-03  -1.2318108929321170E-04  -1.6524927559657954E-05   3.2574650958849816E-06  -1.4697818073727831E-07   2.0492994785308838E+00  -7.8243041038513184E-01  -1.0495458841323853E+00   4.2069870233535767E-01   1.0625983476638794E+00  -2.3322466760873795E-02  -1.2589682340621948E+00   6.2598520517349243E-01   5.7256384025095031E-05
     568   3.8749998807907104E-01   3.2745614051818848E+00   5.3314363956451416E-01  -9.5888637006282806E-02   4.2987205088138580E-03   1.1980980634689331E-03  -1.2321727990638465E-04  -1.6522859368706122E-05   3.2582504445599625E-06  -1.4704122008879494E-07   2.0484359264373779E+00  -7.8278082609176636E-01  -1.0494877099990845E+00   4.2084506154060364E-01   1.0626043081283569E+00  -2.3484073579311371E-02  -1.2591274976730347E+00   6.2614959478378296E-01   5.7274646678706631E-05
     569   4.2500001192092896E-01   3.2737815380096436E+00   5.3297448158264160E-01  -9.5862463116645813E-02   4.2997756972908974E-03   1.1975879315286875E-03  -1.2325434363447130E-04  -1.6516154573764652E-05   3.2594712138234172E-06  -1.4717625163029879E-07   2.0478200912475586E+00  -7.8293609619140625E-01  -1.0495028495788574E+00   4.2075482010841370E-01   1.0625075101852417E+00  -2.3441692814230919E-02  -1.2589768171310425E+00   6.2605220079421997E-01   5.5784716096241027E-05
     570   4.6250000596046448E-01   3.2730631828308105E+00   5.3290861845016479E-01  -9.5847427845001221E-02   4.2972490191459656E-03   1.1975078377872705E-03  -1.2318385415710509E-04  -1.6514100934728049E-05   3.2576419926044764E-06  -1.4705958051308698E-07   2.0471928119659424E+00  -7.8295409679412842E-01  -1.0493825674057007E+00   4.2061060667037964E-01   1.0622572898864746E+00  -2.3414706811308861E-02  -1.2586541175842285E+00   6.2589085102081299E-01   5.6198150559794158E-05
     571   5.0000000000000000E-01   3.2724072933197021E+00   5.3281182050704956E-01  -9.5827609300613403E-02   4.2959540151059628E-03   1.1972466018050909E-03  -1.2315095227677375E-04  -1.6509911802131683E-05   3.2568839287705487E-06  -1.4703702788665396E-07   2.0467529296875000E+00  -7.8288942575454712E-01  -1.0493311882019043E+00   4.2037561535835266E-01   1.0620065927505493E+00  -2.3300966247916222E-02  -1.2582616806030273E+00   6.2564152479171753E-01   5.5807475291658193E-05
     572   5.3125000000000000E-01   3.2720320224761963E+00   5.3275281190872192E-01  -9.5819942653179169E-02   4.2958897538483143E-03   1.1971831554546952E-03  -1.2314517516642809E-04  -1.6509791748831049E-05   3.2565783385507530E-06  -1.4700160022584896E-07   2.0463771820068359E+00  -7.8300195932388306E-01  -1.0492951869964600E+00   4.2038446664810181E-01   1.0619492530822754E+00  -2.3351803421974182E-02  -1.2582416534423828E+00   6.2568235397338867E-01   5.5714051995892078E-05
     573   5.6250000000000000E-01   3.2716071605682373E+00   5.3272920846939087E-01  -9.5812387764453888E-02   4.2937053367495537E-03   1.1972470674663782E-03  -1.2307899305596948E-04  -1.6511014109710231E-05   3.2545278827456059E-06  -1.4682333926430147E-07   2.0460395812988281E+00  -7.8294336795806885E-01  -1.0492235422134399E+00   4.2021036148071289E-01   1.0617343187332153E+00  -2.3268660530447960E-02  -1.2579064369201660E+00   6.2547475099563599E-01   5.5820961279096082E-05
     574   6.2500000000000000E-01   3.2707993984222412E+00   5.3264933824539185E-01  -9.5790229737758636E-02   4.2905253358185291E-03   1.1970329796895385E-03  -1.2299700756557286E-04  -1.6506603060406633E-05   3.2525215374334948E-06  -1.4671093140350422E-07   2.0454936027526855E+00  -7.8278225660324097E-01  -1.0490928888320923E+00   4.1988888382911682E-01   1.0613524913787842E+00  -2.3123662918806076E-02  -1.2573282718658447E+00   6.2512421607971191E-01   5.6235254305647686E-05
     575   6.8750000000000000E-01   3.2705011367797852E+00   5.3247916698455811E-01  -9.5779195427894592E-02   4.2957705445587635E-03   1.1966072488576174E-03  -1.2313734623603523E-04  -1.6502301150467247E-05   3.2564300909143640E-06  -1.4703748263400485E-07   2.0450882911682129E+00  -7.8324627876281738E-01  -1.0492011308670044E+00   4.2022052407264709E-01   1.0616635084152222E+00  -2.3328317329287529E-02  -1.2578850984573364E+00   6.2550038099288940E-01   5.5842789151938632E-05
     576   7.5000000000000000E-01   3.2698931694030762E+00   5.3248012065887451E-01  -9.5771238207817078E-02   4.2909746989607811E-03   1.1968676699325442E-03  -1.2299056106712669E-04  -1.6505942767253146E-05   3.2519692467758432E-06  -1.4665783965028822E-07   2.0446555614471436E+00  -7.8301727771759033E-01  -1.0490386486053467E+00   4.1987240314483643E-01   1.0612492561340332E+00  -2.3136854171752930E-02  -1.2572059631347656E+00   6.2504708766937256E-01   5.6755172408884391E-05
     577   8.1250000000000000E-01   3.2695820331573486E+00   5.3239005804061890E-01  -9.5758758485317230E-02   4.2925113812088966E-03   1.1965144658461213E-03  -1.2304348638281226E-04  -1.6500618585268967E-05   3.2537918741581962E-06  -1.4684266602671414E-07   2.0443615913391113E+00  -7.8317940235137939E-01  -1.0490462779998779E+00   4.1995647549629211E-01   1.0612879991531372E+00  -2.3240864276885986E-02  -1.2573630809783936E+00   6.2521362304687500E-01   5.6560947996331379E-05
     578   8.7500000000000000E-01   3.2691252231597900E+00   5.3238707780838013E-01  -9.5750071108341217E-02   4.2889933101832867E-03   1.1966237798333168E-03  -1.2294120097067207E-04  -1.6501959180459380E-05   3.2507630294276169E-06  -1.4659512714843004E-07   2.0440726280212402E+00  -7.8298109769821167E-01  -1.0489405393600464E+00   4.1965869069099426E-01   1.0609619617462158E+00  -2.3073488846421242E-02  -1.2568188905715942E+00   6.2484413385391235E-01   5.6165088608395308E-05
     579   9.3750000000000000E-01   3.2688686847686768E+00   5.3231787681579590E-01  -9.5737926661968231E-02   4.2897677049040794E-03   1.1963143479079008E-03  -1.2297229841351509E-04  -1.6497100659762509E-05   3.2519355954718776E-06  -1.4672677650651167E-07   2.0438950061798096E+00  -7.8305327892303467E-01  -1.0490009784698486E+00   4.1960325837135315E-01   1.0609619617462158E+00  -2.3001058027148247E-02  -1.2567429542541504E+00   6.2476569414138794E-01   5.6370940001215786E-05
     580   1.0000000000000000E+00   3.2688271999359131E+00   5.3218770027160645E-01  -9.5734186470508575E-02   4.2951297946274281E-03   1.1960283154621720E-03  -1.2311154569033533E-04  -1.6495549061801285E-05   3.2555685720581096E-06  -1.4699999439926614E-07   2.0437405109405518E+00  -7.8343707323074341E-01  -1.0491243600845337E+00   4.1993361711502075E-01   1.0613132715225220E+00  -2.3162472993135452E-02  -1.2572995424270630E+00   6.2509959936141968E-01   5.6174565543187782E-05
     581   1.0625000000000000E+00   3.2684645652770996E+00   5.3221923112869263E-01  -9.5725223422050476E-02   4.2908033356070518E-03   1.1960887350142002E-03  -1.2299885565880686E-04  -1.6495154341100715E-05   3.2525351798540214E-06  -1.4676908222099883E-07   2.0435640811920166E+00  -7.8317439556121826E-01  -1.0490422248840332E+00   4.1956171393394470E-01   1.0609486103057861E+00  -2.2944487631320953E-02  -1.2566630840301514E+00   6.2467914819717407E-01   5.5675562180113047E-05
     582   1.1250000000000000E+00   3.2685368061065674E+00   5.3212046623229980E-01  -9.5731906592845917E-02   4.2963228188455105E-03   1.1960045667365193E-03  -1.2313626939430833E-04  -1.6496043826919049E-05   3.2561215448367875E-06  -1.4703557837947301E-07   2.0433337688446045E+00  -7.8366225957870483E-01  -1.0490293502807617E+00   4.2016792297363281E-01   1.0613640546798706E+00  -2.3446079343557358E-02  -1.2576506137847900E+00   6.2546610832214355E-01   5.5377357057295740E-05
     583   1.2500000000000000E+00   3.2680995464324951E+00   5.3208839893341064E-01  -9.5721706748008728E-02   4.2940722778439522E-03   1.1960216797888279E-03  -1.2306794815231115E-04  -1.6496513126185164E-05   3.2540331176278414E-06  -1.4685736005048966E-07   2.0430655479431152E+00  -7.8353071212768555E-01  -1.0489861965179443E+00   4.1990029811859131E-01   1.0611213445663452E+00  -2.3249287158250809E-02  -1.2571649551391602E+00   6.2510305643081665E-01   5.6187884183600545E-05
     584   1.3750000000000000E+00   3.2674863338470459E+00   5.3217095136642456E-01  -9.5704205334186554E-02   4.2851576581597328E-03   1.1960881529375911E-03  -1.2284086551517248E-04  -1.6493137081852183E-05   3.2483162613061722E-06  -1.4647579860138649E-07   2.0428569316864014E+00  -7.8293615579605103E-01  -1.0488355159759521E+00   4.1912227869033813E-01   1.0603924989700317E+00  -2.2771546617150307E-02  -1.2558548450469971E+00   6.2421625852584839E-01   5.6896231399150565E-05
     585   1.5000000000000000E+00   3.2672412395477295E+00   5.3214734792709351E-01  -9.5700420439243317E-02   4.2844736017286777E-03   1.1960881529375911E-03  -1.2282040552236140E-04  -1.6493049770360813E-05   3.2477394142915728E-06  -1.4643508450262743E-07   2.0426156520843506E+00  -7.8295141458511353E-01  -1.0487415790557861E+00   4.1914832592010498E-01   1.0603169202804565E+00  -2.2857096046209335E-02  -1.2558573484420776E+00   6.2427830696105957E-01   5.7403238315600902E-05
     586   1.6250000000000000E+00   3.2673261165618896E+00   5.3199720382690430E-01  -9.5695458352565765E-02   4.2917784303426743E-03   1.1955685913562775E-03  -1.2302737741265446E-04  -1.6487500033690594E-05   3.2536684102524305E-06  -1.4692714955799602E-07   2.0425169467926025E+00  -7.8346395492553711E-01  -1.0489002466201782E+00   4.1965386271476746E-01   1.0608208179473877E+00  -2.3165877908468246E-02  -1.2567497491836548E+00   6.2488150596618652E-01   5.6501845392631367E-05
     587   1.7500000000000000E+00   3.2671494483947754E+00   5.3196495771408081E-01  -9.5690399408340454E-02   4.2916764505207539E-03   1.1955128284171224E-03  -1.2302210961934179E-04  -1.6486974345752969E-05   3.2534653655602597E-06  -1.4691072180994524E-07   2.0423955917358398E+00  -7.8346717357635498E-01  -1.0489094257354736E+00   4.1958841681480408E-01   1.0607786178588867E+00  -2.3098837584257126E-02  -1.2566275596618652E+00   6.2477427721023560E-01   5.6203367421403527E-05
     588   1.8750000000000000E+00   3.2669470310211182E+00   5.3198325634002686E-01  -9.5690250396728516E-02   4.2894631624221802E-03   1.1957108508795500E-03  -1.2295262422412634E-04  -1.6490157577209175E-05   3.2512473353563109E-06  -1.4670152381768276E-07   2.0422320365905762E+00  -7.8336787223815918E-01  -1.0488196611404419E+00   4.1946789622306824E-01   1.0605996847152710E+00  -2.3062376305460930E-02  -1.2563823461532593E+00   6.2464368343353271E-01   5.5803655413910747E-05
     589   2.0000000000000000E+00   3.2668960094451904E+00   5.3191971778869629E-01  -9.5686204731464386E-02   4.2916056700050831E-03   1.1955562513321638E-03  -1.2300733942538500E-04  -1.6489040717715397E-05   3.2526488666917430E-06  -1.4681074844702380E-07   2.0421884059906006E+00  -7.8350514173507690E-01  -1.0489288568496704E+00   4.1950729489326477E-01   1.0607298612594604E+00  -2.3000974208116531E-02  -1.2564589977264404E+00   6.2461000680923462E-01   5.5906508350744843E-05
     590   2.1875000000000000E+00   3.2668130397796631E+00   5.3187793493270874E-01  -9.5685496926307678E-02   4.2930059134960175E-03   1.1954940855503082E-03  -1.2304290430620313E-04  -1.6488578694406897E-05   3.2536274829908507E-06  -1.4689000238377048E-07   2.0420298576354980E+00  -7.8365647792816162E-01  -1.0489059686660767E+00   4.1967633366584778E-01   1.0608212947845459E+00  -2.3160126060247421E-02  -1.2567266225814819E+00   6.2484538555145264E-01   5.5808679462643340E-05
     591   2.3750000000000000E+00   3.2664608955383301E+00   5.3192931413650513E-01  -9.5676183700561523E-02   4.2877090163528919E-03   1.1955696390941739E-03  -1.2290527229197323E-04  -1.6487227185280062E-05   3.2500922770850593E-06  -1.4664887260096293E-07   2.0419127941131592E+00  -7.8329861164093018E-01  -1.0488070249557495E+00   4.1922622919082642E-01   1.0603966712951660E+00  -2.2875694558024406E-02  -1.2559542655944824E+00   6.2431162595748901E-01   5.7219156587962061E-05
     592   2.5625000000000000E+00   3.2666263580322266E+00   5.3180271387100220E-01  -9.5678336918354034E-02   4.2948303744196892E-03   1.1952847708016634E-03  -1.2309319572523236E-04  -1.6486201275256462E-05   3.2550606192671694E-06  -1.4701788586535258E-07   2.0418393611907959E+00  -7.8380805253982544E-01  -1.0489344596862793E+00   4.1977229714393616E-01   1.0609090328216553E+00  -2.3217547684907913E-02  -1.2568840980529785E+00   6.2494277954101562E-01   5.7020082749659196E-05
     593   2.7500000000000000E+00   3.2664792537689209E+00   5.3181052207946777E-01  -9.5677174627780914E-02   4.2934841476380825E-03   1.1953630018979311E-03  -1.2305454583838582E-04  -1.6487238099216484E-05   3.2539173844270408E-06  -1.4691849514747446E-07   2.0417144298553467E+00  -7.8374749422073364E-01  -1.0488506555557251E+00   4.1972795128822327E-01   1.0607930421829224E+00  -2.3247517645359039E-02  -1.2567851543426514E+00   6.2492871284484863E-01   5.5915836128406227E-05
     594   2.9375000000000000E+00   3.2663235664367676E+00   5.3181874752044678E-01  -9.5672637224197388E-02   4.2916452512145042E-03   1.1953588109463453E-03  -1.2300668458919972E-04  -1.6486077583977021E-05   3.2527470921195345E-06  -1.4684641769235895E-07   2.0416600704193115E+00  -7.8363108634948730E-01  -1.0488475561141968E+00   4.1953483223915100E-01   1.0606467723846436E+00  -2.3091588169336319E-02  -1.2564560174942017E+00   6.2466961145401001E-01   5.5515054555144161E-05
     595   3.1250000000000000E+00   3.2662813663482666E+00   5.3179681301116943E-01  -9.5672443509101868E-02   4.2924410663545132E-03   1.1953301727771759E-03  -1.2302740651648492E-04  -1.6486181266373023E-05   3.2532680052099749E-06  -1.4687979899008496E-07   2.0415728092193604E+00  -7.8371071815490723E-01  -1.0488228797912598E+00   4.1963925957679749E-01   1.0606943368911743E+00  -2.3199461400508881E-02  -1.2566229104995728E+00   6.2482267618179321E-01   5.5516560678370297E-05
     596   3.5000000000000000E+00   3.2660772800445557E+00   5.3178006410598755E-01  -9.5662817358970642E-02   4.2912159115076065E-03   1.1952088680118322E-03  -1.2299892841838300E-04  -1.6484185834997334E-05   3.2525449569220655E-06  -1.4683659799175075E-07   2.0415313243865967E+00  -7.8358584642410278E-01  -1.0488668680191040E+00   4.1938450932502747E-01   1.0605409145355225E+00  -2.2976735606789589E-02  -1.2562181949615479E+00   6.2450021505355835E-01   5.6021810451056808E-05
     597   3.8750000000000000E+00   3.2658855915069580E+00   5.3182667493820190E-01  -9.5664829015731812E-02   4.2879823595285416E-03   1.1954709189012647E-03  -1.2290393351577222E-04  -1.6487212633364834E-05   3.2497894153493689E-06  -1.4660443525826850E-07   2.0413565635681152E+00  -7.8344404697418213E-01  -1.0487109422683716E+00   4.1928237676620483E-01   1.0603197813034058E+00  -2.2995781153440475E-02  -1.2559857368469238E+00   6.2440663576126099E-01   5.6325323384953663E-05
     598   4.2500000000000000E+00   3.2658770084381104E+00   5.3173959255218506E-01  -9.5654934644699097E-02   4.2912750504910946E-03   1.1950349435210228E-03  -1.2300645175855607E-04  -1.6481200873386115E-05   3.2529653708479600E-06  -1.4689878469198447E-07   2.0413918495178223E+00  -7.8359997272491455E-01  -1.0488661527633667E+00   4.1934365034103394E-01   1.0605018138885498E+00  -2.2956045344471931E-02  -1.2561563253402710E+00   6.2445515394210815E-01   5.5723605328239501E-05
     599   4.6250000000000000E+00   3.2658267021179199E+00   5.3174930810928345E-01  -9.5660798251628876E-02   4.2908261530101299E-03   1.1952591594308615E-03  -1.2298063666094095E-04  -1.6485064406879246E-05   3.2519355954718776E-06  -1.4678226989417453E-07   2.0412540435791016E+00  -7.8364890813827515E-01  -1.0487817525863647E+00   4.1944375634193420E-01   1.0604969263076782E+00  -2.3074982687830925E-02  -1.2562652826309204E+00   6.2458014488220215E-01   5.6127220886992291E-05
     600   5.0000000000000000E+00   3.2658529281616211E+00   5.3170245885848999E-01  -9.5660343766212463E-02   4.2931544594466686E-03   1.1951146880164742E-03  -1.2304558185860515E-04  -1.6483401850564405E-05   3.2538252980884863E-06  -1.4694278149818274E-07   2.0411989688873291E+00  -7.8382861614227295E-01  -1.0488117933273315E+00   4.1964444518089294E-01   1.0606706142425537E+00  -2.3210734128952026E-02  -1.2566014528274536E+00   6.2481737136840820E-01   5.6027867685770616E-05
     601   5.6250000000000000E+00   3.2656264305114746E+00   5.3174597024917603E-01  -9.5656059682369232E-02   4.2894240468740463E-03   1.1952265631407499E-03  -1.2294655607547611E-04  -1.6483541912748478E-05   3.2512000416318187E-06  -1.4674782278234488E-07   2.0411067008972168E+00  -7.8358036279678345E-01  -1.0487021207809448E+00   4.1937574744224548E-01   1.0603600740432739E+00  -2.3101661354303360E-02  -1.2561450004577637E+00   6.2456494569778442E-01   5.5928761867107823E-05
     602   6.2500000000000000E+00   3.2656643390655518E+00   5.3171098232269287E-01  -9.5662295818328857E-02   4.2916703969240189E-03   1.1953557841479778E-03  -1.2299054651521146E-04  -1.6487936591147445E-05   3.2518323678232264E-06  -1.4673894099814788E-07   2.0409984588623047E+00  -7.8378939628601074E-01  -1.0486991405487061E+00   4.1962140798568726E-01   1.0605404376983643E+00  -2.3268878459930420E-02  -1.2565095424652100E+00   6.2482064962387085E-01   5.6734923418844119E-05
     603   6.8750000000000000E+00   3.2656440734863281E+00   5.3167694807052612E-01  -9.5659121870994568E-02   4.2928699404001236E-03   1.1952080531045794E-03  -1.2302664981689304E-04  -1.6485662854393013E-05   3.2529958389204694E-06  -1.4685130622638098E-07   2.0409796237945557E+00  -7.8386187553405762E-01  -1.0487401485443115E+00   4.1967076063156128E-01   1.0606118440628052E+00  -2.3284465074539185E-02  -1.2566084861755371E+00   6.2487429380416870E-01   5.6132383178919554E-05
     604   7.5000000000000000E+00   3.2653522491455078E+00   5.3171664476394653E-01  -9.5642685890197754E-02   4.2880624532699585E-03   1.1950228363275528E-03  -1.2291820894461125E-04  -1.6480131307616830E-05   3.2505749913980253E-06  -1.4672539805360429E-07   2.0410413742065430E+00  -7.8343623876571655E-01  -1.0487598180770874E+00   4.1907018423080444E-01   1.0601876974105835E+00  -2.2817526012659073E-02  -1.2556557655334473E+00   6.2414193153381348E-01   5.5932192481122911E-05
     605   8.7500000000000000E+00   3.2652435302734375E+00   5.3173267841339111E-01  -9.5644235610961914E-02   4.2866845615208149E-03   1.1951660271733999E-03  -1.2287519348319620E-04  -1.6482088540215045E-05   3.2492612263013143E-06  -1.4660808744793030E-07   2.0409238338470459E+00  -7.8339540958404541E-01  -1.0486804246902466E+00   4.1904830932617188E-01   1.0600965023040771E+00  -2.2847156971693039E-02  -1.2555795907974243E+00   6.2412714958190918E-01   5.5631826398894191E-05
     606   1.0000000000000000E+01   3.2652280330657959E+00   5.3169864416122437E-01  -9.5642670989036560E-02   4.2880293913185596E-03   1.1950886109843850E-03  -1.2290978338569403E-04  -1.6481755665154196E-05   3.2501327495992882E-06  -1.4667074310636963E-07   2.0408935546875000E+00  -7.8347992897033691E-01  -1.0487177371978760E+00   4.1911178827285767E-01   1.0601766109466553E+00  -2.2867621853947639E-02  -1.2556890249252319E+00   6.2418472766876221E-01   5.5532349506393075E-05
     607   1.2500000000000000E+01   3.2652235031127930E+00   5.3167331218719482E-01  -9.5646433532238007E-02   4.2894883081316948E-03   1.1951162014156580E-03  -1.2294373300392181E-04  -1.6482508726767264E-05   3.2510329219803680E-06  -1.4673690884592361E-07   2.0407552719116211E+00  -7.8364837169647217E-01  -1.0486550331115723E+00   4.1936701536178589E-01   1.0603014230728149E+00  -2.3112289607524872E-02  -1.2560812234878540E+00   6.2453496456146240E-01   5.6942422816064209E-05
     608   1.5000000000000000E+01   3.2651925086975098E+00   5.3163754940032959E-01  -9.5642812550067902E-02   4.2906505987048149E-03   1.1949933832511306E-03  -1.2297643115743995E-04  -1.6481471902807243E-05   3.2518883017473854E-06  -1.4680244930787012E-07   2.0407500267028809E+00  -7.8370100259780884E-01  -1.0487140417098999E+00   4.1937100887298584E-01   1.0603609085083008E+00  -2.3068042472004890E-02  -1.2561030387878418E+00   6.2449455261230469E-01   5.5836899264249951E-05
     609   1.7500000000000000E+01   3.2649238109588623E+00   5.3169816732406616E-01  -9.5633849501609802E-02   4.2854864150285721E-03   1.1950623011216521E-03  -1.2284412514418364E-04  -1.6480596968904138E-05   3.2484015264344634E-06  -1.4654588653684186E-07   2.0407469272613525E+00  -7.8330224752426147E-01  -1.0486594438552856E+00   4.1885966062545776E-01   1.0599288940429688E+00  -2.2721314802765846E-02  -1.2552602291107178E+00   6.2390673160552979E-01   5.5535918363602832E-05
     610   2.0000000000000000E+01   3.2651202678680420E+00   5.3161644935607910E-01  -9.5640294253826141E-02   4.2910277843475342E-03   1.1949369218200445E-03  -1.2298632645979524E-04  -1.6480695194331929E-05   3.2521916182304267E-06  -1.4683644167234888E-07   2.0406851768493652E+00  -7.8372913599014282E-01  -1.0487074851989746E+00   4.1939201951026917E-01   1.0603660345077515E+00  -2.3094516247510910E-02  -1.2561366558074951E+00   6.2453514337539673E-01   5.7045755966100842E-05
     611   2.3750000000000000E+01   3.2650516033172607E+00   5.3162145614624023E-01  -9.5639526844024658E-02   4.2902049608528614E-03   1.1949775507673621E-03  -1.2296233035158366E-04  -1.6481089915032499E-05   3.2514994927623775E-06  -1.4678052195904456E-07   2.0406479835510254E+00  -7.8368431329727173E-01  -1.0486942529678345E+00   4.1932320594787598E-01   1.0603039264678955E+00  -2.3042509332299232E-02  -1.2560101747512817E+00   6.2443870306015015E-01   5.6744753237580881E-05
     612   2.7500000000000000E+01   3.2650110721588135E+00   5.3161388635635376E-01  -9.5637813210487366E-02   4.2901770211756229E-03   1.1949439067393541E-03  -1.2296304339542985E-04  -1.6480711565236561E-05   3.2515247312403517E-06  -1.4677988247058238E-07   2.0406260490417480E+00  -7.8367936611175537E-01  -1.0486959218978882E+00   4.1930657625198364E-01   1.0602966547012329E+00  -2.3019259795546532E-02  -1.2559757232666016E+00   6.2440460920333862E-01   5.6342963944189250E-05
     613   3.1250000000000000E+01   3.2650201320648193E+00   5.3157836198806763E-01  -9.5634289085865021E-02   4.2917677201330662E-03   1.1947765015065670E-03  -1.2301137030590326E-04  -1.6478914403705858E-05   3.2529073905607220E-06  -1.4689362615172286E-07   2.0406363010406494E+00  -7.8375178575515747E-01  -1.0487363338470459E+00   4.1937482357025146E-01   1.0603817701339722E+00  -2.3056995123624802E-02  -1.2561165094375610E+00   6.2449389696121216E-01   5.6242919526994228E-05
     614   3.5000000000000000E+01   3.2649636268615723E+00   5.3163051605224609E-01  -9.5643371343612671E-02   4.2894883081316948E-03   1.1951519409194589E-03  -1.2293367763049901E-04  -1.6483792933286168E-05   3.2505236049473751E-06  -1.4668253811578325E-07   2.0404942035675049E+00  -7.8370004892349243E-01  -1.0485745668411255E+00   4.1942170262336731E-01   1.0602672100067139E+00  -2.3189082741737366E-02  -1.2561160326004028E+00   6.2458747625350952E-01   5.7853227190207690E-05
     615   4.2500000000000000E+01   3.2648088932037354E+00   5.3164649009704590E-01  -9.5635965466499329E-02   4.2872102931141853E-03   1.1950855841860175E-03  -1.2288062134757638E-04  -1.6481750208185986E-05   3.2492569062014809E-06  -1.4660449210168736E-07   2.0405037403106689E+00  -7.8350156545639038E-01  -1.0485734939575195E+00   4.1914531588554382E-01   1.0600628852844238E+00  -2.2979030385613441E-02  -1.2556715011596680E+00   6.2425124645233154E-01   5.5640521168243140E-05
     616   5.0000000000000000E+01   3.2648925781250000E+00   5.3156930208206177E-01  -9.5631659030914307E-02   4.2910799384117126E-03   1.1947717284783721E-03  -1.2299163790885359E-04  -1.6478390534757636E-05   3.2524183097848436E-06  -1.4686685290143942E-07   2.0405480861663818E+00  -7.8371745347976685E-01  -1.0487036705017090E+00   4.1932901740074158E-01   1.0603225231170654E+00  -2.3027246817946434E-02  -1.2560150623321533E+00   6.2442100048065186E-01   5.6446173402946442E-05
     617   6.2500000000000000E+01   3.2646389007568359E+00   5.3163886070251465E-01  -9.5627844333648682E-02   4.2858780361711979E-03   1.1949870968237519E-03  -1.2284964032005519E-04  -1.6479794794577174E-05   3.2485174870089395E-06  -1.4656217217634548E-07   2.0404856204986572E+00  -7.8335648775100708E-01  -1.0485810041427612E+00   4.1892799735069275E-01   1.0599131584167480E+00  -2.2799968719482422E-02  -1.2553166151046753E+00   6.2398046255111694E-01   5.6447199312970042E-05
     618   7.5000000000000000E+01   3.2646479606628418E+00   5.3162705898284912E-01  -9.5631964504718781E-02   4.2867353186011314E-03   1.1950656771659851E-03  -1.2286601122468710E-04  -1.6481688362546265E-05   3.2487857879459625E-06  -1.4656342273156042E-07   2.0404002666473389E+00  -7.8345799446105957E-01  -1.0485301017761230E+00   4.1909727454185486E-01   1.0599912405014038E+00  -2.2960662841796875E-02  -1.2555692195892334E+00   6.2419641017913818E-01   5.5743767006788403E-05
     619   8.7500000000000000E+01   3.2647633552551270E+00   5.3153395652770996E-01  -9.5628403127193451E-02   4.2916904203593731E-03   1.1947100283578038E-03  -1.2300636444706470E-04  -1.6477937606396154E-05   3.2527818802918773E-06  -1.4689761940189783E-07   2.0404276847839355E+00  -7.8374469280242920E-01  -1.0486418008804321E+00   4.1940218210220337E-01   1.0603160858154297E+00  -2.3137481883168221E-02  -1.2561253309249878E+00   6.2456542253494263E-01   5.6851484259823337E-05
     620   1.0000000000000000E+02   3.2645912170410156E+00   5.3156000375747681E-01  -9.5620706677436829E-02   4.2888033203780651E-03   1.1946402955800295E-03  -1.2293981853872538E-04  -1.6475034499308094E-05   3.2513087262486806E-06  -1.4681735649446637E-07   2.0404272079467773E+00  -7.8351885080337524E-01  -1.0486208200454712E+00   4.1911169886589050E-01   1.0600926876068115E+00  -2.2909156978130341E-02  -1.2556366920471191E+00   6.2418842315673828E-01   5.5644813983235508E-05
     621   1.1250000000000000E+02   3.2645998001098633E+00   5.3153485059738159E-01  -9.5622673630714417E-02   4.2900163680315018E-03   1.1947044404223561E-03  -1.2296054046601057E-04  -1.6477477402077056E-05   3.2515040402358864E-06  -1.4680117033094575E-07   2.0404069423675537E+00  -7.8359156847000122E-01  -1.0486469268798828E+00   4.1917154192924500E-01   1.0601617097854614E+00  -2.2927472367882729E-02  -1.2557287216186523E+00   6.2423390150070190E-01   5.5947461078176275E-05
     622   1.1875000000000000E+02   3.2647223472595215E+00   5.3149396181106567E-01  -9.5627687871456146E-02   4.2932024225592613E-03   1.1946236481890082E-03  -1.2304712436161935E-04  -1.6477093595312908E-05   3.2539419407839887E-06  -1.4698991890327306E-07   2.0403330326080322E+00  -7.8385925292968750E-01  -1.0486100912094116E+00   4.1957750916481018E-01   1.0604248046875000E+00  -2.3276569321751595E-02  -1.2563900947570801E+00   6.2477087974548340E-01   5.6249726185342297E-05
     623   1.2187500000000000E+02   3.2645177841186523E+00   5.3157824277877808E-01  -9.5627442002296448E-02   4.2878477834165096E-03   1.1949529871344566E-03  -1.2289492588024586E-04  -1.6480689737363718E-05   3.2495486266270746E-06  -1.4662388991837361E-07   2.0402889251708984E+00  -7.8350555896759033E-01  -1.0484926700592041E+00   4.1918069124221802E-01   1.0600260496139526E+00  -2.3037245497107506E-02  -1.2556875944137573E+00   6.2430322170257568E-01   5.6551798479631543E-05
     624   1.2343750000000000E+02   3.2782688140869141E+00   5.2803391218185425E-01  -9.6264965832233429E-02   4.5896726660430431E-03   1.1944724246859550E-03  -1.3046932872384787E-04  -1.6599418813711964E-05   3.4440870422258740E-06  -1.6011942705063120E-07   2.0353951454162598E+00  -8.0888414382934570E-01  -1.0474402904510498E+00   4.5556053519248962E-01   1.0869094133377075E+00  -4.9996040761470795E-02  -1.3153873682022095E+00   6.5841573476791382E-01   5.3935615142108873E-05
     625   1.2363281250000000E+02   3.2870728969573975E+00   5.2851319313049316E-01  -9.7271122038364410E-02   4.7324951738119125E-03   1.2098196893930435E-03  -1.3379179290495813E-04  -1.6886842786334455E-05   3.5238913369539659E-06  -1.6401004643284978E-07   2.0206892490386963E+00  -8.2480561733245850E-01  -1.0253148078918457E+00   4.9856305122375488E-01   1.0924161672592163E+00  -1.1420232802629471E-01  -1.3944036960601807E+00   7.3580378293991089E-01   5.4640007874695584E-05
     626   1.2382812500000000E+02   3.2293446063995361E+00   5.4797738790512085E-01  -9.5620304346084595E-02   3.4054066054522991E-03   1.2367613380774856E-03  -1.0034665319835767E-04  -1.6731259165680967E-05   2.6608363441482652E-06  -1.0171113018486722E-07   2.0199038982391357E+00  -7.1593689918518066E-01  -9.8523271083831787E-01   3.8479450345039368E-01   9.4869148731231689E-01  -1.1246772855520248E-01  -1.2483015060424805E+00   6.9164907932281494E-01   7.4463379860389978E-05
     627   1.2392578125000000E+02   3.1609981060028076E+00   5.6331962347030640E-01  -9.2026159167289734E-02   1.9964331295341253E-03   1.2241572840139270E-03  -6.5794825786724687E-05  -1.5951172827044502E-05   1.7887526837512269E-06  -4.3232354585143185E-08   2.0501368045806885E+00  -5.8552294969558716E-01  -9.9127650260925293E-01   1.9480517506599426E-01   7.9239600896835327E-01  -1.4113697223365307E-02  -9.8377794027328491E-01   5.3203845024108887E-01   8.7444168457295746E-05
     628   1.2402343750000000E+02   3.0968031883239746E+00   5.6871783733367920E-01  -8.6779169738292694E-02   8.6781632853671908E-04   1.1618969729170203E-03  -3.9290513086598366E-05  -1.4555972484231461E-05   1.1435041642471333E-06  -5.7508016126917028E-09   2.1154618263244629E+00  -4.5914572477340698E-01  -1.0591257810592651E+00  -5.6538749486207962E-02   6.4127671718597412E-01   1.6425085067749023E-01  -6.4168918132781982E-01   2.8850969672203064E-01   8.7142296251840889E-05
     629   1.2412109375000000E+02   3.1028308868408203E+00   5.4564207792282104E-01  -8.2607515156269073E-02   1.4308176469057798E-03   1.0456448653712869E-03  -5.5338281526928768E-05  -1.3094942005409393E-05   1.5929881556075998E-06  -4.8660290019597596E-08   2.2056126594543457E+00  -4.6145421266555786E-01  -1.2228429317474365E+00  -2.3999120295047760E-01   6.2629830837249756E-01   3.6398902535438538E-01  -4.2299327254295349E-01   7.8411869704723358E-02   6.0878868680447340E-05
     630   1.2421875000000000E+02   3.2472720146179199E+00   4.8609724640846252E-01  -8.4522910416126251E-02   4.8354356549680233E-03   9.3435222515836358E-04  -1.3996103371027857E-04  -1.2935270206071436E-05   3.7527693166339304E-06  -2.0689870439127844E-07   2.2700014114379883E+00  -7.3237419128417969E-01  -1.4722859859466553E+00  -1.6795295476913452E-01   8.8504588603973389E-01   4.6293228864669800E-01  -5.9894376993179321E-01   8.9046686887741089E-02   8.8853099441621453E-05
     631   1.2426757812500000E+02   3.3744761943817139E+00   4.4921913743019104E-01  -8.9321658015251160E-02   7.4667986482381821E-03   9.2100439360365272E-04  -2.0340875198598951E-04  -1.3872871932107955E-05   5.3363851293397602E-06  -3.1541281941827037E-07   2.2645063400268555E+00  -9.8393481969833374E-01  -1.6022318601608276E+00   6.2823016196489334E-03   1.1270774602890015E+00   4.3362540006637573E-01  -8.8579505681991577E-01   2.2361072897911072E-01   1.1924280988750979E-04
     632   1.2431640625000000E+02   3.5224103927612305E+00   4.1674518585205078E-01  -9.6889317035675049E-02   1.0258737020194530E-02   9.6024177037179470E-04  -2.6919355150312185E-04  -1.5637386240996420E-05   6.9510824687313288E-06  -4.2034150737890741E-07   2.2173523902893066E+00  -1.2913994789123535E+00  -1.7098757028579712E+00   2.6695403456687927E-01   1.4181164503097534E+00   3.4232768416404724E-01  -1.2852126359939575E+00   4.4158670306205750E-01   1.4178552373778075E-04
     633   1.2436523437500000E+02   3.6671390533447266E+00   3.9785426855087280E-01  -1.0666760057210922E-01   1.2654495425522327E-02   1.0633384808897972E-03  -3.2375115551985800E-04  -1.8139951862394810E-05   8.2572778410394676E-06  -4.9778526545196655E-07   2.1192886829376221E+00  -1.6175994873046875E+00  -1.7723929882049561E+00   5.8625030517578125E-01   1.7176361083984375E+00   1.9522166252136230E-01  -1.7460236549377441E+00   7.1751683950424194E-01   1.4279929746408015E-04
     634   1.2441406250000000E+02   3.7763180732727051E+00   4.0168267488479614E-01  -1.1730412393808365E-01   1.4001130126416683E-02   1.2281705858185887E-03  -3.5174447111785412E-04  -2.1056426703580655E-05   8.8804199549485929E-06  -5.2299651542853098E-07   1.9681998491287231E+00  -1.9095959663391113E+00  -1.7699066400527954E+00   9.1423159837722778E-01   1.9709602594375610E+00   1.4829797670245171E-02  -2.1853840351104736E+00   1.0021092891693115E+00   1.2661721848417073E-04
     635   1.2446289062500000E+02   3.8217566013336182E+00   4.3251645565032959E-01  -1.2697431445121765E-01   1.3865182176232338E-02   1.4320174232125282E-03  -3.4404391772113740E-04  -2.3860437067924067E-05   8.6162808656808920E-06  -4.8518853645873605E-07   1.7704447507858276E+00  -2.1202456951141357E+00  -1.6919549703598022E+00   1.2024499177932739E+00   2.1322026252746582E+00  -1.7457737028598785E-01  -2.5297167301177979E+00   1.2501932382583618E+00   8.8207467342726886E-05
     636   1.2451171875000000E+02   3.7806997299194336E+00   4.8924899101257324E-01  -1.3349986076354980E-01   1.2048972770571709E-02   1.6357779968529940E-03  -2.9758017626591027E-04  -2.5906349037541077E-05   7.4162971941404976E-06  -3.8557070070055488E-07   1.5429505109786987E+00  -2.2092568874359131E+00  -1.5417954921722412E+00   1.4004958868026733E+00   2.1659750938415527E+00  -3.3991536498069763E-01  -2.7087175846099854E+00   1.4120532274246216E+00   7.2671202360652387E-05
     637   1.2456054687500000E+02   3.6462628841400146E+00   5.6372886896133423E-01  -1.3513636589050293E-01   8.7675126269459724E-03   1.7950651235878468E-03  -2.1901118452660739E-04  -2.6682935640565120E-05   5.4662655202264432E-06  -2.4097533923850278E-07   1.3085175752639771E+00  -2.1613538265228271E+00  -1.3357025384902954E+00   1.4800223112106323E+00   2.0643219947814941E+00  -4.5749258995056152E-01  -2.6926097869873047E+00   1.4619268178939819E+00   9.2255133495200425E-05
     638   1.2460937500000000E+02   3.4298224449157715E+00   6.4107757806777954E-01  -1.3087308406829834E-01   4.6482584439218044E-03   1.8654118757694960E-03  -1.2447364861145616E-04  -2.5858420485747047E-05   3.1821045922697522E-06  -8.3621813473655493E-08   1.0941061973571777E+00  -1.9902942180633545E+00  -1.1032476425170898E+00   1.4387624263763428E+00   1.8501863479614258E+00  -5.1453006267547607E-01  -2.4969835281372070E+00   1.4005148410797119E+00   1.1375246685929596E-04
     639   1.2463378906250000E+02   3.2960832118988037E+00   6.7629367113113403E-01  -1.2648220360279083E-01   2.4723706301301718E-03   1.8603648059070110E-03  -7.5789175753016025E-05  -2.4850167392287403E-05   2.0237976059434004E-06  -7.7698265599224214E-09   1.0021871328353882E+00  -1.8651087284088135E+00  -9.8709321022033691E-01   1.3735611438751221E+00   1.7099686861038208E+00  -5.1591753959655762E-01  -2.3378825187683105E+00   1.3278068304061890E+00   1.3134234177414328E-04
     640   1.2465820312500000E+02   3.1523265838623047E+00   7.0625501871109009E-01  -1.2090215831995010E-01   3.8994924398139119E-04   1.8298672512173653E-03  -2.9930890377727337E-05  -2.3553126084152609E-05   9.4104547088136314E-07   6.0962690895394189E-08   9.2242062091827393E-01  -1.7242833375930786E+00  -8.7568658590316772E-01   1.2889300584793091E+00   1.5591341257095337E+00  -5.0458264350891113E-01  -2.1563520431518555E+00   1.2388747930526733E+00   1.3732830120716244E-04
     641   1.2468261718750000E+02   3.0044851303100586E+00   7.2794777154922485E-01  -1.1423105746507645E-01  -1.4400336658582091E-03   1.7681982135400176E-03   9.0978601292590611E-06  -2.1933439711574465E-05   4.0999122319362868E-08   1.1421265355693322E-07   8.5799229145050049E-01  -1.5771168470382690E+00  -7.7496320009231567E-01   1.1923383474349976E+00   1.4083946943283081E+00  -4.8276883363723755E-01  -1.9668327569961548E+00   1.1413729190826416E+00   1.4352425932884216E-04
     642   1.2470703125000000E+02   2.8553094863891602E+00   7.4116885662078857E-01  -1.0687559098005295E-01  -2.9927594587206841E-03   1.6853265697136521E-03   4.1420575144002214E-05  -2.0164998204563744E-05  -6.9437436422958854E-07   1.5495874094995088E-07   8.0773597955703735E-01  -1.4273155927658081E+00  -6.8464243412017822E-01   1.0882455110549927E+00   1.2605117559432983E+00  -4.5407015085220337E-01  -1.7758513689041138E+00   1.0407422780990601E+00   1.4868500875309110E-04
     643   1.2473144531250000E+02   2.7066667079925537E+00   7.4505847692489624E-01  -9.8977059125900269E-02  -4.2431149631738663E-03   1.5837480314075947E-03   6.6807675466407090E-05  -1.8289307263330556E-05  -1.2639098940780968E-06   1.8342335295074008E-07   7.7411115169525146E-01  -1.2767796516418457E+00  -6.0949778556823730E-01   9.7407978773117065E-01   1.1182934045791626E+00  -4.1181251406669617E-01  -1.5791330337524414E+00   9.2913848161697388E-01   1.4550772903021425E-04
     644   1.2475585937500000E+02   2.5592565536499023E+00   7.4138802289962769E-01  -9.1088749468326569E-02  -5.2534709684550762E-03   1.4796806499361992E-03   8.7623018771409988E-05  -1.6524216334801167E-05  -1.7425647911295528E-06   2.0690764301889430E-07   7.5200086832046509E-01  -1.1262283325195312E+00  -5.4325377941131592E-01   8.5548883676528931E-01   9.7966068983078003E-01  -3.6508876085281372E-01  -1.3835307359695435E+00   8.1683737039566040E-01   1.4531148190144449E-04
     645   1.2478027343750000E+02   2.4247946739196777E+00   7.2501808404922485E-01  -8.3342075347900391E-02  -5.7289265096187592E-03   1.3591181486845016E-03   9.5963172498159111E-05  -1.4752468814549502E-05  -1.9119934222544543E-06   2.0801326172659174E-07   7.4584174156188965E-01  -9.9531739950180054E-01  -4.9686115980148315E-01   7.4923825263977051E-01   8.6714977025985718E-01  -3.1876832246780396E-01  -1.2191762924194336E+00   7.1904397010803223E-01   1.3546881382353604E-04
     646   1.2480468750000000E+02   2.2984709739685059E+00   7.0026803016662598E-01  -7.6222218573093414E-02  -5.8880154974758625E-03   1.2448719935491681E-03   9.8356722446624190E-05  -1.3234081961854827E-05  -1.9606238765845774E-06   2.0287698987431213E-07   7.4953889846801758E-01  -8.7515532970428467E-01  -4.6152898669242859E-01   6.4952272176742554E-01   7.6834952831268311E-01  -2.7350383996963501E-01  -1.0722097158432007E+00   6.3053858280181885E-01   1.3338646385818720E-04
     647   1.2482910156250000E+02   2.1822249889373779E+00   6.6606199741363525E-01  -6.9620922207832336E-02  -5.6870020925998688E-03   1.1283919448032975E-03   9.3140377430245280E-05  -1.1811986041720957E-05  -1.8272219222126296E-06   1.8510334598431655E-07   7.6535290479660034E-01  -7.6885932683944702E-01  -4.4141042232513428E-01   5.5680960416793823E-01   6.8766057491302490E-01  -2.2622805833816528E-01  -9.4430100917816162E-01   5.4915153980255127E-01   1.3725229655392468E-04
     648   1.2485351562500000E+02   2.0825350284576416E+00   6.2185007333755493E-01  -6.4018622040748596E-02  -5.0297002308070660E-03   1.0148426517844200E-03   7.8033888712525368E-05  -1.0602027032291517E-05  -1.4560458794221631E-06   1.5154186883137299E-07   7.8911387920379639E-01  -6.8805795907974243E-01  -4.3440958857536316E-01   4.8806098103523254E-01   6.3548076152801514E-01  -1.9130244851112366E-01  -8.6170023679733276E-01   4.9651381373405457E-01   1.0284381278324872E-04
     649   1.2487792968750000E+02   1.9891270399093628E+00   5.7299375534057617E-01  -5.9470545500516891E-02  -4.2321812361478806E-03   9.2329690232872963E-04   6.1858365370426327E-05  -9.7879219538299367E-06  -1.0958460734400433E-06   1.2234838209224108E-07   8.1792110204696655E-01  -6.1412382125854492E-01  -4.3424868583679199E-01   4.2195966839790344E-01   5.9079182147979736E-01  -1.5457445383071899E-01  -7.8542214632034302E-01   4.4513583183288574E-01   9.5858391432557255E-05
     650   1.2490234375000000E+02   1.9057039022445679E+00   5.1780003309249878E-01  -5.5749073624610901E-02  -3.1859518494457006E-03   8.3799462299793959E-04   4.0720766264712438E-05  -9.1296851678634994E-06  -6.1805070572518161E-07   8.5503813807008555E-08   8.5281395912170410E-01  -5.5439704656600952E-01  -4.4359296560287476E-01   3.6685186624526978E-01   5.6215906143188477E-01  -1.2129327654838562E-01  -7.3085492849349976E-01   4.0560671687126160E-01   1.1190383520442992E-04
     651   1.2492675781250000E+02   1.8298910856246948E+00   4.5839756727218628E-01  -5.2929889410734177E-02  -1.9844521302729845E-03   7.6688401168212295E-04   1.7280062820645981E-05  -8.7373327914974652E-06  -1.0296676578036568E-07   4.8245958339521167E-08   8.9128464460372925E-01  -5.0482821464538574E-01  -4.5930105447769165E-01   3.1921049952507019E-01   5.4432880878448486E-01  -8.9841291308403015E-02  -6.9002962112426758E-01   3.7297955155372620E-01   1.0196891525993124E-04
     652   1.2495117187500000E+02   1.7567937374114990E+00   3.9769163727760315E-01  -5.0870753824710846E-02  -7.6956849079579115E-04   7.1181543171405792E-04  -5.2025784498255234E-06  -8.5548526840284467E-06   3.7412337405839935E-07   1.5112867401967378E-08   9.2995071411132812E-01  -4.5792007446289062E-01  -4.7535225749015808E-01   2.7426883578300476E-01   5.2834051847457886E-01  -6.0657918453216553E-02  -6.5341979265213013E-01   3.4392994642257690E-01   9.7051473858300596E-05
     653   1.2497558593750000E+02   1.6854065656661987E+00   3.3534684777259827E-01  -4.9140539020299911E-02   4.7246151370927691E-04   6.6126865567639470E-04  -2.7809030143544078E-05  -8.4125294961268082E-06   8.5385528336701100E-07  -1.8232675813578680E-08   9.7130453586578369E-01  -4.1234207153320312E-01  -4.9483990669250488E-01   2.2786760330200195E-01   5.1423746347427368E-01  -2.8172060847282410E-02  -6.1543381214141846E-01   3.1171819567680359E-01   7.0871727075427771E-05
     654   1.2500000000000000E+02   1.6303442716598511E+00   2.6585978269577026E-01  -4.7806866466999054E-02   2.1371545735746622E-03   5.9774663532152772E-04  -6.1312828620430082E-05  -8.2417609519325197E-06   1.6218815517277108E-06  -7.3109490017486678E-08   1.0161281824111938E+00  -3.9473903179168701E-01  -5.2468198537826538E-01   2.1072120964527130E-01   5.3088021278381348E-01  -1.1927231214940548E-02  -6.2890750169754028E-01   3.1276178359985352E-01   5.6614440836710855E-05
