       1   9.9999997473787516E-06   5.4460693359375000E+01   8.4597110748291016E+00  -1.5393915176391602E+00   6.6723190248012543E-02   1.9255276769399643E-02  -1.8392603378742933E-03  -2.6307126972824335E-04   4.7893783630570397E-05  -2.0366280750749866E-06   3.9686367034912109E+01  -4.0761189460754395E+00  -1.1663585662841797E+01   7.1994171142578125E+00   1.5102901458740234E+01  -1.4858863353729248E+00  -1.9345098495483398E+01   1.0127474784851074E+01   1.7788595869205892E-04
       2   1.0499999916646630E-05   5.3221313476562500E+01   8.2232427597045898E+00  -1.5022369623184204E+00   6.7059628665447235E-02   1.8694538623094559E-02  -1.8466762267053127E-03  -2.5610820739530027E-04   4.8122816224349663E-05  -2.0942868559359340E-06   3.8762931823730469E+01  -4.1014776229858398E+00  -1.1461380958557129E+01   7.1228065490722656E+00   1.4888707160949707E+01  -1.4548494815826416E+00  -1.9048225402832031E+01   9.9431676864624023E+00   2.5946335517801344E-04
       3   1.1000000085914508E-05   5.1749847412109375E+01   8.1222476959228516E+00  -1.4607942104339600E+00   5.9394545853137970E-02   1.8419241532683372E-02  -1.6451117116957903E-03  -2.5005853967741132E-04   4.2811421735677868E-05  -1.7353443126921775E-06   3.7885059356689453E+01  -3.5576455593109131E+00  -1.1112126350402832E+01   6.4198999404907227E+00   1.4071949958801270E+01  -1.0612913370132446E+00  -1.7704908370971680E+01   9.0762758255004883E+00   2.1870306227356195E-04
       4   1.1000000085914508E-05   5.1749847412109375E+01   8.1222476959228516E+00  -1.4607942104339600E+00   5.9394545853137970E-02   1.8419241532683372E-02  -1.6451117116957903E-03  -2.5005853967741132E-04   4.2811421735677868E-05  -1.7353443126921775E-06   3.7885059356689453E+01  -3.5576455593109131E+00  -1.1112126350402832E+01   6.4198999404907227E+00   1.4071949958801270E+01  -1.0612913370132446E+00  -1.7704908370971680E+01   9.0762758255004883E+00   2.1870306227356195E-04
       5   1.1500000255182385E-05   5.1192237854003906E+01   7.7469568252563477E+00  -1.4448503255844116E+00   7.2196565568447113E-02   1.7661601305007935E-02  -1.9768755882978439E-03  -2.4496001424267888E-04   5.1615559641504660E-05  -2.4183225377782946E-06   3.7009956359863281E+01  -4.5172848701477051E+00  -1.1033191680908203E+01   7.5585608482360840E+00   1.4845562934875488E+01  -1.9418760538101196E+00  -1.9472475051879883E+01   1.0449077606201172E+01   2.0037846115883440E-04
       6   1.2000000424450263E-05   4.9584945678710938E+01   7.7613639831542969E+00  -1.3981716632843018E+00   5.7852979749441147E-02   1.7574565485119820E-02  -1.6024835640564561E-03  -2.3889858857728541E-04   4.1743733163457364E-05  -1.7218201264768140E-06   3.6290386199951172E+01  -3.4638383388519287E+00  -1.0671154022216797E+01   6.1990480422973633E+00   1.3539389610290527E+01  -1.0395706892013550E+00  -1.7051389694213867E+01   8.7508668899536133E+00   2.6708780205808580E-04
       7   1.2999999853491317E-05   4.7390148162841797E+01   7.5490288734436035E+00  -1.3367183208465576E+00   4.9323171377182007E-02   1.7057862132787704E-02  -1.3763402821496129E-03  -2.2966110554989427E-04   3.5764496715273708E-05  -1.3298492831381736E-06   3.4875411987304688E+01  -2.8709552288055420E+00  -1.0156384468078613E+01   5.4145250320434570E+00   1.2518201828002930E+01  -6.5367376804351807E-01  -1.5475220680236816E+01   7.7934288978576660E+00   1.7147432663477957E-04
       8   1.4000000192027073E-05   4.6598865509033203E+01   6.9759588241577148E+00  -1.3179144859313965E+00   6.9696001708507538E-02   1.5991382300853729E-02  -1.8998748855665326E-03  -2.2361439187079668E-04   4.9566016969038174E-05  -2.3857385258452268E-06   3.3481822967529297E+01  -4.4413700103759766E+00  -9.9776725769042969E+00   7.3501577377319336E+00   1.3792160034179688E+01  -2.1869003772735596E+00  -1.8474142074584961E+01   1.0143341064453125E+01   2.1241200738586485E-04
       9   1.4999999621068127E-05   4.4239562988281250E+01   6.9863076210021973E+00  -1.2458826303482056E+00   4.8883438110351562E-02   1.5759389847517014E-02  -1.3613032642751932E-03  -2.1316891070455313E-04   3.5460325307212770E-05  -1.4044920817468665E-06   3.2482028961181641E+01  -2.8742811679840088E+00  -9.5090589523315430E+00   5.2740545272827148E+00   1.1872696876525879E+01  -7.6075303554534912E-01  -1.4813052177429199E+01   7.5364661216735840E+00   2.3993573267944157E-04
      10   1.5999999959603883E-05   4.3071945190429688E+01   6.6806659698486328E+00  -1.2115070819854736E+00   5.3142741322517395E-02   1.5081504359841347E-02  -1.4704749919474125E-03  -2.0608805061783642E-04   3.8385300285881385E-05  -1.6631903463348863E-06   3.1458309173583984E+01  -3.2013428211212158E+00  -9.3131675720214844E+00   5.5868473052978516E+00   1.1952046394348145E+01  -1.0223393440246582E+00  -1.5149708747863770E+01   7.8209195137023926E+00   1.7137019312940538E-04
      11   1.7000000298139639E-05   4.2012523651123047E+01   6.4267592430114746E+00  -1.1860116720199585E+00   5.6459221988916397E-02   1.4637202024459839E-02  -1.5493780374526978E-03  -2.0217114069964737E-04   4.0368810005020350E-05  -1.8270720829605125E-06   3.0436733245849609E+01  -3.5088284015655518E+00  -9.0000238418579102E+00   6.0044174194335938E+00   1.1975914955139160E+01  -1.5079391002655029E+00  -1.5665081024169922E+01   8.4028234481811523E+00   1.7255081911571324E-04
      12   1.8000000636675395E-05   4.0741882324218750E+01   6.2717790603637695E+00  -1.1484934091567993E+00   5.2820421755313873E-02   1.4237740077078342E-02  -1.4536838280037045E-03  -1.9587739370763302E-04   3.7870202504564077E-05  -1.6784534864200396E-06   2.9612504959106445E+01  -3.2445504665374756E+00  -8.7567186355590820E+00   5.5989007949829102E+00   1.1479899406433105E+01  -1.2611677646636963E+00  -1.4831860542297363E+01   7.8404145240783691E+00   2.2762360458727926E-04
      13   1.8999999156221747E-05   3.9739345550537109E+01   6.0797281265258789E+00  -1.1201418638229370E+00   5.3343538194894791E-02   1.3808749616146088E-02  -1.4658245490863919E-03  -1.9064931257162243E-04   3.8224123272811994E-05  -1.7360212041239720E-06   2.8813955307006836E+01  -3.3043367862701416E+00  -8.5399551391601562E+00   5.6382799148559570E+00   1.1329401969909668E+01  -1.3600790500640869E+00  -1.4749186515808105E+01   7.8520488739013672E+00   2.2142357192933559E-04
      14   1.9999999494757503E-05   3.8852367401123047E+01   5.8956646919250488E+00  -1.0966837406158447E+00   5.4621152579784393E-02   1.3440676033496857E-02  -1.4957813546061516E-03  -1.8666536197997630E-04   3.8993137422949076E-05  -1.8141098507840070E-06   2.8049789428710938E+01  -3.4283735752105713E+00  -8.3121576309204102E+00   5.7920479774475098E+00   1.1238410949707031E+01  -1.5914797782897949E+00  -1.4875626564025879E+01   8.0796213150024414E+00   1.5884912863839418E-04
      15   2.2000000171829015E-05   3.6613742828369141E+01   5.7491497993469238E+00  -1.0276267528533936E+00   4.2078908532857895E-02   1.2909771874547005E-02  -1.1718394234776497E-03  -1.7532451602164656E-04   3.0561222956748679E-05  -1.2587189530677279E-06   2.6865768432617188E+01  -2.4750509262084961E+00  -7.9181618690490723E+00   4.4400610923767090E+00   9.9278898239135742E+00  -6.4808219671249390E-01  -1.2392984390258789E+01   6.2952971458435059E+00   1.6512234287802130E-04
      16   2.4000000848900527E-05   3.5282726287841797E+01   5.4360136985778809E+00  -9.9088466167449951E-01   4.5583408325910568E-02   1.2251641601324081E-02  -1.2596773449331522E-03  -1.6840173339005560E-04   3.2891672162804753E-05  -1.4708238040839205E-06   2.5692316055297852E+01  -2.7668485641479492E+00  -7.6160073280334473E+00   4.7685303688049316E+00   9.9086608886718750E+00  -1.0212491750717163E+00  -1.2738052368164062E+01   6.6999955177307129E+00   1.9490832346491516E-04
      17   2.5999999706982635E-05   3.3858127593994141E+01   5.2345781326293945E+00  -9.4902169704437256E-01   4.2796712368726730E-02   1.1758613400161266E-02  -1.1852362658828497E-03  -1.6128193237818778E-04   3.0941679142415524E-05  -1.3668378642250900E-06   2.4720079421997070E+01  -2.5726790428161621E+00  -7.3523287773132324E+00   4.4311776161193848E+00   9.4520101547241211E+00  -8.1439995765686035E-01  -1.1984753608703613E+01   6.1847610473632812E+00   1.4336429012473673E-04
      18   2.8000000384054147E-05   3.2683090209960938E+01   5.0395207405090332E+00  -9.1787445545196533E-01   4.2232479900121689E-02   1.1359102092683315E-02  -1.1668800143525004E-03  -1.5627020911779255E-04   3.0441118724411353E-05  -1.3572138186646043E-06   2.3783588409423828E+01  -2.5709075927734375E+00  -7.0394663810729980E+00   4.4401683807373047E+00   9.1807670593261719E+00  -9.7555774450302124E-01  -1.1833669662475586E+01   6.2391319274902344E+00   1.5037159027997404E-04
      19   2.9000000722589903E-05   3.2020725250244141E+01   4.9791765213012695E+00  -8.9755344390869141E-01   3.9309032261371613E-02   1.1175021529197693E-02  -1.0909294942393899E-03  -1.5289196744561195E-04   2.8458827728172764E-05  -1.2303269159019692E-06   2.3405334472656250E+01  -2.3496348857879639E+00  -6.9291849136352539E+00   4.1087265014648438E+00   8.8508586883544922E+00  -7.3919570446014404E-01  -1.1206681251525879E+01   5.7839746475219727E+00   1.8227593682240695E-04
      20   3.0999999580672011E-05   3.0909206390380859E+01   4.8427653312683105E+00  -8.6632347106933594E-01   3.6375410854816437E-02   1.0851922444999218E-02  -1.0130517184734344E-03  -1.4790147542953491E-04   2.6412615625304170E-05  -1.1068858611906762E-06   2.2638580322265625E+01  -2.1502633094787598E+00  -6.6645159721374512E+00   3.8422474861145020E+00   8.4227647781372070E+00  -6.5568202733993530E-01  -1.0626079559326172E+01   5.4790558815002441E+00   1.6041392518673092E-04
      21   3.3000000257743523E-05   2.9965351104736328E+01   4.6960277557373047E+00  -8.3965271711349487E-01   3.5266190767288208E-02   1.0519802570343018E-02  -9.8215334583073854E-04  -1.4341369387693703E-04   2.5599461878300644E-05  -1.0720900718297344E-06   2.1945129394531250E+01  -2.0874168872833252E+00  -6.4630212783813477E+00   3.7252531051635742E+00   8.1691741943359375E+00  -6.3013029098510742E-01  -1.0299192428588867E+01   5.3018093109130859E+00   1.4676533464808017E-04
      22   3.5000000934815034E-05   2.9174932479858398E+01   4.5354743003845215E+00  -8.1680601835250854E-01   3.6051943898200989E-02   1.0157790035009384E-02  -1.0013761930167675E-03  -1.3914746523369104E-04   2.6125264412257820E-05  -1.1359846894265502E-06   2.1314620971679688E+01  -2.1567656993865967E+00  -6.3096375465393066E+00   3.7661890983581543E+00   8.0744981765747070E+00  -7.0075279474258423E-01  -1.0252216339111328E+01   5.3112096786499023E+00   1.5716897905804217E-04
      23   3.6999997973907739E-05   2.8481559753417969E+01   4.3779854774475098E+00  -7.9691582918167114E-01   3.7571888417005539E-02   9.8089333623647690E-03  -1.0401363251730800E-03  -1.3532485172618181E-04   2.7166790459887125E-05  -1.2352008980087703E-06   2.0727725982666016E+01  -2.2764546871185303E+00  -6.1625604629516602E+00   3.8881325721740723E+00   8.0361070632934570E+00  -8.5515922307968140E-01  -1.0359825134277344E+01   5.4660844802856445E+00   1.8695466860663146E-04
      24   3.8999998650979251E-05   2.7930717468261719E+01   4.2065243721008301E+00  -7.8191310167312622E-01   4.0977675467729568E-02   9.4633623957633972E-03  -1.1266310466453433E-03  -1.3225714792497456E-04   2.9444971005432308E-05  -1.4210177141649183E-06   2.0170776367187500E+01  -2.5481121540069580E+00  -6.0474176406860352E+00   4.2014594078063965E+00   8.1713256835937500E+00  -1.1276042461395264E+00  -1.0782858848571777E+01   5.8278923034667969E+00   2.1871498029213399E-04
      25   4.0999999328050762E-05   2.7018722534179688E+01   4.1710410118103027E+00  -7.5348567962646484E-01   3.4744877368211746E-02   9.2844329774379730E-03  -9.6623052377253771E-04  -1.2768789019901305E-04   2.5269657271564938E-05  -1.1399432651160168E-06   1.9730669021606445E+01  -2.0721089839935303E+00  -5.8822107315063477E+00   3.5466518402099609E+00   7.5539464950561523E+00  -6.7468196153640747E-01  -9.6086015701293945E+00   4.9889407157897949E+00   1.8183377687819302E-04
      26   4.3000000005122274E-05   2.6418886184692383E+01   4.0716466903686523E+00  -7.3803669214248657E-01   3.4488379955291748E-02   9.0910587459802628E-03  -9.5715094357728958E-04  -1.2532141408883035E-04   2.5009097953443415E-05  -1.1328777418384561E-06   1.9241727828979492E+01  -2.0809993743896484E+00  -5.7160735130310059E+00   3.5684120655059814E+00   7.4238085746765137E+00  -7.6992273330688477E-01  -9.5530691146850586E+00   5.0323624610900879E+00   1.8844068108592182E-04
      27   4.6000001020729542E-05   2.5554037094116211E+01   3.9358518123626709E+00  -7.1292901039123535E-01   3.3479075878858566E-02   8.7696928530931473E-03  -9.2972401762381196E-04  -1.2095476267859340E-04   2.4299244614667259E-05  -1.1054829656131915E-06   1.8618818283081055E+01  -2.0177595615386963E+00  -5.5464434623718262E+00   3.4406385421752930E+00   7.1920475959777832E+00  -7.1579110622406006E-01  -9.2219734191894531E+00   4.8285851478576660E+00   1.6608741134405136E-04
      28   4.9999998736893758E-05   2.4509334564208984E+01   3.7822263240814209E+00  -6.8319588899612427E-01   3.1872540712356567E-02   8.4098875522613525E-03  -8.8663311908021569E-04  -1.1592824739636853E-04   2.3179010895546526E-05  -1.0513664392419741E-06   1.7865398406982422E+01  -1.9137498140335083E+00  -5.3127202987670898E+00   3.2792696952819824E+00   6.8703708648681641E+00  -6.9055426120758057E-01  -8.8205728530883789E+00   4.6380772590637207E+00   1.3206787116359919E-04
      29   5.2999999752501026E-05   2.3844421386718750E+01   3.6674244403839111E+00  -6.6480332612991333E-01   3.1652219593524933E-02   8.1665795296430588E-03  -8.7856786558404565E-04  -1.1295109288766980E-04   2.2940306735108607E-05  -1.0488464567970368E-06   1.7351093292236328E+01  -1.9160110950469971E+00  -5.1694798469543457E+00   3.2548058032989502E+00   6.7346343994140625E+00  -7.1312522888183594E-01  -8.6794528961181641E+00   4.5753197669982910E+00   1.6990191943477839E-04
      30   5.6000000768108293E-05   2.3073003768920898E+01   3.6130018234252930E+00  -6.4234000444412231E-01   2.7672819793224335E-02   7.9999389126896858E-03  -7.7513454016298056E-04  -1.0942349763354287E-04   2.0242014215909876E-05  -8.7040774587876513E-07   1.6900100708007812E+01  -1.6275929212570190E+00  -4.9968442916870117E+00   2.8724091053009033E+00   6.3040485382080078E+00  -4.9330624938011169E-01  -7.9590716361999512E+00   4.1089358329772949E+00   1.7521706467960030E-04
      31   5.9000001783715561E-05   2.2512910842895508E+01   3.5066566467285156E+00  -6.2499511241912842E-01   2.7796279639005661E-02   7.7308784238994122E-03  -7.7895011054351926E-04  -1.0599332017591223E-04   2.0383262381074019E-05  -9.0206253844371531E-07   1.6489576339721680E+01  -1.6328860521316528E+00  -4.9090790748596191E+00   2.8280756473541260E+00   6.2030425071716309E+00  -4.7134470939636230E-01  -7.8130869865417480E+00   4.0143570899963379E+00   1.0437583841849118E-04
      32   6.2999999499879777E-05   2.1949478149414062E+01   3.3543348312377930E+00  -6.1126905679702759E-01   3.0367830768227577E-02   7.4563589878380299E-03  -8.4222288569435477E-04  -1.0369152005296201E-04   2.2008394807926379E-05  -1.0329982842449681E-06   1.5918081283569336E+01  -1.8597716093063354E+00  -4.7503557205200195E+00   3.1217012405395508E+00   6.2795758247375488E+00  -7.6861238479614258E-01  -8.1978025436401367E+00   4.3870620727539062E+00   1.8125066708307713E-04
      33   6.9000001531094313E-05   2.0853412628173828E+01   3.2461688518524170E+00  -5.7805156707763672E-01   2.6026137173175812E-02   7.1346326731145382E-03  -7.3037284892052412E-04  -9.8003605671692640E-05   1.9119312128168531E-05  -8.5383726400323212E-07   1.5258535385131836E+01  -1.5351690053939819E+00  -4.5423707962036133E+00   2.6506230831146240E+00   5.7606706619262695E+00  -4.7182953357696533E-01  -7.2923474311828613E+00   3.7707209587097168E+00   1.7482055409345776E-04
      34   7.5000003562308848E-05   2.0104934692382812E+01   3.0881545543670654E+00  -5.5700761079788208E-01   2.7126193046569824E-02   6.7912423983216286E-03  -7.5754441786557436E-04  -9.4145456387195736E-05   1.9842313122353517E-05  -9.2907924909013673E-07   1.4634258270263672E+01  -1.6361160278320312E+00  -4.3839330673217773E+00   2.7440040111541748E+00   5.6968574523925781E+00  -5.9407186508178711E-01  -7.3344597816467285E+00   3.8612895011901855E+00   1.8694129539653659E-04
      35   8.0999998317565769E-05   1.9180255889892578E+01   3.0346341133117676E+00  -5.3027558326721191E-01   2.1827993914484978E-02   6.6189491190016270E-03  -6.1961985193192959E-04  -9.0130481112282723E-05   1.6227053492912091E-05  -6.8480790105240885E-07   1.4108250617980957E+01  -1.2536406517028809E+00  -4.1725273132324219E+00   2.2431895732879639E+00   5.1451797485351562E+00  -3.0153867602348328E-01  -6.4010472297668457E+00   3.2519769668579102E+00   1.2350852193776518E-04
      36   8.8000000687316060E-05   1.8584659576416016E+01   2.8598072528839111E+00  -5.1368540525436401E-01   2.5013105943799019E-02   6.2538771890103817E-03  -7.0115900598466396E-04  -8.6705833382438868E-05   1.8389453543932177E-05  -8.6462580384250032E-07   1.3527106285095215E+01  -1.5080312490463257E+00  -4.0495076179504395E+00   2.5315389633178711E+00   5.2540383338928223E+00  -5.6082373857498169E-01  -6.7809987068176270E+00   3.5880365371704102E+00   1.7564449808560312E-04
      37   9.4000002718530595E-05   1.7895957946777344E+01   2.8013095855712891E+00  -4.9345359206199646E-01   2.1908586844801903E-02   6.0820165090262890E-03  -6.2071252614259720E-04  -8.3427963545545936E-05   1.6295547538902611E-05  -7.2913542226160644E-07   1.3111664772033691E+01  -1.2837219238281250E+00  -3.9023230075836182E+00   2.2246165275573730E+00   4.9025917053222656E+00  -3.8262328505516052E-01  -6.1929326057434082E+00   3.2039000988006592E+00   1.4187752094585449E-04
      38   9.9999997473787516E-05   1.7438110351562500E+01   2.6965384483337402E+00  -4.8110800981521606E-01   2.2983614355325699E-02   5.8706076815724373E-03  -6.4683635719120502E-04  -8.1257450801786035E-05   1.6968577256193385E-05  -7.9024874821698177E-07   1.2707161903381348E+01  -1.3827480077743530E+00  -3.8029038906097412E+00   2.3287055492401123E+00   4.8973917961120605E+00  -4.8982182145118713E-01  -6.2889399528503418E+00   3.3076529502868652E+00   1.5803280984982848E-04
      39   1.0599999950500205E-04   1.6894563674926758E+01   2.6392710208892822E+00  -4.6522507071495056E-01   2.1048828959465027E-02   5.7157650589942932E-03  -5.9655628865584731E-04  -7.8602839494124055E-05   1.5665133105358109E-05  -7.0976699362290674E-07   1.2359891891479492E+01  -1.2463948726654053E+00  -3.6895568370819092E+00   2.1340169906616211E+00   4.6588239669799805E+00  -3.7993592023849487E-01  -5.8994183540344238E+00   3.0547349452972412E+00   1.0373485565651208E-04
      40   1.1300000187475234E-04   1.6392904281616211E+01   2.5530519485473633E+00  -4.5066279172897339E-01   2.0837593823671341E-02   5.5097937583923340E-03  -5.9112551389262080E-04  -7.5922369433101267E-05   1.5545463611488231E-05  -7.1680119617667515E-07   1.1981593132019043E+01  -1.2391262054443359E+00  -3.5863699913024902E+00   2.1007385253906250E+00   4.5468378067016602E+00  -3.9075821638107300E-01  -5.7773962020874023E+00   3.0040132999420166E+00   1.4668637595605105E-04
      41   1.1899999663000926E-04   1.5947041511535645E+01   2.5047435760498047E+00  -4.3811193108558655E-01   1.9351603463292122E-02   5.3905267268419266E-03  -5.5201660143211484E-04  -7.3913950473070145E-05   1.4523086974804755E-05  -6.5285985328955576E-07   1.1683769226074219E+01  -1.1404126882553101E+00  -3.4846212863922119E+00   1.9645681381225586E+00   4.3592753410339355E+00  -3.2679250836372375E-01  -5.4939942359924316E+00   2.8341054916381836E+00   1.2647296534851193E-04
      42   1.2500000593718141E-04   1.5649890899658203E+01   2.4209492206573486E+00  -4.2985785007476807E-01   2.0795499905943871E-02   5.2110869437456131E-03  -5.8947229990735650E-04  -7.2138580435421318E-05   1.5532714314758778E-05  -7.3866846150849597E-07   1.1395860671997070E+01  -1.2576508522033691E+00  -3.4176077842712402E+00   2.1020197868347168E+00   4.4019527435302734E+00  -4.5994952321052551E-01  -5.6756234169006348E+00   3.0044779777526855E+00   1.5837051614653319E-04
      43   1.3150001177564263E-04   1.5198350906372070E+01   2.3835198879241943E+00  -4.1608473658561707E-01   1.8632886931300163E-02   5.0937593914568424E-03  -5.3332792595028877E-04  -6.9896705099381506E-05   1.4062548871152103E-05  -6.4261035959134460E-07   1.1141219139099121E+01  -1.0984878540039062E+00  -3.3442361354827881E+00   1.8623769283294678E+00   4.1697087287902832E+00  -2.8357991576194763E-01  -5.2234878540039062E+00   2.6687521934509277E+00   1.6540470824111253E-04
      44   1.3800000306218863E-04   1.4883115768432617E+01   2.3223617076873779E+00  -4.0813753008842468E-01   1.8938062712550163E-02   4.9749715253710747E-03  -5.4030201863497496E-04  -6.8565641413442791E-05   1.4245839338400401E-05  -6.6360161099510151E-07   1.0863187789916992E+01  -1.1395570039749146E+00  -3.2525482177734375E+00   1.9224500656127930E+00   4.1309399604797363E+00  -3.7859585881233215E-01  -5.2748241424560547E+00   2.7618048191070557E+00   1.5694346802774817E-04
      45   1.5000000712461770E-04   1.4245291709899902E+01   2.2492320537567139E+00  -3.8975939154624939E-01   1.6944844275712967E-02   4.7873123548924923E-03  -4.8823744873516262E-04  -6.5487140091136098E-05   1.2894949577457737E-05  -5.8187356444250327E-07   1.0441311836242676E+01  -1.0060861110687256E+00  -3.1214616298675537E+00   1.7232128381729126E+00   3.8752565383911133E+00  -2.6673868298530579E-01  -4.8613448143005371E+00   2.4931840896606445E+00   9.3111266323830932E-05
      46   1.6300000424962491E-04   1.3695849418640137E+01   2.1612124443054199E+00  -3.7435379624366760E-01   1.6434270888566971E-02   4.5858412049710751E-03  -4.7441598144359887E-04  -6.2780083680991083E-05   1.2546793186629657E-05  -5.7198451486328850E-07   1.0026928901672363E+01  -9.8577129840850830E-01  -3.0027706623077393E+00   1.6743184328079224E+00   3.7384119033813477E+00  -2.7128711342811584E-01  -4.7034497261047363E+00   2.4211418628692627E+00   1.0551842569839209E-04
      47   1.7499999376013875E-04   1.3209740638732910E+01   2.1005089282989502E+00  -3.6064180731773376E-01   1.5168410725891590E-02   4.4396435841917992E-03  -4.4103272375650704E-04  -6.0511090850923210E-05   1.1676777830871288E-05  -5.2066712896703393E-07   9.6911449432373047E+00  -9.0584301948547363E-01  -2.8979408740997314E+00   1.5536755323410034E+00   3.5609402656555176E+00  -2.1547727286815643E-01  -4.4386096000671387E+00   2.2606682777404785E+00   1.1933520727325231E-04
      48   1.8800000543706119E-04   1.2791249275207520E+01   2.0238878726959229E+00  -3.4892019629478455E-01   1.5236132778227329E-02   4.2634592391550541E-03  -4.4292106758803129E-04  -5.8260699006495997E-05   1.1758672371797729E-05  -5.4095113455332466E-07   9.3567714691162109E+00  -9.2606455087661743E-01  -2.8050513267517090E+00   1.5636690855026245E+00   3.4882946014404297E+00  -2.5911548733711243E-01  -4.3958706855773926E+00   2.2694535255432129E+00   1.2802121636923403E-04
      49   1.9999999494757503E-04   1.2444009780883789E+01   1.9619803428649902E+00  -3.3987557888031006E-01   1.5239791944622993E-02   4.1420087218284607E-03  -4.4154372881166637E-04  -5.6817800214048475E-05   1.1708986676239874E-05  -5.4468404186991393E-07   9.0724639892578125E+00  -9.4546222686767578E-01  -2.7235934734344482E+00   1.5766832828521729E+00   3.4279375076293945E+00  -2.9911950230598450E-01  -4.3630900382995605E+00   2.2788159847259521E+00   1.3345922343432903E-04
      50   2.1899999410379678E-04   1.1968034744262695E+01   1.8693169355392456E+00  -3.2719314098358154E-01   1.5607184730470181E-02   3.9476230740547180E-03  -4.5023646089248359E-04  -5.4515458032255992E-05   1.1952025488426443E-05  -5.7618649407231715E-07   8.6714639663696289E+00  -9.9759095907211304E-01  -2.6114397048950195E+00   1.6284651756286621E+00   3.3690133094787598E+00  -3.8299065828323364E-01  -4.3759059906005859E+00   2.3385248184204102E+00   1.1283710773568600E-04
      51   2.3799999326001853E-04   1.1429294586181641E+01   1.8235352039337158E+00  -3.1126466393470764E-01   1.3107215985655785E-02   3.8097889628261328E-03  -3.8558710366487503E-04  -5.1821269153151661E-05   1.0279993148287758E-05  -4.6914325935176748E-07   8.3529109954833984E+00  -8.2193070650100708E-01  -2.5130763053894043E+00   1.3687833547592163E+00   3.0980577468872070E+00  -2.0730696618556976E-01  -3.8803880214691162E+00   1.9877380132675171E+00   1.1938680836465210E-04
      52   2.5599999935366213E-04   1.1080375671386719E+01   1.7567845582962036E+00  -3.0240210890769958E-01   1.3349269516766071E-02   3.6787586286664009E-03  -3.9081930299289525E-04  -5.0293572712689638E-05   1.0420691069157328E-05  -4.8827575938048540E-07   8.0518388748168945E+00  -8.6314141750335693E-01  -2.4234321117401123E+00   1.4161225557327271E+00   3.0534303188323975E+00  -2.8409677743911743E-01  -3.9041604995727539E+00   2.0521664619445801E+00   1.0367690265411511E-04
      53   2.7499999850988388E-04   1.0661202430725098E+01   1.7197458744049072E+00  -2.9057973623275757E-01   1.1503527872264385E-02   3.5835725720971823E-03  -3.4222239628434181E-04  -4.8460944526595995E-05   9.1432693807291798E-06  -4.0404864876109059E-07   7.7915325164794922E+00  -7.3900520801544189E-01  -2.3389194011688232E+00   1.2354625463485718E+00   2.8492693901062012E+00  -1.7252396047115326E-01  -3.5521488189697266E+00   1.8153170347213745E+00   1.0833048872882500E-04
      54   2.9399999766610563E-04   1.0369930267333984E+01   1.6589443683624268E+00  -2.8274828195571899E-01   1.1877113953232765E-02   3.4575790632516146E-03  -3.5109542659483850E-04  -4.7007481043692678E-05   9.3830503828939982E-06  -4.3047668896178948E-07   7.5452237129211426E+00  -7.8234088420867920E-01  -2.2807645797729492E+00   1.2697501182556152E+00   2.8258664608001709E+00  -2.1446515619754791E-01  -3.5632588863372803E+00   1.8428654670715332E+00   1.3125744590070099E-04
      55   3.1299999682232738E-04   1.0046810150146484E+01   1.6262434720993042E+00  -2.7440148591995239E-01   1.0708914138376713E-02   3.3915576059371233E-03  -3.1959582702256739E-04  -4.5812881580786780E-05   8.5462943388847634E-06  -3.7488641169147741E-07   7.3199567794799805E+00  -7.1531552076339722E-01  -2.2012674808502197E+00   1.1786568164825439E+00   2.6901538372039795E+00  -1.7616139352321625E-01  -3.3657636642456055E+00   1.7263307571411133E+00   1.0132544412044808E-04
      56   3.3099998836405575E-04   9.7949876785278320E+00   1.5853972434997559E+00  -2.6721730828285217E-01   1.0462034493684769E-02   3.2914136536419392E-03  -3.1348795164376497E-04  -4.4368021917762235E-05   8.4177754615666345E-06  -3.7534286434492969E-07   7.1324882507324219E+00  -7.0633316040039062E-01  -2.1522212028503418E+00   1.1504369974136353E+00   2.6272990703582764E+00  -1.7130345106124878E-01  -3.2860367298126221E+00   1.6860818862915039E+00   1.1485662253107876E-04
      57   3.4999998752027750E-04   9.5977182388305664E+00   1.5353978872299194E+00  -2.6291358470916748E-01   1.1191463097929955E-02   3.2132002525031567E-03  -3.3052885555662215E-04  -4.3743108108174056E-05   8.8427232185495086E-06  -4.0918217791841016E-07   6.9315843582153320E+00  -7.8192210197448730E-01  -2.0986998081207275E+00   1.2421590089797974E+00   2.6473760604858398E+00  -2.6397168636322021E-01  -3.4001767635345459E+00   1.7987318038940430E+00   1.4589130296371877E-04
      58   3.6899998667649925E-04   9.3466711044311523E+00   1.5086529254913330E+00  -2.5597399473190308E-01   1.0291315615177155E-02   3.1514842994511127E-03  -3.0644176877103746E-04  -4.2665167711675167E-05   8.2061460489057936E-06  -3.6804050296268542E-07   6.7672262191772461E+00  -7.2498857975006104E-01  -2.0501918792724609E+00   1.1524779796600342E+00   2.5407445430755615E+00  -2.0877844095230103E-01  -3.2184829711914062E+00   1.6765161752700806E+00   1.1897949298145249E-04
      59   3.8799998583272099E-04   9.0933942794799805E+00   1.4900645017623901E+00  -2.4859486520290375E-01   8.9724687859416008E-03   3.0922638252377510E-03  -2.7244427474215627E-04  -4.1366551158716902E-05   7.3368705670873169E-06  -3.1260651667253114E-07   6.6201944351196289E+00  -6.3417726755142212E-01  -2.0026862621307373E+00   1.0203479528427124E+00   2.4036333560943604E+00  -1.2181871384382248E-01  -2.9703872203826904E+00   1.5041086673736572E+00   1.2543743650894612E-04
      60   4.2500000563450158E-04   8.7587671279907227E+00   1.4267416000366211E+00  -2.4025641381740570E-01   9.1022979468107224E-03   2.9801779892295599E-03  -2.7339681400917470E-04  -4.0107650420395657E-05   7.3343767326150555E-06  -3.1821991797187366E-07   6.3400831222534180E+00  -6.6887098550796509E-01  -1.9339778423309326E+00   1.0392225980758667E+00   2.3601851463317871E+00  -1.5287309885025024E-01  -2.9456245899200439E+00   1.5054630041122437E+00   1.1242248729104176E-04
      61   4.6300000394694507E-04   8.4343585968017578E+00   1.3767023086547852E+00  -2.3160724341869354E-01   8.6839618161320686E-03   2.8745685704052448E-03  -2.6162402355112135E-04  -3.8614925870206207E-05   7.0328733272617683E-06  -3.0494595648633549E-07   6.0946049690246582E+00  -6.5487396717071533E-01  -1.8658707141876221E+00   1.0018770694732666E+00   2.2727208137512207E+00  -1.5082804858684540E-01  -2.8399269580841064E+00   1.4559968709945679E+00   1.3139862858224660E-04
      62   5.0000002374872565E-04   8.1489858627319336E+00   1.3376073837280273E+00  -2.2432398796081543E-01   8.1022214144468307E-03   2.7997882571071386E-03  -2.4513347307220101E-04  -3.7485726352315396E-05   6.5947670009336434E-06  -2.7905812771678029E-07   5.8809280395507812E+00  -6.3040286302566528E-01  -1.8018797636032104E+00   9.5649081468582153E-01   2.1826295852661133E+00  -1.4205355942249298E-01  -2.7245225906372070E+00   1.3989341259002686E+00   1.7093162750825286E-04
      63   5.3100002696737647E-04   7.9613580703735352E+00   1.2997426986694336E+00  -2.1986179053783417E-01   8.2904119044542313E-03   2.7382133994251490E-03  -2.4825675063766539E-04  -3.6853474739473313E-05   6.6551392592373304E-06  -2.8617469638447801E-07   5.7168102264404297E+00  -6.6104561090469360E-01  -1.7625783681869507E+00   9.8059207201004028E-01   2.1671469211578369E+00  -1.7047068476676941E-01  -2.7318294048309326E+00   1.4164056777954102E+00   1.3416160072665662E-04
      64   5.6299997959285975E-04   7.7764310836791992E+00   1.2660410404205322E+00  -2.1519444882869720E-01   8.2914810627698898E-03   2.6767810340970755E-03  -2.4705746909603477E-04  -3.6109064240008593E-05   6.6150701059086714E-06  -2.8717866484839760E-07   5.5658068656921387E+00  -6.7426919937133789E-01  -1.7258080244064331E+00   9.8208934068679810E-01   2.1365821361541748E+00  -1.8249738216400146E-01  -2.7060120105743408E+00   1.4096664190292358E+00   1.2040415458614007E-04
      65   5.9399998281151056E-04   7.5684041976928711E+00   1.2484810352325439E+00  -2.0920889079570770E-01   7.3051480576395988E-03   2.6295094285160303E-03  -2.2108104894869030E-04  -3.5161039704689756E-05   5.9332401178835426E-06  -2.4213971983044758E-07   5.4432148933410645E+00  -6.0634213685989380E-01  -1.6906640529632568E+00   8.7672048807144165E-01   2.0291278362274170E+00  -1.1153671890497208E-01  -2.5083010196685791E+00   1.2713270187377930E+00   1.3840571045875549E-04
      66   6.2499998603016138E-04   7.4574356079101562E+00   1.2086890935897827E+00  -2.0685699582099915E-01   8.2456618547439575E-03   2.5652179028838873E-03  -2.4421542184427381E-04  -3.4724289434961975E-05   6.5316394284309354E-06  -2.8855512823611207E-07   5.3117094039916992E+00  -6.8981701135635376E-01  -1.6652153730392456E+00   9.7347497940063477E-01   2.0772581100463867E+00  -1.9542576372623444E-01  -2.6464750766754150E+00   1.3886954784393311E+00   1.2080213491572067E-04
      67   6.8800000008195639E-04   7.1356391906738281E+00   1.1730690002441406E+00  -1.9812653958797455E-01   7.1280431002378464E-03   2.4917377158999443E-03  -2.1342601394280791E-04  -3.3458174584666267E-05   5.7027973525691777E-06  -2.3372392377041251E-07   5.1007699966430664E+00  -6.2148380279541016E-01  -1.6103110313415527E+00   8.5417079925537109E-01   1.9431207180023193E+00  -1.1651957035064697E-01  -2.4074492454528809E+00   1.2227820158004761E+00   1.7917684454005212E-04
      68   7.5000000651925802E-04   6.8761730194091797E+00   1.1389361619949341E+00  -1.9125230610370636E-01   6.5196785144507885E-03   2.4195362348109484E-03  -1.9680692639667541E-04  -3.2309984817402437E-05   5.2729565140907653E-06  -2.0916472465160041E-07   4.9130835533142090E+00  -5.9101873636245728E-01  -1.5554412603378296E+00   7.9947686195373535E-01   1.8532811403274536E+00  -9.8767518997192383E-02  -2.2843272686004639E+00   1.1568558216094971E+00   1.8732296302914619E-04
      69   8.1300002057105303E-04   6.6948628425598145E+00   1.0910743474960327E+00  -1.8654514849185944E-01   7.1830088272690773E-03   2.3320957552641630E-03  -2.1244862000457942E-04  -3.1511146517004818E-05   5.6650746955710929E-06  -2.4172425128199393E-07   4.7472786903381348E+00  -6.5163874626159668E-01  -1.5310096740722656E+00   8.4734404087066650E-01   1.8675833940505981E+00  -1.3760192692279816E-01  -2.3360557556152344E+00   1.2014358043670654E+00   1.4687166549265385E-04
      70   8.7500002700835466E-04   6.4919276237487793E+00   1.0652030706405640E+00  -1.8119052052497864E-01   6.6601647995412350E-03   2.2817547433078289E-03  -1.9772013183683157E-04  -3.0738709028810263E-05   5.2645832511188928E-06  -2.1589511334241251E-07   4.6040143966674805E+00  -6.2380659580230713E-01  -1.4921489953994751E+00   7.9470944404602051E-01   1.7942686080932617E+00  -1.1148058623075485E-01  -2.2231464385986328E+00   1.1320105791091919E+00   1.5941719175316393E-04
      71   9.3799998285248876E-04   6.3674683570861816E+00   1.0242929458618164E+00  -1.7867760360240936E-01   7.5489883311092854E-03   2.2230336908251047E-03  -2.1879545238334686E-04  -3.0421806513913907E-05   5.7890106290869880E-06  -2.5515151946819969E-07   4.4614567756652832E+00  -7.0581161975860596E-01  -1.4640299081802368E+00   8.8673239946365356E-01   1.8354945182800293E+00  -1.9425897300243378E-01  -2.3521692752838135E+00   1.2453678846359253E+00   1.7126514285337180E-04
      72   1.0000000474974513E-03   6.1759548187255859E+00   1.0099273920059204E+00  -1.7273724079132080E-01   6.5263696014881134E-03   2.1735506597906351E-03  -1.9237052765674889E-04  -2.9403978260233998E-05   5.1033607633144129E-06  -2.1056078480796714E-07   4.3604745864868164E+00  -6.3061535358428955E-01  -1.4403550624847412E+00   7.6545286178588867E-01   1.7262066602706909E+00  -1.0538132488727570E-01  -2.1344885826110840E+00   1.0854016542434692E+00   1.3791321543976665E-04
      73   1.0629999451339245E-03   6.0555753707885742E+00   9.8032653331756592E-01  -1.6933938860893250E-01   6.8747689947485924E-03   2.1070812363177538E-03  -2.0148945623077452E-04  -2.8630231099668890E-05   5.3621888582711108E-06  -2.3524900427673856E-07   4.2539606094360352E+00  -6.6274827718734741E-01  -1.4207291603088379E+00   7.9163229465484619E-01   1.7267683744430542E+00  -1.3448879122734070E-01  -2.1637594699859619E+00   1.1186925172805786E+00   1.9257541862316430E-04
      74   1.1249999515712261E-03   5.9732747077941895E+00   9.4652330875396729E-01  -1.6738006472587585E-01   7.7630658634006977E-03   2.0467939320951700E-03  -2.2380970767699182E-04  -2.8212585675646551E-05   5.9440435506985523E-06  -2.8038883215231181E-07   4.1534337997436523E+00  -7.3693144321441650E-01  -1.4070366621017456E+00   8.7304419279098511E-01   1.7731730937957764E+00  -2.0281894505023956E-01  -2.2849719524383545E+00   1.2190101146697998E+00   1.7445105186197907E-04
      75   1.1869999580085278E-03   5.8233747482299805E+00   9.3806421756744385E-01  -1.6274218261241913E-01   6.8345931358635426E-03   2.0128539763391018E-03  -1.9985076505690813E-04  -2.7410285838413984E-05   5.3254275371727999E-06  -2.3993160880309006E-07   4.0778207778930664E+00  -6.6994732618331909E-01  -1.3883206844329834E+00   7.6780462265014648E-01   1.6801106929779053E+00  -1.2480521947145462E-01  -2.0973577499389648E+00   1.0793204307556152E+00   1.5149844693951309E-04
      76   1.2499999720603228E-03   5.7099099159240723E+00   9.2612171173095703E-01  -1.6026258468627930E-01   6.4682415686547756E-03   2.0008995197713375E-03  -1.8910896324086934E-04  -2.7192869310965762E-05   5.0246931095898617E-06  -2.1815964146298938E-07   3.9896991252899170E+00  -6.5598243474960327E-01  -1.3577914237976074E+00   7.4683362245559692E-01   1.6362259387969971E+00  -1.2436056882143021E-01  -2.0455684661865234E+00   1.0574270486831665E+00   1.6409344971179962E-04
      77   1.3124999823048711E-03   5.6218037605285645E+00   9.0750020742416382E-01  -1.5791010856628418E-01   6.5892171114683151E-03   1.9641036633402109E-03  -1.9181997049599886E-04  -2.6797342798090540E-05   5.0910894060507417E-06  -2.2497263785226096E-07   3.9152734279632568E+00  -6.7032301425933838E-01  -1.3431466817855835E+00   7.5384247303009033E-01   1.6273092031478882E+00  -1.3632334768772125E-01  -2.0466217994689941E+00   1.0662466287612915E+00   2.0974854123778641E-04
      78   1.3749999925494194E-03   5.5120825767517090E+00   8.9476197957992554E-01  -1.5371352434158325E-01   6.1494405381381512E-03   1.9070394337177277E-03  -1.8160014587920159E-04  -2.5790146537474357E-05   4.8583888201392256E-06  -2.1535966254759842E-07   3.8658246994018555E+00  -6.3232481479644775E-01  -1.3465695381164551E+00   6.7516863346099854E-01   1.5751417875289917E+00  -6.2735170125961304E-02  -1.9096333980560303E+00   9.4860970973968506E-01   1.9251639605499804E-04
      79   1.5000000130385160E-03   5.3233876228332520E+00   8.8105440139770508E-01  -1.4904607832431793E-01   5.2367197349667549E-03   1.8837782554328442E-03  -1.5692786837462336E-04  -2.5224095224984922E-05   4.1978996705438476E-06  -1.6919375411816873E-07   3.7375249862670898E+00  -5.8040750026702881E-01  -1.2988649606704712E+00   6.0333591699600220E-01   1.4768605232238770E+00  -3.5197913646697998E-02  -1.7687369585037231E+00   8.7109792232513428E-01   2.9411856667138636E-04
      80   1.6250000335276127E-03   5.2425150871276855E+00   8.4159034490585327E-01  -1.4758886396884918E-01   6.4360033720731735E-03   1.8243378726765513E-03  -1.8664868548512459E-04  -2.4991331883938983E-05   4.9576042329135817E-06  -2.2550767653228831E-07   3.6182525157928467E+00  -6.8504601716995239E-01  -1.2821688652038574E+00   7.2310310602188110E-01   1.5480496883392334E+00  -1.3491684198379517E-01  -1.9498211145401001E+00   1.0186778306961060E+00   1.9393712864257395E-04
      81   1.7500000540167093E-03   5.1155934333801270E+00   8.2489448785781860E-01  -1.4440922439098358E-01   6.1680725775659084E-03   1.7936206422746181E-03  -1.7909801681526005E-04  -2.4556287826271728E-05   4.7500998334726319E-06  -2.1192025201344222E-07   3.5204658508300781E+00  -6.7639493942260742E-01  -1.2537685632705688E+00   7.0283418893814087E-01   1.5050543546676636E+00  -1.3662122189998627E-01  -1.9018646478652954E+00   1.0018460750579834E+00   2.6182716828770936E-04
      82   1.8749999580904841E-03   4.9933252334594727E+00   8.1129711866378784E-01  -1.4093805849552155E-01   5.7211453095078468E-03   1.7667042557150126E-03  -1.6638403758406639E-04  -2.4124683477566577E-05   4.3931472646363545E-06  -1.8701619808325631E-07   3.4454455375671387E+00  -6.5002810955047607E-01  -1.2459615468978882E+00   6.4120513200759888E-01   1.4547160863876343E+00  -8.1341557204723358E-02  -1.7843254804611206E+00   9.0472441911697388E-01   2.0648214558605105E-04
      83   2.0000000949949026E-03   4.9032778739929199E+00   7.9548066854476929E-01  -1.3879367709159851E-01   5.7300338521599770E-03   1.7350843409076333E-03  -1.6653827333357185E-04  -2.3670774680795148E-05   4.4144439925730694E-06  -1.9241589654939162E-07   3.3638968467712402E+00  -6.6328316926956177E-01  -1.2227022647857666E+00   6.5356439352035522E-01   1.4409337043762207E+00  -1.0523401200771332E-01  -1.7926605939865112E+00   9.2655056715011597E-01   2.4766157730482519E-04
      84   2.1879998967051506E-03   4.8026070594787598E+00   7.6625770330429077E-01  -1.3610661029815674E-01   6.2346742488443851E-03   1.6773473471403122E-03  -1.7914436466526240E-04  -2.3128986867959611E-05   4.7456701395276468E-06  -2.2000435251356976E-07   3.2649037837982178E+00  -7.1093302965164185E-01  -1.2125211954116821E+00   6.9132369756698608E-01   1.4577338695526123E+00  -1.3740359246730804E-01  -1.8428883552551270E+00   9.6976947784423828E-01   2.6104834978468716E-04
      85   2.3749999236315489E-03   4.6864838600158691E+00   7.5104105472564697E-01  -1.3281942903995514E-01   5.9537547640502453E-03   1.6408559167757630E-03  -1.7169622879009694E-04  -2.2571917725144885E-05   4.5513520490203518E-06  -2.0877958206710900E-07   3.1832008361816406E+00  -6.9881796836853027E-01  -1.1971437931060791E+00   6.5675646066665649E-01   1.4175498485565186E+00  -1.1586370319128036E-01  -1.7735062837600708E+00   9.2287087440490723E-01   2.3505697026848793E-04
      86   2.5629999581724405E-03   4.5760803222656250E+00   7.4154025316238403E-01  -1.2989909946918488E-01   5.4689398966729641E-03   1.6214807983487844E-03  -1.5857686230447143E-04  -2.2189638912095688E-05   4.1978469198511448E-06  -1.8434303683534381E-07   3.1100223064422607E+00  -6.7246627807617188E-01  -1.1783314943313599E+00   6.0901993513107300E-01   1.3641104698181152E+00  -8.7936878204345703E-02  -1.6828737258911133E+00   8.6358159780502319E-01   2.5494187138974667E-04
      87   2.7499999850988388E-03   4.4670238494873047E+00   7.3600512742996216E-01  -1.2658199667930603E-01   4.7805868089199066E-03   1.5975788701325655E-03  -1.4095843653194606E-04  -2.1604040739475749E-05   3.7461811643879628E-06  -1.5489563054416067E-07   3.0517969131469727E+00  -6.2717783451080322E-01  -1.1654542684555054E+00   5.3362780809402466E-01   1.2966405153274536E+00  -3.3459525555372238E-02  -1.5490839481353760E+00   7.6544106006622314E-01   2.2325653117150068E-04
      88   2.9380000196397305E-03   4.3780422210693359E+00   7.3053449392318726E-01  -1.2437490373849869E-01   4.2987545020878315E-03   1.5889076748862863E-03  -1.2789983884431422E-04  -2.1350939277908765E-05   3.3951832847378682E-06  -1.3005492860429513E-07   2.9927084445953369E+00  -6.0178548097610474E-01  -1.1480320692062378E+00   4.9127849936485291E-01   1.2482534646987915E+00  -1.0090984404087067E-02  -1.4690901041030884E+00   7.1489864587783813E-01   3.9630019455216825E-04
      89   3.1250000465661287E-03   4.3870239257812500E+00   6.9619089365005493E-01  -1.2498346716165543E-01   6.0075558722019196E-03   1.5289463335648179E-03  -1.7215467232745141E-04  -2.1184368961257860E-05   4.5682222662435379E-06  -2.1819991502525227E-07   2.9306805133819580E+00  -7.3803234100341797E-01  -1.1532094478607178E+00   6.5407413244247437E-01   1.3698267936706543E+00  -1.3536381721496582E-01  -1.7352204322814941E+00   9.1931951045989990E-01   2.3565629089716822E-04
      90   3.3120000734925270E-03   4.2935681343078613E+00   6.9792962074279785E-01  -1.2224145233631134E-01   5.1112323999404907E-03   1.5263878740370274E-03  -1.4857234782539308E-04  -2.0849207430728711E-05   3.9417682273779064E-06  -1.7349518088849436E-07   2.8916032314300537E+00  -6.7688268423080444E-01  -1.1431310176849365E+00   5.6008821725845337E-01   1.2922183275222778E+00  -6.2884643673896790E-02  -1.5710283517837524E+00   7.9364347457885742E-01   2.0564103033393621E-04
      91   3.5000001080334187E-03   4.2213912010192871E+00   6.9472777843475342E-01  -1.1996447294950485E-01   4.6320855617523193E-03   1.5096321003511548E-03  -1.3640910037793219E-04  -2.0441160813788883E-05   3.6303949855209794E-06  -1.5318610735448601E-07   2.8552277088165283E+00  -6.4414393901824951E-01  -1.1357054710388184E+00   5.0536340475082397E-01   1.2440062761306763E+00  -2.4701701477169991E-02  -1.4766526222229004E+00   7.2652119398117065E-01   2.2839449229650199E-04
      92   3.6875000223517418E-03   4.1943941116333008E+00   6.8150264024734497E-01  -1.1958480626344681E-01   5.0507476553320885E-03   1.4903692062944174E-03  -1.4688316150568426E-04  -2.0364015654195100E-05   3.9026845115586184E-06  -1.7362920345931343E-07   2.8107132911682129E+00  -6.8442940711975098E-01  -1.1290971040725708E+00   5.5137354135513306E-01   1.2703864574432373E+00  -6.4630761742591858E-02  -1.5471429824829102E+00   7.8459888696670532E-01   2.6005884865298867E-04
      93   3.8749999366700649E-03   4.1539325714111328E+00   6.7101669311523438E-01  -1.1793778836727142E-01   5.1525998860597610E-03   1.4557904796674848E-03  -1.5010232164058834E-04  -1.9907345631509088E-05   4.0038944462139625E-06  -1.8450514005508012E-07   2.7842371463775635E+00  -6.9140535593032837E-01  -1.1362068653106689E+00   5.4087322950363159E-01   1.2688655853271484E+00  -4.9365919083356857E-02  -1.5288239717483521E+00   7.6379543542861938E-01   2.5741948047652841E-04
      94   4.0624998509883881E-03   4.1285290718078613E+00   6.6343677043914795E-01  -1.1812426894903183E-01   5.3426525555551052E-03   1.4631660887971520E-03  -1.5351445472333580E-04  -2.0171493815723807E-05   4.0627287489769515E-06  -1.8591934747291816E-07   2.7417159080505371E+00  -7.2003298997879028E-01  -1.1251988410949707E+00   5.7525056600570679E-01   1.2836008071899414E+00  -8.0163896083831787E-02  -1.5756740570068359E+00   8.0378234386444092E-01   2.2783482563681901E-04
      95   4.2500002309679985E-03   4.0938763618469238E+00   6.5653240680694580E-01  -1.1707664281129837E-01   5.3777433931827545E-03   1.4441881794482470E-03  -1.5473563689738512E-04  -1.9920058548450470E-05   4.1045686884899624E-06  -1.9087546831997315E-07   2.7128119468688965E+00  -7.2485268115997314E-01  -1.1194564104080200E+00   5.7591271400451660E-01   1.2758685350418091E+00  -8.9447863399982452E-02  -1.5771663188934326E+00   8.1550854444503784E-01   2.5511262356303632E-04
      96   4.4375001452863216E-03   4.0024986267089844E+00   6.7043864727020264E-01  -1.1439792066812515E-01   3.9486847817897797E-03   1.4625184703618288E-03  -1.1768456170102581E-04  -1.9635137505247258E-05   3.1312383725889958E-06  -1.2064876386830292E-07   2.6920497417449951E+00  -6.2312871217727661E-01  -1.1017328500747681E+00   4.4089564681053162E-01   1.1607418060302734E+00   6.7905746400356293E-03  -1.3471921682357788E+00   6.4705985784530640E-01   2.4916193797253072E-04
      97   4.6250000596046448E-03   3.9940302371978760E+00   6.5941518545150757E-01  -1.1454968899488449E-01   4.4253543019294739E-03   1.4487609732896090E-03  -1.2969892122782767E-04  -1.9650638932944275E-05   3.4434362987667555E-06  -1.4347870092024095E-07   2.6600310802459717E+00  -6.6588747501373291E-01  -1.0967780351638794E+00   4.9373775720596313E-01   1.1928917169570923E+00  -4.0219888091087341E-02  -1.4320299625396729E+00   7.1901249885559082E-01   3.1866511562839150E-04
      98   4.9999998882412910E-03   3.9570043087005615E+00   6.4525318145751953E-01  -1.1379806697368622E-01   4.7805155627429485E-03   1.4272984117269516E-03  -1.3830230454914272E-04  -1.9536539184628054E-05   3.6607686979550635E-06  -1.5978029921370762E-07   2.6127882003784180E+00  -7.0258969068527222E-01  -1.0963054895401001E+00   5.2488780021667480E-01   1.2144924402236938E+00  -6.1490457504987717E-02  -1.4767769575119019E+00   7.5053840875625610E-01   2.6358841569162905E-04
      99   5.3130001761019230E-03   3.9206027984619141E+00   6.3738077878952026E-01  -1.1282625049352646E-01   4.8398608341813087E-03   1.4114609220996499E-03  -1.3967789709568024E-04  -1.9363376850378700E-05   3.6959170301997801E-06  -1.6330714913692645E-07   2.5804960727691650E+00  -7.1241009235382080E-01  -1.0941815376281738E+00   5.2639019489288330E-01   1.2123941183090210E+00  -6.3646733760833740E-02  -1.4760715961456299E+00   7.5104355812072754E-01   2.8208643198013306E-04
     100   5.6250002235174179E-03   3.8799080848693848E+00   6.3220852613449097E-01  -1.1149332672357559E-01   4.7191828489303589E-03   1.3945956015959382E-03  -1.3671930355485529E-04  -1.9086261090706103E-05   3.6244559851184022E-06  -1.5991004431725742E-07   2.5554811954498291E+00  -7.0623081922531128E-01  -1.0944206714630127E+00   5.0514775514602661E-01   1.1958215236663818E+00  -4.6691279858350754E-02  -1.4392348527908325E+00   7.2342872619628906E-01   2.9398300102911890E-04
     101   5.9380000457167625E-03   3.8523690700531006E+00   6.2792795896530151E-01  -1.1133682727813721E-01   4.7322642058134079E-03   1.3992573367431760E-03  -1.3621512334793806E-04  -1.9208613593946211E-05   3.5948769436799921E-06  -1.5626729066298140E-07   2.5210311412811279E+00  -7.1813297271728516E-01  -1.0825761556625366E+00   5.2017581462860107E-01   1.1943687200546265E+00  -6.7067712545394897E-02  -1.4582734107971191E+00   7.4659276008605957E-01   3.1844351906329393E-04
     102   6.2500000931322575E-03   3.7919559478759766E+00   6.3160717487335205E-01  -1.0914526879787445E-01   4.0124547667801380E-03   1.3909746194258332E-03  -1.1809260467998683E-04  -1.8803400962497108E-05   3.1309639325627359E-06  -1.2486633238495415E-07   2.5072007179260254E+00  -6.6354203224182129E-01  -1.0803028345108032E+00   4.3734708428382874E-01   1.1306022405624390E+00  -4.0159933269023895E-03  -1.3209751844406128E+00   6.4310646057128906E-01   3.1026336364448071E-04
     103   6.5625002607703209E-03   3.7902269363403320E+00   6.1950790882110596E-01  -1.0927563160657883E-01   4.5734392479062080E-03   1.3717141700908542E-03  -1.3242114800959826E-04  -1.8770044334814884E-05   3.5058399134868523E-06  -1.5267772823790438E-07   2.4821407794952393E+00  -7.1036738157272339E-01  -1.0830229520797729E+00   4.8973950743675232E-01   1.1703414916992188E+00  -4.3374933302402496E-02  -1.4061120748519897E+00   7.0713710784912109E-01   3.4428815706633031E-04
     104   6.8749999627470970E-03   3.7455546855926514E+00   6.2117570638656616E-01  -1.0772056132555008E-01   4.0913866832852364E-03   1.3656252995133400E-03  -1.2016337859677151E-04  -1.8498545614420436E-05   3.1895608572085621E-06  -1.3113448460444488E-07   2.4691853523254395E+00  -6.7504698038101196E-01  -1.0821098089218140E+00   4.3336948752403259E-01   1.1275993585586548E+00   7.8836909960955381E-04  -1.3118246793746948E+00   6.3469457626342773E-01   4.5582215534523129E-04
     105   7.1874996647238731E-03   3.7305793762207031E+00   6.2012332677841187E-01  -1.0840843617916107E-01   4.1121994145214558E-03   1.3869596878066659E-03  -1.1951012857025489E-04  -1.8867287508328445E-05   3.1482077247346751E-06  -1.2484878197938087E-07   2.4340333938598633E+00  -6.9110286235809326E-01  -1.0585454702377319E+00   4.6851912140846252E-01   1.1290147304534912E+00  -4.7133821994066238E-02  -1.3636161088943481E+00   6.9471013545989990E-01   3.3823709236457944E-04
     106   7.4999998323619366E-03   3.7211494445800781E+00   6.0779792070388794E-01  -1.0699387639760971E-01   4.4959010556340218E-03   1.3379415031522512E-03  -1.3058241165708750E-04  -1.8284466932527721E-05   3.4660308756429004E-06  -1.5291507793335768E-07   2.4357230663299561E+00  -7.1121227741241455E-01  -1.0885126590728760E+00   4.6183913946151733E-01   1.1540553569793701E+00  -1.3687108643352985E-02  -1.3555064201354980E+00   6.5908759832382202E-01   5.0602579722180963E-04
     107   7.6562501490116119E-03   3.7617630958557129E+00   5.8853912353515625E-01  -1.0803365707397461E-01   5.7228030636906624E-03   1.3011443661525846E-03  -1.6257146489806473E-04  -1.8235767129226588E-05   4.3141030801052693E-06  -2.1620044776682334E-07   2.4265632629394531E+00  -8.0205720663070679E-01  -1.1062405109405518E+00   5.6713181734085083E-01   1.2471902370452881E+00  -8.3540782332420349E-02  -1.5323110818862915E+00   7.8324162960052490E-01   4.5604098704643548E-04
     108   7.8125000000000000E-03   3.6907370090484619E+00   6.0826170444488525E-01  -1.0603615641593933E-01   4.2128213681280613E-03   1.3340396108105779E-03  -1.2339811655692756E-04  -1.8121047105523758E-05   3.2815314625622705E-06  -1.4041786755569774E-07   2.4228634834289551E+00  -6.9145405292510986E-01  -1.0846935510635376E+00   4.3147498369216919E-01   1.1265375614166260E+00   4.8138694837689400E-03  -1.3054894208908081E+00   6.2735784053802490E-01   3.6340666702017188E-04
     109   8.1249997019767761E-03   3.7175996303558350E+00   5.9144055843353271E-01  -1.0705248266458511E-01   5.2404180169105530E-03   1.3092634035274386E-03  -1.4977727551013231E-04  -1.8186419765697792E-05   3.9727383409626782E-06  -1.9102981241303496E-07   2.4025008678436279E+00  -7.7280592918395996E-01  -1.0928555727005005E+00   5.2949893474578857E-01   1.2054328918457031E+00  -6.5461158752441406E-02  -1.4666978120803833E+00   7.4432557821273804E-01   4.4048155541531742E-04
     110   8.4374994039535522E-03   3.6661024093627930E+00   6.0073059797286987E-01  -1.0555297136306763E-01   4.3693422339856625E-03   1.3227567542344332E-03  -1.2716738274320960E-04  -1.8047341654892080E-05   3.3773831091821194E-06  -1.4778942158955033E-07   2.3929700851440430E+00  -7.1040827035903931E-01  -1.0822304487228394E+00   4.4751954078674316E-01   1.1350554227828979E+00  -8.5619902238249779E-03  -1.3284868001937866E+00   6.4460104703903198E-01   3.5368365934118629E-04
     111   8.5937492549419403E-03   3.6763002872467041E+00   5.9451407194137573E-01  -1.0608930885791779E-01   4.7680390998721123E-03   1.3166115386411548E-03  -1.3730053615290672E-04  -1.8126460417988710E-05   3.6407775496627437E-06  -1.6665683233441086E-07   2.3817315101623535E+00  -7.4327808618545532E-01  -1.0812449455261230E+00   4.9081343412399292E-01   1.1646925210952759E+00  -4.5182421803474426E-02  -1.3999619483947754E+00   7.0308107137680054E-01   5.0924386596307158E-04
     112   8.7500000372529030E-03   3.6897697448730469E+00   5.8424085378646851E-01  -1.0604947805404663E-01   5.3139463998377323E-03   1.2893429957330227E-03  -1.5179628098849207E-04  -1.7941953046829440E-05   4.0306999835593160E-06  -1.9694097375122510E-07   2.3818376064300537E+00  -7.8098744153976440E-01  -1.0991139411926270E+00   5.2363336086273193E-01   1.2068923711776733E+00  -5.3527660667896271E-02  -1.4551053047180176E+00   7.2680920362472534E-01   5.1721156341955066E-04
     113   9.0625006705522537E-03   3.6477108001708984E+00   5.9265297651290894E-01  -1.0509452223777771E-01   4.5917397364974022E-03   1.3074979651719332E-03  -1.3282334839459509E-04  -1.7935430150828324E-05   3.5261743960290914E-06  -1.5942593734052934E-07   2.3688845634460449E+00  -7.3165923357009888E-01  -1.0835359096527100E+00   4.6476766467094421E-01   1.1474438905715942E+00  -2.1735526621341705E-02  -1.3556472063064575E+00   6.6579174995422363E-01   4.5889074681326747E-04
     114   9.1406255960464478E-03   3.7276675701141357E+00   5.6604218482971191E-01  -1.0789170116186142E-01   6.5542957745492458E-03   1.2727120192721486E-03  -1.8334042397327721E-04  -1.8218031982542016E-05   4.8509200496482663E-06  -2.5557170602041879E-07   2.3518488407135010E+00  -8.8229107856750488E-01  -1.0960701704025269E+00   6.5926849842071533E-01   1.2998378276824951E+00  -1.6869576275348663E-01  -1.6797409057617188E+00   9.1122424602508545E-01   4.7513132449239492E-04
     115   9.2187505215406418E-03   3.6732926368713379E+00   5.8375769853591919E-01  -1.0652377456426620E-01   5.2854050882160664E-03   1.3073141453787684E-03  -1.5013184747658670E-04  -1.8231577996630222E-05   3.9685778574494179E-06  -1.8985166150287114E-07   2.3503537178039551E+00  -7.9090470075607300E-01  -1.0769591331481934E+00   5.4960626363754272E-01   1.2017515897750854E+00  -9.6187442541122437E-02  -1.4943602085113525E+00   7.8124040365219116E-01   5.3216394735500216E-04
     116   9.2968754470348358E-03   3.6708428859710693E+00   5.7969105243682861E-01  -1.0573396831750870E-01   5.3865709342062473E-03   1.2836633250117302E-03  -1.5348785382229835E-04  -1.7906175344251096E-05   4.0733639252721332E-06  -2.0022845603762107E-07   2.3591644763946533E+00  -7.9184305667877197E-01  -1.0939555168151855E+00   5.3448307514190674E-01   1.2080229520797729E+00  -6.8288862705230713E-02  -1.4717590808868408E+00   7.4683099985122681E-01   5.1277596503496170E-04
     117   9.3359379097819328E-03   3.6476781368255615E+00   5.8598893880844116E-01  -1.0489747673273087E-01   4.8820720985531807E-03   1.2903417227789760E-03  -1.4055776409804821E-04  -1.7800319255911745E-05   3.7356915072450647E-06  -1.7598374313365639E-07   2.3622329235076904E+00  -7.5295764207839966E-01  -1.0913232564926147E+00   4.8285070061683655E-01   1.1679891347885132E+00  -2.9098780825734138E-02  -1.3859838247299194E+00   6.8208259344100952E-01   5.0156464567407966E-04
     118   9.3750003725290298E-03   3.6982581615447998E+00   5.6968849897384644E-01  -1.0672102868556976E-01   6.1074257828295231E-03   1.2700153747573495E-03  -1.7211520753335208E-04  -1.7994789232034236E-05   4.5637634684680961E-06  -2.3600146903390851E-07   2.3506493568420410E+00  -8.4723544120788574E-01  -1.0966560840606689E+00   6.0718947649002075E-01   1.2622221708297729E+00  -1.2680834531784058E-01  -1.5938466787338257E+00   8.4377986192703247E-01   4.2085640598088503E-04
     119   9.5312502235174179E-03   3.6699316501617432E+00   5.7721793651580811E-01  -1.0613656044006348E-01   5.5341734550893307E-03   1.2879070127382874E-03  -1.5690969303250313E-04  -1.8044207536149770E-05   4.1555558709660545E-06  -2.0514886500677676E-07   2.3443250656127930E+00  -8.0826413631439209E-01  -1.0858629941940308E+00   5.6090527772903442E-01   1.2183010578155518E+00  -9.7555212676525116E-02  -1.5140331983566284E+00   7.8854864835739136E-01   4.7302941675297916E-04
     120   9.5703126862645149E-03   3.6891179084777832E+00   5.6992352008819580E-01  -1.0668315738439560E-01   6.0414746403694153E-03   1.2743676779791713E-03  -1.7020905215758830E-04  -1.8042315787170082E-05   4.5098722694092430E-06  -2.3156967188242561E-07   2.3410091400146484E+00  -8.4544962644577026E-01  -1.0901066064834595E+00   6.0783976316452026E-01   1.2553205490112305E+00  -1.3438922166824341E-01  -1.5942858457565308E+00   8.5175716876983643E-01   5.3935800679028034E-04
     121   9.5715336501598358E-03   3.5958395004272461E+00   5.9871608018875122E-01  -1.0336677730083466E-01   3.8477587513625622E-03   1.3099180068820715E-03  -1.1374687164789066E-04  -1.7680849850876257E-05   3.0295484521047911E-06  -1.2441314822808636E-07   2.3587555885314941E+00  -6.7716246843338013E-01  -1.0789936780929565E+00   3.8639315962791443E-01   1.0853607654571533E+00   3.7145774811506271E-02  -1.2244775295257568E+00   5.6695783138275146E-01   5.1041942788287997E-04
     122   9.5727536827325821E-03   3.5749034881591797E+00   6.0608458518981934E-01  -1.0282722115516663E-01   3.3320470247417688E-03   1.3241505948826671E-03  -1.0025294614024460E-04  -1.7688977095531300E-05   2.6708021323429421E-06  -9.7660432629709248E-08   2.3595151901245117E+00  -6.3964527845382690E-01  -1.0717968940734863E+00   3.4120938181877136E-01   1.0456449985504150E+00   6.7574553191661835E-02  -1.1483014822006226E+00   5.1298958063125610E-01   5.7977071264758706E-04
     123   9.5733646303415298E-03   3.6739902496337891E+00   5.7598030567169189E-01  -1.0646449029445648E-01   5.6512276642024517E-03   1.2897041160613298E-03  -1.5983880439307541E-04  -1.8119737433153205E-05   4.2307824514864478E-06  -2.1019144469391904E-07   2.3387334346771240E+00  -8.1862837076187134E-01  -1.0807175636291504E+00   5.7931011915206909E-01   1.2251462936401367E+00  -1.2003126740455627E-01  -1.5457202196121216E+00   8.2261013984680176E-01   4.9584970111027360E-04
     124   9.5739746466279030E-03   3.6835455894470215E+00   5.7291162014007568E-01  -1.0678086429834366E-01   5.8774501085281372E-03   1.2855295790359378E-03  -1.6565411351621151E-04  -1.8149956304114312E-05   4.3830896174767986E-06  -2.2125247767235123E-07   2.3374247550964355E+00  -8.3599597215652466E-01  -1.0830254554748535E+00   6.0108572244644165E-01   1.2435284852981567E+00  -1.3471573591232300E-01  -1.5815515518188477E+00   8.4718841314315796E-01   4.6983055653981864E-04
     125   9.5751956105232239E-03   3.6150531768798828E+00   5.9485310316085815E-01  -1.0452606528997421E-01   4.2443550191819668E-03   1.3173701008781791E-03  -1.2339354725554585E-04  -1.7967093299375847E-05   3.2699781513656490E-06  -1.3993100367315492E-07   2.3478162288665771E+00  -7.1264821290969849E-01  -1.0712630748748779E+00   4.4190061092376709E-01   1.1177074909210205E+00  -1.4335574582219124E-02  -1.3146791458129883E+00   6.4458441734313965E-01   5.2479398436844349E-04
     126   9.5776366069912910E-03   3.6123924255371094E+00   5.9584498405456543E-01  -1.0448158532381058E-01   4.1770185343921185E-03   1.3200251851230860E-03  -1.2157736637163907E-04  -1.7982258214033209E-05   3.2204127364821034E-06  -1.3609414395432395E-07   2.3476281166076660E+00  -7.0808178186416626E-01  -1.0702866315841675E+00   4.3636962771415710E-01   1.1128857135772705E+00  -1.0284557938575745E-02  -1.3049284219741821E+00   6.3744771480560303E-01   4.7952760360203683E-04
     127   9.5800776034593582E-03   3.6392424106597900E+00   5.8733785152435303E-01  -1.0539797693490982E-01   4.8160394653677940E-03   1.3083593221381307E-03  -1.3808862422592938E-04  -1.8065427866531536E-05   3.6549190554069355E-06  -1.6775494771081867E-07   2.3429002761840820E+00  -7.5670164823532104E-01  -1.0740852355957031E+00   4.9985581636428833E-01   1.1621855497360229E+00  -5.9061545878648758E-02  -1.4112261533737183E+00   7.1878361701965332E-01   5.4930517217144370E-04
     128   9.5898434519767761E-03   3.6146116256713867E+00   5.9468668699264526E-01  -1.0450595617294312E-01   4.2504370212554932E-03   1.3165399432182312E-03  -1.2360654363874346E-04  -1.7955926523427479E-05   3.2768234632385429E-06  -1.4055491703857115E-07   2.3472244739532471E+00  -7.1278744935989380E-01  -1.0705491304397583E+00   4.4259294867515564E-01   1.1168903112411499E+00  -1.6978275030851364E-02  -1.3167158365249634E+00   6.4905852079391479E-01   4.7270423965528607E-04
     129   9.5922853797674179E-03   3.6035013198852539E+00   5.9862667322158813E-01  -1.0423363000154495E-01   3.9772582240402699E-03   1.3243781868368387E-03  -1.1645595805021003E-04  -1.7964810467674397E-05   3.0866324323142180E-06  -1.2633603319045505E-07   2.3472876548767090E+00  -6.9300711154937744E-01  -1.0662370920181274E+00   4.1922301054000854E-01   1.0956466197967529E+00  -2.0240505691617727E-03  -1.2773598432540894E+00   6.2229979038238525E-01   4.9687339924275875E-04
     130   9.5947263762354851E-03   3.5981435775756836E+00   5.9881806373596191E-01  -1.0372973233461380E-01   3.8882095832377672E-03   1.3169851154088974E-03  -1.1446020653238520E-04  -1.7811968064052053E-05   3.0409098599193385E-06  -1.2415058847636828E-07   2.3533310890197754E+00  -6.8332707881927490E-01  -1.0735838413238525E+00   3.9931082725524902E-01   1.0893890857696533E+00   2.2357385605573654E-02  -1.2445771694183350E+00   5.8660101890563965E-01   5.6545104598626494E-04
     131   9.5996093004941940E-03   3.6390521526336670E+00   5.8574265241622925E-01  -1.0510742664337158E-01   4.8655229620635509E-03   1.2986523797735572E-03  -1.3972524902783334E-04  -1.7932348782778718E-05   3.7059301121189492E-06  -1.7266272323013254E-07   2.3464219570159912E+00  -7.5739783048629761E-01  -1.0798072814941406E+00   4.9553936719894409E-01   1.1643482446670532E+00  -5.1651678979396820E-02  -1.4059556722640991E+00   7.1099901199340820E-01   4.7134800115600228E-04
     132   9.6044922247529030E-03   3.6536676883697510E+00   5.8026784658432007E-01  -1.0544067621231079E-01   5.2336119115352631E-03   1.2876242399215698E-03  -1.4933131751604378E-04  -1.7916805518325418E-05   3.9604683479410596E-06  -1.9165301523571543E-07   2.3467655181884766E+00  -7.8401023149490356E-01  -1.0869783163070679E+00   5.2550143003463745E-01   1.1935219764709473E+00  -6.8528689444065094E-02  -1.4559354782104492E+00   7.4258828163146973E-01   5.8208382688462734E-04
     133   9.6093751490116119E-03   3.6488795280456543E+00   5.8180236816406250E-01  -1.0530310124158859E-01   5.1221298053860664E-03   1.2901817681267858E-03  -1.4644222392234951E-04  -1.7910213500726968E-05   3.8842654248583131E-06  -1.8604315243919700E-07   2.3469359874725342E+00  -7.7571809291839600E-01  -1.0854586362838745E+00   5.1540791988372803E-01   1.1845890283584595E+00  -6.2012411653995514E-02  -1.4391831159591675E+00   7.3122358322143555E-01   5.2503513870760798E-04
     134   9.6118170768022537E-03   3.6109905242919922E+00   5.9249335527420044E-01  -1.0374023020267487E-01   4.2608696967363358E-03   1.2975825229659677E-03  -1.2456098920665681E-04  -1.7662869140622206E-05   3.3170288133987924E-06  -1.4590800390124059E-07   2.3571486473083496E+00  -7.0721530914306641E-01  -1.0849781036376953E+00   4.2176672816276550E-01   1.1165690422058105E+00   1.3223806396126747E-02  -1.2844103574752808E+00   6.0947483777999878E-01   5.6277919793501496E-04
     135   9.6142580732703209E-03   3.5832865238189697E+00   6.0421895980834961E-01  -1.0346361994743347E-01   3.5295395646244287E-03   1.3293812517076731E-03  -1.0503872908884659E-04  -1.7854154066299088E-05   2.7899122869712301E-06  -1.0520484750031756E-07   2.3509933948516846E+00  -6.5794157981872559E-01  -1.0644371509552002E+00   3.7234559655189514E-01   1.0596348047256470E+00   3.3403873443603516E-02  -1.2000994682312012E+00   5.6444746255874634E-01   5.6598929222673178E-04
     136   9.6166990697383881E-03   3.6218264102935791E+00   5.9169006347656250E-01  -1.0471124202013016E-01   4.4491481967270374E-03   1.3114538742229342E-03  -1.2874219100922346E-04  -1.7962105630431324E-05   3.4119368592655519E-06  -1.5051374191443756E-07   2.3460047245025635E+00  -7.2770160436630249E-01  -1.0734937191009521E+00   4.5995229482650757E-01   1.1324061155319214E+00  -2.8124965727329254E-02  -1.3455711603164673E+00   6.6893267631530762E-01   5.0254620146006346E-04
     137   9.6179200336337090E-03   3.6331603527069092E+00   5.8619385957717896E-01  -1.0468066483736038E-01   4.7651100903749466E-03   1.2942694593220949E-03  -1.3726681936532259E-04  -1.7826936527853832E-05   3.6439871564653004E-06  -1.6880869679880561E-07   2.3509528636932373E+00  -7.4797630310058594E-01  -1.0860842466354370E+00   4.7646865248680115E-01   1.1577476263046265E+00  -2.8340118005871773E-02  -1.3736252784729004E+00   6.7674964666366577E-01   4.4231166248209774E-04
     138   9.6191409975290298E-03   3.6563274860382080E+00   5.7995235919952393E-01  -1.0570985823869705E-01   5.2896230481564999E-03   1.2912885285913944E-03  -1.5060769510455430E-04  -1.7998252587858588E-05   3.9903115975903347E-06  -1.9321211652822967E-07   2.3429615497589111E+00  -7.8998076915740967E-01  -1.0830981731414795E+00   5.3697001934051514E-01   1.1975288391113281E+00  -8.2087889313697815E-02  -1.4747732877731323E+00   7.6228314638137817E-01   4.9537903396412730E-04
     139   9.6203619614243507E-03   3.6128458976745605E+00   5.9273564815521240E-01  -1.0402394086122513E-01   4.2819115333259106E-03   1.3037566095590591E-03  -1.2478946882765740E-04  -1.7772155842976645E-05   3.3160399652842898E-06  -1.4488378496935184E-07   2.3535492420196533E+00  -7.1159422397613525E-01  -1.0818080902099609E+00   4.3036636710166931E-01   1.1204484701156616E+00   5.6676282547414303E-03  -1.2964464426040649E+00   6.1844485998153687E-01   4.3538847239688039E-04
     140   9.6215829253196716E-03   3.6117427349090576E+00   5.9347945451736450E-01  -1.0407850891351700E-01   4.2481189593672752E-03   1.3067082036286592E-03  -1.2386363232508302E-04  -1.7802385627874173E-05   3.2907125842029927E-06  -1.4279619620083395E-07   2.3520352840423584E+00  -7.0966130495071411E-01  -1.0787465572357178E+00   4.3044438958168030E-01   1.1168198585510254E+00   1.4196257106959820E-03  -1.2969644069671631E+00   6.2441134452819824E-01   5.4841168457642198E-04
     141   9.6228029578924179E-03   3.6319727897644043E+00   5.8719259500503540E-01  -1.0479600727558136E-01   4.7235721722245216E-03   1.2991821859031916E-03  -1.3605959247797728E-04  -1.7885877241496928E-05   3.6093488233746029E-06  -1.6577367034642521E-07   2.3483846187591553E+00  -7.4635559320449829E-01  -1.0819549560546875E+00   4.7794392704963684E-01   1.1545544862747192E+00  -3.3491618931293488E-02  -1.3755581378936768E+00   6.8256282806396484E-01   4.0684960549697280E-04
     142   9.6240239217877388E-03   3.6146011352539062E+00   5.9308695793151855E-01  -1.0430096089839935E-01   4.3002734892070293E-03   1.3096571201458573E-03  -1.2501173478085548E-04  -1.7873691831482574E-05   3.3163410080305766E-06  -1.4406769821562193E-07   2.3498554229736328E+00  -7.1525669097900391E-01  -1.0774621963500977E+00   4.3916377425193787E-01   1.1224665641784668E+00  -5.1307566463947296E-03  -1.3099650144577026E+00   6.3328915834426880E-01   4.7576642828062177E-04
     143   9.6252448856830597E-03   3.6368823051452637E+00   5.8787196874618530E-01  -1.0546481609344482E-01   4.7835097648203373E-03   1.3121644733473659E-03  -1.3710156781598926E-04  -1.8113754777004942E-05   3.6258381896914216E-06  -1.6518552570232714E-07   2.3394927978515625E+00  -7.5584888458251953E-01  -1.0707491636276245E+00   5.0102323293685913E-01   1.1595501899719238E+00  -6.3102044165134430E-02  -1.4125614166259766E+00   7.2309154272079468E-01   5.7177926646545529E-04
     144   9.6264649182558060E-03   3.6244931221008301E+00   5.9160625934600830E-01  -1.0500764101743698E-01   4.4973962940275669E-03   1.3160571688786149E-03  -1.2980095925740898E-04  -1.8054066458716989E-05   3.4357258300588001E-06  -1.5155363541907718E-07   2.3418304920196533E+00  -7.3345869779586792E-01  -1.0688455104827881E+00   4.7199931740760803E-01   1.1363438367843628E+00  -4.2233776301145554E-02  -1.3649073839187622E+00   6.8864470720291138E-01   4.5938914990983903E-04
     145   9.6289068460464478E-03   3.5995855331420898E+00   5.9870475530624390E-01  -1.0400220751762390E-01   3.9261826314032078E-03   1.3220084365457296E-03  -1.1519394320202991E-04  -1.7908854715642519E-05   3.0548981158062816E-06  -1.2438968610695156E-07   2.3485653400421143E+00  -6.8860459327697754E-01  -1.0692462921142578E+00   4.0987598896026611E-01   1.0925091505050659E+00   9.8169278353452682E-03  -1.2611682415008545E+00   6.0436105728149414E-01   4.4453519512899220E-04
     146   9.6484376117587090E-03   3.6674833297729492E+00   5.7693558931350708E-01  -1.0632555186748505E-01   5.5513647384941578E-03   1.2927156640216708E-03  -1.5710502339061350E-04  -1.8132006516680121E-05   4.1555044845154043E-06  -2.0439840398012166E-07   2.3365082740783691E+00  -8.1250017881393433E-01  -1.0799567699432373E+00   5.7031244039535522E-01   1.2184320688247681E+00  -1.1170395463705063E-01  -1.5291962623596191E+00   8.0782639980316162E-01   4.8599005094729364E-04
     147   9.6508786082267761E-03   3.6155939102172852E+00   5.9333938360214233E-01  -1.0457105934619904E-01   4.3236669152975082E-03   1.3148898724466562E-03  -1.2545663048513234E-04  -1.7963417121791281E-05   3.3248297768295743E-06  -1.4403555326225614E-07   2.3446595668792725E+00  -7.1903073787689209E-01  -1.0709372758865356E+00   4.4991910457611084E-01   1.1226191520690918E+00  -2.2167442366480827E-02  -1.3284572362899780E+00   6.5739899873733521E-01   4.8540884745307267E-04
     148   9.6533205360174179E-03   3.6123752593994141E+00   5.9443521499633789E-01  -1.0448703914880753E-01   4.2496896348893642E-03   1.3164973352104425E-03  -1.2359074025880545E-04  -1.7954769646166824E-05   3.2769432891655015E-06  -1.4060354658340657E-07   2.3443355560302734E+00  -7.1331155300140381E-01  -1.0686573982238770E+00   4.4419911503791809E-01   1.1155864000320435E+00  -2.1149111911654472E-02  -1.3197989463806152E+00   6.5494024753570557E-01   4.7956319758668542E-04
     149   9.6557615324854851E-03   3.5814781188964844E+00   6.0235273838043213E-01  -1.0304237157106400E-01   3.5627745091915131E-03   1.3181145768612623E-03  -1.0620423563523218E-04  -1.7695951100904495E-05   2.8272115741856396E-06  -1.0917601400706189E-07   2.3559749126434326E+00  -6.5749347209930420E-01  -1.0742708444595337E+00   3.6227706074714661E-01   1.0632363557815552E+00   5.2887655794620514E-02  -1.1831831932067871E+00   5.3825360536575317E-01   4.9041002057492733E-04
     150   9.6569824963808060E-03   3.6209201812744141E+00   5.8882009983062744E-01  -1.0415210574865341E-01   4.5279893092811108E-03   1.2938795844092965E-03  -1.3138499343767762E-04  -1.7718075469019823E-05   3.4950714962178608E-06  -1.5869515834765480E-07   2.3528637886047363E+00  -7.2841924428939819E-01  -1.0852569341659546E+00   4.4998314976692200E-01   1.1368874311447144E+00  -9.9025331437587738E-03  -1.3313144445419312E+00   6.4738255739212036E-01   4.5946653699502349E-04
     151   9.6582025289535522E-03   3.5839011669158936E+00   5.9967845678329468E-01  -1.0271561145782471E-01   3.6693790461868048E-03   1.3047084212303162E-03  -1.0934986494248733E-04  -1.7531257981318049E-05   2.9184982395236148E-06  -1.1726731230510268E-07   2.3621096611022949E+00  -6.6169267892837524E-01  -1.0847550630569458E+00   3.5859239101409912E-01   1.0715528726577759E+00   6.6281735897064209E-02  -1.1781567335128784E+00   5.2285820245742798E-01   4.6263026888482273E-04
     152   9.6679683774709702E-03   3.6326062679290771E+00   5.8721172809600830E-01  -1.0505581647157669E-01   4.7514825128018856E-03   1.3042956124991179E-03  -1.3656709052156657E-04  -1.7978012692765333E-05   3.6183553220325848E-06  -1.6571220839978196E-07   2.3429191112518311E+00  -7.5093489885330200E-01  -1.0765554904937744E+00   4.8847058415412903E-01   1.1563216447830200E+00  -4.7657273709774017E-02  -1.3926435708999634E+00   7.0179748535156250E-01   4.2897052480839193E-04
     153   9.6704103052616119E-03   3.6223621368408203E+00   5.9186542034149170E-01  -1.0503248125314713E-01   4.4752694666385651E-03   1.3182701077312231E-03  -1.2913758109789342E-04  -1.8081327652907930E-05   3.4164283988502575E-06  -1.4988495422585402E-07   2.3392326831817627E+00  -7.3278301954269409E-01  -1.0665924549102783E+00   4.7239765524864197E-01   1.1339826583862305E+00  -4.5283004641532898E-02  -1.3655257225036621E+00   6.9242417812347412E-01   4.8209555097855628E-04
     154   9.6728513017296791E-03   3.6565105915069580E+00   5.7793456315994263E-01  -1.0551227629184723E-01   5.3622238337993622E-03   1.2834153603762388E-03  -1.5263441309798509E-04  -1.7909045709529892E-05   4.0471240936312824E-06  -1.9809621676358802E-07   2.3447380065917969E+00  -7.9416203498840332E-01  -1.0897055864334106E+00   5.3598701953887939E-01   1.2043509483337402E+00  -7.3015421628952026E-02  -1.4724953174591064E+00   7.5059431791305542E-01   4.7866441309452057E-04
     155   9.6777342259883881E-03   3.6297600269317627E+00   5.8630973100662231E-01  -1.0460159182548523E-01   4.7360588796436787E-03   1.2940785381942987E-03  -1.3656870578415692E-04  -1.7810065401135944E-05   3.6273079331294866E-06  -1.6776029099219159E-07   2.3485488891601562E+00  -7.4613022804260254E-01  -1.0840969085693359E+00   4.7505173087120056E-01   1.1542023420333862E+00  -3.0130745843052864E-02  -1.3717007637023926E+00   6.7888218164443970E-01   4.5699332258664072E-04
     156   9.6875000745058060E-03   3.5919461250305176E+00   5.9969246387481689E-01  -1.0367576032876968E-01   3.8060415536165237E-03   1.3209370663389564E-03  -1.1219106818316504E-04  -1.7843336536316201E-05   2.9783539048366947E-06  -1.1921945031190262E-07   2.3488788604736328E+00  -6.7891860008239746E-01  -1.0698847770690918E+00   3.9519092440605164E-01   1.0823595523834229E+00   2.1978085860610008E-02  -1.2370831966400146E+00   5.8517527580261230E-01   5.2157195750623941E-04
     157   9.7070317715406418E-03   3.6994214057922363E+00   5.6576359272003174E-01  -1.0741648823022842E-01   6.3628847710788250E-03   1.2765302089974284E-03  -1.7812145233619958E-04  -1.8217184333479963E-05   4.7097919377847575E-06  -2.4496850414834626E-07   2.3288271427154541E+00  -8.7421268224716187E-01  -1.0842304229736328E+00   6.5069252252578735E-01   1.2798236608505249E+00  -1.7498868703842163E-01  -1.6644035577774048E+00   9.1309523582458496E-01   4.5155090629123151E-04
     158   9.7265625372529030E-03   3.6098694801330566E+00   5.9202396869659424E-01  -1.0400888323783875E-01   4.2972466908395290E-03   1.3035761658102274E-03  -1.2513084220699966E-04  -1.7779615518520586E-05   3.3241683468077099E-06  -1.4540860604483896E-07   2.3491656780242920E+00  -7.1374434232711792E-01  -1.0799731016159058E+00   4.3340611457824707E-01   1.1200460195541382E+00   2.1481304429471493E-04  -1.3017060756683350E+00   6.2698543071746826E-01   5.2699644584208727E-04
     159   9.7363274544477463E-03   3.5909900665283203E+00   5.9990680217742920E-01  -1.0382813215255737E-01   3.8056001067161560E-03   1.3250382617115974E-03  -1.1201683082617819E-04  -1.7908771042129956E-05   2.9703935524594272E-06  -1.1809844835397598E-07   2.3444557189941406E+00  -6.8075674772262573E-01  -1.0655405521392822E+00   4.0091350674629211E-01   1.0816400051116943E+00   1.2510015629231930E-02  -1.2463252544403076E+00   5.9811156988143921E-01   5.4566242033615708E-04
     160   9.7387693822383881E-03   3.6230742931365967E+00   5.8991265296936035E-01  -1.0496152937412262E-01   4.5645278878509998E-03   1.3124087126925588E-03  -1.3157006469555199E-04  -1.8028764316113666E-05   3.4834133657568600E-06  -1.5527878360899194E-07   2.3383069038391113E+00  -7.3878949880599976E-01  -1.0692813396453857E+00   4.7735917568206787E-01   1.1400537490844727E+00  -4.7214809805154800E-02  -1.3743517398834229E+00   6.9710850715637207E-01   5.1843433175235987E-04
     161   9.7399894148111343E-03   3.6074874401092529E+00   5.9409338235855103E-01  -1.0426953434944153E-01   4.2167752981185913E-03   1.3138111680746078E-03  -1.2281085946597159E-04  -1.7903026673593558E-05   3.2580874176346697E-06  -1.3957354383364873E-07   2.3431575298309326E+00  -7.1056717634201050E-01  -1.0699179172515869E+00   4.3807131052017212E-01   1.1122539043426514E+00  -1.5175286680459976E-02  -1.3097460269927979E+00   6.4605534076690674E-01   5.1758211338892579E-04
     162   9.7412103787064552E-03   3.6369361877441406E+00   5.8605784177780151E-01  -1.0555757582187653E-01   4.8804744146764278E-03   1.3101315125823021E-03  -1.3960069918539375E-04  -1.8124881535186432E-05   3.6918456771672936E-06  -1.7001184460241348E-07   2.3339273929595947E+00  -7.6410412788391113E-01  -1.0685137510299683E+00   5.1282757520675659E-01   1.1647068262100220E+00  -7.6967269182205200E-02  -1.4331264495849609E+00   7.4482101202011108E-01   4.7305587213486433E-04
     163   9.7436513751745224E-03   3.6756103038787842E+00   5.7268905639648438E-01  -1.0662939399480820E-01   5.8272276073694229E-03   1.2861896539106965E-03  -1.6426292131654918E-04  -1.8146465663448907E-05   4.3449526856420562E-06  -2.1838923203176819E-07   2.3313596248626709E+00  -8.3386760950088501E-01  -1.0806397199630737E+00   5.9786248207092285E-01   1.2383028268814087E+00  -1.3478678464889526E-01  -1.5757699012756348E+00   8.4576594829559326E-01   4.4396542944014072E-04
     164   9.7460933029651642E-03   3.5954899787902832E+00   5.9580659866333008E-01  -1.0342924296855927E-01   3.9859367534518242E-03   1.3059059856459498E-03  -1.1724944488378242E-04  -1.7683893020148389E-05   3.1206466246658238E-06  -1.3108942198414297E-07   2.3520414829254150E+00  -6.8907415866851807E-01  -1.0791711807250977E+00   4.0010070800781250E-01   1.0950989723205566E+00   2.6108205318450928E-02  -1.2468248605728149E+00   5.8461773395538330E-01   4.1530290036462247E-04
     165   9.7656250000000000E-03   3.6146819591522217E+00   5.8978980779647827E-01  -1.0417734831571579E-01   4.4429204426705837E-03   1.3004497159272432E-03  -1.2885751493740827E-04  -1.7794394807424396E-05   3.4214415336464299E-06  -1.5248002682710649E-07   2.3472192287445068E+00  -7.2527903318405151E-01  -1.0816626548767090E+00   4.4719117879867554E-01   1.1320729255676270E+00  -8.3405785262584686E-03  -1.3239619731903076E+00   6.4117866754531860E-01   4.6043956535868347E-04
     166   9.7753908485174179E-03   3.6627609729766846E+00   5.7756489515304565E-01  -1.0650549829006195E-01   5.5141984485089779E-03   1.3000343460589647E-03  -1.5587253437843174E-04  -1.8234477465739474E-05   4.1175894693878945E-06  -2.0075273710062902E-07   2.3275194168090820E+00  -8.1314921379089355E-01  -1.0714330673217773E+00   5.7715994119644165E-01   1.2138067483901978E+00  -1.2686206400394440E-01  -1.5403246879577637E+00   8.2708317041397095E-01   4.3598026968538761E-04
     167   9.7802737727761269E-03   3.5971503257751465E+00   5.9509968757629395E-01  -1.0358893871307373E-01   4.0419474244117737E-03   1.3072661822661757E-03  -1.1856663331855088E-04  -1.7731612388161011E-05   3.1524150472250767E-06  -1.3302411616678000E-07   2.3492062091827393E+00  -6.9457358121871948E-01  -1.0777926445007324E+00   4.0835216641426086E-01   1.0996946096420288E+00   1.8442878499627113E-02  -1.2599897384643555E+00   5.9574741125106812E-01   5.0701701547950506E-04
     168   9.7851566970348358E-03   3.5827782154083252E+00   5.9967201948165894E-01  -1.0312642902135849E-01   3.7033762782812119E-03   1.3138796202838421E-03  -1.0982838284689933E-04  -1.7692520486889407E-05   2.9228908715595026E-06  -1.1629237661736624E-07   2.3508880138397217E+00  -6.6898822784423828E-01  -1.0745741128921509E+00   3.7603583931922913E-01   1.0730637311935425E+00   4.1517123579978943E-02  -1.2060548067092896E+00   5.5686753988265991E-01   5.2168994443491101E-04
     169   9.7949225455522537E-03   3.6465587615966797E+00   5.8037334680557251E-01  -1.0552591830492020E-01   5.1953895017504692E-03   1.2934770202264190E-03  -1.4805186947342008E-04  -1.7999956980929710E-05   3.9210303839354310E-06  -1.8799323697749060E-07   2.3365604877471924E+00  -7.8498905897140503E-01  -1.0798884630203247E+00   5.3056466579437256E-01   1.1895208358764648E+00  -7.9528421163558960E-02  -1.4631071090698242E+00   7.5553494691848755E-01   4.9291085451841354E-04
     170   9.7973635420203209E-03   3.6418073177337646E+00   5.8205610513687134E-01  -1.0541328787803650E-01   5.0817788578569889E-03   1.2965595815330744E-03  -1.4512424240820110E-04  -1.7998700059251860E-05   3.8443145058408845E-06  -1.8234442222819780E-07   2.3362219333648682E+00  -7.7649533748626709E-01  -1.0770443677902222E+00   5.2145081758499146E-01   1.1794315576553345E+00  -7.6304875314235687E-02  -1.4486677646636963E+00   7.4936735630035400E-01   5.1635882118716836E-04
     171   9.7998045384883881E-03   3.6016244888305664E+00   5.9399676322937012E-01  -1.0388927161693573E-01   4.1483431123197079E-03   1.3090175343677402E-03  -1.2118276936234906E-04  -1.7803844457375817E-05   3.2183793337026145E-06  -1.3735188986174762E-07   2.3453917503356934E+00  -7.0412886142730713E-01  -1.0748817920684814E+00   4.2387199401855469E-01   1.1076838970184326E+00   2.6645259931683540E-03  -1.2855685949325562E+00   6.1958789825439453E-01   4.4703960884362459E-04
     172   9.8022464662790298E-03   3.5799427032470703E+00   6.0033345222473145E-01  -1.0304704308509827E-01   3.6501544527709484E-03   1.3148018624633551E-03  -1.0847041994566098E-04  -1.7684345948509872E-05   2.8876195301563712E-06  -1.1375157527027113E-07   2.3503918647766113E+00  -6.6502958536148071E-01  -1.0734105110168457E+00   3.7143042683601379E-01   1.0682550668716431E+00   4.3477620929479599E-02  -1.1987243890762329E+00   5.5327820777893066E-01   4.5342178782448173E-04
     173   9.8046874627470970E-03   3.5620982646942139E+00   6.0559636354446411E-01  -1.0236908495426178E-01   3.2342197373509407E-03   1.3206126168370247E-03  -9.7745447419583797E-05  -1.7603208107175305E-05   2.6060145046358230E-06  -9.3424212366244319E-08   2.3547468185424805E+00  -6.3309949636459351E-01  -1.0735001564025879E+00   3.2733747363090515E-01   1.0374947786331177E+00   8.1602416932582855E-02  -1.1241168975830078E+00   4.9066910147666931E-01   4.7978712245821953E-04
     174   9.8437499254941940E-03   3.6003367900848389E+00   5.9575295448303223E-01  -1.0432041436433792E-01   4.1042440570890903E-03   1.3218170497566462E-03  -1.1965600424446166E-04  -1.7984342775889672E-05   3.1700647014076822E-06  -1.3236345353107026E-07   2.3362131118774414E+00  -7.0511329174041748E-01  -1.0622824430465698E+00   4.3607622385025024E-01   1.1025876998901367E+00  -2.1393343806266785E-02  -1.3057453632354736E+00   6.5109914541244507E-01   4.8731855349615216E-04
     175   9.9999997764825821E-03   3.5698010921478271E+00   6.0124462842941284E-01  -1.0299826413393021E-01   3.5386055242270231E-03   1.3217342784628272E-03  -1.0522205411689356E-04  -1.7757973182597198E-05   2.7945613965130178E-06  -1.0609677048023514E-07   2.3417904376983643E+00  -6.6061866283416748E-01  -1.0683958530426025E+00   3.6702188849449158E-01   1.0604619979858398E+00   4.4447530061006546E-02  -1.1887298822402954E+00   5.4718780517578125E-01   4.3724291026592255E-04
     176   1.0004882700741291E-02   3.6239159107208252E+00   5.8494836091995239E-01  -1.0503358393907547E-01   4.8039327375590801E-03   1.3041405472904444E-03  -1.3769880752079189E-04  -1.8011167412623763E-05   3.6441701922740322E-06  -1.6725290663544001E-07   2.3294372558593750E+00  -7.5868427753448486E-01  -1.0718617439270020E+00   4.9871706962585449E-01   1.1580687761306763E+00  -6.1124894767999649E-02  -1.4086884260177612E+00   7.2045624256134033E-01   5.1399978110566735E-04
     177   1.0009765625000000E-02   3.6060869693756104E+00   5.9060156345367432E-01  -1.0444980859756470E-01   4.3848464265465736E-03   1.3119991635903716E-03  -1.2690819858107716E-04  -1.7957641830435023E-05   3.3611868275329471E-06  -1.4666751724234928E-07   2.3316450119018555E+00  -7.2678488492965698E-01  -1.0677683353424072E+00   4.5855626463890076E-01   1.1246880292892456E+00  -3.3071026206016541E-02  -1.3422346115112305E+00   6.7261105775833130E-01   4.6363644651137292E-04
     178   1.0012207552790642E-02   3.5828645229339600E+00   5.9847968816757202E-01  -1.0378995537757874E-01   3.8227583281695843E-03   1.3256365200504661E-03  -1.1229706433368847E-04  -1.7935273717739619E-05   2.9749865007033804E-06  -1.1815567546591410E-07   2.3332486152648926E+00  -6.8507158756256104E-01  -1.0605850219726562E+00   4.0757092833518982E-01   1.0803122520446777E+00   9.1242766939103603E-04  -1.2571108341217041E+00   6.1408263444900513E-01   4.3109050602652133E-04
     179   1.0013427585363388E-02   3.5939967632293701E+00   5.9389573335647583E-01  -1.0393649339675903E-01   4.1151787154376507E-03   1.3137054629623890E-03  -1.2009216152364388E-04  -1.7870228475658223E-05   3.1852753181738080E-06  -1.3432128298518364E-07   2.3349616527557373E+00  -7.0503723621368408E-01  -1.0676530599594116E+00   4.2873695492744446E-01   1.1027561426162720E+00  -9.7809396684169769E-03  -1.2932938337326050E+00   6.3580656051635742E-01   6.0131069039925933E-04
     180   1.0014648549258709E-02   3.5773944854736328E+00   5.9736514091491699E-01  -1.0298256576061249E-01   3.7667606957256794E-03   1.3090398861095309E-03  -1.1148697376484051E-04  -1.7651167581789196E-05   2.9676700705749681E-06  -1.1989368431386538E-07   2.3438920974731445E+00  -6.7493289709091187E-01  -1.0746024847030640E+00   3.8118416070938110E-01   1.0763119459152222E+00   3.6928623914718628E-02  -1.2145230770111084E+00   5.6376951932907104E-01   5.3292972734197974E-04
     181   1.0019531473517418E-02   3.5259156227111816E+00   6.1420643329620361E-01  -1.0138157010078430E-01   2.5334432721138000E-03   1.3355059782043099E-03  -7.9504105087835342E-05  -1.7550644770381041E-05   2.1237524379102979E-06  -5.7948923881667724E-08   2.3499774932861328E+00  -5.8244109153747559E-01  -1.0630317926406860E+00   2.6420560479164124E-01   9.8032003641128540E-01   1.2139945477247238E-01  -1.0187675952911377E+00   4.2038547992706299E-01   4.9348152242600918E-04
     182   1.0029297322034836E-02   3.5944600105285645E+00   5.9256768226623535E-01  -1.0375408828258514E-01   4.1590547189116478E-03   1.3073415029793978E-03  -1.2136818259023130E-04  -1.7791549907997251E-05   3.2219149943557568E-06  -1.3762293349373067E-07   2.3378636837005615E+00  -7.0691424608230591E-01  -1.0737109184265137E+00   4.2564168572425842E-01   1.1075353622436523E+00   4.2796341585926712E-04  -1.2876254320144653E+00   6.2185972929000854E-01   5.8299489319324493E-04
     183   1.0031738318502903E-02   3.6260058879852295E+00   5.8201372623443604E-01  -1.0470663011074066E-01   4.9238684587180614E-03   1.2900031870231032E-03  -1.4124011795502156E-04  -1.7839560314314440E-05   3.7470742881851038E-06  -1.7629662352192099E-07   2.3343777656555176E+00  -7.6384180784225464E-01  -1.0812594890594482E+00   4.9713993072509766E-01   1.1663445234298706E+00  -5.1526103168725967E-02  -1.4076886177062988E+00   7.1128100156784058E-01   5.1498349057510495E-04
     184   1.0032959282398224E-02   3.6291339397430420E+00   5.8119732141494751E-01  -1.0485707968473434E-01   4.9909953959286213E-03   1.2903149472549558E-03  -1.4287131489254534E-04  -1.7874224795377813E-05   3.7877416616538540E-06  -1.7900437399021030E-07   2.3334245681762695E+00  -7.6972985267639160E-01  -1.0817329883575439E+00   5.0471866130828857E-01   1.1728571653366089E+00  -5.5805955082178116E-02  -1.4193186759948730E+00   7.1756958961486816E-01   5.1270064432173967E-04
     185   1.0034179314970970E-02   3.5997338294982910E+00   5.8935171365737915E-01  -1.0361363738775253E-01   4.3230764567852020E-03   1.2955829733982682E-03  -1.2586842058226466E-04  -1.7678292351774871E-05   3.3459432415838819E-06  -1.4770523648621747E-07   2.3422269821166992E+00  -7.1656149625778198E-01  -1.0831701755523682E+00   4.3027803301811218E-01   1.1211086511611938E+00   6.9411909207701683E-03  -1.2955206632614136E+00   6.1687135696411133E-01   4.5495366794057190E-04
     186   1.0039062239229679E-02   3.6065347194671631E+00   5.9039932489395142E-01  -1.0456572473049164E-01   4.4085429981350899E-03   1.3137161731719971E-03  -1.2744047853630036E-04  -1.7994321751757525E-05   3.3736719160515349E-06  -1.4731617170582467E-07   2.3289904594421387E+00  -7.2960752248764038E-01  -1.0654366016387939E+00   4.6416249871253967E-01   1.1261036396026611E+00  -4.0275625884532928E-02  -1.3514285087585449E+00   6.8309742212295532E-01   5.7319522602483630E-04
     187   1.0078124701976776E-02   3.6255452632904053E+00   5.8380007743835449E-01  -1.0523464530706406E-01   4.8857904039323330E-03   1.3052822323516011E-03  -1.3968157873023301E-04  -1.8065667973132804E-05   3.6936799006070942E-06  -1.7047791800450796E-07   2.3246006965637207E+00  -7.6663869619369507E-01  -1.0692906379699707E+00   5.1103740930557251E-01   1.1642115116119385E+00  -7.3547713458538055E-02  -1.4286568164825439E+00   7.3855996131896973E-01   6.8406434729695320E-04
     188   1.0097656399011612E-02   3.6126520633697510E+00   5.8511883020401001E-01  -1.0426363348960876E-01   4.6588499099016190E-03   1.2938973959535360E-03  -1.3438369205687195E-04  -1.7792503058444709E-05   3.5667330848809797E-06  -1.6322996998496819E-07   2.3345322608947754E+00  -7.4417406320571899E-01  -1.0798742771148682E+00   4.7049599885940552E-01   1.1460405588150024E+00  -3.0278736725449562E-02  -1.3627806901931763E+00   6.7487370967864990E-01   4.5960227726027369E-04
     189   1.0100098326802254E-02   3.6473839282989502E+00   5.7613319158554077E-01  -1.0589573532342911E-01   5.4324283264577389E-03   1.2926417402923107E-03  -1.5388239989988506E-04  -1.8097727661370300E-05   4.0688128137844615E-06  -1.9810156004496093E-07   2.3215768337249756E+00  -8.0729627609252930E-01  -1.0745590925216675E+00   5.6190717220306396E-01   1.2056740522384644E+00  -1.1117961257696152E-01  -1.5144050121307373E+00   8.0340695381164551E-01   6.4478965941816568E-04
     190   1.0101318359375000E-02   3.6062366962432861E+00   5.8806180953979492E-01  -1.0426368564367294E-01   4.4856108725070953E-03   1.3030540430918336E-03  -1.2970420357305557E-04  -1.7863349057734013E-05   3.4392187444609590E-06  -1.5319477597586229E-07   2.3319756984710693E+00  -7.3293006420135498E-01  -1.0734034776687622E+00   4.6070742607116699E-01   1.1319096088409424E+00  -2.9398238286375999E-02  -1.3461376428604126E+00   6.7052739858627319E-01   4.7251506475731730E-04
     191   1.0102539323270321E-02   3.5584650039672852E+00   6.0230702161788940E-01  -1.0245601832866669E-01   3.3757728524506092E-03   1.3178597437217832E-03  -1.0126338020199910E-04  -1.7630662114243023E-05   2.6962031824950827E-06  -9.9817924592571217E-08   2.3427097797393799E+00  -6.4667749404907227E-01  -1.0701117515563965E+00   3.4510800242424011E-01   1.0457574129104614E+00   6.2442071735858917E-02  -1.1535950899124146E+00   5.1944243907928467E-01   4.9792847130447626E-04
     192   1.0107422247529030E-02   3.5513727664947510E+00   6.0374557971954346E-01  -1.0205683112144470E-01   3.2304751221090555E-03   1.3158936053514481E-03  -9.7681921033654362E-05  -1.7538804968353361E-05   2.6058255571115296E-06  -9.3840903048203472E-08   2.3462109565734863E+00  -6.3404768705368042E-01  -1.0726717710494995E+00   3.2540357112884521E-01   1.0342150926589966E+00   8.0908060073852539E-02  -1.1212458610534668E+00   4.9133050441741943E-01   5.2116392180323601E-04
     193   1.0109863243997097E-02   3.5604193210601807E+00   6.0121077299118042E-01  -1.0244473069906235E-01   3.4386557526886463E-03   1.3142302632331848E-03  -1.0299446876160800E-04  -1.7599390048417263E-05   2.7441112706583226E-06  -1.0364966840370471E-07   2.3432466983795166E+00  -6.5055292844772339E-01  -1.0718214511871338E+00   3.4884756803512573E-01   1.0498857498168945E+00   6.0258492827415466E-02  -1.1604712009429932E+00   5.2473306655883789E-01   4.6174146700650454E-04
     194   1.0112304240465164E-02   3.6448173522949219E+00   5.7553303241729736E-01  -1.0554041713476181E-01   5.4133562371134758E-03   1.2849969789385796E-03  -1.5369553875643760E-04  -1.7968533938983455E-05   4.0707795960770454E-06  -1.9931341910250922E-07   2.3257036209106445E+00  -8.0326128005981445E-01  -1.0802109241485596E+00   5.5127882957458496E-01   1.2039213180541992E+00  -9.7050584852695465E-02  -1.4975879192352295E+00   7.8374642133712769E-01   5.5211485596373677E-04
     195   1.0117187164723873E-02   3.5989360809326172E+00   5.9089946746826172E-01  -1.0419270396232605E-01   4.3044583871960640E-03   1.3109986903145909E-03  -1.2485499610193074E-04  -1.7912361727212556E-05   3.3080527828133199E-06  -1.4304643514151394E-07   2.3298742771148682E+00  -7.2099804878234863E-01  -1.0681875944137573E+00   4.4882389903068542E-01   1.1181492805480957E+00  -2.4303762242197990E-02  -1.3256180286407471E+00   6.5832263231277466E-01   4.9353332724422216E-04
     196   1.0119628161191940E-02   3.5526401996612549E+00   6.0569328069686890E-01  -1.0266658663749695E-01   3.2051003072410822E-03   1.3320811558514833E-03  -9.6459320047870278E-05  -1.7782665963750333E-05   2.5612259832996642E-06  -8.8567475131640094E-08   2.3366227149963379E+00  -6.3756597042083740E-01  -1.0593243837356567E+00   3.4199148416519165E-01   1.0320450067520142E+00   5.3944252431392670E-02  -1.1474376916885376E+00   5.2703195810317993E-01   4.9772730562835932E-04
     197   1.0122070088982582E-02   3.6164815425872803E+00   5.8403205871582031E-01  -1.0451507568359375E-01   4.7570900060236454E-03   1.2948852963745594E-03  -1.3683235738426447E-04  -1.7849002688308246E-05   3.6292676668381318E-06  -1.6744007780289394E-07   2.3310756683349609E+00  -7.5270551443099976E-01  -1.0772308111190796E+00   4.8429656028747559E-01   1.1527571678161621E+00  -4.5113369822502136E-02  -1.3859269618988037E+00   6.9805514812469482E-01   4.8907671589404345E-04
     198   1.0124511085450649E-02   3.6048407554626465E+00   5.8739137649536133E-01  -1.0406053066253662E-01   4.4870343990623951E-03   1.2984201312065125E-03  -1.2986021465621889E-04  -1.7793694496504031E-05   3.4459228572814027E-06  -1.5420887677919382E-07   2.3342125415802002E+00  -7.3191624879837036E-01  -1.0779247283935547E+00   4.5494031906127930E-01   1.1329952478408813E+00  -1.8920179456472397E-02  -1.3361262083053589E+00   6.5546309947967529E-01   4.3680315138772130E-04
     199   1.0126952081918716E-02   3.5979416370391846E+00   5.9129583835601807E-01  -1.0421496629714966E-01   4.2826342396438122E-03   1.3127668062224984E-03  -1.2424126907717437E-04  -1.7931488400790840E-05   3.2907839795370819E-06  -1.4160117700612318E-07   2.3288409709930420E+00  -7.1986329555511475E-01  -1.0666983127593994E+00   4.4844761490821838E-01   1.1162074804306030E+00  -2.5674670934677124E-02  -1.3248419761657715E+00   6.6012883186340332E-01   4.6664144610986114E-04
     200   1.0136717930436134E-02   3.6399013996124268E+00   5.7688879966735840E-01  -1.0542578995227814E-01   5.3088353015482426E-03   1.2881008442491293E-03  -1.5091187378857285E-04  -1.7975729861063883E-05   3.9957603803486563E-06  -1.9363587000498228E-07   2.3251724243164062E+00  -7.9608786106109619E-01  -1.0790770053863525E+00   5.4202747344970703E-01   1.1963729858398438E+00  -8.9784771203994751E-02  -1.4814069271087646E+00   7.7098506689071655E-01   5.0831720000132918E-04
     201   1.0139159858226776E-02   3.5809552669525146E+00   5.9366130828857422E-01  -1.0302221775054932E-01   3.9588073268532753E-03   1.3012866256758571E-03  -1.1646332859527320E-04  -1.7617574485484511E-05   3.0991427593107801E-06  -1.2983842623270903E-07   2.3413128852844238E+00  -6.8961542844772339E-01  -1.0797028541564941E+00   3.9504185318946838E-01   1.0920410156250000E+00   3.2261580228805542E-02  -1.2365810871124268E+00   5.7345438003540039E-01   4.8921030247583985E-04
     202   1.0141600854694843E-02   3.6198954582214355E+00   5.8212572336196899E-01  -1.0452542454004288E-01   4.8649306409060955E-03   1.2897723354399204E-03  -1.3969186693429947E-04  -1.7816244508139789E-05   3.7060383419884602E-06  -1.7337654867333185E-07   2.3317925930023193E+00  -7.6007181406021118E-01  -1.0810090303421021E+00   4.9070689082145691E-01   1.1614190340042114E+00  -4.6214617788791656E-02  -1.3965171575546265E+00   7.0220834016799927E-01   5.3900905186310410E-04
     203   1.0144041851162910E-02   3.5266458988189697E+00   6.1195135116577148E-01  -1.0144416987895966E-01   2.6469512376934290E-03   1.3322022277861834E-03  -8.2391568867024034E-05  -1.7551465134602040E-05   2.1991186258674134E-06  -6.3492443302948232E-08   2.3456478118896484E+00  -5.9203958511352539E-01  -1.0638388395309448E+00   2.7504000067710876E-01   9.8899751901626587E-01   1.1392442137002945E-01  -1.0361655950546265E+00   4.3242627382278442E-01   5.2220840007066727E-04
     204   1.0146483778953552E-02   3.6231851577758789E+00   5.8152073621749878E-01  -1.0474874079227448E-01   4.9346126616001129E-03   1.2913630343973637E-03  -1.4140996790956706E-04  -1.7868595023173839E-05   3.7496301956707612E-06  -1.7623068515604245E-07   2.3291442394256592E+00  -7.6643598079681396E-01  -1.0784440040588379E+00   5.0180417299270630E-01   1.1666566133499146E+00  -5.8018971234560013E-02  -1.4150003194808960E+00   7.1927410364151001E-01   4.9602024955675006E-04
     205   1.0156249627470970E-02   3.6594750881195068E+00   5.7030779123306274E-01  -1.0607753694057465E-01   5.7933656498789787E-03   1.2782461708411574E-03  -1.6349217912647873E-04  -1.8023054508375935E-05   4.3280610952933785E-06  -2.1799655769427773E-07   2.3212511539459229E+00  -8.3250331878662109E-01  -1.0815576314926147E+00   5.8970463275909424E-01   1.2323691844940186E+00  -1.2829023599624634E-01  -1.5622040033340454E+00   8.3565187454223633E-01   4.2129954090341926E-04
     206   1.0175781324505806E-02   3.5651009082794189E+00   5.9925907850265503E-01  -1.0275544226169586E-01   3.5825434606522322E-03   1.3149915030226111E-03  -1.0650133481249213E-04  -1.7676795323495753E-05   2.8317415399214951E-06  -1.0946763495667255E-07   2.3384554386138916E+00  -6.6350597143173218E-01  -1.0706245899200439E+00   3.6676076054573059E-01   1.0618847608566284E+00   4.5693296939134598E-02  -1.1889950037002563E+00   5.4683125019073486E-01   4.1015807073563337E-04
     207   1.0185547173023224E-02   3.5908043384552002E+00   5.9081596136093140E-01  -1.0359435528516769E-01   4.2016711086034775E-03   1.3027775567024946E-03  -1.2248422717675567E-04  -1.7745398508850485E-05   3.2519440082978690E-06  -1.4014115379268333E-07   2.3346076011657715E+00  -7.1060246229171753E-01  -1.0761992931365967E+00   4.2642849683761597E-01   1.1109139919281006E+00   3.3148727379739285E-03  -1.2881474494934082E+00   6.1773031949996948E-01   4.8763991799205542E-04
     208   1.0195312090218067E-02   3.5483822822570801E+00   6.0351270437240601E-01  -1.0203162580728531E-01   3.2205374445766211E-03   1.3166168937459588E-03  -9.7346965048927814E-05  -1.7549798940308392E-05   2.5955064302252140E-06  -9.2946606855548453E-08   2.3429677486419678E+00  -6.3448148965835571E-01  -1.0714896917343140E+00   3.2594439387321472E-01   1.0335209369659424E+00   7.9951442778110504E-02  -1.1214567422866821E+00   4.9142399430274963E-01   6.1641685897484422E-04
     209   1.0200195014476776E-02   3.5849082469940186E+00   5.9433043003082275E-01  -1.0381338745355606E-01   4.0280129760503769E-03   1.3171172467991710E-03  -1.1764313239837065E-04  -1.7895894416142255E-05   3.1169681733445032E-06  -1.2893568168692582E-07   2.3281655311584473E+00  -7.0112508535385132E-01  -1.0642713308334351E+00   4.2394378781318665E-01   1.0960409641265869E+00  -7.9200575128197670E-03  -1.2837604284286499E+00   6.2948077917098999E-01   4.8015953507274389E-04
     210   1.0202636010944843E-02   3.6674752235412598E+00   5.6873619556427002E-01  -1.0673633217811584E-01   5.9740091674029827E-03   1.2850352795794606E-03  -1.6775760741438717E-04  -1.8206090317107737E-05   4.4318135223875288E-06  -2.2423569134844001E-07   2.3124666213989258E+00  -8.5034769773483276E-01  -1.0742924213409424E+00   6.2017178535461426E-01   1.2468962669372559E+00  -1.5962216258049011E-01  -1.6114703416824341E+00   8.8118344545364380E-01   4.7221232671290636E-04
     211   1.0205077007412910E-02   3.6001241207122803E+00   5.8863490819931030E-01  -1.0415335744619370E-01   4.4121341779828072E-03   1.3052015565335751E-03  -1.2771300680469722E-04  -1.7870721421786584E-05   3.3850351428554859E-06  -1.4905850775903673E-07   2.3284304141998291E+00  -7.2878307104110718E-01  -1.0713243484497070E+00   4.5558854937553406E-01   1.1262549161911011E+00  -2.6507291942834854E-02  -1.3368604183197021E+00   6.6342872381210327E-01   4.3048680527135730E-04
     212   1.0209959931671619E-02   3.5759215354919434E+00   5.9459167718887329E-01  -1.0297704488039017E-01   3.8834793958812952E-03   1.3047200627624989E-03  -1.1442646791692823E-04  -1.7641970771364868E-05   3.0437518034887034E-06  -1.2551868167065550E-07   2.3379573822021484E+00  -6.8508559465408325E-01  -1.0760476589202881E+00   3.9114287495613098E-01   1.0848357677459717E+00   3.0692903324961662E-02  -1.2302904129028320E+00   5.7445442676544189E-01   4.4967126450501382E-04
     213   1.0214842855930328E-02   3.5875761508941650E+00   5.9196275472640991E-01  -1.0362643003463745E-01   4.1343690827488899E-03   1.3073097215965390E-03  -1.2063354370184243E-04  -1.7789014236768708E-05   3.2008410926209763E-06  -1.3599698434063612E-07   2.3319160938262939E+00  -7.0662528276443481E-01  -1.0719829797744751E+00   4.2430663108825684E-01   1.1043487787246704E+00  -4.9344619037583470E-04  -1.2849078178405762E+00   6.2249392271041870E-01   4.8476783558726311E-04
     214   1.0234374552965164E-02   3.5628800392150879E+00   5.9964823722839355E-01  -1.0282856971025467E-01   3.5605751909315586E-03   1.3181347167119384E-03  -1.0584449773887172E-04  -1.7715370631776750E-05   2.8130923510616412E-06  -1.0782150638988242E-07   2.3344676494598389E+00  -6.6337627172470093E-01  -1.0665103197097778E+00   3.6964982748031616E-01   1.0593942403793335E+00   3.8726590573787689E-02  -1.1937646865844727E+00   5.5545103549957275E-01   4.5507395407184958E-04
     215   1.0236816480755806E-02   3.6283979415893555E+00   5.7970541715621948E-01  -1.0523319989442825E-01   5.0935638137161732E-03   1.2955457204952836E-03  -1.4519067190121859E-04  -1.8004389858106151E-05   3.8422622310463339E-06  -1.8199438045485294E-07   2.3208696842193604E+00  -7.8197318315505981E-01  -1.0731558799743652E+00   5.2674663066864014E-01   1.1791894435882568E+00  -8.2955047488212585E-02  -1.4552768468856812E+00   7.5552499294281006E-01   6.0144026065245271E-04
     216   1.0239257477223873E-02   3.6363985538482666E+00   5.7807213068008423E-01  -1.0571239143610001E-01   5.2643897943198681E-03   1.2979800812900066E-03  -1.4944297436159104E-04  -1.8113511032424867E-05   3.9504111555288546E-06  -1.8917526745099167E-07   2.3159084320068359E+00  -7.9656356573104858E-01  -1.0684601068496704E+00   5.5098986625671387E-01   1.1908944845199585E+00  -1.0929712653160095E-01  -1.4962098598480225E+00   7.9667329788208008E-01   4.6718426165170968E-04
     217   1.0244140401482582E-02   3.6188492774963379E+00   5.8191651105880737E-01  -1.0475942492485046E-01   4.8926584422588348E-03   1.2946777278557420E-03  -1.4019082300364971E-04  -1.7906875655171461E-05   3.7147726743569365E-06  -1.7329909951513400E-07   2.3244493007659912E+00  -7.6495766639709473E-01  -1.0746325254440308E+00   5.0193005800247192E-01   1.1623992919921875E+00  -6.2418241053819656E-02  -1.4149210453033447E+00   7.2434651851654053E-01   6.6681724274531007E-04
     218   1.0249023325741291E-02   3.6166205406188965E+00   5.8185243606567383E-01  -1.0453271865844727E-01   4.8592574894428253E-03   1.2911156518384814E-03  -1.3944854435976595E-04  -1.7838234271039255E-05   3.6978983644075925E-06  -1.7256796525089158E-07   2.3272645473480225E+00  -7.6120907068252563E-01  -1.0785988569259644E+00   4.9311375617980957E-01   1.1605912446975708E+00  -5.0331182777881622E-02  -1.3999745845794678E+00   7.0682978630065918E-01   4.8019981477409601E-04
     219   1.0250244289636612E-02   3.6327323913574219E+00   5.7671248912811279E-01  -1.0507265478372574E-01   5.2428185008466244E-03   1.2838860275223851E-03  -1.4935992658138275E-04  -1.7884449334815145E-05   3.9588203435414471E-06  -1.9161321063165815E-07   2.3246514797210693E+00  -7.9036688804626465E-01  -1.0812965631484985E+00   5.3079676628112793E-01   1.1904110908508301E+00  -7.8605763614177704E-02  -1.4629369974136353E+00   7.5417345762252808E-01   5.7717546587809920E-04
     220   1.0251464322209358E-02   3.5918252468109131E+00   5.8951860666275024E-01  -1.0366287082433701E-01   4.2769755236804485E-03   1.3008388923481107E-03  -1.2445189349818975E-04  -1.7746990124578588E-05   3.3044777865143260E-06  -1.4405230785996537E-07   2.3317263126373291E+00  -7.1657121181488037E-01  -1.0752695798873901E+00   4.3468102812767029E-01   1.1151896715164185E+00  -5.7863672263920307E-03  -1.3025674819946289E+00   6.3275831937789917E-01   5.3026550449430943E-04
     221   1.0253906250000000E-02   3.6066739559173584E+00   5.8537936210632324E-01  -1.0429877042770386E-01   4.6159331686794758E-03   1.2983394553884864E-03  -1.3307065819390118E-04  -1.7849892174126580E-05   3.5281061627756571E-06  -1.5985219192771183E-07   2.3270914554595947E+00  -7.4360698461532593E-01  -1.0744162797927856E+00   4.7257244586944580E-01   1.1413338184356689E+00  -3.7980355322360992E-02  -1.3656231164932251E+00   6.8447810411453247E-01   4.6108252718113363E-04
     222   1.0273437015712261E-02   3.6024577617645264E+00   5.8838558197021484E-01  -1.0459823906421661E-01   4.4793677516281605E-03   1.3129619183018804E-03  -1.2909331417176872E-04  -1.8022477888735011E-05   3.4138072351197479E-06  -1.4996969355252077E-07   2.3202280998229980E+00  -7.3764723539352417E-01  -1.0634925365447998E+00   4.7391256690025330E-01   1.1310644149780273E+00  -4.9358688294887543E-02  -1.3663901090621948E+00   6.9559496641159058E-01   4.7916019684635103E-04
     223   1.0312499478459358E-02   3.6252274513244629E+00   5.8031970262527466E-01  -1.0532643646001816E-01   5.0550727173686028E-03   1.3005606597289443E-03  -1.4399585779756308E-04  -1.8071019439958036E-05   3.8064495129219722E-06  -1.7874889124414040E-07   2.3160972595214844E+00  -7.8113919496536255E-01  -1.0686088800430298E+00   5.2861100435256958E-01   1.1754429340362549E+00  -8.9422032237052917E-02  -1.4578564167022705E+00   7.6383066177368164E-01   4.8710402916185558E-04
     224   1.0468749329447746E-02   3.6200499534606934E+00   5.7870578765869141E-01  -1.0500458627939224E-01   5.0680069252848625E-03   1.2934660771861672E-03  -1.4447583816945553E-04  -1.7971216948353685E-05   3.8227162804105319E-06  -1.8069741258841532E-07   2.3149909973144531E+00  -7.8143846988677979E-01  -1.0731536149978638E+00   5.2303576469421387E-01   1.1763150691986084E+00  -7.9569764435291290E-02  -1.4482458829879761E+00   7.4987846612930298E-01   5.0531898159533739E-04
     225   1.0546874254941940E-02   3.6009745597839355E+00   5.8425176143646240E-01  -1.0452882945537567E-01   4.6559879556298256E-03   1.3042042264714837E-03  -1.3371178647503257E-04  -1.7968619431485422E-05   3.5372288493817905E-06  -1.5949143516991171E-07   2.3130908012390137E+00  -7.5184375047683716E-01  -1.0661606788635254E+00   4.8771160840988159E-01   1.1433645486831665E+00  -5.8065485209226608E-02  -1.3890511989593506E+00   7.1101677417755127E-01   4.4565304415300488E-04
     226   1.0549316182732582E-02   3.5358762741088867E+00   6.0305696725845337E-01  -1.0193666070699692E-01   3.1577805057168007E-03   1.3207097072154284E-03  -9.5411334768868983E-05  -1.7601423678570427E-05   2.5386286779394140E-06  -8.8172271262010327E-08   2.3299756050109863E+00  -6.3424795866012573E-01  -1.0653879642486572E+00   3.2663756608963013E-01   1.0274059772491455E+00   7.4027873575687408E-02  -1.1206865310668945E+00   4.9659112095832825E-01   4.9223075620830059E-04
     227   1.0551757179200649E-02   3.6183066368103027E+00   5.7789319753646851E-01  -1.0494224727153778E-01   5.0903419032692909E-03   1.2914340477436781E-03  -1.4507651212625206E-04  -1.7951413610717282E-05   3.8392286114685703E-06  -1.8206669949449861E-07   2.3129913806915283E+00  -7.8327149152755737E-01  -1.0734578371047974E+00   5.2429109811782837E-01   1.1772344112396240E+00  -8.0749027431011200E-02  -1.4504731893539429E+00   7.5223338603973389E-01   5.0236762035638094E-04
     228   1.0556640103459358E-02   3.5974729061126709E+00   5.8472651243209839E-01  -1.0430900752544403E-01   4.5897262170910835E-03   1.3027573004364967E-03  -1.3204099377617240E-04  -1.7921176549862139E-05   3.4940703699248843E-06  -1.5661522922982840E-07   2.3153543472290039E+00  -7.4608361721038818E-01  -1.0691171884536743E+00   4.7688621282577515E-01   1.1390506029129028E+00  -4.5276716351509094E-02  -1.3705506324768066E+00   6.9176304340362549E-01   5.0325901247560978E-04
     229   1.0566405951976776E-02   3.5591464042663574E+00   5.9547317028045654E-01  -1.0273985564708710E-01   3.7203945685178041E-03   1.3107146369293332E-03  -1.0989620932377875E-04  -1.7682141333352774E-05   2.9184477625676664E-06  -1.1573806091291772E-07   2.3255908489227295E+00  -6.7723971605300903E-01  -1.0692185163497925E+00   3.8201960921287537E-01   1.0709687471389771E+00   3.2198410481214523E-02  -1.2130953073501587E+00   5.6699377298355103E-01   5.2682496607303619E-04
     230   1.0585937649011612E-02   3.5501027107238770E+00   5.9840881824493408E-01  -1.0251341760158539E-01   3.5149059258401394E-03   1.3158110668882728E-03  -1.0461205965839326E-04  -1.7672789908829145E-05   2.7802338991023134E-06  -1.0560582097696170E-07   2.3247382640838623E+00  -6.6204744577407837E-01  -1.0644139051437378E+00   3.6542236804962158E-01   1.0534211397171021E+00   3.9425168186426163E-02  -1.1863634586334229E+00   5.5263525247573853E-01   6.1006395844742656E-04
     231   1.0588379576802254E-02   3.5475184917449951E+00   5.9850084781646729E-01  -1.0227543115615845E-01   3.4714590292423964E-03   1.3124985853210092E-03  -1.0361141903558746E-04  -1.7603935702936724E-05   2.7565426989895059E-06  -1.0436826869408833E-07   2.3276562690734863E+00  -6.5746217966079712E-01  -1.0681705474853516E+00   3.5568085312843323E-01   1.0506414175033569E+00   5.1828712224960327E-02  -1.1700567007064819E+00   5.3448522090911865E-01   4.4626640737988055E-04
     232   1.0590820573270321E-02   3.5868625640869141E+00   5.8655148744583130E-01  -1.0372843593358994E-01   4.3929568491876125E-03   1.2990187387913465E-03  -1.2727799185086042E-04  -1.7778254914446734E-05   3.3759890811779769E-06  -1.4902995815191389E-07   2.3192098140716553E+00  -7.2866183519363403E-01  -1.0715188980102539E+00   4.5054635405540466E-01   1.1219270229339600E+00  -2.3148337379097939E-02  -1.3283666372299194E+00   6.5818804502487183E-01   6.1535922577604651E-04
     233   1.0595703497529030E-02   3.5884633064270020E+00   5.8589875698089600E-01  -1.0376799106597900E-01   4.4325166381895542E-03   1.2981783365830779E-03  -1.2824617442674935E-04  -1.7784150259103626E-05   3.4002109714492690E-06  -1.5073310066782142E-07   2.3194026947021484E+00  -7.3200958967208862E-01  -1.0734349489212036E+00   4.5330390334129333E-01   1.1266994476318359E+00  -2.1537924185395241E-02  -1.3317800760269165E+00   6.5555429458618164E-01   4.8470546607859433E-04
     234   1.0598145425319672E-02   3.6026177406311035E+00   5.8164560794830322E-01  -1.0430806130170822E-01   4.7635501250624657E-03   1.2938245199620724E-03  -1.3672768545802683E-04  -1.7854983525467105E-05   3.6216847547621001E-06  -1.6662563950831100E-07   2.3160753250122070E+00  -7.5768262147903442E-01  -1.0742264986038208E+00   4.8781457543373108E-01   1.1520311832427979E+00  -4.9560789018869400E-02  -1.3894525766372681E+00   7.0193296670913696E-01   6.4538867445662618E-04
     235   1.0600586421787739E-02   3.5987455844879150E+00   5.8275026082992554E-01  -1.0415900498628616E-01   4.6776332892477512E-03   1.2946608476340771E-03  -1.3456208398565650E-04  -1.7831123841460794E-05   3.5659445529745426E-06  -1.6269736136109714E-07   2.3167505264282227E+00  -7.5072836875915527E-01  -1.0734100341796875E+00   4.7897008061408997E-01   1.1443850994110107E+00  -4.4197697192430496E-02  -1.3753253221511841E+00   6.9367837905883789E-01   4.3964013457298279E-04
     236   1.0605469346046448E-02   3.5725746154785156E+00   5.8985054492950439E-01  -1.0302622616291046E-01   4.0868981741368771E-03   1.2984949862584472E-03  -1.1954345245612785E-04  -1.7643495084485039E-05   3.1764916457177605E-06  -1.3524626751859614E-07   2.3249294757843018E+00  -7.0373171567916870E-01  -1.0756760835647583E+00   4.1230225563049316E-01   1.0995337963104248E+00   1.4050885103642941E-02  -1.2639517784118652E+00   5.9976845979690552E-01   5.1216053543612361E-04
     237   1.0625000111758709E-02   3.5494403839111328E+00   5.9925705194473267E-01  -1.0277082771062851E-01   3.4965761005878448E-03   1.3233056524768472E-03  -1.0386954818386585E-04  -1.7783853763830848E-05   2.7548987873160513E-06  -1.0282754914214820E-07   2.3193018436431885E+00  -6.6334193944931030E-01  -1.0577093362808228E+00   3.7271612882614136E-01   1.0513586997985840E+00   2.6284160092473030E-02  -1.1980391740798950E+00   5.7008802890777588E-01   5.4459529928863049E-04
     238   1.0703125968575478E-02   3.5807609558105469E+00   5.8809417486190796E-01  -1.0382908582687378E-01   4.2935083620250225E-03   1.3077008770778775E-03  -1.2438576959539205E-04  -1.7877526261145249E-05   3.2931113764789188E-06  -1.4201846454398037E-07   2.3124773502349854E+00  -7.2458606958389282E-01  -1.0646696090698242E+00   4.4968718290328979E-01   1.1142752170562744E+00  -2.8505278751254082E-02  -1.3254665136337280E+00   6.6217774152755737E-01   5.3410086547955871E-04
     239   1.0742188431322575E-02   3.5949380397796631E+00   5.8176898956298828E-01  -1.0403770953416824E-01   4.6883560717105865E-03   1.2923289323225617E-03  -1.3483164366334677E-04  -1.7804530216380954E-05   3.5731702610064531E-06  -1.6338844943675213E-07   2.3135538101196289E+00  -7.5227510929107666E-01  -1.0742037296295166E+00   4.7877550125122070E-01   1.1452758312225342E+00  -4.2384348809719086E-02  -1.3744046688079834E+00   6.8991899490356445E-01   4.8188606160692871E-04
     240   1.0747071355581284E-02   3.5922966003417969E+00   5.8307594060897827E-01  -1.0406893491744995E-01   4.6158256009221077E-03   1.2968777446076274E-03  -1.3285237946547568E-04  -1.7844564354163595E-05   3.5189571008231724E-06  -1.5905632722024166E-07   2.3118765354156494E+00  -7.4785512685775757E-01  -1.0707000494003296E+00   4.7576588392257690E-01   1.1392756700515747E+00  -4.3779481202363968E-02  -1.3692314624786377E+00   6.9048702716827393E-01   4.7977571375668049E-04
     241   1.0751953348517418E-02   3.5919687747955322E+00   5.8227318525314331E-01  -1.0387253016233444E-01   4.6343659050762653E-03   1.2910551158711314E-03  -1.3355039118323475E-04  -1.7759932234184816E-05   3.5421815027802950E-06  -1.6148497650192439E-07   2.3145649433135986E+00  -7.4735945463180542E-01  -1.0745792388916016E+00   4.7166144847869873E-01   1.1401985883712769E+00  -3.7112858146429062E-02  -1.3633103370666504E+00   6.8204152584075928E-01   4.6850583748891950E-04
     242   1.0754395276308060E-02   3.5849487781524658E+00   5.8475703001022339E-01  -1.0370001941919327E-01   4.4626006856560707E-03   1.2958789011463523E-03  -1.2906886695418507E-04  -1.7762720744940452E-05   3.4234531085530762E-06  -1.5265229080796416E-07   2.3145272731781006E+00  -7.3487025499343872E-01  -1.0716575384140015E+00   4.5707806944847107E-01   1.1265517473220825E+00  -2.8368337079882622E-02  -1.3389635086059570E+00   6.6638511419296265E-01   4.8172229435294867E-04
     243   1.0756836272776127E-02   3.5459747314453125E+00   5.9777528047561646E-01  -1.0254133492708206E-01   3.5201611462980509E-03   1.3177596265450120E-03  -1.0454996663611382E-04  -1.7712834960548207E-05   2.7747028070734814E-06  -1.0479377721139826E-07   2.3184576034545898E+00  -6.6485154628753662E-01  -1.0620442628860474E+00   3.6929494142532349E-01   1.0538637638092041E+00   3.4876257181167603E-02  -1.1914484500885010E+00   5.5796748399734497E-01   4.3640239164233208E-04
     244   1.0761719197034836E-02   3.5223288536071777E+00   6.0443258285522461E-01  -1.0157322883605957E-01   2.9833959415555000E-03   1.3225941220298409E-03  -9.0894784079864621E-05  -1.7563281289767474E-05   2.4201756332331570E-06  -7.9645388950666529E-08   2.3247079849243164E+00  -6.2229537963867188E-01  -1.0618230104446411E+00   3.1097450852394104E-01   1.0116527080535889E+00   8.2033589482307434E-02  -1.0948156118392944E+00   4.8183786869049072E-01   5.1009445451200008E-04
     245   1.0766602121293545E-02   3.5446982383728027E+00   5.9734076261520386E-01  -1.0234432667493820E-01   3.5151815973222256E-03   1.3132353778928518E-03  -1.0459746408741921E-04  -1.7639111320022494E-05   2.7799121653515613E-06  -1.0578764886304270E-07   2.3207478523254395E+00  -6.6298204660415649E-01  -1.0653196573257446E+00   3.6374837160110474E-01   1.0532416105270386E+00   4.2460016906261444E-02  -1.1827970743179321E+00   5.4754418134689331E-01   5.9858540771529078E-04
     246   1.0771485045552254E-02   3.5792555809020996E+00   5.8634066581726074E-01  -1.0351839661598206E-01   4.3374211527407169E-03   1.2983494671061635E-03  -1.2580183101817966E-04  -1.7751153791323304E-05   3.3366911793564213E-06  -1.4625872779561178E-07   2.3149712085723877E+00  -7.2564584016799927E-01  -1.0710675716400146E+00   4.4469851255416870E-01   1.1173218488693237E+00  -1.8096568062901497E-02  -1.3177971839904785E+00   6.4900594949722290E-01   4.4472701847553253E-04
     247   1.0773926973342896E-02   3.5661644935607910E+00   5.9028398990631104E-01  -1.0304152965545654E-01   4.0304893627762794E-03   1.3032492715865374E-03  -1.1786426330218092E-04  -1.7701795513858087E-05   3.1275958463083953E-06  -1.3106468088608381E-07   2.3178532123565674E+00  -7.0221465826034546E-01  -1.0706198215484619E+00   4.1277450323104858E-01   1.0944184064865112E+00   8.7822703644633293E-03  -1.2638629674911499E+00   6.0463815927505493E-01   4.8573705134913325E-04
     248   1.0776367969810963E-02   3.6095585823059082E+00   5.7592099905014038E-01  -1.0438068211078644E-01   5.0757448188960552E-03   1.2805410660803318E-03  -1.4495842333417386E-04  -1.7783157090889290E-05   3.8423663681896869E-06  -1.8355970610173244E-07   2.3128342628479004E+00  -7.8057855367660522E-01  -1.0810346603393555E+00   5.1114904880523682E-01   1.1758451461791992E+00  -6.1498124152421951E-02  -1.4283037185668945E+00   7.2485965490341187E-01   6.0848018620163202E-04
     249   1.0778808966279030E-02   3.6041331291198730E+00   5.7936525344848633E-01  -1.0458642989397049E-01   4.9062469042837620E-03   1.2943014735355973E-03  -1.4023944095242769E-04  -1.7926748114405200E-05   3.7107824937265832E-06  -1.7265089979900949E-07   2.3072264194488525E+00  -7.7111256122589111E-01  -1.0699653625488281E+00   5.0802302360534668E-01   1.1614421606063843E+00  -7.1289964020252228E-02  -1.4228750467300415E+00   7.3485714197158813E-01   6.2982703093439341E-04
     250   1.0781250894069672E-02   3.6003785133361816E+00   5.8069491386413574E-01  -1.0449915379285812E-01   4.8135165125131607E-03   1.2971586547791958E-03  -1.3779092114418745E-04  -1.7933320123120211E-05   3.6452127005759394E-06  -1.6771407729265775E-07   2.3072278499603271E+00  -7.6454222202301025E-01  -1.0687040090560913E+00   5.0006371736526489E-01   1.1545752286911011E+00  -6.5608963370323181E-02  -1.4092414379119873E+00   7.2459924221038818E-01   7.4310146737843752E-04
     251   1.0800782591104507E-02   3.5848133563995361E+00   5.8410036563873291E-01  -1.0369877517223358E-01   4.4928714632987976E-03   1.2945857597514987E-03  -1.2986344518139958E-04  -1.7756829038262367E-05   3.4446334211679641E-06  -1.5425983690420253E-07   2.3132219314575195E+00  -7.3727083206176758E-01  -1.0717326402664185E+00   4.5980039238929749E-01   1.1283967494964600E+00  -3.0843092128634453E-02  -1.3436315059661865E+00   6.7055100202560425E-01   5.4393068421632051E-04
     252   1.0820313356816769E-02   3.5829493999481201E+00   5.8429658412933350E-01  -1.0361709445714951E-01   4.4629243202507496E-03   1.2945232447236776E-03  -1.2906773190479726E-04  -1.7745382137945853E-05   3.4232559755764669E-06  -1.5272874520633195E-07   2.3135485649108887E+00  -7.3507046699523926E-01  -1.0727566480636597E+00   4.5556986331939697E-01   1.1267632246017456E+00  -2.5466427206993103E-02  -1.3360357284545898E+00   6.6191130876541138E-01   4.7174186329357326E-04
     253   1.0839844122529030E-02   3.5263762474060059E+00   6.0177731513977051E-01  -1.0167366266250610E-01   3.1355139799416065E-03   1.3178903609514236E-03  -9.4790731964167207E-05  -1.7558215404278599E-05   2.5220681436621817E-06  -8.7187764563623205E-08   2.3229961395263672E+00  -6.3421493768692017E-01  -1.0653662681579590E+00   3.2321470975875854E-01   1.0248125791549683E+00   7.7438302338123322E-02  -1.1140522956848145E+00   4.9010035395622253E-01   4.6131524140946567E-04
     254   1.0859375819563866E-02   3.6051087379455566E+00   5.7663559913635254E-01  -1.0435535758733749E-01   5.0177141092717648E-03   1.2833651853725314E-03  -1.4341103087645024E-04  -1.7803755326895043E-05   3.8008370211173315E-06  -1.8032578452675807E-07   2.3090634346008301E+00  -7.7727013826370239E-01  -1.0768532752990723E+00   5.0949466228485107E-01   1.1695570945739746E+00  -6.5861545503139496E-02  -1.4261389970779419E+00   7.2994732856750488E-01   5.3235830273479223E-04
     255   1.0878907516598701E-02   3.6203885078430176E+00   5.7277619838714600E-01  -1.0515501350164413E-01   5.3606750443577766E-03   1.2848000042140484E-03  -1.5196751337498426E-04  -1.7970682165469043E-05   4.0193299355451018E-06  -1.9522089189649705E-07   2.3016448020935059E+00  -8.0618578195571899E-01  -1.0729106664657593E+00   5.5252766609191895E-01   1.1963049173355103E+00  -1.0490112006664276E-01  -1.4970891475677490E+00   7.9057556390762329E-01   4.5516324462369084E-04
     256   1.0888673365116119E-02   3.5907273292541504E+00   5.8189529180526733E-01  -1.0412316769361496E-01   4.6663493849337101E-03   1.2965982314199209E-03  -1.3406394282355905E-04  -1.7865673726191744E-05   3.5491884773364291E-06  -1.6109797229546530E-07   2.3067438602447510E+00  -7.5324922800064087E-01  -1.0691170692443848E+00   4.8302361369132996E-01   1.1427764892578125E+00  -5.1007684320211411E-02  -1.3807475566864014E+00   7.0060479640960693E-01   5.6347635108977556E-04
     257   1.0893555358052254E-02   3.5725364685058594E+00   5.8650523424148560E-01  -1.0326994210481644E-01   4.2653870768845081E-03   1.2972089461982250E-03  -1.2394637451507151E-04  -1.7708387531456538E-05   3.2882396681088721E-06  -1.4293939898379904E-07   2.3134126663208008E+00  -7.2053116559982300E-01  -1.0720692873001099E+00   4.3535184860229492E-01   1.1118456125259399E+00  -8.6321169510483742E-03  -1.3016141653060913E+00   6.3351666927337646E-01   5.6790187954902649E-04
     258   1.0898438282310963E-02   3.5543999671936035E+00   5.9216922521591187E-01  -1.0265505313873291E-01   3.8398921024054289E-03   1.3047448592260480E-03  -1.1298739991616458E-04  -1.7647544154897332E-05   3.0008238809386967E-06  -1.2208062116769725E-07   2.3161575794219971E+00  -6.8802279233932495E-01  -1.0688101053237915E+00   3.9351630210876465E-01   1.0781912803649902E+00   2.1842835471034050E-02  -1.2321195602416992E+00   5.8268731832504272E-01   5.2969949319958687E-04
     259   1.0900879278779030E-02   3.6243915557861328E+00   5.7072305679321289E-01  -1.0519122332334518E-01   5.4842303507030010E-03   1.2792833149433136E-03  -1.5528080984950066E-04  -1.7936783478944562E-05   4.1090252125286497E-06  -2.0215928486777557E-07   2.3018958568572998E+00  -8.1446963548660278E-01  -1.0756537914276123E+00   5.6121909618377686E-01   1.2049698829650879E+00  -1.1030106246471405E-01  -1.5124409198760986E+00   8.0153793096542358E-01   5.9255870291963220E-04
     260   1.0903321206569672E-02   3.5882303714752197E+00   5.8231532573699951E-01  -1.0400610417127609E-01   4.6237772330641747E-03   1.2959875166416168E-03  -1.3304357707966119E-04  -1.7837979612522759E-05   3.5240229863120476E-06  -1.5946332609928504E-07   2.3070821762084961E+00  -7.4939179420471191E-01  -1.0687898397445679E+00   4.7785234451293945E-01   1.1380652189254761E+00  -4.8643510788679123E-02  -1.3730895519256592E+00   6.9765883684158325E-01   4.9645744729787111E-04
     261   1.0908203199505806E-02   3.5298869609832764E+00   5.9893816709518433E-01  -1.0163760930299759E-01   3.2871188595890999E-03   1.3093323213979602E-03  -9.8919917945750058E-05  -1.7487767763668671E-05   2.6355726276960922E-06  -9.6212822597863124E-08   2.3228540420532227E+00  -6.4418953657150269E-01  -1.0693198442459106E+00   3.3270305395126343E-01   1.0351437330245972E+00   7.2251610457897186E-02  -1.1310609579086304E+00   5.0148731470108032E-01   5.4064369760453701E-04
     262   1.0910645127296448E-02   3.5820353031158447E+00   5.8277231454849243E-01  -1.0348791629076004E-01   4.5168725773692131E-03   1.2891951482743025E-03  -1.3058360491413623E-04  -1.7687152649159543E-05   3.4659813081816537E-06  -1.5634934413810697E-07   2.3128590583801270E+00  -7.3844486474990845E-01  -1.0754904747009277E+00   4.5677143335342407E-01   1.1302456855773926E+00  -2.4070067331194878E-02  -1.3383816480636597E+00   6.6138362884521484E-01   5.6482828222215176E-04
     263   1.0913086123764515E-02   3.5927872657775879E+00   5.8047813177108765E-01  -1.0410373657941818E-01   4.7459541819989681E-03   1.2918638531118631E-03  -1.3627827866002917E-04  -1.7823607777245343E-05   3.6109368011238985E-06  -1.6605868324859330E-07   2.3068525791168213E+00  -7.5811940431594849E-01  -1.0706180334091187E+00   4.8817023634910583E-01   1.1472651958465576E+00  -5.5567990988492966E-02  -1.3906232118606567E+00   7.1014297008514404E-01   4.7881650971248746E-04
     264   1.0917969048023224E-02   3.5627834796905518E+00   5.8940070867538452E-01  -1.0298183560371399E-01   4.0456322021782398E-03   1.3021883787587285E-03  -1.1820474901469424E-04  -1.7697104340186343E-05   3.1356880754174199E-06  -1.3164967072043510E-07   2.3138854503631592E+00  -7.0433092117309570E-01  -1.0701125860214233E+00   4.1445454955101013E-01   1.0948584079742432E+00   6.8164607509970665E-03  -1.2663265466690063E+00   6.0748708248138428E-01   4.5021783444099128E-04
     265   1.0927734896540642E-02   3.5898230075836182E+00   5.8121901750564575E-01  -1.0401143133640289E-01   4.6818959526717663E-03   1.2934460537508130E-03  -1.3454469444695860E-04  -1.7825313989305869E-05   3.5634382129501319E-06  -1.6244904088580370E-07   2.3072159290313721E+00  -7.5372260808944702E-01  -1.0712698698043823E+00   4.8129922151565552E-01   1.1436953544616699E+00  -4.7573558986186981E-02  -1.3780993223190308E+00   6.9637399911880493E-01   4.5972474617883563E-04
     266   1.0930176824331284E-02   3.5390756130218506E+00   5.9684115648269653E-01  -1.0220258682966232E-01   3.4898268058896065E-03   1.3125966070219874E-03  -1.0386792564531788E-04  -1.7625847249291837E-05   2.7593591767072212E-06  -1.0427956453895604E-07   2.3169095516204834E+00  -6.6225504875183105E-01  -1.0653725862503052E+00   3.6079004406929016E-01   1.0513737201690674E+00   4.5957043766975403E-02  -1.1768414974212646E+00   5.4116266965866089E-01   4.9754860810935497E-04
     267   1.0932617820799351E-02   3.5505285263061523E+00   5.9340733289718628E-01  -1.0264052450656891E-01   3.7564851809293032E-03   1.3091810978949070E-03  -1.1068624735344201E-04  -1.7684633348835632E-05   2.9371094569796696E-06  -1.1700540625270150E-07   2.3142461776733398E+00  -6.8314915895462036E-01  -1.0663158893585205E+00   3.8864290714263916E-01   1.0725121498107910E+00   2.4514831602573395E-02  -1.2229135036468506E+00   5.7613325119018555E-01   5.8697414351627231E-04
     268   1.0935058817267418E-02   3.5748665332794189E+00   5.8664751052856445E-01  -1.0367997735738754E-01   4.3131406418979168E-03   1.3047220418229699E-03  -1.2489237997215241E-04  -1.7845073671196587E-05   3.3071721645683283E-06  -1.4328922759432317E-07   2.3064873218536377E+00  -7.2725373506546021E-01  -1.0641216039657593E+00   4.5126512646675110E-01   1.1144374608993530E+00  -3.0625011771917343E-02  -1.3278105258941650E+00   6.6514098644256592E-01   5.7245028438046575E-04
     269   1.0937500745058060E-02   3.5825200080871582E+00   5.8503437042236328E-01  -1.0412713885307312E-01   4.4742412865161896E-03   1.3071275316178799E-03  -1.2884728494100273E-04  -1.7951404515770264E-05   3.4065240015479503E-06  -1.4980412288423395E-07   2.3022522926330566E+00  -7.4136531352996826E-01  -1.0610618591308594E+00   4.7335454821586609E-01   1.1271451711654663E+00  -5.1567427814006805E-02  -1.3640921115875244E+00   6.9686633348464966E-01   6.3273072009906173E-04
     270   1.0942383669316769E-02   3.5707919597625732E+00   5.8596640825271606E-01  -1.0313320904970169E-01   4.2652776464819908E-03   1.2944069458171725E-03  -1.2399182014632970E-04  -1.7666790881776251E-05   3.2906718843150884E-06  -1.4341945586693328E-07   2.3138842582702637E+00  -7.2013372182846069E-01  -1.0747059583663940E+00   4.3183043599128723E-01   1.1123347282409668E+00  -2.3132057394832373E-03  -1.2952818870544434E+00   6.2464451789855957E-01   5.5953866103664041E-04
     271   1.0947266593575478E-02   3.5989658832550049E+00   5.7785099744796753E-01  -1.0427915304899216E-01   4.9187242984771729E-03   1.2873983941972256E-03  -1.4074036153033376E-04  -1.7828393538366072E-05   3.7282834455254488E-06  -1.7471259639023629E-07   2.3056905269622803E+00  -7.7121090888977051E-01  -1.0732778310775757E+00   5.0337159633636475E-01   1.1611969470977783E+00  -6.4667493104934692E-02  -1.4156194925308228E+00   7.2587358951568604E-01   5.5106158833950758E-04
     272   1.0952149517834187E-02   3.5348582267761230E+00   5.9707987308502197E-01  -1.0188965499401093E-01   3.4267061855643988E-03   1.3083944795653224E-03  -1.0244999430142343E-04  -1.7533171558170579E-05   2.7267751647741534E-06  -1.0261583582860112E-07   2.3195564746856689E+00  -6.5563869476318359E-01  -1.0682848691940308E+00   3.4887734055519104E-01   1.0454103946685791E+00   5.7508144527673721E-02  -1.1580605506896973E+00   5.2488964796066284E-01   5.5605964735150337E-04
     273   1.0957032442092896E-02   3.5603075027465820E+00   5.8902049064636230E-01  -1.0276749730110168E-01   4.0329396724700928E-03   1.2976464349776506E-03  -1.1809359421022236E-04  -1.7618700439925306E-05   3.1377587674796814E-06  -1.3248320840375527E-07   2.3149323463439941E+00  -7.0180624723434448E-01  -1.0717482566833496E+00   4.0925145149230957E-01   1.0921083688735962E+00   1.0919434949755669E-02  -1.2591657638549805E+00   6.0245674848556519E-01   5.6962703820317984E-04
     274   1.0966798290610313E-02   3.5753951072692871E+00   5.8430409431457520E-01  -1.0332448035478592E-01   4.3892967514693737E-03   1.2925781775265932E-03  -1.2719165533781052E-04  -1.7690314052742906E-05   3.3747121506166877E-06  -1.4949020510357514E-07   2.3117792606353760E+00  -7.2972959280014038E-01  -1.0741647481918335E+00   4.4527107477188110E-01   1.1209362745285034E+00  -1.4949789270758629E-02  -1.3182822465896606E+00   6.4526820182800293E-01   6.0989003395661712E-04
     275   1.0971680283546448E-02   3.6025819778442383E+00   5.7653826475143433E-01  -1.0444460064172745E-01   5.0166244618594646E-03   1.2863846495747566E-03  -1.4323303184937686E-04  -1.7853941244538873E-05   3.7931320093775867E-06  -1.7932582352386817E-07   2.3037626743316650E+00  -7.7912533283233643E-01  -1.0729258060455322E+00   5.1431930065155029E-01   1.1686104536056519E+00  -7.4097156524658203E-02  -1.4338368177413940E+00   7.4084633588790894E-01   5.9222761774435639E-04
     276   1.0976563207805157E-02   3.5775613784790039E+00   5.8494520187377930E-01  -1.0372234135866165E-01   4.4094868935644627E-03   1.3011894188821316E-03  -1.2738553050439805E-04  -1.7833810488809831E-05   3.3727151276252698E-06  -1.4819495675055805E-07   2.3060193061828613E+00  -7.3447346687316895E-01  -1.0668573379516602E+00   4.5823565125465393E-01   1.1226817369461060E+00  -3.2562002539634705E-02  -1.3389341831207275E+00   6.6895371675491333E-01   5.8964354684576392E-04
     277   1.0981446132063866E-02   3.5907506942749023E+00   5.8040899038314819E-01  -1.0410468280315399E-01   4.7352369874715805E-03   1.2931450037285686E-03  -1.3589723675977439E-04  -1.7843049135990441E-05   3.5987175124319037E-06  -1.6494519172738364E-07   2.3045561313629150E+00  -7.5838941335678101E-01  -1.0698524713516235E+00   4.8842653632164001E-01   1.1469571590423584E+00  -5.5564064532518387E-02  -1.3902114629745483E+00   7.0882683992385864E-01   6.6664436599239707E-04
     278   1.0986328125000000E-02   3.5630512237548828E+00   5.8928322792053223E-01  -1.0320717096328735E-01   4.0736040100455284E-03   1.3066186802461743E-03  -1.1871804599650204E-04  -1.7779351765057072E-05   3.1449824291485129E-06  -1.3168286727704981E-07   2.3086605072021484E+00  -7.0884972810745239E-01  -1.0655926465988159E+00   4.2397090792655945E-01   1.0970042943954468E+00  -5.1433420740067959E-03  -1.2813763618469238E+00   6.2366640567779541E-01   5.6547776330262423E-04
     279   1.0996093973517418E-02   3.5734803676605225E+00   5.8497369289398193E-01  -1.0336897522211075E-01   4.3502054177224636E-03   1.2959754094481468E-03  -1.2606070959009230E-04  -1.7728649254422635E-05   3.3423652894271072E-06  -1.4675519821594207E-07   2.3096969127655029E+00  -7.2805702686309814E-01  -1.0718125104904175E+00   4.4474208354949951E-01   1.1183320283889771E+00  -1.6179690137505531E-02  -1.3166549205780029E+00   6.4538514614105225E-01   5.0293165259063244E-04
     280   1.1015625670552254E-02   3.5732235908508301E+00   5.8578383922576904E-01  -1.0358253866434097E-01   4.3359324336051941E-03   1.3016707962378860E-03  -1.2555895955301821E-04  -1.7808677512221038E-05   3.3265666843362851E-06  -1.4501644329811825E-07   2.3052444458007812E+00  -7.2867137193679810E-01  -1.0650303363800049E+00   4.5155969262123108E-01   1.1152245998382568E+00  -3.0685957521200180E-02  -1.3288451433181763E+00   6.6576379537582397E-01   6.4846378518268466E-04
     281   1.1035157367587090E-02   3.6110296249389648E+00   5.7301771640777588E-01  -1.0475252568721771E-01   5.2555399015545845E-03   1.2819076655432582E-03  -1.4933274360373616E-04  -1.7887961803353392E-05   3.9519977690360975E-06  -1.9080387403391796E-07   2.3007211685180664E+00  -7.9799228906631470E-01  -1.0752080678939819E+00   5.3742122650146484E-01   1.1879161596298218E+00  -8.9649297297000885E-02  -1.4714766740798950E+00   7.6687735319137573E-01   4.4991896720603108E-04
     282   1.1040040291845798E-02   3.5777778625488281E+00   5.8367526531219482E-01  -1.0367195308208466E-01   4.4652898795902729E-03   1.2974685523658991E-03  -1.2889855133835226E-04  -1.7800181012717076E-05   3.4143313314416446E-06  -1.5155457333548839E-07   2.3052866458892822E+00  -7.3827552795410156E-01  -1.0686633586883545E+00   4.6110224723815918E-01   1.1263140439987183E+00  -3.3643763512372971E-02  -1.3439972400665283E+00   6.7240089178085327E-01   5.6591426255181432E-04
     283   1.1044923216104507E-02   3.5728306770324707E+00   5.8492916822433472E-01  -1.0345213860273361E-01   4.3561719357967377E-03   1.2980641331523657E-03  -1.2610947305802256E-04  -1.7765501979738474E-05   3.3414819426980102E-06  -1.4638391121479799E-07   2.3069379329681396E+00  -7.2963804006576538E-01  -1.0696116685867310E+00   4.4831317663192749E-01   1.1184531450271606E+00  -2.1439693868160248E-02  -1.3223184347152710E+00   6.5271508693695068E-01   5.0181552069261670E-04
     284   1.1054688133299351E-02   3.5131669044494629E+00   6.0195052623748779E-01  -1.0105103999376297E-01   2.9926062561571598E-03   1.3119747163727880E-03  -9.1317961050663143E-05  -1.7412836314179003E-05   2.4358910195587669E-06  -8.1886966540878348E-08   2.3224256038665771E+00  -6.2217921018600464E-01  -1.0689156055450439E+00   3.0111074447631836E-01   1.0121771097183228E+00   9.8494164645671844E-02  -1.0776586532592773E+00   4.5836457610130310E-01   5.5376527598127723E-04
     285   1.1093750596046448E-02   3.5926320552825928E+00   5.7736736536026001E-01  -1.0399098694324493E-01   4.8762001097202301E-03   1.2837585527449846E-03  -1.3972479791846126E-04  -1.7757531168172136E-05   3.7039151266071713E-06  -1.7343688796245260E-07   2.3042812347412109E+00  -7.6785659790039062E-01  -1.0754629373550415E+00   4.9519780278205872E-01   1.1576486825942993E+00  -5.5310484021902084E-02  -1.4016506671905518E+00   7.1164858341217041E-01   5.3320737788453698E-04
     286   1.1098633520305157E-02   3.5313274860382080E+00   5.9620541334152222E-01  -1.0180979967117310E-01   3.4351032227277756E-03   1.3074268354102969E-03  -1.0256718815071508E-04  -1.7529415345052257E-05   2.7278188099444378E-06  -1.0261661742561046E-07   2.3162465095520020E+00  -6.5750902891159058E-01  -1.0692763328552246E+00   3.4883198142051697E-01   1.0469222068786621E+00   6.0277033597230911E-02  -1.1565222740173340E+00   5.2000260353088379E-01   5.1733979489654303E-04
     287   1.1099854484200478E-02   3.5652654170989990E+00   5.8561629056930542E-01  -1.0299555957317352E-01   4.2372196912765503E-03   1.2936886632815003E-03  -1.2325063289608806E-04  -1.7648542780079879E-05   3.2711479889258044E-06  -1.4208228549250634E-07   2.3099813461303711E+00  -7.1882766485214233E-01  -1.0735971927642822E+00   4.2931172251701355E-01   1.1089515686035156E+00  -1.9065799424424767E-03  -1.2911093235015869E+00   6.2330204248428345E-01   5.6945846881717443E-04
     288   1.1101074516773224E-02   3.5493147373199463E+00   5.9118384122848511E-01  -1.0257180780172348E-01   3.8479759823530912E-03   1.3038094621151686E-03  -1.1312967399135232E-04  -1.7642712919041514E-05   3.0035821509954985E-06  -1.2226776391344174E-07   2.3104813098907471E+00  -6.9014745950698853E-01  -1.0675288438796997E+00   3.9536884427070618E-01   1.0779861211776733E+00   1.9171182066202164E-02  -1.2346612215042114E+00   5.8575081825256348E-01   4.9025681801140308E-04
     289   1.1103516444563866E-02   3.5878188610076904E+00   5.7981926202774048E-01  -1.0406376421451569E-01   4.7434680163860321E-03   1.2924524489790201E-03  -1.3610249152407050E-04  -1.7837799532571808E-05   3.6043475120095536E-06  -1.6540545288989961E-07   2.3008577823638916E+00  -7.5981324911117554E-01  -1.0683650970458984E+00   4.9045857787132263E-01   1.1464629173278809E+00  -5.9360224753618240E-02  -1.3937497138977051E+00   7.1408146619796753E-01   5.0895829917863011E-04
     290   1.1108399368822575E-02   3.5614664554595947E+00   5.8920145034790039E-01  -1.0341806709766388E-01   4.0936041623353958E-03   1.3111568987369537E-03  -1.1908546002814546E-04  -1.7859072613646276E-05   3.1517843126493972E-06  -1.3158930300960492E-07   2.3011214733123779E+00  -7.1268528699874878E-01  -1.0581313371658325E+00   4.3472635746002197E-01   1.0957117080688477E+00  -2.3980265483260155E-02  -1.3001474142074585E+00   6.5077501535415649E-01   6.1580532928928733E-04
     291   1.1113282293081284E-02   3.5597782135009766E+00   5.8881562948226929E-01  -1.0317250341176987E-01   4.0792841464281082E-03   1.3059544144198298E-03  -1.1892132897628471E-04  -1.7771388229448348E-05   3.1519407457381021E-06  -1.3230805961939041E-07   2.3041925430297852E+00  -7.0973575115203857E-01  -1.0621814727783203E+00   4.2703127861022949E-01   1.0943261384963989E+00  -1.3934724964201450E-02  -1.2879855632781982E+00   6.3711124658584595E-01   5.1598541904240847E-04
     292   1.1118165217339993E-02   3.5869870185852051E+00   5.7877397537231445E-01  -1.0379592329263687E-01   4.7596632502973080E-03   1.2854302767664194E-03  -1.3671933265868574E-04  -1.7736938389134593E-05   3.6248200103727868E-06  -1.6769271837802080E-07   2.3046853542327881E+00  -7.5896567106246948E-01  -1.0748265981674194E+00   4.8327788710594177E-01   1.1483706235885620E+00  -4.6271640807390213E-02  -1.3818597793579102E+00   6.9643741846084595E-01   4.5537849655374885E-04
     293   1.1123048141598701E-02   3.5635640621185303E+00   5.8648794889450073E-01  -1.0308565199375153E-01   4.1955029591917992E-03   1.2982414336875081E-03  -1.2202952348161489E-04  -1.7703634512145072E-05   3.2358352655137423E-06  -1.3900144324452413E-07   2.3073251247406006E+00  -7.1713519096374512E-01  -1.0699242353439331E+00   4.3002325296401978E-01   1.1055897474288940E+00  -6.1326441355049610E-03  -1.2918953895568848E+00   6.2778675556182861E-01   6.0394307365640998E-04
     294   1.1132813058793545E-02   3.5147490501403809E+00   6.0181272029876709E-01  -1.0143674910068512E-01   3.0438837129622698E-03   1.3192109763622284E-03  -9.2302638222463429E-05  -1.7550320990267210E-05   2.4545900032535428E-06  -8.2151792923923495E-08   2.3150260448455811E+00  -6.2956476211547852E-01  -1.0620324611663818E+00   3.1653350591659546E-01   1.0159989595413208E+00   7.9220019280910492E-02  -1.1022768020629883E+00   4.8515295982360840E-01   5.1768106641247869E-04
     295   1.1142577975988388E-02   3.5699703693389893E+00   5.8473414182662964E-01  -1.0342571139335632E-01   4.3481574393808842E-03   1.2984389904886484E-03  -1.2587950914166868E-04  -1.7770280464901589E-05   3.3350986541336169E-06  -1.4586389340820460E-07   2.3036766052246094E+00  -7.2975111007690430E-01  -1.0675457715988159E+00   4.4931712746620178E-01   1.1164870262145996E+00  -2.5340225547552109E-02  -1.3243782520294189E+00   6.5801560878753662E-01   5.4892542539164424E-04
     296   1.1152343824505806E-02   3.5384910106658936E+00   5.9465116262435913E-01  -1.0237725079059601E-01   3.6083352752029896E-03   1.3119308277964592E-03  -1.0682824358809739E-04  -1.7669934095465578E-05   2.8355134418234229E-06  -1.0956902940506552E-07   2.3079860210418701E+00  -6.7342770099639893E-01  -1.0611513853073120E+00   3.7761479616165161E-01   1.0580649375915527E+00   2.6242444291710854E-02  -1.2052738666534424E+00   5.7088381052017212E-01   5.8536784490570426E-04
     297   1.1162109673023224E-02   3.5623781681060791E+00   5.8729571104049683E-01  -1.0326334834098816E-01   4.1716014966368675E-03   1.3037676690146327E-03  -1.2127099762437865E-04  -1.7778200344764628E-05   3.2131138141267002E-06  -1.3676890375791118E-07   2.3027148246765137E+00  -7.1713858842849731E-01  -1.0635550022125244E+00   4.3539842963218689E-01   1.1020321846008301E+00  -1.8591877073049545E-02  -1.3013045787811279E+00   6.4509302377700806E-01   5.9573218459263444E-04
     298   1.1171875521540642E-02   3.5581905841827393E+00   5.8682578802108765E-01  -1.0275725275278091E-01   4.1189258918166161E-03   1.2945565395057201E-03  -1.2023585441056639E-04  -1.7613308955333196E-05   3.1930508157529403E-06  -1.3657152919677173E-07   2.3091931343078613E+00  -7.0988380908966064E-01  -1.0724658966064453E+00   4.1727170348167419E-01   1.0987118482589722E+00   6.0228975489735603E-03  -1.2713633775711060E+00   6.1038976907730103E-01   4.7826286754570901E-04
     299   1.1174317449331284E-02   3.5868446826934814E+00   5.7823336124420166E-01  -1.0384140163660049E-01   4.7847568057477474E-03   1.2858179397881031E-03  -1.3726315228268504E-04  -1.7756759916665033E-05   3.6370190628076671E-06  -1.6839142347180314E-07   2.3028504848480225E+00  -7.6192677021026611E-01  -1.0751470327377319E+00   4.8638829588890076E-01   1.1515424251556396E+00  -4.6829413622617722E-02  -1.3858036994934082E+00   6.9645249843597412E-01   5.5594870354980230E-04
     300   1.1176758445799351E-02   3.5612888336181641E+00   5.8650815486907959E-01  -1.0302526503801346E-01   4.1755936108529568E-03   1.2981968466192484E-03  -1.2150773545727134E-04  -1.7695640053716488E-05   3.2221898891293677E-06  -1.3804721277210774E-07   2.3061184883117676E+00  -7.1591478586196899E-01  -1.0695509910583496E+00   4.2807498574256897E-01   1.1036391258239746E+00  -5.1205060444772243E-03  -1.2886172533035278E+00   6.2611889839172363E-01   5.2639510249719024E-04
     301   1.1181641370058060E-02   3.6014218330383301E+00   5.7400244474411011E-01  -1.0444340109825134E-01   5.1257237792015076E-03   1.2822912540286779E-03  -1.4600202848669142E-04  -1.7843669411377050E-05   3.8652360672131181E-06  -1.8467866880200745E-07   2.2983281612396240E+00  -7.8855162858963013E-01  -1.0740578174591064E+00   5.2389711141586304E-01   1.1765606403350830E+00  -8.0388449132442474E-02  -1.4490876197814941E+00   7.5140440464019775E-01   4.2097625555470586E-04
     302   1.1191407218575478E-02   3.5963644981384277E+00   5.7603281736373901E-01  -1.0439820587635040E-01   4.9970229156315327E-03   1.2881193542852998E-03  -1.4254027337301522E-04  -1.7882282918435521E-05   3.7711254208261380E-06  -1.7735490587256209E-07   2.2969744205474854E+00  -7.8009861707687378E-01  -1.0705240964889526E+00   5.1535058021545410E-01   1.1669681072235107E+00  -7.6318457722663879E-02  -1.4342150688171387E+00   7.4200344085693359E-01   6.0878397198393941E-04
     303   1.1210937984287739E-02   3.5400531291961670E+00   5.9142082929611206E-01  -1.0201331973075867E-01   3.7299215327948332E-03   1.2973700650036335E-03  -1.1033485498046502E-04  -1.7496004147687927E-05   2.9359052859945223E-06  -1.1837682478699207E-07   2.3132531642913818E+00  -6.7913717031478882E-01  -1.0728840827941895E+00   3.7424173951148987E-01   1.0683034658432007E+00   4.1790284216403961E-02  -1.1998559236526489E+00   5.5247581005096436E-01   5.7325593661516905E-04
     304   1.1213378980755806E-02   3.5747735500335693E+00   5.8241033554077148E-01  -1.0363273322582245E-01   4.5051281340420246E-03   1.2954928679391742E-03  -1.2992933625355363E-04  -1.7789714547689073E-05   3.4419067560520489E-06  -1.5367304229130241E-07   2.3002769947052002E+00  -7.4221414327621460E-01  -1.0672841072082520E+00   4.6597415208816528E-01   1.1277862787246704E+00  -3.9962973445653915E-02  -1.3523759841918945E+00   6.8195122480392456E-01   5.8898993302136660E-04
     305   1.1215820908546448E-02   3.5892333984375000E+00   5.7724088430404663E-01  -1.0400165617465973E-01   4.8617087304592133E-03   1.2858372647315264E-03  -1.3920477067586035E-04  -1.7789994672057219E-05   3.6871001611871179E-06  -1.7185205081204913E-07   2.3000326156616211E+00  -7.6841706037521362E-01  -1.0733551979064941E+00   4.9648308753967285E-01   1.1564036607742310E+00  -5.7963334023952484E-02  -1.4029924869537354E+00   7.1418410539627075E-01   5.4185080807656050E-04
     306   1.1220702901482582E-02   3.5234336853027344E+00   5.9761589765548706E-01  -1.0168804228305817E-01   3.3140224404633045E-03   1.3115411857143044E-03  -9.9352313554845750E-05  -1.7544381989864632E-05   2.6419183996040374E-06  -9.6126406390339980E-08   2.3120265007019043E+00  -6.4988327026367188E-01  -1.0647984743118286E+00   3.4109303355216980E-01   1.0361801385879517E+00   6.1279010027647018E-02  -1.1436158418655396E+00   5.1603269577026367E-01   5.6031212443485856E-04
     307   1.1225585825741291E-02   3.5860307216644287E+00   5.7842224836349487E-01  -1.0395903885364532E-01   4.7849058173596859E-03   1.2888404307886958E-03  -1.3717421097680926E-04  -1.7804428352974355E-05   3.6327455745777115E-06  -1.6770678712418885E-07   2.2991800308227539E+00  -7.6321595907211304E-01  -1.0711036920547485E+00   4.9128466844558716E-01   1.1502759456634521E+00  -5.6046359241008759E-02  -1.3942406177520752E+00   7.0962423086166382E-01   6.0402881354093552E-04
     308   1.1230468750000000E-02   3.6072437763214111E+00   5.7200306653976440E-01  -1.0475926101207733E-01   5.2811037749052048E-03   1.2821477139368653E-03  -1.4987801841925830E-04  -1.7908765585161746E-05   3.9642141018703114E-06  -1.9148647822930798E-07   2.2943973541259766E+00  -8.0184125900268555E-01  -1.0729213953018188E+00   5.4268443584442139E-01   1.1891237497329712E+00  -9.6109949052333832E-02  -1.4796371459960938E+00   7.7534723281860352E-01   4.8525104648433626E-04
     309   1.1232910677790642E-02   3.5441167354583740E+00   5.9134364128112793E-01  -1.0248681902885437E-01   3.8012047298252583E-03   1.3052347349002957E-03  -1.1182923481101170E-04  -1.7650047084316611E-05   2.9676664325961610E-06  -1.1949158817969874E-07   2.3067672252655029E+00  -6.8794810771942139E-01  -1.0658584833145142E+00   3.9237824082374573E-01   1.0740509033203125E+00   2.0287197083234787E-02  -1.2289928197860718E+00   5.8275830745697021E-01   6.4057804411277175E-04
     310   1.1235351674258709E-02   3.5973842144012451E+00   5.7436084747314453E-01  -1.0427252948284149E-01   5.0689321942627430E-03   1.2815621448680758E-03  -1.4456888311542571E-04  -1.7810034478316084E-05   3.8284701986412983E-06  -1.8220376318822673E-07   2.2982733249664307E+00  -7.8412157297134399E-01  -1.0747970342636108E+00   5.1656574010848999E-01   1.1721080541610718E+00  -7.3418520390987396E-02  -1.4367381334304810E+00   7.4034565687179565E-01   4.9327436136081815E-04
     311   1.1240234598517418E-02   3.5708110332489014E+00   5.8336788415908813E-01  -1.0351765155792236E-01   4.4258902780711651E-03   1.2971463147550821E-03  -1.2785285071004182E-04  -1.7784161173040047E-05   3.3866188005049480E-06  -1.4958085614580341E-07   2.3000528812408447E+00  -7.3654526472091675E-01  -1.0666669607162476E+00   4.5844429731369019E-01   1.1219115257263184E+00  -3.3925436437129974E-02  -1.3394856452941895E+00   6.7128008604049683E-01   4.9492425750941038E-04
     312   1.1250000447034836E-02   3.5182878971099854E+00   5.9894442558288574E-01  -1.0153665393590927E-01   3.2116160728037357E-03   1.3132456224411726E-03  -9.6753792604431510E-05  -1.7527145246276632E-05   2.5746710434759734E-06  -9.1301167515212001E-08   2.3114421367645264E+00  -6.4206570386886597E-01  -1.0625207424163818E+00   3.3219003677368164E-01   1.0268412828445435E+00   6.4933873713016510E-02  -1.1295766830444336E+00   5.0933200120925903E-01   6.3198315910995007E-04
     313   1.1289062909781933E-02   3.5087072849273682E+00   6.0174256563186646E-01  -1.0128457844257355E-01   2.9993462376296520E-03   1.3188550947234035E-03  -9.1153953690081835E-05  -1.7529851902509108E-05   2.4247581222880399E-06  -8.0075096775544807E-08   2.3112082481384277E+00  -6.2697941064834595E-01  -1.0604280233383179E+00   3.1282690167427063E-01   1.0112023353576660E+00   7.9943351447582245E-02  -1.0962620973587036E+00   4.8299652338027954E-01   5.2032846724614501E-04
     314   1.1298827826976776E-02   3.5678966045379639E+00   5.8293575048446655E-01  -1.0330261290073395E-01   4.4093471951782703E-03   1.2932320823892951E-03  -1.2755849456880242E-04  -1.7718155504553579E-05   3.3817623261711560E-06  -1.4972411577218736E-07   2.3009243011474609E+00  -7.3424953222274780E-01  -1.0692446231842041E+00   4.5238873362541199E-01   1.1200761795043945E+00  -2.6725003495812416E-02  -1.3298263549804688E+00   6.6125959157943726E-01   5.4801453370600939E-04
     315   1.1303710751235485E-02   3.5746705532073975E+00   5.8071964979171753E-01  -1.0353188216686249E-01   4.5714327134191990E-03   1.2903637252748013E-03  -1.3170998136047274E-04  -1.7741573174134828E-05   3.4903000596386846E-06  -1.5759673033244326E-07   2.2998814582824707E+00  -7.4679356813430786E-01  -1.0709776878356934E+00   4.6797066926956177E-01   1.1333367824554443E+00  -3.7051271647214890E-02  -1.3553307056427002E+00   6.7871576547622681E-01   5.3872552234679461E-04
     316   1.1308593675494194E-02   3.5847036838531494E+00   5.7774823904037476E-01  -1.0393238067626953E-01   4.8056170344352722E-03   1.2877549743279815E-03  -1.3769029465038329E-04  -1.7799497072701342E-05   3.6459694001678145E-06  -1.6869168462108064E-07   2.2971658706665039E+00  -7.6520413160324097E-01  -1.0711915493011475E+00   4.9305877089500427E-01   1.1515569686889648E+00  -5.7387944310903549E-02  -1.3970967531204224E+00   7.1146535873413086E-01   4.8915186198428273E-04
     317   1.1318359524011612E-02   3.5919024944305420E+00   5.7549715042114258E-01  -1.0421265661716461E-01   4.9786842428147793E-03   1.2854593805968761E-03  -1.4212416135706007E-04  -1.7836091501521878E-05   3.7618124224536587E-06  -1.7701403010050853E-07   2.2951657772064209E+00  -7.7871680259704590E-01  -1.0715026855468750E+00   5.1123577356338501E-01   1.1647956371307373E+00  -7.2207063436508179E-02  -1.4273825883865356E+00   7.3603296279907227E-01   4.5546714682132006E-04
     318   1.1328125372529030E-02   3.5491266250610352E+00   5.8893215656280518E-01  -1.0277210921049118E-01   3.9697675965726376E-03   1.3039526529610157E-03  -1.1607594933593646E-04  -1.7704174751997925E-05   3.0770474950259086E-06  -1.2715793218376348E-07   2.3018202781677246E+00  -7.0202934741973877E-01  -1.0644788742065430E+00   4.1193935275077820E-01   1.0862718820571899E+00   2.3261893074959517E-03  -1.2614777088165283E+00   6.1142688989639282E-01   4.8922450514510274E-04
     319   1.1337891221046448E-02   3.5782570838928223E+00   5.8005827665328979E-01  -1.0386174917221069E-01   4.6553947031497955E-03   1.2940231245011091E-03  -1.3369710359256715E-04  -1.7834041500464082E-05   3.5387135994824348E-06  -1.6046088546772808E-07   2.2950186729431152E+00  -7.5521528720855713E-01  -1.0664072036743164E+00   4.8335981369018555E-01   1.1394518613815308E+00  -5.4480999708175659E-02  -1.3806669712066650E+00   7.0400792360305786E-01   5.3591310279443860E-04
     320   1.1340333148837090E-02   3.5800046920776367E+00   5.7902801036834717E-01  -1.0382382571697235E-01   4.7105667181313038E-03   1.2902064481750131E-03  -1.3522847439162433E-04  -1.7797565305954777E-05   3.5812236092169769E-06  -1.6391607005061815E-07   2.2961740493774414E+00  -7.5835776329040527E-01  -1.0688192844390869E+00   4.8547720909118652E-01   1.1432471275329590E+00  -5.4388754069805145E-02  -1.3847154378890991E+00   7.0597136020660400E-01   4.6195968752726912E-04
     321   1.1342774145305157E-02   3.5149323940277100E+00   5.9944903850555420E-01  -1.0158932209014893E-01   3.1714967917650938E-03   1.3174548512324691E-03  -9.5521078037563711E-05  -1.7580643543624319E-05   2.5380963961652014E-06  -8.8100158279758034E-08   2.3073427677154541E+00  -6.4108461141586304E-01  -1.0593646764755249E+00   3.3264753222465515E-01   1.0241373777389526E+00   6.2374856323003769E-02  -1.1292275190353394E+00   5.1072078943252563E-01   5.1573332166299224E-04
     322   1.1347657069563866E-02   3.5754528045654297E+00   5.8044344186782837E-01  -1.0368832945823669E-01   4.6036122366786003E-03   1.2927697971463203E-03  -1.3241307169664651E-04  -1.7794125596992671E-05   3.5060863865510328E-06  -1.5833964539524459E-07   2.2966425418853760E+00  -7.5060164928436279E-01  -1.0683004856109619E+00   4.7515121102333069E-01   1.1356257200241089E+00  -4.5609593391418457E-02  -1.3669449090957642E+00   6.9080805778503418E-01   5.6651094928383827E-04
     323   1.1357422918081284E-02   3.5821499824523926E+00   5.7732301950454712E-01  -1.0372296720743179E-01   4.7910669818520546E-03   1.2837505200877786E-03  -1.3745328760705888E-04  -1.7731343177729286E-05   3.6429780720936833E-06  -1.6901597632568155E-07   2.2983367443084717E+00  -7.6304084062576294E-01  -1.0739951133728027E+00   4.8706907033920288E-01   1.1500639915466309E+00  -4.9874074757099152E-02  -1.3873999118804932E+00   7.0132309198379517E-01   6.7184766521677375E-04
     324   1.1367187835276127E-02   3.5499329566955566E+00   5.8737146854400635E-01  -1.0263109952211380E-01   4.0326132439076900E-03   1.2975742574781179E-03  -1.1785354581661522E-04  -1.7632526578381658E-05   3.1271856641978957E-06  -1.3142803823029681E-07   2.3035259246826172E+00  -7.0544779300689697E-01  -1.0692794322967529E+00   4.1197356581687927E-01   1.0915797948837280E+00   7.7473763376474380E-03  -1.2616105079650879E+00   6.0476171970367432E-01   4.8406084533780813E-04
     325   1.1406250298023224E-02   3.5728280544281006E+00   5.7950365543365479E-01  -1.0338566452264786E-01   4.6053035184741020E-03   1.2856204994022846E-03  -1.3271636271383613E-04  -1.7683323676465079E-05   3.5198813748138491E-06  -1.6025791182983085E-07   2.2989041805267334E+00  -7.4865424633026123E-01  -1.0728468894958496E+00   4.6783739328384399E-01   1.1346929073333740E+00  -3.6043208092451096E-02  -1.3557409048080444E+00   6.7884588241577148E-01   5.5793533101677895E-04
     326   1.1445312760770321E-02   3.5527892112731934E+00   5.8573788404464722E-01  -1.0280290991067886E-01   4.1425386443734169E-03   1.2963393237441778E-03  -1.2065065675415099E-04  -1.7659964214544743E-05   3.2001412364479620E-06  -1.3664079290265363E-07   2.2999053001403809E+00  -7.1463489532470703E-01  -1.0681133270263672E+00   4.2484667897224426E-01   1.0991896390914917E+00  -4.6971370466053486E-03  -1.2831863164901733E+00   6.2474054098129272E-01   5.3676404058933258E-04
     327   1.1455077677965164E-02   3.5934557914733887E+00   5.7379639148712158E-01  -1.0441491752862930E-01   5.0864703953266144E-03   1.2855436652898788E-03  -1.4478512457571924E-04  -1.7885804481920786E-05   3.8294665500870906E-06  -1.8162339188165788E-07   2.2892410755157471E+00  -7.8868514299392700E-01  -1.0689500570297241E+00   5.2584576606750488E-01   1.1723108291625977E+00  -8.7050780653953552E-02  -1.4514349699020386E+00   7.5839400291442871E-01   4.5269803376868367E-04
     328   1.1464843526482582E-02   3.5558228492736816E+00   5.8474045991897583E-01  -1.0295525193214417E-01   4.2220712639391422E-03   1.2958709849044681E-03  -1.2267788406461477E-04  -1.7685924831312150E-05   3.2528744213777827E-06  -1.4035829565273161E-07   2.2980415821075439E+00  -7.2112101316452026E-01  -1.0671817064285278E+00   4.3445375561714172E-01   1.1049257516860962E+00  -1.3916019350290298E-02  -1.2993966341018677E+00   6.3905775547027588E-01   5.0913915038108826E-04
     329   1.1474609375000000E-02   3.5549883842468262E+00   5.8501511812210083E-01  -1.0295975208282471E-01   4.2032566852867603E-03   1.2971576070412993E-03  -1.2213033915031701E-04  -1.7699465388432145E-05   3.2371362976846285E-06  -1.3906003459851490E-07   2.2976007461547852E+00  -7.2017788887023926E-01  -1.0668525695800781E+00   4.3328735232353210E-01   1.1039643287658691E+00  -1.2676184065639973E-02  -1.2969149351119995E+00   6.3666546344757080E-01   5.1322916988283396E-04
     330   1.1484375223517418E-02   3.5230178833007812E+00   5.9512126445770264E-01  -1.0190410912036896E-01   3.4470236860215664E-03   1.3116636546328664E-03  -1.0256638051941991E-04  -1.7610571376280859E-05   2.7221251457376638E-06  -1.0148105644702810E-07   2.3022809028625488E+00  -6.6305351257324219E-01  -1.0614640712738037E+00   3.5943424701690674E-01   1.0456483364105225E+00   4.3226771056652069E-02  -1.1731058359146118E+00   5.4263371229171753E-01   5.2454130491241813E-04
     331   1.1494141072034836E-02   3.5999712944030762E+00   5.7085859775543213E-01  -1.0455996543169022E-01   5.2735549397766590E-03   1.2795367510989308E-03  -1.4967410243116319E-04  -1.7872014723252505E-05   3.9592887333128601E-06  -1.9136196272029338E-07   2.2885727882385254E+00  -8.0240339040756226E-01  -1.0724332332611084E+00   5.4117989540100098E-01   1.1870746612548828E+00  -9.5755137503147125E-02  -1.4769459962844849E+00   7.7421069145202637E-01   4.7416644520126283E-04
     332   1.1503906920552254E-02   3.5552771091461182E+00   5.8453482389450073E-01  -1.0297136008739471E-01   4.2282738722860813E-03   1.2963220942765474E-03  -1.2277545465622097E-04  -1.7697551811579615E-05   3.2541838663746603E-06  -1.4033962258963584E-07   2.2968459129333496E+00  -7.2220301628112793E-01  -1.0670864582061768E+00   4.3559449911117554E-01   1.1058995723724365E+00  -1.4197081327438354E-02  -1.3007051944732666E+00   6.3892054557800293E-01   5.1427335711196065E-04
     333   1.1513672769069672E-02   3.5519065856933594E+00   5.8616453409194946E-01  -1.0301075875759125E-01   4.1389800608158112E-03   1.3019371544942260E-03  -1.2035512918373570E-04  -1.7748036043485627E-05   3.1879228572506690E-06  -1.3501896489742649E-07   2.2945265769958496E+00  -7.1663576364517212E-01  -1.0621963739395142E+00   4.3226063251495361E-01   1.0979437828063965E+00  -1.7390696331858635E-02  -1.2953883409500122E+00   6.4174365997314453E-01   6.1411573551595211E-04
     334   1.1518554762005806E-02   3.5475423336029053E+00   5.8717280626296997E-01  -1.0279448330402374E-01   4.0455176495015621E-03   1.3016627635806799E-03  -1.1800375068560243E-04  -1.7703812773106620E-05   3.1277161269827047E-06  -1.3091135997456149E-07   2.2962749004364014E+00  -7.0899111032485962E-01  -1.0634025335311890E+00   4.2059665918350220E-01   1.0909734964370728E+00  -6.2929508276283741E-03  -1.2758668661117554E+00   6.2438172101974487E-01   7.2358897887170315E-04
     335   1.1523437686264515E-02   3.5155529975891113E+00   5.9598368406295776E-01  -1.0143627226352692E-01   3.3196399454027414E-03   1.3073319569230080E-03  -9.9504788522608578E-05  -1.7490865502622910E-05   2.6465852442925097E-06  -9.6805635507735133E-08   2.3059954643249512E+00  -6.5138339996337891E-01  -1.0656328201293945E+00   3.3928784728050232E-01   1.0355129241943359E+00   6.3819155097007751E-02  -1.1400681734085083E+00   5.1175045967102051E-01   6.4159062458202243E-04
     336   1.1562500149011612E-02   3.5238771438598633E+00   5.9423667192459106E-01  -1.0203059762716293E-01   3.5059826914221048E-03   1.3120978837832808E-03  -1.0401439067209139E-04  -1.7644482795731165E-05   2.7585963380261092E-06  -1.0390199634002784E-07   2.2987167835235596E+00  -6.6858011484146118E-01  -1.0595459938049316E+00   3.6797514557838440E-01   1.0494692325592041E+00   3.3812884241342545E-02  -1.1873370409011841E+00   5.5682897567749023E-01   6.7394936922937632E-04
     337   1.1572265997529030E-02   3.5913140773773193E+00   5.7245999574661255E-01  -1.0424672067165375E-01   5.1193437539041042E-03   1.2805863516405225E-03  -1.4572906366083771E-04  -1.7825685063144192E-05   3.8566072362300474E-06  -1.8408468349662144E-07   2.2884929180145264E+00  -7.9070639610290527E-01  -1.0720461606979370E+00   5.2465337514877319E-01   1.1747137308120728E+00  -8.2630269229412079E-02  -1.4492937326431274E+00   7.5284576416015625E-01   5.7382194790989161E-04
     338   1.1582031846046448E-02   3.5370326042175293E+00   5.8871906995773315E-01  -1.0223472118377686E-01   3.8578968960791826E-03   1.2985939392820001E-03  -1.1334101145621389E-04  -1.7580416169948876E-05   3.0091575808910420E-06  -1.2303672747293604E-07   2.2999665737152100E+00  -6.9310969114303589E-01  -1.0676448345184326E+00   3.9428797364234924E-01   1.0768049955368042E+00   2.0285619422793388E-02  -1.2318967580795288E+00   5.8349758386611938E-01   5.2596401656046510E-04
     339   1.1601562611758709E-02   3.5589551925659180E+00   5.8377891778945923E-01  -1.0347538441419601E-01   4.3330867774784565E-03   1.3035744195804000E-03  -1.2512337707448751E-04  -1.7857406419352628E-05   3.3082892514357809E-06  -1.4306755247162073E-07   2.2879068851470947E+00  -7.3401576280593872E-01  -1.0590354204177856E+00   4.5806187391281128E-01   1.1132931709289551E+00  -4.1017085313796997E-02  -1.3373326063156128E+00   6.7750912904739380E-01   4.5000039972364902E-04
     340   1.1611327528953552E-02   3.5596981048583984E+00   5.8186918497085571E-01  -1.0315907001495361E-01   4.3963077478110790E-03   1.2926508206874132E-03  -1.2710227747447789E-04  -1.7712940461933613E-05   3.3679025364108384E-06  -1.4864974673400866E-07   2.2929821014404297E+00  -7.3557496070861816E-01  -1.0674048662185669E+00   4.5265433192253113E-01   1.1181895732879639E+00  -2.8265569359064102E-02  -1.3292242288589478E+00   6.6185355186462402E-01   5.1681068725883961E-04
     341   1.1621093377470970E-02   3.5215270519256592E+00   5.9239763021469116E-01  -1.0155241191387177E-01   3.5312841646373272E-03   1.2996565783396363E-03  -1.0505479440325871E-04  -1.7461952666053548E-05   2.7946230147790629E-06  -1.0801847594166247E-07   2.3042147159576416E+00  -6.6701728105545044E-01  -1.0695790052413940E+00   3.5628020763397217E-01   1.0518300533294678E+00   5.4066918790340424E-02  -1.1684023141860962E+00   5.2953457832336426E-01   4.8914749640971422E-04
     342   1.1623535305261612E-02   3.5998439788818359E+00   5.6852322816848755E-01  -1.0441411286592484E-01   5.3680217824876308E-03   1.2718453072011471E-03  -1.5228161646518856E-04  -1.7794156519812532E-05   4.0318468563782517E-06  -1.9735406908694131E-07   2.2878425121307373E+00  -8.0851078033447266E-01  -1.0765680074691772E+00   5.4457378387451172E-01   1.1934802532196045E+00  -9.4933457672595978E-02  -1.4830574989318848E+00   7.7579373121261597E-01   6.1260798247531056E-04
     343   1.1624755337834358E-02   3.5575642585754395E+00   5.8108335733413696E-01  -1.0280501842498779E-01   4.3862592428922653E-03   1.2848037295043468E-03  -1.2711148883681744E-04  -1.7586906324140728E-05   3.3740016078809276E-06  -1.5009902654128382E-07   2.2976050376892090E+00  -7.3215353488922119E-01  -1.0741618871688843E+00   4.4171577692031860E-01   1.1174048185348511E+00  -1.2552316300570965E-02  -1.3115611076354980E+00   6.4088922739028931E-01   4.3517467565834522E-04
     344   1.1625976301729679E-02   3.5262026786804199E+00   5.9111291170120239E-01  -1.0176894813776016E-01   3.6402170080691576E-03   1.2991080293431878E-03  -1.0783383913803846E-04  -1.7498863599030301E-05   2.8668557661148952E-06  -1.1309842307127838E-07   2.3022799491882324E+00  -6.7565459012985229E-01  -1.0684528350830078E+00   3.6913323402404785E-01   1.0594837665557861E+00   4.1502539068460464E-02  -1.1902170181274414E+00   5.4985880851745605E-01   6.6056178184226155E-04
     345   1.1628417298197746E-02   3.5485594272613525E+00   5.8516013622283936E-01  -1.0278153419494629E-01   4.1428613476455212E-03   1.2970657553523779E-03  -1.2055648403475061E-04  -1.7677231880952604E-05   3.1957204100763192E-06  -1.3612334726076369E-07   2.2944726943969727E+00  -7.1628183126449585E-01  -1.0658007860183716E+00   4.2731347680091858E-01   1.0981963872909546E+00  -9.3145882710814476E-03  -1.2868937253952026E+00   6.3088530302047729E-01   5.1710428670048714E-04
     346   1.1630859225988388E-02   3.5495781898498535E+00   5.8479362726211548E-01  -1.0281231999397278E-01   4.1677430272102356E-03   1.2965283822268248E-03  -1.2119008169975132E-04  -1.7679158190730959E-05   3.2122839002113324E-06  -1.3733603054788546E-07   2.2943758964538574E+00  -7.1830755472183228E-01  -1.0663750171661377E+00   4.2957127094268799E-01   1.1006838083267212E+00  -9.9601689726114273E-03  -1.2903363704681396E+00   6.3168388605117798E-01   5.4919981630519032E-04
     347   1.1640625074505806E-02   3.5375516414642334E+00   5.8841294050216675E-01  -1.0239169746637344E-01   3.8902903907001019E-03   1.3010251568630338E-03  -1.1405080294935033E-04  -1.7633239622227848E-05   3.0252174383349484E-06  -1.2380658631627739E-07   2.2962920665740967E+00  -6.9708043336868286E-01  -1.0647014379501343E+00   4.0182223916053772E-01   1.0790548324584961E+00   1.1161231435835361E-02  -1.2440708875656128E+00   5.9632623195648193E-01   5.1377626368775964E-04
     348   1.1645507998764515E-02   3.5455806255340576E+00   5.8676946163177490E-01  -1.0287593305110931E-01   4.0596323087811470E-03   1.3038018951192498E-03  -1.1821783846244216E-04  -1.7748132449924015E-05   3.1301469789468683E-06  -1.3067814563783031E-07   2.2914373874664307E+00  -7.1196818351745605E-01  -1.0607663393020630E+00   4.2578047513961792E-01   1.0920196771621704E+00  -1.2601855210959911E-02  -1.2836639881134033E+00   6.3234382867813110E-01   4.7998270019888878E-04
     349   1.1650390923023224E-02   3.5437829494476318E+00   5.8716589212417603E-01  -1.0279131680727005E-01   4.0222620591521263E-03   1.3037777971476316E-03  -1.1727015225915238E-04  -1.7732116248225793E-05   3.1056993066158611E-06  -1.2898611601031007E-07   2.2920432090759277E+00  -7.0896166563034058E-01  -1.0612189769744873E+00   4.2119553685188293E-01   1.0893032550811768E+00  -8.1579219549894333E-03  -1.2759633064270020E+00   6.2514311075210571E-01   6.0257362201809883E-04
     350   1.1660156771540642E-02   3.5648791790008545E+00   5.8032238483428955E-01  -1.0349875688552856E-01   4.5302156358957291E-03   1.2941480381414294E-03  -1.3039424084126949E-04  -1.7794141967897303E-05   3.4508930184529163E-06  -1.5415392340401013E-07   2.2884535789489746E+00  -7.4745160341262817E-01  -1.0646934509277344E+00   4.7088828682899475E-01   1.1282862424850464E+00  -4.6062320470809937E-02  -1.3591988086700439E+00   6.8922066688537598E-01   5.0492939772084355E-04
     351   1.1665039695799351E-02   3.5356144905090332E+00   5.8826440572738647E-01  -1.0223066806793213E-01   3.8705945480614901E-03   1.2983875349164009E-03  -1.1363531666575000E-04  -1.7585100067663006E-05   3.0162736948113889E-06  -1.2350686517947906E-07   2.2976148128509521E+00  -6.9468694925308228E-01  -1.0669037103652954E+00   3.9628142118453979E-01   1.0772738456726074E+00   1.7711076885461807E-02  -1.2350852489471436E+00   5.8738625049591064E-01   5.0388620002195239E-04
     352   1.1669922620058060E-02   3.5286204814910889E+00   5.8958333730697632E-01  -1.0181141644716263E-01   3.7265177816152573E-03   1.2960718013346195E-03  -1.1005407577613369E-04  -1.7490312529844232E-05   2.9251134492369602E-06  -1.1745279238084549E-07   2.3018014430999756E+00  -6.8225425481796265E-01  -1.0710148811340332E+00   3.7541052699089050E-01   1.0671014785766602E+00   4.0106970816850662E-02  -1.2000088691711426E+00   5.5282825231552124E-01   5.6944042444229126E-04
     353   1.1679687537252903E-02   3.5405492782592773E+00   5.8711349964141846E-01  -1.0253066569566727E-01   3.9814049378037453E-03   1.2998530874028802E-03  -1.1637064744718373E-04  -1.7654710973147303E-05   3.0854464512231061E-06  -1.2808797578145459E-07   2.2943286895751953E+00  -7.0441395044326782E-01  -1.0645002126693726E+00   4.1168755292892456E-01   1.0857561826705933E+00   2.5995688047260046E-03  -1.2605547904968262E+00   6.1017102003097534E-01   5.4687535157427192E-04
     354   1.1689452454447746E-02   3.5337722301483154E+00   5.8936011791229248E-01  -1.0234981030225754E-01   3.8220142014324665E-03   1.3038086472079158E-03  -1.1223886394873261E-04  -1.7648513676249422E-05   2.9766536044917302E-06  -1.2008433714072453E-07   2.2942755222320557E+00  -6.9268196821212769E-01  -1.0618225336074829E+00   3.9792630076408386E-01   1.0729229450225830E+00   1.0798036120831966E-02  -1.2377735376358032E+00   5.9531933069229126E-01   5.2928831428289413E-04
     355   1.1699218302965164E-02   3.5800673961639404E+00   5.7526350021362305E-01  -1.0406871885061264E-01   4.9081430770456791E-03   1.2881379807367921E-03  -1.4011544408276677E-04  -1.7858035789686255E-05   3.7058564430481056E-06  -1.7260559559417743E-07   2.2841000556945801E+00  -7.7683728933334351E-01  -1.0658303499221802E+00   5.0996327400207520E-01   1.1574037075042725E+00  -7.7131725847721100E-02  -1.4244149923324585E+00   7.3990339040756226E-01   5.8594439178705215E-04
     356   1.1708984151482582E-02   3.5429739952087402E+00   5.8595669269561768E-01  -1.0261084139347076E-01   4.0568201802670956E-03   1.2979800812900066E-03  -1.1832384916488081E-04  -1.7657006537774578E-05   3.1371239401778439E-06  -1.3192327230626688E-07   2.2932977676391602E+00  -7.1023070812225342E-01  -1.0651443004608154E+00   4.1881173849105835E-01   1.0914838314056396E+00  -2.6344528887420893E-03  -1.2723634243011475E+00   6.1926734447479248E-01   6.5964023815467954E-04
     357   1.1713867075741291E-02   3.5129299163818359E+00   5.9470814466476440E-01  -1.0144240409135818E-01   3.3627648372203112E-03   1.3066071551293135E-03  -1.0051527351606637E-04  -1.7504666175227612E-05   2.6711181817518082E-06  -9.8438071916007175E-08   2.3007698059082031E+00  -6.5620911121368408E-01  -1.0647662878036499E+00   3.4475260972976685E-01   1.0384708642959595E+00   5.8902382850646973E-02  -1.1484206914901733E+00   5.1872527599334717E-01   5.5376812815666199E-04
     358   1.1718750000000000E-02   3.5802285671234131E+00   5.7354348897933960E-01  -1.0376355797052383E-01   4.9592191353440285E-03   1.2783248675987124E-03  -1.4172568626236171E-04  -1.7727561498759314E-05   3.7544639326370088E-06  -1.7723881740039360E-07   2.2887082099914551E+00  -7.7782380580902100E-01  -1.0737920999526978E+00   5.0392746925354004E-01   1.1614006757736206E+00  -6.4193665981292725E-02  -1.4149405956268311E+00   7.2423100471496582E-01   4.8000374226830900E-04
     359   1.1757812462747097E-02   3.5418057441711426E+00   5.8526277542114258E-01  -1.0247725248336792E-01   4.0687583386898041E-03   1.2945350026711822E-03  -1.1871314927702770E-04  -1.7610682334634475E-05   3.1490724268223858E-06  -1.3314480895587621E-07   2.2939996719360352E+00  -7.1045315265655518E-01  -1.0678633451461792E+00   4.1619971394538879E-01   1.0925781726837158E+00   2.6180802378803492E-03  -1.2679817676544189E+00   6.1195534467697144E-01   5.1427970174700022E-04
     360   1.1767577379941940E-02   3.5859503746032715E+00   5.7102799415588379E-01  -1.0394278168678284E-01   5.1242318004369736E-03   1.2744083069264889E-03  -1.4596806431654841E-04  -1.7737884263624437E-05   3.8656535252812319E-06  -1.8538365509357391E-07   2.2871170043945312E+00  -7.9058825969696045E-01  -1.0760531425476074E+00   5.1895636320114136E-01   1.1748734712600708E+00  -7.3341831564903259E-02  -1.4395018815994263E+00   7.3951673507690430E-01   6.2981829978525639E-04
     361   1.1777343228459358E-02   3.5513250827789307E+00   5.8351570367813110E-01  -1.0313364863395691E-01   4.2686788365244865E-03   1.2998343445360661E-03  -1.2356857769191265E-04  -1.7776344975573011E-05   3.2702005228202324E-06  -1.4084703536809684E-07   2.2865362167358398E+00  -7.2881400585174561E-01  -1.0610237121582031E+00   4.4744455814361572E-01   1.1076024770736694E+00  -3.0302135273814201E-02  -1.3196481466293335E+00   6.6096645593643188E-01   5.1809503929689527E-04
     362   1.1796874925494194E-02   3.5372307300567627E+00   5.8629131317138672E-01  -1.0234009474515915E-01   3.9817760698497295E-03   1.2960090534761548E-03  -1.1646297207335010E-04  -1.7597601981833577E-05   3.0900239380571293E-06  -1.2886765432540415E-07   2.2935554981231689E+00  -7.0410174131393433E-01  -1.0668406486511230E+00   4.0803900361061096E-01   1.0856103897094727E+00   8.2516651600599289E-03  -1.2543418407440186E+00   6.0203653573989868E-01   4.5595594565384090E-04
     363   1.1874999850988388E-02   3.5348265171051025E+00   5.8727419376373291E-01  -1.0252833366394043E-01   3.9408169686794281E-03   1.3031663838773966E-03  -1.1515954247443005E-04  -1.7694925190880895E-05   3.0503931611747248E-06  -1.2511937086401304E-07   2.2878706455230713E+00  -7.0368945598602295E-01  -1.0602258443832397E+00   4.1267222166061401E-01   1.0817819833755493E+00  -2.4749294389039278E-03  -1.2615598440170288E+00   6.1524516344070435E-01   7.0405774749815464E-04
     364   1.1884765699505806E-02   3.5287699699401855E+00   5.8820909261703491E-01  -1.0213408619165421E-01   3.8237378466874361E-03   1.2999548343941569E-03  -1.1230742529733106E-04  -1.7596259567653760E-05   2.9792242912662914E-06  -1.2060620235843089E-07   2.2917685508728027E+00  -6.9312882423400879E-01  -1.0642441511154175E+00   3.9445316791534424E-01   1.0731809139251709E+00   1.7088359221816063E-02  -1.2312343120574951E+00   5.8570057153701782E-01   4.5322338701225817E-04
     365   1.1894531548023224E-02   3.5685086250305176E+00   5.7552570104598999E-01  -1.0348359495401382E-01   4.7724577598273754E-03   1.2825205922126770E-03  -1.3680849224328995E-04  -1.7719756215228699E-05   3.6234989693184616E-06  -1.6752662190810952E-07   2.2849085330963135E+00  -7.6524126529693604E-01  -1.0703183412551880E+00   4.8807618021965027E-01   1.1462851762771606E+00  -5.4502829909324646E-02  -1.3879656791687012E+00   7.0582699775695801E-01   5.4584327153861523E-04
     366   1.1904297396540642E-02   3.5015487670898438E+00   5.9609520435333252E-01  -1.0110788047313690E-01   3.2015640754252672E-03   1.3081678189337254E-03  -9.6343617769889534E-05  -1.7465625205659308E-05   2.5617705432523508E-06  -9.0604970637286897E-08   2.2975547313690186E+00  -6.4481097459793091E-01  -1.0626637935638428E+00   3.2916247844696045E-01   1.0246536731719971E+00   6.9006726145744324E-02  -1.1224142313003540E+00   5.0118869543075562E-01   6.1487057246267796E-04
     367   1.1914062313735485E-02   3.5944759845733643E+00   5.6723910570144653E-01  -1.0440403223037720E-01   5.3934208117425442E-03   1.2722943210974336E-03  -1.5275829355232418E-04  -1.7821461369749159E-05   4.0409408939012792E-06  -1.9771235315602098E-07   2.2797856330871582E+00  -8.1311023235321045E-01  -1.0742918252944946E+00   5.5008983612060547E-01   1.1951210498809814E+00  -1.0077160596847534E-01  -1.4909124374389648E+00   7.8278052806854248E-01   4.9208017298951745E-04
     368   1.1923827230930328E-02   3.5440573692321777E+00   5.8380788564682007E-01  -1.0285627096891403E-01   4.1867783293128014E-03   1.2983669294044375E-03  -1.2150623661000282E-04  -1.7722906704875641E-05   3.2174241368920775E-06  -1.3732092440932320E-07   2.2850227355957031E+00  -7.2266083955764771E-01  -1.0615668296813965E+00   4.3710231781005859E-01   1.1005482673645020E+00  -2.1418096497654915E-02  -1.3023852109909058E+00   6.4679563045501709E-01   5.2674597827717662E-04
     369   1.1933593079447746E-02   3.5395774841308594E+00   5.8556365966796875E-01  -1.0280676186084747E-01   4.0739853866398335E-03   1.3032121350988746E-03  -1.1848502617795020E-04  -1.7752312487573363E-05   3.1356021281681024E-06  -1.3098795648147643E-07   2.2839686870574951E+00  -7.1513998508453369E-01  -1.0586167573928833E+00   4.2928898334503174E-01   1.0919468402862549E+00  -1.7680406570434570E-02  -1.2888745069503784E+00   6.3888555765151978E-01   6.2970904400572181E-04
     370   1.1953124776482582E-02   3.5835363864898682E+00   5.7034575939178467E-01  -1.0406370460987091E-01   5.1530031487345695E-03   1.2770149623975158E-03  -1.4652122627012432E-04  -1.7795882740756497E-05   3.8764383134548552E-06  -1.8567774873190501E-07   2.2802884578704834E+00  -7.9524981975555420E-01  -1.0721659660339355E+00   5.2707052230834961E-01   1.1764528751373291E+00  -8.3775959908962250E-02  -1.4522646665573120E+00   7.5366276502609253E-01   4.4094154145568609E-04
     371   1.1962890625000000E-02   3.5923824310302734E+00   5.6684982776641846E-01  -1.0423697531223297E-01   5.3833527490496635E-03   1.2691258452832699E-03  -1.5259534120559692E-04  -1.7769225451047532E-05   4.0388454181083944E-06  -1.9795605510353198E-07   2.2806372642517090E+00  -8.1155270338058472E-01  -1.0766583681106567E+00   5.4537504911422729E-01   1.1941913366317749E+00  -9.4508543610572815E-02  -1.4832272529602051E+00   7.7394211292266846E-01   5.1306048408150673E-04
     372   1.1972656473517418E-02   3.5100874900817871E+00   5.9399729967117310E-01  -1.0171955078840256E-01   3.4074881114065647E-03   1.3124626129865646E-03  -1.0135825868928805E-04  -1.7621030565351248E-05   2.6869938665186055E-06  -9.8656016689346870E-08   2.2894575595855713E+00  -6.6367822885513306E-01  -1.0564482212066650E+00   3.6007440090179443E-01   1.0401228666305542E+00   3.7188965827226639E-02  -1.1733472347259521E+00   5.4868382215499878E-01   5.5094930576160550E-04
     373   1.1977539397776127E-02   3.5014116764068604E+00   5.9707313776016235E-01  -1.0151141136884689E-01   3.1957640312612057E-03   1.3185283169150352E-03  -9.5833551313262433E-05  -1.7626845874474384E-05   2.5404926873306977E-06  -8.7729134179426183E-08   2.2892847061157227E+00  -6.4827066659927368E-01  -1.0526053905487061E+00   3.4229692816734314E-01   1.0231102705001831E+00   4.7365948557853699E-02  -1.1437849998474121E+00   5.3030163049697876E-01   4.5657600276172161E-04
     374   1.1982422322034836E-02   3.4905645847320557E+00   5.9949296712875366E-01  -1.0093346238136292E-01   2.9651806689798832E-03   1.3167831348255277E-03  -9.0085362899117172E-05  -1.7502970877103508E-05   2.3939689981489209E-06  -7.7833199441101897E-08   2.2943520545959473E+00  -6.2877792119979858E-01  -1.0561093091964722E+00   3.1231099367141724E-01   1.0054000616073608E+00   7.5720928609371185E-02  -1.0940949916839600E+00   4.8643684387207031E-01   5.4062844719737768E-04
     375   1.1987304314970970E-02   3.5365314483642578E+00   5.8493208885192871E-01  -1.0250154137611389E-01   4.0550869889557362E-03   1.2973566772416234E-03  -1.1816880578408018E-04  -1.7656155250733718E-05   3.1309505175158847E-06  -1.3136578047578951E-07   2.2867281436920166E+00  -7.1203929185867310E-01  -1.0639237165451050E+00   4.1972181200981140E-01   1.0908504724502563E+00  -3.9065605960786343E-03  -1.2729449272155762E+00   6.1943751573562622E-01   4.8802301171235740E-04
     376   1.1992187239229679E-02   3.5887930393218994E+00   5.6841969490051270E-01  -1.0429089516401291E-01   5.2954140119254589E-03   1.2751703616231680E-03  -1.5016844554338604E-04  -1.7827067495090887E-05   3.9717515392112546E-06  -1.9251572780376591E-07   2.2777197360992432E+00  -8.0657547712326050E-01  -1.0718029737472534E+00   5.4264074563980103E-01   1.1870462894439697E+00  -9.7285017371177673E-02  -1.4783412218093872E+00   7.7538782358169556E-01   5.9587630676105618E-04
     377   1.2001952156424522E-02   3.5425763130187988E+00   5.8267223834991455E-01  -1.0266903042793274E-01   4.2112497612833977E-03   1.2932018144056201E-03  -1.2224588135723025E-04  -1.7655796909821220E-05   3.2393052151746815E-06  -1.3943720489351108E-07   2.2859816551208496E+00  -7.2360438108444214E-01  -1.0658061504364014E+00   4.3382003903388977E-01   1.1028771400451660E+00  -1.3697782531380653E-02  -1.2966308593750000E+00   6.3642591238021851E-01   6.0495611978694797E-04
     378   1.2011718004941940E-02   3.5373809337615967E+00   5.8453923463821411E-01  -1.0256955772638321E-01   4.0853419341146946E-03   1.2974935816600919E-03  -1.1892658221768215E-04  -1.7670901797828265E-05   3.1504716844210634E-06  -1.3270661725073296E-07   2.2853846549987793E+00  -7.1470546722412109E-01  -1.0630661249160767E+00   4.2391902208328247E-01   1.0927513837814331E+00  -8.6294924840331078E-03  -1.2800338268280029E+00   6.2695753574371338E-01   5.0146202556788921E-04
     379   1.2014159932732582E-02   3.5258319377899170E+00   5.8922386169433594E-01  -1.0241280496120453E-01   3.7866160273551941E-03   1.3094507157802582E-03  -1.1099331459263340E-04  -1.7733471395331435E-05   2.9369930416578427E-06  -1.1633509444664014E-07   2.2834262847900391E+00  -6.9412809610366821E-01  -1.0553276538848877E+00   4.0252965688705444E-01   1.0691729784011841E+00   8.9536147424951196E-04  -1.2439105510711670E+00   6.0705804824829102E-01   7.6435424853116274E-04
     380   1.2016600929200649E-02   3.5314381122589111E+00   5.8704948425292969E-01  -1.0252071917057037E-01   3.9303870871663094E-03   1.3044531224295497E-03  -1.1479022941784933E-04  -1.7714677596813999E-05   3.0387977858481463E-06  -1.2406329119585280E-07   2.2837455272674561E+00  -7.0430070161819458E-01  -1.0581912994384766E+00   4.1395670175552368E-01   1.0803755521774292E+00  -5.6204269640147686E-03  -1.2632297277450562E+00   6.1919933557510376E-01   6.4613600261509418E-04
     381   1.2021483853459358E-02   3.4885261058807373E+00   6.0043632984161377E-01  -1.0103746503591537E-01   2.9194687958806753E-03   1.3219234533607960E-03  -8.8740132923703641E-05  -1.7565167581778951E-05   2.3550996957055759E-06  -7.4438197827930708E-08   2.2910857200622559E+00  -6.2705492973327637E-01  -1.0518305301666260E+00   3.1340593099594116E-01   1.0016379356384277E+00   7.0516444742679596E-02  -1.0954620838165283E+00   4.9222007393836975E-01   5.0172855844721198E-04
     382   1.2026366777718067E-02   3.5231072902679443E+00   5.8881384134292603E-01  -1.0207275301218033E-01   3.7578465417027473E-03   1.3027916429564357E-03  -1.1050649482058361E-04  -1.7616666809772141E-05   2.9299437755980762E-06  -1.1675494704377343E-07   2.2875270843505859E+00  -6.8958038091659546E-01  -1.0608446598052979E+00   3.9126363396644592E-01   1.0668623447418213E+00   1.5574175864458084E-02  -1.2258071899414062E+00   5.8655887842178345E-01   4.4657979742623866E-04
     383   1.2031249701976776E-02   3.5597298145294189E+00   5.7671350240707397E-01  -1.0321345180273056E-01   4.6395035460591316E-03   1.2839561095461249E-03  -1.3334138202480972E-04  -1.7691190805635415E-05   3.5318175832799170E-06  -1.6088957011106686E-07   2.2831153869628906E+00  -7.5586992502212524E-01  -1.0695600509643555E+00   4.7458177804946899E-01   1.1359227895736694E+00  -4.3599583208560944E-02  -1.3649092912673950E+00   6.8697577714920044E-01   5.8231060393154621E-04
     384   1.2050781399011612E-02   3.5270764827728271E+00   5.8746045827865601E-01  -1.0225459188222885E-01   3.8593267090618610E-03   1.3021555496379733E-03  -1.1304570216452703E-04  -1.7651875168667175E-05   2.9947657367301872E-06  -1.2124846193728445E-07   2.2857995033264160E+00  -6.9793969392776489E-01  -1.0610615015029907E+00   4.0226188302040100E-01   1.0751494169235229E+00   7.3191463015973568E-03  -1.2436071634292603E+00   5.9989291429519653E-01   5.5334286298602819E-04
     385   1.2070312164723873E-02   3.5570278167724609E+00   5.7737928628921509E-01  -1.0318625718355179E-01   4.5904051512479782E-03   1.2861016439273953E-03  -1.3201765250414610E-04  -1.7704922356642783E-05   3.4959182357852114E-06  -1.5810654474535113E-07   2.2816896438598633E+00  -7.5286382436752319E-01  -1.0678037405014038E+00   4.7166550159454346E-01   1.1319617033004761E+00  -4.2928688228130341E-02  -1.3597885370254517E+00   6.8485623598098755E-01   6.0376670444384217E-04
     386   1.2109374627470970E-02   3.5783646106719971E+00   5.7041043043136597E-01  -1.0396721214056015E-01   5.1107457838952541E-03   1.2778444215655327E-03  -1.4537076640408486E-04  -1.7794796804082580E-05   3.8452826629509218E-06  -1.8334324636271049E-07   2.2765753269195557E+00  -7.9323869943618774E-01  -1.0705034732818604E+00   5.2435600757598877E-01   1.1726399660110474E+00  -8.3121843636035919E-02  -1.4473019838333130E+00   7.5134426355361938E-01   5.2306009456515312E-04
     387   1.2114257551729679E-02   3.5543427467346191E+00   5.7842689752578735E-01  -1.0325839370489120E-01   4.5326538383960724E-03   1.2911843368783593E-03  -1.3036167365498841E-04  -1.7761632989277132E-05   3.4488857636461034E-06  -1.5414586584938661E-07   2.2786505222320557E+00  -7.5016289949417114E-01  -1.0638250112533569E+00   4.7109085321426392E-01   1.1273591518402100E+00  -4.6345282346010208E-02  -1.3583273887634277E+00   6.8780100345611572E-01   5.3401681361719966E-04
     388   1.2119140475988388E-02   3.5573425292968750E+00   5.7747167348861694E-01  -1.0337287187576294E-01   4.6056164428591728E-03   1.2901562731713057E-03  -1.3223491259850562E-04  -1.7777087123249657E-05   3.4977101677213795E-06  -1.5763434646487440E-07   2.2778475284576416E+00  -7.5576865673065186E-01  -1.0639443397521973E+00   4.7862553596496582E-01   1.1327371597290039E+00  -5.2727207541465759E-02  -1.3710126876831055E+00   6.9855397939682007E-01   5.9857114683836699E-04
     389   1.2128906324505806E-02   3.5305774211883545E+00   5.8597207069396973E-01  -1.0249889642000198E-01   3.9737876504659653E-03   1.3023382052779198E-03  -1.1591885413508862E-04  -1.7703074263408780E-05   3.0687492653669324E-06  -1.2635406676508865E-07   2.2813994884490967E+00  -7.0787882804870605E-01  -1.0585067272186279E+00   4.1754594445228577E-01   1.0829958915710449E+00  -8.6405035108327866E-03  -1.2692807912826538E+00   6.2448048591613770E-01   4.9180869245901704E-04
     390   1.2138672173023224E-02   3.4860160350799561E+00   5.9930014610290527E-01  -1.0084491968154907E-01   2.9388119000941515E-03   1.3170448364689946E-03  -8.9344837761018425E-05  -1.7500409740023315E-05   2.3735133254376706E-06  -7.6292465678307053E-08   2.2908337116241455E+00  -6.2782365083694458E-01  -1.0549936294555664E+00   3.1053522229194641E-01   1.0028184652328491E+00   7.6134048402309418E-02  -1.0907320976257324E+00   4.8488038778305054E-01   5.4860406089574099E-04
     391   1.2148437090218067E-02   3.5239725112915039E+00   5.8619862794876099E-01  -1.0191697627305984E-01   3.8670599460601807E-03   1.2942238245159388E-03  -1.1347522377036512E-04  -1.7533538994030096E-05   3.0113185403024545E-06  -1.2339643262748723E-07   2.2880373001098633E+00  -6.9668883085250854E-01  -1.0670887231826782E+00   3.9428946375846863E-01   1.0759147405624390E+00   2.0440787076950073E-02  -1.2305284738540649E+00   5.8152514696121216E-01   5.5600237101316452E-04
     392   1.2167967855930328E-02   3.5156042575836182E+00   5.8982300758361816E-01  -1.0190200805664062E-01   3.6489733029156923E-03   1.3054689625278115E-03  -1.0758379357866943E-04  -1.7618829588172957E-05   2.8507802198873833E-06  -1.1078230244265797E-07   2.2847156524658203E+00  -6.8265420198440552E-01  -1.0593100786209106E+00   3.8172122836112976E-01   1.0585782527923584E+00   2.2690912708640099E-02  -1.2089254856109619E+00   5.7366776466369629E-01   5.1295367302373052E-04
     393   1.2177733704447746E-02   3.5176055431365967E+00   5.8890312910079956E-01  -1.0193213820457458E-01   3.7065069191157818E-03   1.3031829148530960E-03  -1.0911533172475174E-04  -1.7606877008802257E-05   2.8921176635776646E-06  -1.1395440679962121E-07   2.2847511768341064E+00  -6.8665838241577148E-01  -1.0604821443557739E+00   3.8609921932220459E-01   1.0628526210784912E+00   2.0060438662767410E-02  -1.2164522409439087E+00   5.7872998714447021E-01   5.3274788660928607E-04
     394   1.2187499552965164E-02   3.5447487831115723E+00   5.7936525344848633E-01  -1.0266634821891785E-01   4.3779457919299603E-03   1.2854618253186345E-03  -1.2665493704844266E-04  -1.7609299902687781E-05   3.3577700833120616E-06  -1.4857194230444293E-07   2.2829029560089111E+00  -7.3593753576278687E-01  -1.0689889192581177E+00   4.4628193974494934E-01   1.1148207187652588E+00  -2.1121583878993988E-02  -1.3177058696746826E+00   6.5017420053482056E-01   5.8398098917677999E-04
     395   1.2207031250000000E-02   3.5228734016418457E+00   5.8760124444961548E-01  -1.0226935893297195E-01   3.8290722295641899E-03   1.3050757115706801E-03  -1.1211407399969175E-04  -1.7689046217128634E-05   2.9673274184460752E-06  -1.1887449602454581E-07   2.2807955741882324E+00  -6.9764220714569092E-01  -1.0578473806381226E+00   4.0329420566558838E-01   1.0724949836730957E+00   3.5984250716865063E-03  -1.2445749044418335E+00   6.0345554351806641E-01   5.5161159252747893E-04
     396   1.2216797098517418E-02   3.5467588901519775E+00   5.8050018548965454E-01  -1.0320517420768738E-01   4.3865502811968327E-03   1.2983139604330063E-03  -1.2638179759960622E-04  -1.7816282706917264E-05   3.3397120660083601E-06  -1.4554488814155775E-07   2.2746338844299316E+00  -7.4127131700515747E-01  -1.0586140155792236E+00   4.6251401305198669E-01   1.1156226396560669E+00  -4.4475331902503967E-02  -1.3432427644729614E+00   6.8183320760726929E-01   5.3084158571437001E-04
     397   1.2221679091453552E-02   3.5359067916870117E+00   5.8225816488265991E-01  -1.0247967392206192E-01   4.1729719378054142E-03   1.2920758454129100E-03  -1.2122644693590701E-04  -1.7628755813348107E-05   3.2121774893312249E-06  -1.3757198757957667E-07   2.2820179462432861E+00  -7.2164702415466309E-01  -1.0655764341354370E+00   4.2928367853164673E-01   1.0992068052291870E+00  -1.0056682862341404E-02  -1.2885633707046509E+00   6.3023525476455688E-01   5.8550428366288543E-04
     398   1.2226562015712261E-02   3.5747454166412354E+00   5.6943863630294800E-01  -1.0369124263525009E-01   5.1085199229419231E-03   1.2720675440505147E-03  -1.4547021419275552E-04  -1.7707076040096581E-05   3.8514649531862233E-06  -1.8446881711042806E-07   2.2772278785705566E+00  -7.9189562797546387E-01  -1.0744643211364746E+00   5.1792287826538086E-01   1.1721105575561523E+00  -7.3813296854496002E-02  -1.4368276596069336E+00   7.3831504583358765E-01   4.7898688353598118E-04
     399   1.2236326932907104E-02   3.5173423290252686E+00   5.8768302202224731E-01  -1.0178848356008530E-01   3.7501463666558266E-03   1.2975758872926235E-03  -1.1042464029742405E-04  -1.7536864106659777E-05   2.9307716431503650E-06  -1.1741266803255712E-07   2.2855017185211182E+00  -6.8868315219879150E-01  -1.0633863210678101E+00   3.8587224483489990E-01   1.0654373168945312E+00   2.2468486800789833E-02  -1.2168631553649902E+00   5.7664591073989868E-01   5.8112590340897441E-04
     400   1.2241209857165813E-02   3.5258731842041016E+00   5.8587098121643066E-01  -1.0228835791349411E-01   3.9301929064095020E-03   1.3003125786781311E-03  -1.1483604612294585E-04  -1.7656539057497866E-05   3.0414482807827881E-06  -1.2465989129850641E-07   2.2807755470275879E+00  -7.0446139574050903E-01  -1.0600463151931763E+00   4.1044941544532776E-01   1.0796142816543579E+00  -7.9845881555229425E-04  -1.2571719884872437E+00   6.1218774318695068E-01   5.1144493045285344E-04
     401   1.2246092781424522E-02   3.4861030578613281E+00   5.9815472364425659E-01  -1.0088686645030975E-01   2.9954097699373960E-03   1.3157868525013328E-03  -9.0759567683562636E-05  -1.7508034943602979E-05   2.4098089852486737E-06  -7.8885562970754108E-08   2.2880890369415283E+00  -6.3291275501251221E-01  -1.0551314353942871E+00   3.1642138957977295E-01   1.0072858333587646E+00   7.1963682770729065E-02  -1.1000324487686157E+00   4.9118816852569580E-01   7.5813272269442677E-04
     402   1.2265624478459358E-02   3.5875754356384277E+00   5.6460368633270264E-01  -1.0405674576759338E-01   5.4421373642981052E-03   1.2635064776986837E-03  -1.5415673260577023E-04  -1.7713326087687165E-05   4.0815125430526678E-06  -2.0151040303062473E-07   2.2754249572753906E+00  -8.1675654649734497E-01  -1.0784810781478882E+00   5.4816675186157227E-01   1.1979622840881348E+00  -9.4614520668983459E-02  -1.4874222278594971E+00   7.7441674470901489E-01   5.3573731565847993E-04
     403   1.2285156175494194E-02   3.5022597312927246E+00   5.9275335073471069E-01  -1.0147359222173691E-01   3.3951690420508385E-03   1.3091508299112320E-03  -1.0103223030455410E-04  -1.7572872820892371E-05   2.6788179638970178E-06  -9.8343733156980306E-08   2.2840797901153564E+00  -6.6384667158126831E-01  -1.0572117567062378E+00   3.5671910643577576E-01   1.0383247137069702E+00   4.1039809584617615E-02  -1.1670897006988525E+00   5.4246366024017334E-01   7.8351562842726707E-04
     404   1.2304686941206455E-02   3.5530469417572021E+00   5.7570344209671021E-01  -1.0302787274122238E-01   4.6302862465381622E-03   1.2815829832106829E-03  -1.3309683708939701E-04  -1.7656619093031622E-05   3.5258533443993656E-06  -1.6067444619238813E-07   2.2778911590576172E+00  -7.5621390342712402E-01  -1.0691938400268555E+00   4.7291043400764465E-01   1.1339474916458130E+00  -4.2878337204456329E-02  -1.3618673086166382E+00   6.8548202514648438E-01   6.1510549858212471E-04
     405   1.2324217706918716E-02   3.5735297203063965E+00   5.6999409198760986E-01  -1.0394502431154251E-01   5.1005119457840919E-03   1.2791599147021770E-03  -1.4499305689241737E-04  -1.7817508705775253E-05   3.8330599636537954E-06  -1.8219023445453786E-07   2.2706937789916992E+00  -7.9420739412307739E-01  -1.0675179958343506E+00   5.2640014886856079E-01   1.1704802513122559E+00  -8.8418133556842804E-02  -1.4504600763320923E+00   7.5838011503219604E-01   7.3183048516511917E-04
     406   1.2343749403953552E-02   3.5245921611785889E+00   5.8485990762710571E-01  -1.0219776630401611E-01   3.9621251635253429E-03   1.2969074305146933E-03  -1.1574304517125711E-04  -1.7617723642615601E-05   3.0674118534079753E-06  -1.2690112782820506E-07   2.2795233726501465E+00  -7.0668679475784302E-01  -1.0613101720809937E+00   4.1156271100044250E-01   1.0816274881362915E+00  -5.5379746481776237E-04  -1.2592030763626099E+00   6.1217308044433594E-01   5.6993670295923948E-04
     407   1.2353515252470970E-02   3.5422635078430176E+00   5.8000522851943970E-01  -1.0298564285039902E-01   4.3641738593578339E-03   1.2948395451530814E-03  -1.2591939594130963E-04  -1.7754289729055017E-05   3.3304677344858646E-06  -1.4534846570768423E-07   2.2734982967376709E+00  -7.3915046453475952E-01  -1.0598732233047485E+00   4.5733609795570374E-01   1.1128869056701660E+00  -3.9548054337501526E-02  -1.3350491523742676E+00   6.7458516359329224E-01   5.2455725381150842E-04
     408   1.2363281100988388E-02   3.5606818199157715E+00   5.7418769598007202E-01  -1.0363920032978058E-01   4.8033497296273708E-03   1.2876047985628247E-03  -1.3721793948207051E-04  -1.7825985196395777E-05   3.6264593745727325E-06  -1.6676956704486656E-07   2.2698450088500977E+00  -7.7279239892959595E-01  -1.0621913671493530E+00   5.0139594078063965E-01   1.1467193365097046E+00  -7.3744051158428192E-02  -1.4086717367172241E+00   7.3169946670532227E-01   6.9529260508716106E-04
     409   1.2373046949505806E-02   3.5261266231536865E+00   5.8397781848907471E-01  -1.0224060714244843E-01   4.0135029703378677E-03   1.2956074206158519E-03  -1.1703302152454853E-04  -1.7621441656956449E-05   3.1004997254058253E-06  -1.2928947512591549E-07   2.2791099548339844E+00  -7.1078056097030640E-01  -1.0627917051315308E+00   4.1547167301177979E-01   1.0862160921096802E+00  -1.5424578450620174E-03  -1.2651261091232300E+00   6.1461287736892700E-01   6.5325165633112192E-04
     410   1.2377928942441940E-02   3.5293929576873779E+00   5.8242094516754150E-01  -1.0224968194961548E-01   4.1039581410586834E-03   1.2912381207570434E-03  -1.1943489516852424E-04  -1.7592325093573891E-05   3.1650406526750885E-06  -1.3429266232378723E-07   2.2802672386169434E+00  -7.1687382459640503E-01  -1.0663564205169678E+00   4.2059853672981262E-01   1.0939662456512451E+00  -1.3634451897814870E-03  -1.2734543085098267E+00   6.1587446928024292E-01   5.4024136625230312E-04
     411   1.2382811866700649E-02   3.5236959457397461E+00   5.8388864994049072E-01  -1.0199494659900665E-01   3.9789984002709389E-03   1.2916768901050091E-03  -1.1628015636233613E-04  -1.7547112292959355E-05   3.0836120004096301E-06  -1.2859838705026050E-07   2.2820427417755127E+00  -7.0675224065780640E-01  -1.0668290853500366E+00   4.0623632073402405E-01   1.0841277837753296E+00   1.0781235061585903E-02  -1.2497295141220093E+00   5.9648340940475464E-01   5.5066304048523307E-04
     412   1.2392576783895493E-02   3.5332319736480713E+00   5.8261430263519287E-01  -1.0272703319787979E-01   4.1672233492136002E-03   1.2991841649636626E-03  -1.2080841406714171E-04  -1.7740941984811798E-05   3.1955148642737186E-06  -1.3542209842398734E-07   2.2733561992645264E+00  -7.2452479600906372E-01  -1.0571384429931641E+00   4.3934515118598938E-01   1.0968154668807983E+00  -2.8176007792353630E-02  -1.3052572011947632E+00   6.5491050481796265E-01   5.7276897132396698E-04
     413   1.2402342632412910E-02   3.5567042827606201E+00   5.7526075839996338E-01  -1.0356353223323822E-01   4.7242008149623871E-03   1.2901008594781160E-03  -1.3513801968656480E-04  -1.7832067896961235E-05   3.5711284454009729E-06  -1.6261574842246773E-07   2.2686772346496582E+00  -7.6734167337417603E-01  -1.0600564479827881E+00   4.9550408124923706E-01   1.1400731801986694E+00  -7.1417517960071564E-02  -1.3989014625549316E+00   7.2675055265426636E-01   6.9926353171467781E-04
     414   1.2407225556671619E-02   3.5325684547424316E+00   5.8174109458923340E-01  -1.0250245779752731E-01   4.1799722239375114E-03   1.2933282414451241E-03  -1.2129479728173465E-04  -1.7655966075835750E-05   3.2118202852871036E-06  -1.3728835313031595E-07   2.2766318321228027E+00  -7.2394543886184692E-01  -1.0628834962844849E+00   4.3324735760688782E-01   1.0990496873855591E+00  -1.6005892306566238E-02  -1.2947224378585815E+00   6.3770228624343872E-01   5.1563739543780684E-04
     415   1.2412108480930328E-02   3.5162417888641357E+00   5.8757328987121582E-01  -1.0210970044136047E-01   3.7769861519336700E-03   1.3051391579210758E-03  -1.1073139467043802E-04  -1.7672740796115249E-05   2.9306283977348357E-06  -1.1624518947428442E-07   2.2766726016998291E+00  -6.9481277465820312E-01  -1.0564376115798950E+00   3.9888536930084229E-01   1.0676503181457520E+00   5.7688672095537186E-03  -1.2369004487991333E+00   5.9869599342346191E-01   5.5446045007556677E-04
     416   1.2416991405189037E-02   3.4840412139892578E+00   5.9611755609512329E-01  -1.0066869109869003E-01   3.0541769228875637E-03   1.3086334802210331E-03  -9.2384965682867914E-05  -1.7426436897949316E-05   2.4552405193389859E-06  -8.2844344717614149E-08   2.2876629829406738E+00  -6.3674086332321167E-01  -1.0605074167251587E+00   3.1530332565307617E-01   1.0125323534011841E+00   7.9669125378131866E-02  -1.0974770784378052E+00   4.8089429736137390E-01   5.9670628979802132E-04
     417   1.2421874329447746E-02   3.5349168777465820E+00   5.8041334152221680E-01  -1.0249338299036026E-01   4.2522209696471691E-03   1.2896030675619841E-03  -1.2320403766352683E-04  -1.7630678485147655E-05   3.2627740438329056E-06  -1.4122799996130198E-07   2.2776155471801758E+00  -7.2879767417907715E-01  -1.0662162303924561E+00   4.3673431873321533E-01   1.1053423881530762E+00  -1.4739547856152058E-02  -1.3002293109893799E+00   6.3724589347839355E-01   5.2326655713841319E-04
     418   1.2441406026482582E-02   3.5480432510375977E+00   5.7707482576370239E-01  -1.0316433012485504E-01   4.5521897263824940E-03   1.2896773405373096E-03  -1.3082045188639313E-04  -1.7753338397596963E-05   3.4605443488544552E-06  -1.5503540851113939E-07   2.2709522247314453E+00  -7.5332826375961304E-01  -1.0613154172897339E+00   4.7479733824729919E-01   1.1264905929565430E+00  -5.3263101726770401E-02  -1.3646457195281982E+00   6.9808083772659302E-01   4.6188090345822275E-04
     419   1.2460937723517418E-02   3.5300922393798828E+00   5.8228600025177002E-01  -1.0250493884086609E-01   4.1403844952583313E-03   1.2958442093804479E-03  -1.2018506822641939E-04  -1.7681048120721243E-05   3.1806878268980654E-06  -1.3474647175826249E-07   2.2746341228485107E+00  -7.2186237573623657E-01  -1.0607926845550537E+00   4.3177127838134766E-01   1.0957256555557251E+00  -1.6914172098040581E-02  -1.2919875383377075E+00   6.3790184259414673E-01   6.8056012969464064E-04
     420   1.2465820647776127E-02   3.5872921943664551E+00   5.6398957967758179E-01  -1.0441038757562637E-01   5.5037070997059345E-03   1.2699156068265438E-03  -1.5542157052550465E-04  -1.7844224203145131E-05   4.1079638322116807E-06  -2.0239674825006659E-07   2.2655904293060303E+00  -8.2523661851882935E-01  -1.0705587863922119E+00   5.6515371799468994E-01   1.2012865543365479E+00  -1.1726339161396027E-01  -1.5151102542877197E+00   8.0655813217163086E-01   5.6804972700774670E-04
     421   1.2470703572034836E-02   3.6088917255401611E+00   5.5701887607574463E-01  -1.0512620210647583E-01   6.0213189572095871E-03   1.2599539477378130E-03  -1.6880230396054685E-04  -1.7905094864545390E-05   4.4600310502573848E-06  -2.2808414712471858E-07   2.2621862888336182E+00  -8.6433708667755127E-01  -1.0742675065994263E+00   6.1552166938781738E-01   1.2409616708755493E+00  -1.5559028089046478E-01  -1.5995647907257080E+00   8.7152814865112305E-01   5.3367239888757467E-04
     422   1.2480469420552254E-02   3.5323309898376465E+00   5.8121854066848755E-01  -1.0255160182714462E-01   4.2076637037098408E-03   1.2935238191857934E-03  -1.2195784074719995E-04  -1.7673226466285996E-05   3.2281068342854269E-06  -1.3833205514401925E-07   2.2743420600891113E+00  -7.2666913270950317E-01  -1.0618857145309448E+00   4.3717995285987854E-01   1.1005098819732666E+00  -2.0737441256642342E-02  -1.3012378215789795E+00   6.4543914794921875E-01   6.1194278532639146E-04
     423   1.2490235269069672E-02   3.4889905452728271E+00   5.9420239925384521E-01  -1.0094615072011948E-01   3.1991510186344385E-03   1.3080743374302983E-03  -9.6039446361828595E-05  -1.7480266251368448E-05   2.5493827706668526E-06  -8.9396245073203318E-08   2.2835762500762939E+00  -6.4887863397598267E-01  -1.0588066577911377E+00   3.3290648460388184E-01   1.0230888128280640E+00   6.3018865883350372E-02  -1.1268498897552490E+00   5.0690430402755737E-01   6.0483266133815050E-04
     424   1.2500000186264515E-02   3.4961874485015869E+00   5.9250605106353760E-01  -1.0134148597717285E-01   3.3601883333176374E-03   1.3089521089568734E-03  -1.0010127152781934E-04  -1.7559150364832021E-05   2.6542481919022975E-06  -9.6611024957837799E-08   2.2794852256774902E+00  -6.6230255365371704E-01  -1.0553789138793945E+00   3.5443803668022156E-01   1.0343848466873169E+00   4.0595680475234985E-02  -1.1632670164108276E+00   5.4176157712936401E-01   6.5067410469055176E-04
     425   1.2539062649011612E-02   3.5202805995941162E+00   5.8386725187301636E-01  -1.0203526914119720E-01   3.9641289040446281E-03   1.2943590991199017E-03  -1.1575530515983701E-04  -1.7587104593985714E-05   3.0669511943415273E-06  -1.2700195384240942E-07   2.2770550251007080E+00  -7.0741581916809082E-01  -1.0634430646896362E+00   4.0879181027412415E-01   1.0820891857147217E+00   4.9397614784538746E-03  -1.2535980939865112E+00   6.0410189628601074E-01   5.0715275574475527E-04
     426   1.2558594346046448E-02   3.5209622383117676E+00   5.8461982011795044E-01  -1.0231856256723404E-01   3.9640190079808235E-03   1.3009972171857953E-03  -1.1557089601410553E-04  -1.7688469597487710E-05   3.0583162242692197E-06  -1.2560929008031962E-07   2.2720050811767578E+00  -7.0955020189285278E-01  -1.0560731887817383E+00   4.1826510429382324E-01   1.0804343223571777E+00  -1.1927562765777111E-02  -1.2698434591293335E+00   6.2784069776535034E-01   5.5479147704318166E-04
     427   1.2568360194563866E-02   3.4859561920166016E+00   5.9425055980682373E-01  -1.0083855688571930E-01   3.1686758156865835E-03   1.3075226452201605E-03  -9.5260918897110969E-05  -1.7460319213569164E-05   2.5293575163232163E-06  -8.8058662583989644E-08   2.2826578617095947E+00  -6.4676153659820557E-01  -1.0590378046035767E+00   3.2911419868469238E-01   1.0206103324890137E+00   6.6537037491798401E-02  -1.1203311681747437E+00   5.0118607282638550E-01   5.0185190048068762E-04
     428   1.2578126043081284E-02   3.5098741054534912E+00   5.8701890707015991E-01  -1.0174949467182159E-01   3.7296689115464687E-03   1.3000636827200651E-03  -1.0963191016344354E-04  -1.7579222912900150E-05   2.9045900191704277E-06  -1.1499026442152172E-07   2.2769868373870850E+00  -6.9037908315658569E-01  -1.0605672597885132E+00   3.8759914040565491E-01   1.0639811754226685E+00   1.9786069169640541E-02  -1.2178200483322144E+00   5.7805728912353516E-01   6.0094532091170549E-04
     429   1.2587891891598701E-02   3.5669002532958984E+00   5.6857752799987793E-01  -1.0361820459365845E-01   5.0949072465300560E-03   1.2732521863654256E-03  -1.4493898197542876E-04  -1.7731079424265772E-05   3.8339198908943217E-06  -1.8285048497546086E-07   2.2684156894683838E+00  -7.9363805055618286E-01  -1.0712167024612427E+00   5.2000117301940918E-01   1.1698716878890991E+00  -7.8620567917823792E-02  -1.4392433166503906E+00   7.4387603998184204E-01   5.5598944891244173E-04
     430   1.2592774815857410E-02   3.5959382057189941E+00   5.6143385171890259E-01  -1.0506500303745270E-01   5.7351724244654179E-03   1.2742535909637809E-03  -1.6105093527585268E-04  -1.8012367945630103E-05   4.2485257836233359E-06  -2.1147431539247918E-07   2.2559199333190918E+00  -8.4647959470748901E-01  -1.0638345479965210E+00   5.9925186634063721E-01   1.2182600498199463E+00  -1.5259368717670441E-01  -1.5713148117065430E+00   8.6003619432449341E-01   5.5928871734067798E-04
     431   1.2597657740116119E-02   3.5315308570861816E+00   5.8138692378997803E-01  -1.0280068963766098E-01   4.2199855670332909E-03   1.2994850985705853E-03  -1.2203142978250980E-04  -1.7774242223822512E-05   3.2248510706267552E-06  -1.3726609893183195E-07   2.2676806449890137E+00  -7.3039948940277100E-01  -1.0554257631301880E+00   4.4713559746742249E-01   1.1005570888519287E+00  -3.5866227000951767E-02  -1.3174253702163696E+00   6.6589301824569702E-01   5.4381351219490170E-04
     432   1.2602540664374828E-02   3.5045714378356934E+00   5.8887809514999390E-01  -1.0166779160499573E-01   3.6079077981412411E-03   1.3043781509622931E-03  -1.0645611473591998E-04  -1.7593947632121854E-05   2.8205690796312410E-06  -1.0866700250744543E-07   2.2754964828491211E+00  -6.8182623386383057E-01  -1.0564734935760498E+00   3.7939235568046570E-01   1.0532826185226440E+00   2.1159145981073380E-02  -1.2046914100646973E+00   5.7392591238021851E-01   4.5085078454576433E-04
     433   1.2607423588633537E-02   3.5000360012054443E+00   5.8922064304351807E-01  -1.0128480941057205E-01   3.5283372271806002E-03   1.2994261924177408E-03  -1.0461300553288311E-04  -1.7483780538896099E-05   2.7767398478317773E-06  -1.0627944391217170E-07   2.2798948287963867E+00  -6.7372113466262817E-01  -1.0616497993469238E+00   3.6358073353767395E-01   1.0476419925689697E+00   3.9917688816785812E-02  -1.1785312891006470E+00   5.4621410369873047E-01   5.7826336706057191E-04
     434   1.2612305581569672E-02   3.5126256942749023E+00   5.8563894033432007E-01  -1.0181444883346558E-01   3.8192612119019032E-03   1.2968716910108924E-03  -1.1203766189282760E-04  -1.7565826055943035E-05   2.9698928756261012E-06  -1.1997668991625687E-07   2.2759990692138672E+00  -6.9664239883422852E-01  -1.0608032941818237E+00   3.9581361413002014E-01   1.0694808959960938E+00   1.1753167025744915E-02  -1.2325596809387207E+00   5.9195286035537720E-01   5.1364506362006068E-04
     435   1.2617188505828381E-02   3.4765784740447998E+00   5.9691143035888672E-01  -1.0057599842548370E-01   2.9671483207494020E-03   1.3120508519932628E-03  -9.0028443082701415E-05  -1.7448297512601130E-05   2.3911011339805555E-06  -7.7867241543572163E-08   2.2822678089141846E+00  -6.3186657428741455E-01  -1.0560542345046997E+00   3.1091052293777466E-01   1.0040924549102783E+00   7.7769026160240173E-02  -1.0902044773101807E+00   4.8159101605415344E-01   6.1178987380117178E-04
     436   1.2626953423023224E-02   3.5406720638275146E+00   5.7676088809967041E-01  -1.0279983282089233E-01   4.4857063330709934E-03   1.2857452966272831E-03  -1.2916597188450396E-04  -1.7671858586254530E-05   3.4184706692030886E-06  -1.5244928874835750E-07   2.2707576751708984E+00  -7.4800127744674683E-01  -1.0652883052825928E+00   4.6224859356880188E-01   1.1221725940704346E+00  -3.7304885685443878E-02  -1.3427431583404541E+00   6.7340880632400513E-01   6.1210483545437455E-04
     437   1.2636719271540642E-02   3.5591204166412354E+00   5.7115370035171509E-01  -1.0350277274847031E-01   4.9194241873919964E-03   1.2800097465515137E-03  -1.4026733697392046E-04  -1.7764687072485685E-05   3.7081188111187657E-06  -1.7322633993899217E-07   2.2663922309875488E+00  -7.8171873092651367E-01  -1.0665837526321411E+00   5.0730377435684204E-01   1.1556801795959473E+00  -7.3232933878898621E-02  -1.4178148508071899E+00   7.3272264003753662E-01   4.9335951916873455E-04
     438   1.2656250968575478E-02   3.4843194484710693E+00   5.9426182508468628E-01  -1.0089018940925598E-01   3.1654725316911936E-03   1.3093423331156373E-03  -9.5110393885988742E-05  -1.7489097444922663E-05   2.5239912702090805E-06  -8.7425434003307601E-08   2.2793626785278320E+00  -6.4750701189041138E-01  -1.0561108589172363E+00   3.3205455541610718E-01   1.0191633701324463E+00   6.0217149555683136E-02  -1.1254864931106567E+00   5.1013237237930298E-01   5.8602727949619293E-04
     439   1.2675782665610313E-02   3.5533072948455811E+00   5.7284015417098999E-01  -1.0336540639400482E-01   4.7965040430426598E-03   1.2831678614020348E-03  -1.3708524056710303E-04  -1.7761236449587159E-05   3.6245546652935445E-06  -1.6707983263586357E-07   2.2654006481170654E+00  -7.7287280559539795E-01  -1.0637248754501343E+00   4.9746754765510559E-01   1.1453233957290649E+00  -6.8749383091926575E-02  -1.4017506837844849E+00   7.2383463382720947E-01   4.7788920346647501E-04
     440   1.2695313431322575E-02   3.5166270732879639E+00   5.8373183012008667E-01  -1.0201411694288254E-01   3.9472440257668495E-03   1.2955892598256469E-03  -1.1523526336532086E-04  -1.7602709704078734E-05   3.0517626328219194E-06  -1.2572189689308289E-07   2.2730033397674561E+00  -7.0749825239181519E-01  -1.0613130331039429E+00   4.0950152277946472E-01   1.0802098512649536E+00   2.2140864748507738E-03  -1.2543730735778809E+00   6.0703527927398682E-01   5.5543013149872422E-04
     441   1.2705078348517418E-02   3.5339202880859375E+00   5.7852864265441895E-01  -1.0268151760101318E-01   4.3545248918235302E-03   1.2901322916150093E-03  -1.2570297985803336E-04  -1.7686475985101424E-05   3.3259691463172203E-06  -1.4546255044933787E-07   2.2684791088104248E+00  -7.3912847042083740E-01  -1.0615707635879517E+00   4.5275491476058960E-01   1.1111615896224976E+00  -3.3809907734394073E-02  -1.3268980979919434E+00   6.6576629877090454E-01   5.4448226001113653E-04
     442   1.2714844197034836E-02   3.5156540870666504E+00   5.8440965414047241E-01  -1.0210945457220078E-01   3.9215367287397385E-03   1.2991598341614008E-03  -1.1449104204075411E-04  -1.7646227206569165E-05   3.0306312055472517E-06  -1.2384172975998808E-07   2.2705039978027344E+00  -7.0656991004943848E-01  -1.0573729276657104E+00   4.1166538000106812E-01   1.0771945714950562E+00  -4.5504840090870857E-03  -1.2583616971969604E+00   6.1598080396652222E-01   6.0633238172158599E-04
     443   1.2734375894069672E-02   3.5132422447204590E+00   5.8401852846145630E-01  -1.0182198137044907E-01   3.8966923020780087E-03   1.2937927385792136E-03  -1.1402274685679004E-04  -1.7553940779180266E-05   3.0220012376958039E-06  -1.2389867265483190E-07   2.2739953994750977E+00  -7.0291996002197266E-01  -1.0626535415649414E+00   4.0171432495117188E-01   1.0758880376815796E+00   9.6402084454894066E-03  -1.2417646646499634E+00   5.9581863880157471E-01   5.3328118519857526E-04
     444   1.2773438356816769E-02   3.5181653499603271E+00   5.8266031742095947E-01  -1.0212621092796326E-01   4.0180897340178490E-03   1.2948799412697554E-03  -1.1703965719789267E-04  -1.7622383893467486E-05   3.0987482659838861E-06  -1.2905677237995405E-07   2.2701671123504639E+00  -7.1351259946823120E-01  -1.0600959062576294E+00   4.1828319430351257E-01   1.0849428176879883E+00  -6.7746881395578384E-03  -1.2692406177520752E+00   6.2079071998596191E-01   4.7481205547228456E-04
     445   1.2783203274011612E-02   3.5595278739929199E+00   5.7035040855407715E-01  -1.0372453182935715E-01   4.9823257140815258E-03   1.2826629681512713E-03  -1.4174071839079261E-04  -1.7834001482697204E-05   3.7439560856000753E-06  -1.7534608787173056E-07   2.2600057125091553E+00  -7.8863650560379028E-01  -1.0617828369140625E+00   5.1996517181396484E-01   1.1591991186141968E+00  -8.9382432401180267E-02  -1.4389159679412842E+00   7.5620639324188232E-01   5.7018699590116739E-04
     446   1.2792969122529030E-02   3.5533707141876221E+00   5.7132709026336670E-01  -1.0332488268613815E-01   4.8625566996634007E-03   1.2794123031198978E-03  -1.3883005885872990E-04  -1.7733285858412273E-05   3.6714798170578433E-06  -1.7075655023290892E-07   2.2639458179473877E+00  -7.7780902385711670E-01  -1.0657044649124146E+00   5.0147110223770142E-01   1.1501970291137695E+00  -6.9935441017150879E-02  -1.4082754850387573E+00   7.2698450088500977E-01   5.2446179324761033E-04
     447   1.2812500819563866E-02   3.5320444107055664E+00   5.7814055681228638E-01  -1.0266450792551041E-01   4.3580788187682629E-03   1.2902991147711873E-03  -1.2571972911246121E-04  -1.7695081623969600E-05   3.3247820283577312E-06  -1.4524560754125559E-07   2.2662422657012939E+00  -7.4025177955627441E-01  -1.0614227056503296E+00   4.5348277688026428E-01   1.1117062568664551E+00  -3.3846400678157806E-02  -1.3274539709091187E+00   6.6512662172317505E-01   5.6033802684396505E-04
     448   1.2851563282310963E-02   3.5453286170959473E+00   5.7333177328109741E-01  -1.0307390242815018E-01   4.6978201717138290E-03   1.2824202422052622E-03  -1.3454268628265709E-04  -1.7713393390295096E-05   3.5581258543970762E-06  -1.6246455913915270E-07   2.2639296054840088E+00  -7.6577389240264893E-01  -1.0646095275878906E+00   4.8543131351470947E-01   1.1378108263015747E+00  -5.7136166840791702E-02  -1.3810125589370728E+00   7.0483231544494629E-01   5.8055686531588435E-04
     449   1.2871094048023224E-02   3.5097873210906982E+00   5.8442342281341553E-01  -1.0188263654708862E-01   3.8649968337267637E-03   1.2975881109014153E-03  -1.1306526721455157E-04  -1.7603002561372705E-05   2.9939249088783981E-06  -1.2140071703470312E-07   2.2690517902374268E+00  -7.0235908031463623E-01  -1.0581660270690918E+00   4.0386423468589783E-01   1.0723009109497070E+00   2.6760948821902275E-03  -1.2452068328857422E+00   6.0465139150619507E-01   6.5785262268036604E-04
     450   1.2880859896540642E-02   3.4803566932678223E+00   5.9284842014312744E-01  -1.0071186721324921E-01   3.1902564223855734E-03   1.3050102861598134E-03  -9.5799929113127291E-05  -1.7437210772186518E-05   2.5436097530473489E-06  -8.9245020262751495E-08   2.2765884399414062E+00  -6.4961308240890503E-01  -1.0581896305084229E+00   3.3123052120208740E-01   1.0207188129425049E+00   6.3381291925907135E-02  -1.1237488985061646E+00   5.0572657585144043E-01   6.1628740513697267E-04
     451   1.2890625745058060E-02   3.5137841701507568E+00   5.8294707536697388E-01  -1.0201629251241684E-01   3.9686486124992371E-03   1.2954357080161572E-03  -1.1573531810427085E-04  -1.7611857401789166E-05   3.0643195714219473E-06  -1.2658252046549023E-07   2.2681071758270264E+00  -7.1042048931121826E-01  -1.0592019557952881E+00   4.1386273503303528E-01   1.0807273387908936E+00  -4.0338817052543163E-03  -1.2616105079650879E+00   6.1578619480133057E-01   5.9592293109744787E-04
     452   1.2929688207805157E-02   3.4735057353973389E+00   5.9456646442413330E-01  -1.0049677640199661E-01   3.0503019224852324E-03   1.3074732851237059E-03  -9.2174523160792887E-05  -1.7418778952560388E-05   2.4480430056428304E-06  -8.2269849599470035E-08   2.2765564918518066E+00  -6.3921260833740234E-01  -1.0569653511047363E+00   3.1760796904563904E-01   1.0095751285552979E+00   7.3230370879173279E-02  -1.1009430885314941E+00   4.8919552564620972E-01   5.3208920871838927E-04
     453   1.2949218973517418E-02   3.5642635822296143E+00   5.6678670644760132E-01  -1.0382617264986038E-01   5.1840026862919331E-03   1.2754539493471384E-03  -1.4700210886076093E-04  -1.7809927157941274E-05   3.8837142710690387E-06  -1.8588335137792455E-07   2.2572011947631836E+00  -8.0389392375946045E-01  -1.0652601718902588E+00   5.3646194934844971E-01   1.1746404170989990E+00  -9.9144861102104187E-02  -1.4662507772445679E+00   7.7371418476104736E-01   5.4423674009740353E-04
     454   1.2958984822034836E-02   3.5120306015014648E+00   5.8301508426666260E-01  -1.0201360285282135E-01   3.9536971598863602E-03   1.2966881040483713E-03  -1.1526924936333671E-04  -1.7629263311391696E-05   3.0501080345857190E-06  -1.2532339610515919E-07   2.2664051055908203E+00  -7.1006882190704346E-01  -1.0584161281585693E+00   4.1347193717956543E-01   1.0797344446182251E+00  -4.0337820537388325E-03  -1.2604234218597412E+00   6.1505377292633057E-01   5.2441755542531610E-04
     455   1.2968750670552254E-02   3.5127773284912109E+00   5.8241915702819824E-01  -1.0198242962360382E-01   3.9829784072935581E-03   1.2944312766194344E-03  -1.1608514614636078E-04  -1.7605952962185256E-05   3.0729565878573339E-06  -1.2721815778604650E-07   2.2669816017150879E+00  -7.1175628900527954E-01  -1.0598826408386230E+00   4.1441500186920166E-01   1.0819082260131836E+00  -3.4303520806133747E-03  -1.2621839046478271E+00   6.1502265930175781E-01   5.3184834541752934E-04
     456   1.3046875596046448E-02   3.5235834121704102E+00   5.7864654064178467E-01  -1.0245297849178314E-01   4.2662778869271278E-03   1.2912178644910455E-03  -1.2331291509326547E-04  -1.7675438357400708E-05   3.2612144877930405E-06  -1.4065128084439493E-07   2.2620649337768555E+00  -7.3440539836883545E-01  -1.0593153238296509E+00   4.4545805454254150E-01   1.1033070087432861E+00  -2.9916897416114807E-02  -1.3139493465423584E+00   6.5766274929046631E-01   5.7347130496054888E-04
     457   1.3066407293081284E-02   3.5462598800659180E+00   5.7122713327407837E-01  -1.0321173071861267E-01   4.8148292116820812E-03   1.2806518934667110E-03  -1.3749241770710796E-04  -1.7738719179760665E-05   3.6345390981296077E-06  -1.6791676671346067E-07   2.2581019401550293E+00  -7.7607035636901855E-01  -1.0631711483001709E+00   4.9914786219596863E-01   1.1456674337387085E+00  -7.0466279983520508E-02  -1.4037666320800781E+00   7.2585368156433105E-01   5.5272219469770789E-04
     458   1.3076173141598701E-02   3.5259902477264404E+00   5.7699543237686157E-01  -1.0240747034549713E-01   4.3503828346729279E-03   1.2860175920650363E-03  -1.2557031004689634E-04  -1.7631522496230900E-05   3.3223977879970334E-06  -1.4551157789810532E-07   2.2633981704711914E+00  -7.3987656831741333E-01  -1.0636692047119141E+00   4.4880482554435730E-01   1.1106413602828979E+00  -2.7341801673173904E-02  -1.3192362785339355E+00   6.5546458959579468E-01   7.0443656295537949E-04
     459   1.3085938058793545E-02   3.5335035324096680E+00   5.7507568597793579E-01  -1.0278442502021790E-01   4.5215464197099209E-03   1.2859589187428355E-03  -1.2991437688469887E-04  -1.7700715034152381E-05   3.4350266560068121E-06  -1.5336834735535376E-07   2.2597811222076416E+00  -7.5381678342819214E-01  -1.0611188411712646E+00   4.7025278210639954E-01   1.1228495836257935E+00  -4.8685941845178604E-02  -1.3554916381835938E+00   6.8907076120376587E-01   5.7557027321308851E-04
     460   1.3090820983052254E-02   3.5090329647064209E+00   5.8274310827255249E-01  -1.0194896906614304E-01   3.9441892877221107E-03   1.2962054461240768E-03  -1.1502510460559279E-04  -1.7619078789721243E-05   3.0441055969276931E-06  -1.2496926160565636E-07   2.2637858390808105E+00  -7.0985931158065796E-01  -1.0573270320892334E+00   4.1317740082740784E-01   1.0780392885208130E+00  -5.4715760052204132E-03  -1.2601345777511597E+00   6.1674368381500244E-01   5.5683829123154283E-04
     461   1.3095702975988388E-02   3.5024018287658691E+00   5.8485364913940430E-01  -1.0173953324556351E-01   3.7863054312765598E-03   1.2996357399970293E-03  -1.1090572661487386E-04  -1.7608621419640258E-05   2.9347015697567258E-06  -1.1688183576552547E-07   2.2647073268890381E+00  -6.9813793897628784E-01  -1.0564296245574951E+00   3.9775958657264709E-01   1.0662786960601807E+00   6.8940897472202778E-03  -1.2339453697204590E+00   5.9590703248977661E-01   5.8102887123823166E-04
     462   1.3105468824505806E-02   3.5547261238098145E+00   5.6861448287963867E-01  -1.0360520333051682E-01   5.0228293985128403E-03   1.2794501380994916E-03  -1.4275437570177019E-04  -1.7809006749303080E-05   3.7703316593251657E-06  -1.7742505065143632E-07   2.2543284893035889E+00  -7.9292780160903931E-01  -1.0621354579925537E+00   5.2294617891311646E-01   1.1615091562271118E+00  -9.1246291995048523E-02  -1.4433413743972778E+00   7.5884360074996948E-01   5.3791207028552890E-04
     463   1.3110351748764515E-02   3.5219125747680664E+00   5.7826763391494751E-01  -1.0234320163726807E-01   4.2635481804609299E-03   1.2890605721622705E-03  -1.2329714081715792E-04  -1.7641919839661568E-05   3.2621276204736205E-06  -1.4097668099566363E-07   2.2620813846588135E+00  -7.3382866382598877E-01  -1.0607531070709229E+00   4.4286209344863892E-01   1.1028770208358765E+00  -2.6392973959445953E-02  -1.3096897602081299E+00   6.5287089347839355E-01   5.3385453065857291E-04
     464   1.3115234673023224E-02   3.5081529617309570E+00   5.8258706331253052E-01  -1.0187909752130508E-01   3.9382898248732090E-03   1.2950173113495111E-03  -1.1489356984384358E-04  -1.7598957128939219E-05   3.0411856641876511E-06  -1.2489441303387139E-07   2.2642588615417480E+00  -7.0925801992416382E-01  -1.0587499141693115E+00   4.1084012389183044E-01   1.0780827999114990E+00  -1.5064436011016369E-03  -1.2558904886245728E+00   6.1088460683822632E-01   6.7390548065304756E-04
     465   1.3125000521540642E-02   3.5565443038940430E+00   5.6721073389053345E-01  -1.0352930426597595E-01   5.0898431800305843E-03   1.2742843246087432E-03  -1.4459577505476773E-04  -1.7757165551302023E-05   3.8212506296986248E-06  -1.8160638148856378E-07   2.2560234069824219E+00  -7.9691934585571289E-01  -1.0663572549819946E+00   5.2446067333221436E-01   1.1672598123550415E+00  -8.7637983262538910E-02  -1.4457794427871704E+00   7.5524014234542847E-01   6.1938824364915490E-04
     466   1.3144532218575478E-02   3.5243160724639893E+00   5.7789200544357300E-01  -1.0258667171001434E-01   4.3186731636524200E-03   1.2921312591060996E-03  -1.2457587581593543E-04  -1.7713111446937546E-05   3.2926875519478926E-06  -1.4268660208927031E-07   2.2584183216094971E+00  -7.3962247371673584E-01  -1.0572111606597900E+00   4.5376443862915039E-01   1.1068817377090454E+00  -3.9048030972480774E-02  -1.3275992870330811E+00   6.7109656333923340E-01   5.1444303244352341E-04
     467   1.3164062984287739E-02   3.5264499187469482E+00   5.7660692930221558E-01  -1.0256984829902649E-01   4.3880119919776917E-03   1.2882683658972383E-03  -1.2643334048334509E-04  -1.7682865291135386E-05   3.3429942050133832E-06  -1.4664823311250075E-07   2.2592587471008301E+00  -7.4420261383056641E-01  -1.0601930618286133E+00   4.5721891522407532E-01   1.1126745939254761E+00  -3.8398008793592453E-02  -1.3332560062408447E+00   6.7153084278106689E-01   6.3083443092182279E-04
     468   1.3203125447034836E-02   3.5288162231445312E+00   5.7550579309463501E-01  -1.0266217589378357E-01   4.4626053422689438E-03   1.2867348268628120E-03  -1.2836490350309759E-04  -1.7691038010525517E-05   3.3938465548999375E-06  -1.5035395506401983E-07   2.2579193115234375E+00  -7.4992340803146362E-01  -1.0601861476898193E+00   4.6479004621505737E-01   1.1177880764007568E+00  -4.5267313718795776E-02  -1.3462035655975342E+00   6.8307441473007202E-01   6.1804678989574313E-04
     469   1.3222657144069672E-02   3.5093317031860352E+00   5.8154928684234619E-01  -1.0201892256736755E-01   4.0071634575724602E-03   1.2953093973919749E-03  -1.1658766015898436E-04  -1.7634463802096434E-05   3.0840753879601834E-06  -1.2778909308508446E-07   2.2605490684509277E+00  -7.1555715799331665E-01  -1.0569298267364502E+00   4.2027667164802551E-01   1.0825908184051514E+00  -1.1648833751678467E-02  -1.2715981006622314E+00   6.2658220529556274E-01   5.4508005268871784E-04
     470   1.3242187909781933E-02   3.5222079753875732E+00   5.7704734802246094E-01  -1.0240505635738373E-01   4.3263630941510201E-03   1.2880020076408982E-03  -1.2485397746786475E-04  -1.7655136616667733E-05   3.3018618523783516E-06  -1.4378646540080808E-07   2.2590162754058838E+00  -7.3956197500228882E-01  -1.0607478618621826E+00   4.4970917701721191E-01   1.1079363822937012E+00  -3.1352501362562180E-02  -1.3204822540283203E+00   6.6022235155105591E-01   5.7380145881325006E-04
     471   1.3251952826976776E-02   3.5230693817138672E+00   5.7640337944030762E-01  -1.0237417370080948E-01   4.3590092100203037E-03   1.2855477398261428E-03  -1.2576862354762852E-04  -1.7630321963224560E-05   3.3274750421696808E-06  -1.4589215879823314E-07   2.2595973014831543E+00  -7.4142283201217651E-01  -1.0621761083602905E+00   4.5095103979110718E-01   1.1102272272109985E+00  -3.1193874776363373E-02  -1.3228951692581177E+00   6.6083562374114990E-01   6.1955978162586689E-04
     472   1.3256835751235485E-02   3.4929170608520508E+00   5.8493357896804810E-01  -1.0114014148712158E-01   3.6699313204735518E-03   1.2921540765091777E-03  -1.0818357259267941E-04  -1.7446287529310212E-05   2.8696417757601012E-06  -1.1330972427003871E-07   2.2679157257080078E+00  -6.8708044290542603E-01  -1.0627564191818237E+00   3.7566605210304260E-01   1.0571377277374268E+00   3.1770721077919006E-02  -1.1973913908004761E+00   5.5893754959106445E-01   6.1852409271523356E-04
     473   1.3261718675494194E-02   3.5178992748260498E+00   5.7854342460632324E-01  -1.0233263671398163E-01   4.2264899238944054E-03   1.2915432453155518E-03  -1.2222936493344605E-04  -1.7668926375336014E-05   3.2318071134795900E-06  -1.3847285629253747E-07   2.2580790519714355E+00  -7.3251831531524658E-01  -1.0579044818878174E+00   4.4244360923767090E-01   1.0994250774383545E+00  -2.8976388275623322E-02  -1.3086075782775879E+00   6.5510612726211548E-01   6.2263786094263196E-04
     474   1.3281250372529030E-02   3.5357878208160400E+00   5.7220333814620972E-01  -1.0283241420984268E-01   4.6710181050002575E-03   1.2803371064364910E-03  -1.3378990115597844E-04  -1.7679931261227466E-05   3.5376699543121504E-06  -1.6111499689941411E-07   2.2566092014312744E+00  -7.6550883054733276E-01  -1.0638411045074463E+00   4.8232147097587585E-01   1.1343973875045776E+00  -5.5315848439931870E-02  -1.3751295804977417E+00   7.0105695724487305E-01   5.7732028653845191E-04
     475   1.3286133296787739E-02   3.5695984363555908E+00   5.6207156181335449E-01  -1.0411526262760162E-01   5.4604676552116871E-03   1.2697172351181507E-03  -1.5403807628899813E-04  -1.7844296962721273E-05   4.0669092413736507E-06  -1.9914610049909243E-07   2.2487258911132812E+00  -8.2675534486770630E-01  -1.0657105445861816E+00   5.6483763456344604E-01   1.1952065229415894E+00  -1.2183580547571182E-01  -1.5129429101943970E+00   8.1016832590103149E-01   5.5138551397249103E-04
     476   1.3288574293255806E-02   3.5593860149383545E+00   5.6543070077896118E-01  -1.0380177944898605E-01   5.2158641628921032E-03   1.2749803718179464E-03  -1.4770597044844180E-04  -1.7823764210334048E-05   3.9001433833618648E-06  -1.8691956427119294E-07   2.2497823238372803E+00  -8.0844134092330933E-01  -1.0631450414657593E+00   5.4193860292434692E-01   1.1760491132736206E+00  -1.0573852062225342E-01  -1.4747005701065063E+00   7.8270393610000610E-01   5.5462180171161890E-04
     477   1.3291016221046448E-02   3.5057885646820068E+00   5.8136314153671265E-01  -1.0176515579223633E-01   3.9691515266895294E-03   1.2916995910927653E-03  -1.1570828792173415E-04  -1.7565645975992084E-05   3.0630844776169397E-06  -1.2671965521349193E-07   2.2622754573822021E+00  -7.1175104379653931E-01  -1.0606440305709839E+00   4.1116529703140259E-01   1.0803097486495972E+00   5.3251144709065557E-04  -1.2560764551162720E+00   6.0833799839019775E-01   6.4501370070502162E-04
     478   1.3295899145305157E-02   3.5080022811889648E+00   5.8048915863037109E-01  -1.0181292891502380E-01   4.0264120325446129E-03   1.2899225112050772E-03  -1.1719902249751613E-04  -1.7562526409165002E-05   3.1025049338495592E-06  -1.2966192741714622E-07   2.2623336315155029E+00  -7.1594232320785522E-01  -1.0619295835494995E+00   4.1573622822761536E-01   1.0850915908813477E+00  -1.5479477588087320E-03  -1.2635643482208252E+00   6.1212491989135742E-01   6.5108336275443435E-04
     479   1.3300782069563866E-02   3.5034704208374023E+00   5.8215343952178955E-01  -1.0172115266323090E-01   3.9148833602666855E-03   1.2935410486534238E-03  -1.1427485151216388E-04  -1.7571728676557541E-05   3.0247626909840619E-06  -1.2382719205561443E-07   2.2619276046752930E+00  -7.0796328783035278E-01  -1.0594582557678223E+00   4.0695339441299438E-01   1.0760387182235718E+00   2.7966531924903393E-03  -1.2489714622497559E+00   6.0389530658721924E-01   5.2243837853893638E-04
     480   1.3320312835276127E-02   3.4786462783813477E+00   5.9041339159011841E-01  -1.0101204365491867E-01   3.3217689488083124E-03   1.3076625764369965E-03  -9.8871394584421068E-05  -1.7544649381306954E-05   2.6177858671871945E-06  -9.3797012823415571E-08   2.2633788585662842E+00  -6.6394490003585815E-01  -1.0517935752868652E+00   3.5316947102546692E-01   1.0291451215744019E+00   3.8556694984436035E-02  -1.1592711210250854E+00   5.4187679290771484E-01   9.0941280359402299E-04
     481   1.3359375298023224E-02   3.4741041660308838E+00   5.9052765369415283E-01  -1.0065470635890961E-01   3.2547363080084324E-03   1.3028930407017469E-03  -9.7318537882529199E-05  -1.7443619071855210E-05   2.5809274575294694E-06  -9.1839005733618251E-08   2.2668528556823730E+00  -6.5709429979324341E-01  -1.0566544532775879E+00   3.3906161785125732E-01   1.0243113040924072E+00   5.5513560771942139E-02  -1.1358478069305420E+00   5.1711916923522949E-01   7.7028665691614151E-04
     482   1.3398437760770321E-02   3.4982030391693115E+00   5.8269977569580078E-01  -1.0151211172342300E-01   3.8394303992390633E-03   1.2929419754073024E-03  -1.1237308353884146E-04  -1.7532924175611697E-05   2.9758843993477058E-06  -1.2048357689309341E-07   2.2615835666656494E+00  -7.0208084583282471E-01  -1.0597807168960571E+00   3.9782369136810303E-01   1.0696201324462891E+00   1.0306140407919884E-02  -1.2338621616363525E+00   5.9217089414596558E-01   6.3630304066464305E-04
     483   1.3437500223517418E-02   3.5001492500305176E+00   5.8171832561492920E-01  -1.0158196091651917E-01   3.9031035266816616E-03   1.2914160033687949E-03  -1.1402169911889359E-04  -1.7535554434289224E-05   3.0195390081644291E-06  -1.2371991431336937E-07   2.2605013847351074E+00  -7.0707052946090698E-01  -1.0601525306701660E+00   4.0408179163932800E-01   1.0744777917861938E+00   5.5609047412872314E-03  -1.2442737817764282E+00   5.9994649887084961E-01   5.9750390937551856E-04
     484   1.3457031920552254E-02   3.5106637477874756E+00   5.7848834991455078E-01  -1.0200299322605133E-01   4.1547841392457485E-03   1.2884000316262245E-03  -1.2046300253132358E-04  -1.7594182281754911E-05   3.1875733839115128E-06  -1.3574087631695875E-07   2.2573606967926025E+00  -7.2678303718566895E-01  -1.0601742267608643E+00   4.3103259801864624E-01   1.0936284065246582E+00  -1.6942506656050682E-02  -1.2893279790878296E+00   6.3660848140716553E-01   5.6132877944037318E-04
     485   1.3476562686264515E-02   3.4904994964599609E+00   5.8512884378433228E-01  -1.0141934454441071E-01   3.6736580077558756E-03   1.2997728772461414E-03  -1.0794374975375831E-04  -1.7571435819263570E-05   2.8563877094711643E-06  -1.1129645827168133E-07   2.2587695121765137E+00  -6.9122385978698730E-01  -1.0547223091125488E+00   3.8687732815742493E-01   1.0563914775848389E+00   1.4181193895637989E-02  -1.2151817083358765E+00   5.8260202407836914E-01   5.6603847770020366E-04
     486   1.3496093451976776E-02   3.5084896087646484E+00   5.7880204916000366E-01  -1.0193227231502533E-01   4.1210106573998928E-03   1.2886688346043229E-03  -1.1959308903897181E-04  -1.7585191017133184E-05   3.1647855394112412E-06  -1.3410942756308941E-07   2.2570109367370605E+00  -7.2428226470947266E-01  -1.0599162578582764E+00   4.2752599716186523E-01   1.0907387733459473E+00  -1.4492068439722061E-02  -1.2835191488265991E+00   6.3260525465011597E-01   6.1439472483471036E-04
     487   1.3515625149011612E-02   3.5219078063964844E+00   5.7461804151535034E-01  -1.0244384407997131E-01   4.4414266012609005E-03   1.2842651922255754E-03  -1.2779973621945828E-04  -1.7651102098170668E-05   3.3790727229643380E-06  -1.4950208537811704E-07   2.2536149024963379E+00  -7.4926102161407471E-01  -1.0609062910079956E+00   4.6083471179008484E-01   1.1156425476074219E+00  -4.0802009403705597E-02  -1.3389549255371094E+00   6.7565476894378662E-01   5.4339872440323234E-04
     488   1.3554687611758709E-02   3.5197958946228027E+00   5.7432568073272705E-01  -1.0224477201700211E-01   4.4228648766875267E-03   1.2807031162083149E-03  -1.2743253319058567E-04  -1.7589090930414386E-05   3.3718918075464899E-06  -1.4944123449822655E-07   2.2554371356964111E+00  -7.4682956933975220E-01  -1.0641875267028809E+00   4.5426544547080994E-01   1.1145757436752319E+00  -3.1589381396770477E-02  -1.3279694318771362E+00   6.6226547956466675E-01   4.9929082160815597E-04
     489   1.3574218377470970E-02   3.5268332958221436E+00   5.7308840751647949E-01  -1.0274310410022736E-01   4.5698392204940319E-03   1.2849834747612476E-03  -1.3099375064484775E-04  -1.7717446098686196E-05   3.4603917811182328E-06  -1.5500290828640573E-07   2.2496824264526367E+00  -7.6038777828216553E-01  -1.0586993694305420E+00   4.7769153118133545E-01   1.1252925395965576E+00  -5.7002112269401550E-02  -1.3668175935745239E+00   7.0051836967468262E-01   4.9875065451487899E-04
     490   1.3583984225988388E-02   3.4956243038177490E+00   5.8272731304168701E-01  -1.0165325552225113E-01   3.8369656540453434E-03   1.2973533011972904E-03  -1.1210481170564890E-04  -1.7604650565772317E-05   2.9646328130183974E-06  -1.1904645447202711E-07   2.2551994323730469E+00  -7.0445162057876587E-01  -1.0547219514846802E+00   4.0426108241081238E-01   1.0687277317047119E+00  -1.4932217891328037E-04  -1.2439821958541870E+00   6.0572570562362671E-01   5.5142823839560151E-04
     491   1.3593750074505806E-02   3.4964115619659424E+00   5.8124613761901855E-01  -1.0142916440963745E-01   3.8885483518242836E-03   1.2893187813460827E-03  -1.1367684783181176E-04  -1.7501008187537082E-05   3.0112082640698645E-06  -1.2332651522228844E-07   2.2589588165283203E+00  -7.0605212450027466E-01  -1.0611276626586914E+00   4.0067106485366821E-01   1.0729960203170776E+00   9.4780474901199341E-03  -1.2384637594223022E+00   5.9378242492675781E-01   5.6731188669800758E-04
     492   1.3632812537252903E-02   3.5085406303405762E+00   5.7810974121093750E-01  -1.0207941383123398E-01   4.1668242774903774E-03   1.2905322946608067E-03  -1.2062952737323940E-04  -1.7637436030781828E-05   3.1888876037555747E-06  -1.3543792931614007E-07   2.2524771690368652E+00  -7.2949957847595215E-01  -1.0573394298553467E+00   4.3600365519523621E-01   1.0941140651702881E+00  -2.3745160549879074E-02  -1.2970606088638306E+00   6.4550429582595825E-01   6.7222886718809605E-04
     493   1.3652343302965164E-02   3.5709698200225830E+00   5.5804961919784546E-01  -1.0416845977306366E-01   5.6601651012897491E-03   1.2622731737792492E-03  -1.5921657904982567E-04  -1.7818832930061035E-05   4.2041251617774833E-06  -2.0948536416653951E-07   2.2422342300415039E+00  -8.4277552366256714E-01  -1.0677570104598999E+00   5.8231842517852783E-01   1.2094954252243042E+00  -1.3434058427810669E-01  -1.5419088602066040E+00   8.3132511377334595E-01   4.4248564518056810E-04
     494   1.3671875000000000E-02   3.5279371738433838E+00   5.7165229320526123E-01  -1.0274996608495712E-01   4.6426067128777504E-03   1.2818629620596766E-03  -1.3289177149999887E-04  -1.7701715478324331E-05   3.5108319025312085E-06  -1.5884793924669793E-07   2.2484886646270752E+00  -7.6590043306350708E-01  -1.0604361295700073E+00   4.8297077417373657E-01   1.1309118270874023E+00  -5.9351414442062378E-02  -1.3754529953002930E+00   7.0515137910842896E-01   6.1611778801307082E-04
     495   1.3710937462747097E-02   3.5081729888916016E+00   5.7698768377304077E-01  -1.0195970535278320E-01   4.2045167647302151E-03   1.2860880233347416E-03  -1.2169908586656675E-04  -1.7585303794476204E-05   3.2193147490033880E-06  -1.3810209509301785E-07   2.2530601024627686E+00  -7.3158580064773560E-01  -1.0605665445327759E+00   4.3539825081825256E-01   1.0971325635910034E+00  -1.9700296223163605E-02  -1.2960268259048462E+00   6.4072477817535400E-01   5.9941370273008943E-04
     496   1.3749999925494194E-02   3.5427327156066895E+00   5.6629413366317749E-01  -1.0326533019542694E-01   5.0273002125322819E-03   1.2743157567456365E-03  -1.4283231575973332E-04  -1.7745200239005499E-05   3.7724980757047888E-06  -1.7795753137761494E-07   2.2444558143615723E+00  -7.9537236690521240E-01  -1.0625419616699219E+00   5.2110010385513306E-01   1.1601977348327637E+00  -8.9018486440181732E-02  -1.4393311738967896E+00   7.5451236963272095E-01   5.4301059572026134E-04
     497   1.3769531622529030E-02   3.5207693576812744E+00   5.7231682538986206E-01  -1.0235756635665894E-01   4.5325621031224728E-03   1.2786508304998279E-03  -1.3020535698160529E-04  -1.7607115296414122E-05   3.4438089642208070E-06  -1.5460676650036476E-07   2.2504832744598389E+00  -7.5636160373687744E-01  -1.0635188817977905E+00   4.6640095114707947E-01   1.1222908496856689E+00  -4.2453203350305557E-02  -1.3479446172714233E+00   6.7947113513946533E-01   5.5705208797007799E-04
     498   1.3789062388241291E-02   3.5491197109222412E+00   5.6411039829254150E-01  -1.0352912545204163E-01   5.1902267150580883E-03   1.2723576510325074E-03  -1.4697932056151330E-04  -1.7784492229111493E-05   3.8801545088062994E-06  -1.8562016634859901E-07   2.2420985698699951E+00  -8.0832076072692871E-01  -1.0628205537796021E+00   5.3834849596023560E-01   1.1728546619415283E+00  -1.0278499126434326E-01  -1.4678850173950195E+00   7.7689379453659058E-01   5.6694651721045375E-04
     499   1.3828124850988388E-02   3.5309724807739258E+00   5.6912153959274292E-01  -1.0283312946557999E-01   4.7850455157458782E-03   1.2771140318363905E-03  -1.3659185788128525E-04  -1.7689801097731106E-05   3.6089363675273489E-06  -1.6621279996797966E-07   2.2458224296569824E+00  -7.7694547176361084E-01  -1.0623843669891357E+00   4.9531131982803345E-01   1.1417906284332275E+00  -6.7267253994941711E-02  -1.3958351612091064E+00   7.1870428323745728E-01   5.1007652655243874E-04
     500   1.3906249776482582E-02   3.5339474678039551E+00   5.6779974699020386E-01  -1.0301094502210617E-01   4.8819179646670818E-03   1.2765814317390323E-03  -1.3904510706197470E-04  -1.7722904885886237E-05   3.6724832170875743E-06  -1.7067324620256841E-07   2.2427427768707275E+00  -7.8503417968750000E-01  -1.0609545707702637E+00   5.0718832015991211E-01   1.1484282016754150E+00  -7.9204641282558441E-02  -1.4158622026443481E+00   7.3756629228591919E-01   5.2935158601030707E-04
     501   1.3984374701976776E-02   3.5029096603393555E+00   5.7668346166610718E-01  -1.0191155225038528E-01   4.1833724826574326E-03   1.2873187661170959E-03  -1.2104397319490090E-04  -1.7601261788513511E-05   3.2000975807022769E-06  -1.3649655272729433E-07   2.2475085258483887E+00  -7.3175150156021118E-01  -1.0579962730407715E+00   4.3599534034729004E-01   1.0945910215377808E+00  -2.2888939827680588E-02  -1.2965450286865234E+00   6.4409959316253662E-01   5.6742754532024264E-04
     502   1.4023437164723873E-02   3.5450589656829834E+00   5.6324976682662964E-01  -1.0339724272489548E-01   5.1943473517894745E-03   1.2700016377493739E-03  -1.4710477262269706E-04  -1.7753214706317522E-05   3.8843227230245247E-06  -1.8615445185332646E-07   2.2389385700225830E+00  -8.0912399291992188E-01  -1.0631167888641357E+00   5.3757524490356445E-01   1.1723576784133911E+00  -1.0204429179430008E-01  -1.4665147066116333E+00   7.7569806575775146E-01   4.6714773634448647E-04
     503   1.4062499627470970E-02   3.5345869064331055E+00   5.6618720293045044E-01  -1.0303767025470734E-01   4.9621243961155415E-03   1.2737907236441970E-03  -1.4110478514339775E-04  -1.7716878573992290E-05   3.7264869661157718E-06  -1.7468941848619579E-07   2.2402131557464600E+00  -7.9158866405487061E-01  -1.0620385408401489E+00   5.1412886381149292E-01   1.1545631885528564E+00  -8.3453685045242310E-02  -1.4270753860473633E+00   7.4471557140350342E-01   5.4065207950770855E-04
     504   1.4218749478459358E-02   3.5014400482177734E+00   5.7493358850479126E-01  -1.0184142738580704E-01   4.2489976622164249E-03   1.2833086075261235E-03  -1.2276355118956417E-04  -1.7571772332303226E-05   3.2459906833537389E-06  -1.4007844129082514E-07   2.2445468902587891E+00  -7.3697292804718018E-01  -1.0595515966415405E+00   4.4016736745834351E-01   1.0989929437637329E+00  -2.4842165410518646E-02  -1.3033964633941650E+00   6.4808499813079834E-01   4.9948220839723945E-04
     505   1.4374999329447746E-02   3.5228080749511719E+00   5.6691122055053711E-01  -1.0258916765451431E-01   4.8167752102017403E-03   1.2720779050141573E-03  -1.3741158181801438E-04  -1.7635877156862989E-05   3.6310821087681688E-06  -1.6817740799979219E-07   2.2382988929748535E+00  -7.8067392110824585E-01  -1.0630775690078735E+00   4.9609497189521790E-01   1.1425606012344360E+00  -6.7463405430316925E-02  -1.3967572450637817E+00   7.1904534101486206E-01   4.9957545707002282E-04
     506   1.4531249180436134E-02   3.5075352191925049E+00   5.7025843858718872E-01  -1.0204051434993744E-01   4.5199380256235600E-03   1.2751978356391191E-03  -1.2978137237951159E-04  -1.7563994333613664E-05   3.4313936794205802E-06  -1.5387176688363979E-07   2.2390809059143066E+00  -7.5813591480255127E-01  -1.0623202323913574E+00   4.6475771069526672E-01   1.1193151473999023E+00  -4.2211189866065979E-02  -1.3442150354385376E+00   6.7742991447448730E-01   5.7778565678745508E-04
     507   1.4687499031424522E-02   3.5228769779205322E+00   5.6443834304809570E-01  -1.0263728350400925E-01   4.9365307204425335E-03   1.2682556407526135E-03  -1.4047909644432366E-04  -1.7631808077567257E-05   3.7115944451215910E-06  -1.7414866704257292E-07   2.2330436706542969E+00  -7.9075616598129272E-01  -1.0634258985519409E+00   5.0764656066894531E-01   1.1508862972259521E+00  -7.6819553971290588E-02  -1.4158123731613159E+00   7.3425495624542236E-01   5.1273655844852328E-04
     508   1.4765623956918716E-02   3.5378899574279785E+00   5.5889117717742920E-01  -1.0311252623796463E-01   5.3259213455021381E-03   1.2595484731718898E-03  -1.5056006668601185E-04  -1.7659875084063970E-05   3.9773231037543155E-06  -1.9366336800885620E-07   2.2300546169281006E+00  -8.2026052474975586E-01  -1.0671538114547729E+00   5.4439324140548706E-01   1.1811351776123047E+00  -1.0311215370893478E-01  -1.4771076440811157E+00   7.7883166074752808E-01   5.4450368043035269E-04
     509   1.4843748882412910E-02   3.5278253555297852E+00   5.6189072132110596E-01  -1.0287347435951233E-01   5.1055699586868286E-03   1.2657283805310726E-03  -1.4477586955763400E-04  -1.7665932318777777E-05   3.8232842598517891E-06  -1.8215153829714836E-07   2.2290000915527344E+00  -8.0453896522521973E-01  -1.0633678436279297E+00   5.2567517757415771E-01   1.1636199951171875E+00  -9.1707535088062286E-02  -1.4456595182418823E+00   7.5810050964355469E-01   4.9250602023676038E-04
     510   1.4999999664723873E-02   3.5323636531829834E+00   5.5883330106735229E-01  -1.0294643044471741E-01   5.2810381166636944E-03   1.2588283279910684E-03  -1.4940222899895161E-04  -1.7633319657761604E-05   3.9472888602176681E-06  -1.9162021658303274E-07   2.2273681163787842E+00  -8.1737619638442993E-01  -1.0666604042053223E+00   5.3945279121398926E-01   1.1767873764038086E+00  -9.9873974919319153E-02  -1.4688408374786377E+00   7.7325910329818726E-01   5.3182907868176699E-04
     511   1.5078125521540642E-02   3.5469822883605957E+00   5.5350339412689209E-01  -1.0342318564653397E-01   5.6589166633784771E-03   1.2507222127169371E-03  -1.5918236749712378E-04  -1.7665894120000303E-05   4.2049587136716582E-06  -2.1050348664175544E-07   2.2241907119750977E+00  -8.4604799747467041E-01  -1.0697231292724609E+00   5.7568317651748657E-01   1.2058271169662476E+00  -1.2676119804382324E-01  -1.5294578075408936E+00   8.1861644983291626E-01   5.5884208995848894E-04
     512   1.5117187984287739E-02   3.5477430820465088E+00   5.5340147018432617E-01  -1.0354816168546677E-01   5.6794048286974430E-03   1.2528368970379233E-03  -1.5960623568389565E-04  -1.7708123777993023E-05   4.2139331526414026E-06  -2.1082936996208446E-07   2.2220098972320557E+00  -8.4865671396255493E-01  -1.0677582025527954E+00   5.8077436685562134E-01   1.2074284553527832E+00  -1.3278368115425110E-01  -1.5375962257385254E+00   8.2708030939102173E-01   5.1442702533677220E-04
     513   1.5156250447034836E-02   3.5100727081298828E+00   5.6413215398788452E-01  -1.0207661241292953E-01   4.8221591860055923E-03   1.2626935495063663E-03  -1.3766925258096308E-04  -1.7505259165773168E-05   3.6414819533092668E-06  -1.6986948025987658E-07   2.2308340072631836E+00  -7.8171139955520630E-01  -1.0667926073074341E+00   4.8935058712959290E-01   1.1410970687866211E+00  -5.8195129036903381E-02  -1.3851125240325928E+00   7.0553147792816162E-01   5.0423055654391646E-04
     514   1.5234375372529030E-02   3.5104782581329346E+00   5.6347388029098511E-01  -1.0210800915956497E-01   4.8574279062449932E-03   1.2619282351806760E-03  -1.3855668657924980E-04  -1.7509384633740410E-05   3.6644537431129720E-06  -1.7153162445993075E-07   2.2295119762420654E+00  -7.8474283218383789E-01  -1.0669397115707397E+00   4.9292150139808655E-01   1.1438421010971069E+00  -6.0774922370910645E-02  -1.3908619880676270E+00   7.0954853296279907E-01   5.2964233327656984E-04
     515   1.5253907069563866E-02   3.5087432861328125E+00   5.6413763761520386E-01  -1.0210720449686050E-01   4.8172255046665668E-03   1.2640539789572358E-03  -1.3747651246376336E-04  -1.7526052033645101E-05   3.6350929804029875E-06  -1.6921531198477169E-07   2.2285399436950684E+00  -7.8220027685165405E-01  -1.0651086568832397E+00   4.9096754193305969E-01   1.1403858661651611E+00  -6.1303865164518356E-02  -1.3876304626464844E+00   7.0945411920547485E-01   5.0670938799157739E-04
     516   1.5273437835276127E-02   3.5068969726562500E+00   5.6446164846420288E-01  -1.0202081501483917E-01   4.7820033505558968E-03   1.2639801716431975E-03  -1.3656962255481631E-04  -1.7510885299998336E-05   3.6113844998908462E-06  -1.6756557386088389E-07   2.2290825843811035E+00  -7.7946734428405762E-01  -1.0658696889877319E+00   4.8639926314353943E-01   1.1381564140319824E+00  -5.6167416274547577E-02  -1.3796905279159546E+00   7.0110780000686646E-01   5.3119484800845385E-04
     517   1.5312500298023224E-02   3.4896357059478760E+00   5.6978458166122437E-01  -1.0147222876548767E-01   4.3834270909428596E-03   1.2718503130599856E-03  -1.2626415991690010E-04  -1.7467715224483982E-05   3.3401781820430188E-06  -1.4775034173908352E-07   2.2307510375976562E+00  -7.4941718578338623E-01  -1.0620825290679932E+00   4.4824296236038208E-01   1.1066147089004517E+00  -2.9112420976161957E-02  -1.3161251544952393E+00   6.5546888113021851E-01   5.7586497860029340E-04
     518   1.5625000000000000E-02   3.5277774333953857E+00   5.5515998601913452E-01  -1.0271826386451721E-01   5.4026339203119278E-03   1.2493578251451254E-03  -1.5264218382071704E-04  -1.7546883100294508E-05   4.0353120311920065E-06  -1.9874897816407611E-07   2.2212090492248535E+00  -8.2694768905639648E-01  -1.0704721212387085E+00   5.4561722278594971E-01   1.1848009824752808E+00  -1.0115120559930801E-01  -1.4789366722106934E+00   7.7697330713272095E-01   5.6981586385518312E-04
     519   1.5781249850988388E-02   3.4944686889648438E+00   5.6426715850830078E-01  -1.0152584314346313E-01   4.6719661913812160E-03   1.2597513850778341E-03  -1.3383539044298232E-04  -1.7407470295438543E-05   3.5422810924501391E-06  -1.6317100914875482E-07   2.2258830070495605E+00  -7.7107268571853638E-01  -1.0676528215408325E+00   4.7042042016983032E-01   1.1280807256698608E+00  -4.1711539030075073E-02  -1.3531239032745361E+00   6.7867273092269897E-01   4.8548742779530585E-04
     520   1.5937499701976776E-02   3.4976165294647217E+00   5.6233990192413330E-01  -1.0167243331670761E-01   4.7944863326847553E-03   1.2573056155815721E-03  -1.3698462862521410E-04  -1.7421760276192799E-05   3.6250426092010457E-06  -1.6920841972023482E-07   2.2227406501770020E+00  -7.8092640638351440E-01  -1.0675132274627686E+00   4.8328256607055664E-01   1.1368730068206787E+00  -5.2867278456687927E-02  -1.3746776580810547E+00   6.9679683446884155E-01   5.9563241666182876E-04
     521   1.6249999403953552E-02   3.5609700679779053E+00   5.4003798961639404E-01  -1.0379879176616669E-01   6.4013176597654819E-03   1.2248907005414367E-03  -1.7852417659014463E-04  -1.7589383787708357E-05   4.7186881602101494E-06  -2.4916496954574541E-07   2.2088215351104736E+00  -9.0327161550521851E-01  -1.0788346529006958E+00   6.3982272148132324E-01   1.2602919340133667E+00  -1.7116832733154297E-01  -1.6365962028503418E+00   8.9533692598342896E-01   4.9516983563080430E-04
     522   1.6874998807907104E-02   3.4319353103637695E+00   5.7542240619659424E-01  -9.9130243062973022E-02   3.5624417942017317E-03   1.2640886707231402E-03  -1.0552800813456997E-04  -1.7026568457367830E-05   2.8068341180187417E-06  -1.1140809164089660E-07   2.2280759811401367E+00  -6.8565165996551514E-01  -1.0685617923736572E+00   3.4667035937309265E-01   1.0399783849716187E+00   6.1254121363162994E-02  -1.1463642120361328E+00   5.1123130321502686E-01   4.9517845036461949E-04
     523   1.7500000074505806E-02   3.3721833229064941E+00   5.9184598922729492E-01  -9.7399301826953888E-02   2.2880360484123230E-03   1.2914186809211969E-03  -7.2368056862615049E-05  -1.6930207493714988E-05   1.9300234725960763E-06  -4.6912095541529197E-08   2.2267973423004150E+00  -5.9224236011505127E-01  -1.0540331602096558E+00   2.2832527756690979E-01   9.3958020210266113E-01   1.4383845031261444E-01  -9.4768983125686646E-01   3.6857318878173828E-01   4.2569605284370482E-04
     524   1.8750000745058060E-02   3.4529509544372559E+00   5.6126344203948975E-01  -1.0053846240043640E-01   4.4776918366551399E-03   1.2550023384392262E-03  -1.2858689296990633E-04  -1.7288326489506289E-05   3.4022589261439862E-06  -1.5341866799190029E-07   2.1952326297760010E+00  -7.6373642683029175E-01  -1.0600683689117432E+00   4.5367071032524109E-01   1.1058796644210815E+00  -3.7362709641456604E-02  -1.3236718177795410E+00   6.6586893796920776E-01   1.1027040454791859E-04
     525   1.9999999552965164E-02   3.4441730976104736E+00   5.5829650163650513E-01  -1.0029598325490952E-01   4.5409519225358963E-03   1.2488651555031538E-03  -1.3020449841860682E-04  -1.7232394384336658E-05   3.4452418731234502E-06  -1.5693603927502409E-07   2.1856627464294434E+00  -7.7034407854080200E-01  -1.0607454776763916E+00   4.5767620205879211E-01   1.1089615821838379E+00  -3.9991710335016251E-02  -1.3297442197799683E+00   6.6966885328292847E-01   6.8712579377461225E-05
     526   2.1324999630451202E-02   3.4349749088287354E+00   5.5592650175094604E-01  -1.0005161911249161E-01   4.5740958303213120E-03   1.2440383434295654E-03  -1.3103449600748718E-04  -1.7183174350066110E-05   3.4672748370212503E-06  -1.5885424886619148E-07   2.1766333580017090E+00  -7.7467268705368042E-01  -1.0607604980468750E+00   4.5943737030029297E-01   1.1097179651260376E+00  -4.1568607091903687E-02  -1.3321361541748047E+00   6.7155230045318604E-01   7.8368975664488971E-05
     527   2.2649999707937241E-02   3.4175529479980469E+00   5.5688935518264771E-01  -9.9545300006866455E-02   4.3795532546937466E-03   1.2445618631318212E-03  -1.2596188753377646E-04  -1.7120662960223854E-05   3.3336336855427362E-06  -1.4932398073597142E-07   2.1698281764984131E+00  -7.6173162460327148E-01  -1.0587764978408813E+00   4.3971288204193115E-01   1.0930891036987305E+00  -2.7365200221538544E-02  -1.2985765933990479E+00   6.4672321081161499E-01   5.7803295931080356E-05
     528   2.3974999785423279E-02   3.4113731384277344E+00   5.5478596687316895E-01  -9.9407702684402466E-02   4.4280430302023888E-03   1.2408981565386057E-03  -1.2717449862975627E-04  -1.7093425412895158E-05   3.3652506772341440E-06  -1.5180300749761955E-07   2.1622688770294189E+00  -7.6701849699020386E-01  -1.0584996938705444E+00   4.4394269585609436E-01   1.0954012870788574E+00  -3.1267780810594559E-02  -1.3051804304122925E+00   6.5236562490463257E-01   5.6989541917573661E-05
     529   2.5299999862909317E-02   3.4034352302551270E+00   5.5362546443939209E-01  -9.9195234477519989E-02   4.4151251204311848E-03   1.2384558795019984E-03  -1.2680770305451006E-04  -1.7058568118955009E-05   3.3554726996953832E-06  -1.5127535846204410E-07   2.1560618877410889E+00  -7.6739263534545898E-01  -1.0581350326538086E+00   4.4182714819908142E-01   1.0931329727172852E+00  -2.9993398115038872E-02  -1.3012332916259766E+00   6.4960980415344238E-01   5.6834727729437873E-05
     530   2.6844000443816185E-02   3.3954315185546875E+00   5.5236679315567017E-01  -9.8987527191638947E-02   4.4070328585803509E-03   1.2359166285023093E-03  -1.2656603939831257E-04  -1.7024382032104768E-05   3.3490002806502162E-06  -1.5098945027602895E-07   2.1494553089141846E+00  -7.6825511455535889E-01  -1.0576328039169312E+00   4.4039011001586914E-01   1.0911874771118164E+00  -2.9429042711853981E-02  -1.2983959913253784E+00   6.4790380001068115E-01   5.6588003644719720E-05
     531   2.8387000784277916E-02   3.3880674839019775E+00   5.5133634805679321E-01  -9.8798424005508423E-02   4.3937698937952518E-03   1.2338960077613592E-03  -1.2618700566235930E-04  -1.6995274563669227E-05   3.3387791518180165E-06  -1.5038709477721568E-07   2.1435630321502686E+00  -7.6859849691390991E-01  -1.0570895671844482E+00   4.3860337138175964E-01   1.0889933109283447E+00  -2.8594959527254105E-02  -1.2950013875961304E+00   6.4579850435256958E-01   5.7292596466140822E-05
     532   2.9930999502539635E-02   3.3819820880889893E+00   5.5022752285003662E-01  -9.8641119897365570E-02   4.3947785161435604E-03   1.2316798092797399E-03  -1.2618891196325421E-04  -1.6968117051874287E-05   3.3387887015123852E-06  -1.5054041568873799E-07   2.1382582187652588E+00  -7.6984852552413940E-01  -1.0567874908447266E+00   4.3812674283981323E-01   1.0880134105682373E+00  -2.8616895899176598E-02  -1.2938675880432129E+00   6.4528208971023560E-01   5.6144672271329910E-05
     533   3.1475000083446503E-02   3.3760099411010742E+00   5.4941773414611816E-01  -9.8490074276924133E-02   4.3832510709762573E-03   1.2301028473302722E-03  -1.2586341472342610E-04  -1.6944595699897036E-05   3.3301437269983580E-06  -1.5003654141310108E-07   2.1334223747253418E+00  -7.7011770009994507E-01  -1.0562500953674316E+00   4.3675860762596130E-01   1.0861970186233521E+00  -2.8090268373489380E-02  -1.2912322282791138E+00   6.4375543594360352E-01   5.7413210015511140E-05
     534   3.4563001245260239E-02   3.3661806583404541E+00   5.4781061410903931E-01  -9.8239496350288391E-02   4.3767462484538555E-03   1.2270049192011356E-03  -1.2564672215376049E-04  -1.6905363736441359E-05   3.3239873573620571E-06  -1.4978344609062333E-07   2.1250989437103271E+00  -7.7149277925491333E-01  -1.0555919408798218E+00   4.3538960814476013E-01   1.0840344429016113E+00  -2.7771385386586189E-02  -1.2883872985839844E+00   6.4225083589553833E-01   5.6417979067191482E-05
     535   3.7650000303983688E-02   3.3579077720642090E+00   5.4646980762481689E-01  -9.8026745021343231E-02   4.3702241964638233E-03   1.2243490200489759E-03  -1.2544133642222732E-04  -1.6870091712917201E-05   3.3184915082529187E-06  -1.4957575444896065E-07   2.1181817054748535E+00  -7.7254211902618408E-01  -1.0550689697265625E+00   4.3409138917922974E-01   1.0821448564529419E+00  -2.7356928214430809E-02  -1.2857636213302612E+00   6.4077287912368774E-01   5.5880547733977437E-05
     536   4.0738001465797424E-02   3.3508834838867188E+00   5.4532116651535034E-01  -9.7844809293746948E-02   4.3652532622218132E-03   1.2220607604831457E-03  -1.2528301158454269E-04  -1.6840613170643337E-05   3.3141200219688471E-06  -1.4940596315682342E-07   2.1123168468475342E+00  -7.7342897653579712E-01  -1.0546058416366577E+00   4.3301874399185181E-01   1.0805386304855347E+00  -2.7065647765994072E-02  -1.2836053371429443E+00   6.3960838317871094E-01   5.6297798437299207E-05
     537   4.3825000524520874E-02   3.3448073863983154E+00   5.4432499408721924E-01  -9.7680903971195221E-02   4.3607358820736408E-03   1.2198727345094085E-03  -1.2515377602539957E-04  -1.6810701708891429E-05   3.3109906780737219E-06  -1.4936432535250788E-07   2.1073384284973145E+00  -7.7412307262420654E-01  -1.0542608499526978E+00   4.3197301030158997E-01   1.0791192054748535E+00  -2.6687605306506157E-02  -1.2815808057785034E+00   6.3843923807144165E-01   5.6404838687740266E-05
     538   4.6913001686334610E-02   3.3394937515258789E+00   5.4354208707809448E-01  -9.7554445266723633E-02   4.3536536395549774E-03   1.2185794766992331E-03  -1.2493047688622028E-04  -1.6793357644928619E-05   3.3047060696844710E-06  -1.4898196809554065E-07   2.1028213500976562E+00  -7.7467411756515503E-01  -1.0537297725677490E+00   4.3116435408592224E-01   1.0777498483657837E+00  -2.6561720296740532E-02  -1.2798607349395752E+00   6.3758701086044312E-01   5.6893313740147278E-05
     539   5.0000000745058060E-02   3.3346474170684814E+00   5.4287105798721313E-01  -9.7425580024719238E-02   4.3444689363241196E-03   1.2171246344223619E-03  -1.2468025670386851E-04  -1.6771929949754849E-05   3.2981599815684604E-06  -1.4862132502457825E-07   2.0990207195281982E+00  -7.7480375766754150E-01  -1.0533696413040161E+00   4.2990100383758545E-01   1.0762357711791992E+00  -2.5975735858082771E-02  -1.2775217294692993E+00   6.3614815473556519E-01   5.5792901548556983E-05
     540   5.3125001490116119E-02   3.3306660652160645E+00   5.4217290878295898E-01  -9.7326353192329407E-02   4.3439646251499653E-03   1.2158472090959549E-03  -1.2464160681702197E-04  -1.6756328477640636E-05   3.2969471703836462E-06  -1.4861515751363186E-07   2.0955545902252197E+00  -7.7554255723953247E-01  -1.0531127452850342E+00   4.2955240607261658E-01   1.0755193233489990E+00  -2.5990437716245651E-02  -1.2766940593719482E+00   6.3577055931091309E-01   5.6850622058846056E-05
     541   5.6249998509883881E-02   3.3271954059600830E+00   5.4150766134262085E-01  -9.7234293818473816E-02   4.3457034043967724E-03   1.2144689681008458E-03  -1.2467516353353858E-04  -1.6739477359806187E-05   3.2978862236632267E-06  -1.4878362719628058E-07   2.0925474166870117E+00  -7.7631235122680664E-01  -1.0530107021331787E+00   4.2928585410118103E-01   1.0750298500061035E+00  -2.5955321267247200E-02  -1.2760756015777588E+00   6.3544529676437378E-01   5.5239350331248716E-05
     542   5.9374999254941940E-02   3.3236091136932373E+00   5.4110670089721680E-01  -9.7144134342670441E-02   4.3348711915314198E-03   1.2137212324887514E-03  -1.2437596160452813E-04  -1.6727219190215692E-05   3.2897837627388071E-06  -1.4824112781752774E-07   2.0897920131683350E+00  -7.7614229917526245E-01  -1.0526285171508789E+00   4.2812910676002502E-01   1.0736395120620728E+00  -2.5433760136365891E-02  -1.2739492654800415E+00   6.3417035341262817E-01   5.5791730119381100E-05
     543   6.2500000000000000E-02   3.3208622932434082E+00   5.4057455062866211E-01  -9.7074121236801147E-02   4.3370071798563004E-03   1.2126808287575841E-03  -1.2441906437743455E-04  -1.6714999219402671E-05   3.2909058518271195E-06  -1.4839724826742895E-07   2.0873045921325684E+00  -7.7685797214508057E-01  -1.0524777173995972E+00   4.2810687422752380E-01   1.0733208656311035E+00  -2.5608463212847710E-02  -1.2737481594085693E+00   6.3418537378311157E-01   5.6732878874754533E-05
     544   6.8750001490116119E-02   3.3156075477600098E+00   5.3981763124465942E-01  -9.6936628222465515E-02   4.3285498395562172E-03   1.2111216783523560E-03  -1.2418068945407867E-04  -1.6692993085598573E-05   3.2845277928572614E-06  -1.4804794545852928E-07   2.0830886363983154E+00  -7.7716785669326782E-01  -1.0521229505538940E+00   4.2687839269638062E-01   1.0718113183975220E+00  -2.5043888017535210E-02  -1.2714235782623291E+00   6.3275718688964844E-01   5.6921420764410868E-05
     545   7.5000002980232239E-02   3.3115804195404053E+00   5.3906333446502686E-01  -9.6833594143390656E-02   4.3301624245941639E-03   1.2096153805032372E-03  -1.2420810526236892E-04  -1.6674432117724791E-05   3.2853361062734621E-06  -1.4821557670074981E-07   2.0795242786407471E+00  -7.7807193994522095E-01  -1.0518858432769775E+00   4.2670285701751709E-01   1.0712296962738037E+00  -2.5201974436640739E-02  -1.2709016799926758E+00   6.3261997699737549E-01   5.6205124565167353E-05
     546   8.1249997019767761E-02   3.3079252243041992E+00   5.3850394487380981E-01  -9.6739828586578369E-02   4.3258098885416985E-03   1.2085458729416132E-03  -1.2407485337462276E-04  -1.6660233086440712E-05   3.2816212751640705E-06  -1.4801378256379394E-07   2.0765368938446045E+00  -7.7838802337646484E-01  -1.0516247749328613E+00   4.2598682641983032E-01   1.0702599287033081E+00  -2.4944737553596497E-02  -1.2695182561874390E+00   6.3183909654617310E-01   5.6765500630717725E-05
     547   8.7499998509883881E-02   3.3047118186950684E+00   5.3805863857269287E-01  -9.6657812595367432E-02   4.3198443017899990E-03   1.2076840503141284E-03  -1.2390418851282448E-04  -1.6647734810248949E-05   3.2770155939942924E-06  -1.4773934253753396E-07   2.0739653110504150E+00  -7.7852416038513184E-01  -1.0513708591461182E+00   4.2521065473556519E-01   1.0692914724349976E+00  -2.4592198431491852E-02  -1.2680351734161377E+00   6.3093322515487671E-01   5.6822264014044777E-05
     548   9.3750000000000000E-02   3.3021531105041504E+00   5.3757745027542114E-01  -9.6587926149368286E-02   4.3208007700741291E-03   1.2065732153132558E-03  -1.2393084762152284E-04  -1.6632808183203451E-05   3.2781047138996655E-06  -1.4792586000567098E-07   2.0717530250549316E+00  -7.7905738353729248E-01  -1.0512405633926392E+00   4.2504930496215820E-01   1.0689059495925903E+00  -2.4648819118738174E-02  -1.2676471471786499E+00   6.3079237937927246E-01   5.5776774388505146E-05
     549   1.0000000149011612E-01   3.2999267578125000E+00   5.3719049692153931E-01  -9.6538044512271881E-02   4.3206587433815002E-03   1.2060734443366528E-03  -1.2389794574119151E-04  -1.6629059246042743E-05   3.2765494779596338E-06  -1.4779180901314248E-07   2.0697462558746338E+00  -7.7952522039413452E-01  -1.0510746240615845E+00   4.2491534352302551E-01   1.0685322284698486E+00  -2.4695001542568207E-02  -1.2672425508499146E+00   6.3061797618865967E-01   5.6017175666056573E-05
     550   1.0625000298023224E-01   3.2976975440979004E+00   5.3692525625228882E-01  -9.6481941640377045E-02   4.3146833777427673E-03   1.2055817060172558E-03  -1.2373131175991148E-04  -1.6621543181827292E-05   3.2719854061724618E-06  -1.4748619037163735E-07   2.0680100917816162E+00  -7.7947223186492920E-01  -1.0508408546447754E+00   4.2425921559333801E-01   1.0677188634872437E+00  -2.4413773790001869E-02  -1.2660225629806519E+00   6.2989479303359985E-01   5.6352568208239973E-05
     551   1.1249999701976776E-01   3.2960100173950195E+00   5.3656238317489624E-01  -9.6433848142623901E-02   4.3172175064682961E-03   1.2047199998050928E-03  -1.2379910913296044E-04  -1.6610230886726640E-05   3.2741243103373563E-06  -1.4773732459616440E-07   2.0665273666381836E+00  -7.7994608879089355E-01  -1.0508147478103638E+00   4.2424336075782776E-01   1.0675793886184692E+00  -2.4492256343364716E-02  -1.2659407854080200E+00   6.2990474700927734E-01   5.6186137953773141E-05
     552   1.1874999850988388E-01   3.2944617271423340E+00   5.3628683090209961E-01  -9.6397042274475098E-02   4.3173646554350853E-03   1.2042335001751781E-03  -1.2379407417029142E-04  -1.6604410120635293E-05   3.2739403650339227E-06  -1.4775245915643609E-07   2.0651195049285889E+00  -7.8029727935791016E-01  -1.0506852865219116E+00   4.2420282959938049E-01   1.0673322677612305E+00  -2.4612387642264366E-02  -1.2657736539840698E+00   6.2992608547210693E-01   5.6513548770453781E-05
     553   1.2500000000000000E-01   3.2928185462951660E+00   5.3609830141067505E-01  -9.6350185573101044E-02   4.3122293427586555E-03   1.2037253472954035E-03  -1.2366194278001785E-04  -1.6595484339632094E-05   3.2706616366340313E-06  -1.4757473820736777E-07   2.0639472007751465E+00  -7.8016746044158936E-01  -1.0506001710891724E+00   4.2353454232215881E-01   1.0666888952255249E+00  -2.4179911240935326E-02  -1.2645900249481201E+00   6.2908828258514404E-01   5.6640437833266333E-05
     554   1.3750000298023224E-01   3.2904245853424072E+00   5.3562879562377930E-01  -9.6285559237003326E-02   4.3140430934727192E-03   1.2027162592858076E-03  -1.2370418698992580E-04  -1.6583215256105177E-05   3.2718685361032840E-06  -1.4773941359180753E-07   2.0618531703948975E+00  -7.8073596954345703E-01  -1.0505188703536987E+00   4.2341244220733643E-01   1.0663808584213257E+00  -2.4227844551205635E-02  -1.2642771005630493E+00   6.2897241115570068E-01   5.5987595260376111E-05
     555   1.5000000596046448E-01   3.2881643772125244E+00   5.3534400463104248E-01  -9.6229031682014465E-02   4.3086982332170010E-03   1.2021861039102077E-03  -1.2355402577668428E-04  -1.6575178960920312E-05   3.2677949093340430E-06  -1.4747888599231374E-07   2.0600595474243164E+00  -7.8074634075164795E-01  -1.0502830743789673E+00   4.2282238602638245E-01   1.0656114816665649E+00  -2.4001458659768105E-02  -1.2631630897521973E+00   6.2833130359649658E-01   5.6324475735891610E-05
     556   1.6249999403953552E-01   3.2864654064178467E+00   5.3505891561508179E-01  -9.6194952726364136E-02   4.3083936907351017E-03   1.2018913403153419E-03  -1.2352048361208290E-04  -1.6572757886024192E-05   3.2664956961525604E-06  -1.4737587150648324E-07   2.0584478378295898E+00  -7.8114420175552368E-01  -1.0500699281692505E+00   4.2284992337226868E-01   1.0653394460678101E+00  -2.4201523512601852E-02  -1.2630395889282227E+00   6.2840974330902100E-01   5.7456625654594973E-05
     557   1.7499999701976776E-01   3.2847836017608643E+00   5.3482919931411743E-01  -9.6143715083599091E-02   4.3046595528721809E-03   1.2012270744889975E-03  -1.2343010166659951E-04  -1.6562629753025249E-05   3.2643035865476122E-06  -1.4727785924151249E-07   2.0572609901428223E+00  -7.8107237815856934E-01  -1.0500296354293823E+00   4.2220807075500488E-01   1.0647504329681396E+00  -2.3776706308126450E-02  -1.2619310617446899E+00   6.2760984897613525E-01   5.6284628954017535E-05
     558   1.8750000000000000E-01   3.2834324836730957E+00   5.3462946414947510E-01  -9.6111245453357697E-02   4.3028225190937519E-03   1.2009004130959511E-03  -1.2337163207121193E-04  -1.6558407878619619E-05   3.2626146548864199E-06  -1.4716974305883923E-07   2.0561294555664062E+00  -7.8119844198226929E-01  -1.0499091148376465E+00   4.2197000980377197E-01   1.0643897056579590E+00  -2.3714037612080574E-02  -1.2614479064941406E+00   6.2735760211944580E-01   5.5709093430778012E-05
     559   2.0000000298023224E-01   3.2825317382812500E+00   5.3436827659606934E-01  -9.6092008054256439E-02   4.3077310547232628E-03   1.2004839954897761E-03  -1.2348929885774851E-04  -1.6555191905354150E-05   3.2656259918439901E-06  -1.4740821541181504E-07   2.0550985336303711E+00  -7.8181582689285278E-01  -1.0498673915863037E+00   4.2239686846733093E-01   1.0645971298217773E+00  -2.4110721424221992E-02  -1.2620803117752075E+00   6.2790107727050781E-01   5.6029941333690658E-05
     560   2.1875000000000000E-01   3.2809441089630127E+00   5.3414583206176758E-01  -9.6047140657901764E-02   4.3046693317592144E-03   1.1999164707958698E-03  -1.2341185356490314E-04  -1.6546258848393336E-05   3.2638010907248827E-06  -1.4733581110704108E-07   2.0538897514343262E+00  -7.8183865547180176E-01  -1.0497838258743286E+00   4.2193031311035156E-01   1.0640928745269775E+00  -2.3859506472945213E-02  -1.2612444162368774E+00   6.2736463546752930E-01   5.5656317272223532E-05
     561   2.3749999701976776E-01   3.2796359062194824E+00   5.3395670652389526E-01  -9.6013911068439484E-02   4.3026553466916084E-03   1.1995852692052722E-03  -1.2335006613284349E-04  -1.6542393495910801E-05   3.2619291232549585E-06  -1.4720392016442929E-07   2.0528421401977539E+00  -7.8190547227859497E-01  -1.0496846437454224E+00   4.2162433266639709E-01   1.0637069940567017E+00  -2.3727983236312866E-02  -1.2606654167175293E+00   6.2701201438903809E-01   5.5678428907413036E-05
     562   2.5624999403953552E-01   3.2785632610321045E+00   5.3379404544830322E-01  -9.5989495515823364E-02   4.3014055117964745E-03   1.1993600055575371E-03  -1.2330507161095738E-04  -1.6539432181161828E-05   3.2606119475531159E-06  -1.4712141194195283E-07   2.0519139766693115E+00  -7.8204810619354248E-01  -1.0495948791503906E+00   4.2147538065910339E-01   1.0634657144546509E+00  -2.3673288524150848E-02  -1.2603201866149902E+00   6.2679678201675415E-01   5.7200719311367720E-05
     563   2.7500000596046448E-01   3.2775404453277588E+00   5.3368359804153442E-01  -9.5963969826698303E-02   4.2981845326721668E-03   1.1991196079179645E-03  -1.2322072871029377E-04  -1.6534984752070159E-05   3.2584921427769586E-06  -1.4699426742481592E-07   2.0511078834533691E+00  -7.8200918436050415E-01  -1.0494585037231445E+00   4.2118635773658752E-01   1.0630737543106079E+00  -2.3578943684697151E-02  -1.2597761154174805E+00   6.2650763988494873E-01   5.6115150073310360E-05
     564   2.9374998807907104E-01   3.2766656875610352E+00   5.3357434272766113E-01  -9.5941379666328430E-02   4.2960303835570812E-03   1.1989159975200891E-03  -1.2315897038206458E-04  -1.6531939763808623E-05   3.2567811558692483E-06  -1.4688632177239924E-07   2.0504372119903564E+00  -7.8199076652526855E-01  -1.0493841171264648E+00   4.2091423273086548E-01   1.0627578496932983E+00  -2.3449718952178955E-02  -1.2592825889587402E+00   6.2620228528976440E-01   5.7432785979472101E-05
     565   3.1250000000000000E-01   3.2759540081024170E+00   5.3344333171844482E-01  -9.5919623970985413E-02   4.2960559949278831E-03   1.1985582532361150E-03  -1.2316429638303816E-04  -1.6527279512956738E-05   3.2570276289334288E-06  -1.4692658112380741E-07   2.0498745441436768E+00  -7.8208315372467041E-01  -1.0493689775466919E+00   4.2078992724418640E-01   1.0626090764999390E+00  -2.3401433601975441E-02  -1.2590644359588623E+00   6.2608391046524048E-01   5.6142969697248191E-05
     566   3.3125001192092896E-01   3.2753655910491943E+00   5.3332424163818359E-01  -9.5904514193534851E-02   4.2966511100530624E-03   1.1983413714915514E-03  -1.2317539949435741E-04  -1.6525154933333397E-05   3.2572240797890117E-06  -1.4694612104904081E-07   2.0493535995483398E+00  -7.8223770856857300E-01  -1.0493599176406860E+00   4.2076325416564941E-01   1.0625505447387695E+00  -2.3393156006932259E-02  -1.2589819431304932E+00   6.2602800130844116E-01   5.5752963817212731E-05
     567   3.4999999403953552E-01   3.2748160362243652E+00   5.3325027227401733E-01  -9.5895528793334961E-02   4.2957882396876812E-03   1.1983548756688833E-03  -1.2313872866798192E-04  -1.6525993487448432E-05   3.2559571536694421E-06  -1.4683756432987138E-07   2.0488369464874268E+00  -7.8232514858245850E-01  -1.0492801666259766E+00   4.2072099447250366E-01   1.0624142885208130E+00  -2.3422406986355782E-02  -1.2588490247726440E+00   6.2598109245300293E-01   5.6565353588666767E-05
     568   3.8749998807907104E-01   3.2740335464477539E+00   5.3302180767059326E-01  -9.5872439444065094E-02   4.2997319251298904E-03   1.1977932881563902E-03  -1.2324679119046777E-04  -1.6519328710273840E-05   3.2590978662483394E-06  -1.4712058771237935E-07   2.0480477809906006E+00  -7.8277075290679932E-01  -1.0492997169494629E+00   4.2095214128494263E-01   1.0625438690185547E+00  -2.3635642603039742E-02  -1.2592118978500366E+00   6.2629771232604980E-01   5.5780521506676450E-05
     569   4.2500001192092896E-01   3.2731559276580811E+00   5.3291773796081543E-01  -9.5848590135574341E-02   4.2971433140337467E-03   1.1975622037425637E-03  -1.2317631626501679E-04  -1.6515408788109198E-05   3.2572538657404948E-06  -1.4701103623337985E-07   2.0474145412445068E+00  -7.8270399570465088E-01  -1.0492391586303711E+00   4.2061379551887512E-01   1.0621954202651978E+00  -2.3442305624485016E-02  -1.2586179971694946E+00   6.2589401006698608E-01   5.5995169532252476E-05
     570   4.6250000596046448E-01   3.2723712921142578E+00   5.3285568952560425E-01  -9.5824621617794037E-02   4.2934436351060867E-03   1.1973036453127861E-03  -1.2308715668041259E-04  -1.6510148270754144E-05   3.2551304229855305E-06  -1.4689392457967188E-07   2.0468940734863281E+00  -7.8256613016128540E-01  -1.0492097139358521E+00   4.2018815875053406E-01   1.0618282556533813E+00  -2.3126831278204918E-02  -1.2578668594360352E+00   6.2533116340637207E-01   5.5504991905763745E-05
     571   5.0000000000000000E-01   3.2719235420227051E+00   5.3272873163223267E-01  -9.5817722380161285E-02   4.2958050034940243E-03   1.1971857165917754E-03  -1.2313762272242457E-04  -1.6510042769368738E-05   3.2562870728725102E-06  -1.4697427275223163E-07   2.0463685989379883E+00  -7.8284573554992676E-01  -1.0491176843643188E+00   4.2045077681541443E-01   1.0618987083435059E+00  -2.3432910442352295E-02  -1.2582653760910034E+00   6.2573170661926270E-01   5.6218043027911335E-05
     572   5.3125000000000000E-01   3.2713544368743896E+00   5.3272664546966553E-01  -9.5800615847110748E-02   4.2911241762340069E-03   1.1971024796366692E-03  -1.2301847164053470E-04  -1.6506925021531060E-05   3.2532666409679223E-06  -1.4677554815989424E-07   2.0460650920867920E+00  -7.8258597850799561E-01  -1.0490825176239014E+00   4.1995838284492493E-01   1.0614821910858154E+00  -2.3081520572304726E-02  -1.2574273347854614E+00   6.2511742115020752E-01   5.6024186051217839E-05
     573   5.6250000000000000E-01   3.2708787918090820E+00   5.3273993730545044E-01  -9.5794692635536194E-02   4.2869737371802330E-03   1.1973225045949221E-03  -1.2289512960705906E-04  -1.6509880879311822E-05   3.2495643154106801E-06  -1.4645931400991685E-07   2.0457098484039307E+00  -7.8241026401519775E-01  -1.0489573478698730E+00   4.1966491937637329E-01   1.0611239671707153E+00  -2.2952036932110786E-02  -1.2568813562393188E+00   6.2480294704437256E-01   5.6833792768884450E-05
     574   6.2500000000000000E-01   3.2703728675842285E+00   5.3255528211593628E-01  -9.5777682960033417E-02   4.2910468764603138E-03   1.1968342587351799E-03  -1.2300722301006317E-04  -1.6503912775078788E-05   3.2528500923945103E-06  -1.4675931936380948E-07   2.0451977252960205E+00  -7.8275269269943237E-01  -1.0489597320556641E+00   4.1992810368537903E-01   1.0612939596176147E+00  -2.3175539448857307E-02  -1.2573091983795166E+00   6.2513184547424316E-01   5.7448745792498812E-05
     575   6.8750000000000000E-01   3.2699847221374512E+00   5.3243499994277954E-01  -9.5765516161918640E-02   4.2933663353323936E-03   1.1965567246079445E-03  -1.2306902499403805E-04  -1.6501877325936221E-05   3.2543750876357080E-06  -1.4686942506614287E-07   2.0448043346405029E+00  -7.8301811218261719E-01  -1.0490422248840332E+00   4.2000055313110352E-01   1.0613921880722046E+00  -2.3184474557638168E-02  -1.2574177980422974E+00   6.2517517805099487E-01   5.6553493777755648E-05
     576   7.5000000000000000E-01   3.2693471908569336E+00   5.3244239091873169E-01  -9.5753230154514313E-02   4.2878766544163227E-03   1.1966709280386567E-03  -1.2291691382415593E-04  -1.6501655409228988E-05   3.2502580324944574E-06  -1.4656235691745678E-07   2.0444002151489258E+00  -7.8271228075027466E-01  -1.0488573312759399E+00   4.1958907246589661E-01   1.0608942508697510E+00  -2.3013815283775330E-02  -1.2566816806793213E+00   6.2475287914276123E-01   5.5657543271081522E-05
     577   8.1250000000000000E-01   3.2693364620208740E+00   5.3224551677703857E-01  -9.5747001469135284E-02   4.2966674081981182E-03   1.1961273849010468E-03  -1.2315544881857932E-04  -1.6496993339387700E-05   3.2568177630309947E-06  -1.4709006279645109E-07   2.0441520214080811E+00  -7.8337877988815308E-01  -1.0490473508834839E+00   4.2019876837730408E-01   1.0615006685256958E+00  -2.3361677303910255E-02  -1.2577205896377563E+00   6.2542325258255005E-01   5.6467513786628842E-05
     578   8.7500000000000000E-01   3.2689743041992188E+00   5.3218984603881836E-01  -9.5733605325222015E-02   4.2959516867995262E-03   1.1959120165556669E-03  -1.2314174091443419E-04  -1.6493502698722295E-05   3.2566119898547186E-06  -1.4710218465552316E-07   2.0439453125000000E+00  -7.8332197666168213E-01  -1.0490524768829346E+00   4.2001178860664368E-01   1.0613446235656738E+00  -2.3247687146067619E-02  -1.2574332952499390E+00   6.2523502111434937E-01   5.7176803238689899E-05
     579   9.3750000000000000E-01   3.2686333656311035E+00   5.3221130371093750E-01  -9.5732890069484711E-02   4.2926850728690624E-03   1.1961645213887095E-03  -1.2304201663937420E-04  -1.6496729585924186E-05   3.2536358958168421E-06  -1.4684879090509639E-07   2.0436248779296875E+00  -7.8322899341583252E-01  -1.0489017963409424E+00   4.1989564895629883E-01   1.0611110925674438E+00  -2.3242587223649025E-02  -1.2571536302566528E+00   6.2509846687316895E-01   5.6679069530218840E-05
     580   1.0000000000000000E+00   3.2682600021362305E+00   5.3220844268798828E-01  -9.5721609890460968E-02   4.2894603684544563E-03   1.1961420532315969E-03  -1.2295592750888318E-04  -1.6495567251695320E-05   3.2512941743334522E-06  -1.4667500636278419E-07   2.0434768199920654E+00  -7.8299754858016968E-01  -1.0488851070404053E+00   4.1950729489326477E-01   1.0608024597167969E+00  -2.2950328886508942E-02  -1.2565019130706787E+00   6.2460154294967651E-01   5.6281474826391786E-05
     581   1.0625000000000000E+00   3.2682924270629883E+00   5.3209781646728516E-01  -9.5720969140529633E-02   4.2948457412421703E-03   1.1958871036767960E-03  -1.2309946760069579E-04  -1.6494348528794944E-05   3.2550985906709684E-06  -1.4695726235913753E-07   2.0433208942413330E+00  -7.8342860937118530E-01  -1.0489871501922607E+00   4.1992402076721191E-01   1.0611913204193115E+00  -2.3205591365695000E-02  -1.2571989297866821E+00   6.2507003545761108E-01   5.5882755987113342E-05
     582   1.1250000000000000E+00   3.2679924964904785E+00   5.3211194276809692E-01  -9.5713019371032715E-02   4.2916662059724331E-03   1.1959094554185867E-03  -1.2301557580940425E-04  -1.6493560906383209E-05   3.2528719202673528E-06  -1.4679481807888806E-07   2.0431845188140869E+00  -7.8322589397430420E-01  -1.0489414930343628E+00   4.1961529850959778E-01   1.0609085559844971E+00  -2.3010466247797012E-02  -1.2566781044006348E+00   6.2471991777420044E-01   5.5785392760299146E-05
     583   1.2500000000000000E+00   3.2678167819976807E+00   5.3198772668838501E-01  -9.5705837011337280E-02   4.2958115227520466E-03   1.1955758091062307E-03  -1.2312842591200024E-04  -1.6489659174112603E-05   3.2561349598836387E-06  -1.4708280104969162E-07   2.0429222583770752E+00  -7.8354716300964355E-01  -1.0489673614501953E+00   4.1993236541748047E-01   1.0611479282379150E+00  -2.3262763395905495E-02  -1.2572143077850342E+00   6.2512928247451782E-01   5.5992655688896775E-05
     584   1.3750000000000000E+00   3.2673726081848145E+00   5.3201514482498169E-01  -9.5692023634910583E-02   4.2908200994133949E-03   1.1955383233726025E-03  -1.2300406524445862E-04  -1.6487021639477462E-05   3.2529969757888466E-06  -1.4687341831631784E-07   2.0427350997924805E+00  -7.8322935104370117E-01  -1.0489071607589722E+00   4.1944980621337891E-01   1.0607200860977173E+00  -2.2946387529373169E-02  -1.2564064264297485E+00   6.2456756830215454E-01   5.5896452977322042E-05
     585   1.5000000000000000E+00   3.2673835754394531E+00   5.3192722797393799E-01  -9.5700703561306000E-02   4.2954199016094208E-03   1.1956010712310672E-03  -1.2310774764046073E-04  -1.6490395864821039E-05   3.2554196423006942E-06  -1.4701932116167882E-07   2.0424497127532959E+00  -7.8367984294891357E-01  -1.0488617420196533E+00   4.2001479864120483E-01   1.0610890388488770E+00  -2.3396031931042671E-02  -1.2572751045227051E+00   6.2524354457855225E-01   5.6503802625229582E-05
     586   1.6250000000000000E+00   3.2669625282287598E+00   5.3196746110916138E-01  -9.5684640109539032E-02   4.2898161336779594E-03   1.1955256341025233E-03  -1.2297146895434707E-04  -1.6487058019265532E-05   3.2519938031327911E-06  -1.4678722948247014E-07   2.0423650741577148E+00  -7.8326046466827393E-01  -1.0488308668136597E+00   4.1940340399742126E-01   1.0605975389480591E+00  -2.2962504997849464E-02  -1.2562775611877441E+00   6.2452077865600586E-01   5.5199740017997101E-05
     587   1.7500000000000000E+00   3.2668802738189697E+00   5.3191804885864258E-01  -9.5683969557285309E-02   4.2914724908769131E-03   1.1954872170463204E-03  -1.2300939124543220E-04  -1.6487645552842878E-05   3.2528541851206683E-06  -1.4684182758628594E-07   2.0422232151031494E+00  -7.8341275453567505E-01  -1.0488374233245850E+00   4.1954469680786133E-01   1.0607022047042847E+00  -2.3062545806169510E-02  -1.2564948797225952E+00   6.2467366456985474E-01   5.6007054809015244E-05
     588   1.8750000000000000E+00   3.2667088508605957E+00   5.3189772367477417E-01  -9.5675580203533173E-02   4.2908270843327045E-03   1.1953177163377404E-03  -1.2300100934226066E-04  -1.6484304069308564E-05   3.2529044347029412E-06  -1.4688154692521493E-07   2.0421464443206787E+00  -7.8336220979690552E-01  -1.0488506555557251E+00   4.1942164301872253E-01   1.0606147050857544E+00  -2.2973803803324699E-02  -1.2563097476959229E+00   6.2453168630599976E-01   5.6009423133218661E-05
     589   2.0000000000000000E+00   3.2666466236114502E+00   5.3187900781631470E-01  -9.5679171383380890E-02   4.2914771474897861E-03   1.1954064248129725E-03  -1.2301004608161747E-04  -1.6486044842167757E-05   3.2530126645724522E-06  -1.4687545046854211E-07   2.0419797897338867E+00  -7.8348630666732788E-01  -1.0487827062606812E+00   4.1960108280181885E-01   1.0606796741485596E+00  -2.3153789341449738E-02  -1.2565646171569824E+00   6.2476503849029541E-01   5.5508840887341648E-05
     590   2.1875000000000000E+00   3.2665712833404541E+00   5.3183645009994507E-01  -9.5678947865962982E-02   4.2929081246256828E-03   1.1954113142564893E-03  -1.2303925177548081E-04  -1.6487563698319718E-05   3.2535192531213397E-06  -1.4688970395582146E-07   2.0418553352355957E+00  -7.8361839056015015E-01  -1.0488026142120361E+00   4.1969728469848633E-01   1.0607557296752930E+00  -2.3222777992486954E-02  -1.2567174434661865E+00   6.2488293647766113E-01   5.6315813708351925E-05
     591   2.3750000000000000E+00   3.2663993835449219E+00   5.3180164098739624E-01  -9.5668196678161621E-02   4.2926771566271782E-03   1.1951676569879055E-03  -1.2304411211516708E-04  -1.6483485524076968E-05   3.2539255698793568E-06  -1.4695469019443408E-07   2.0418195724487305E+00  -7.8356015682220459E-01  -1.0488623380661011E+00   4.1952815651893616E-01   1.0606803894042969E+00  -2.3061489686369896E-02  -1.2564691305160522E+00   6.2466484308242798E-01   5.6016571761574596E-05
     592   2.5625000000000000E+00   3.2661631107330322E+00   5.3185445070266724E-01  -9.5668070018291473E-02   4.2885425500571728E-03   1.1954449582844973E-03  -1.2292295286897570E-04  -1.6486505046486855E-05   3.2504242426512064E-06  -1.4666338188362715E-07   2.0416781902313232E+00  -7.8334242105484009E-01  -1.0487588644027710E+00   4.1926231980323792E-01   1.0603942871093750E+00  -2.2892197594046593E-02  -1.2559602260589600E+00   6.2430500984191895E-01   5.6119013606803492E-05
     593   2.7500000000000000E+00   3.2660651206970215E+00   5.3182363510131836E-01  -9.5662117004394531E-02   4.2889760807156563E-03   1.1952893109992146E-03  -1.2294018233660609E-04  -1.6484213119838387E-05   3.2510263281437801E-06  -1.4672893655642838E-07   2.0416352748870850E+00  -7.8334933519363403E-01  -1.0487860441207886E+00   4.1922134160995483E-01   1.0603783130645752E+00  -2.2864669561386108E-02  -1.2559193372726440E+00   6.2428134679794312E-01   5.6120810768334195E-05
     594   2.9375000000000000E+00   3.2659933567047119E+00   5.3182268142700195E-01  -9.5663256943225861E-02   4.2887064628303051E-03   1.1953666107729077E-03  -1.2292749306652695E-04  -1.6485419109812938E-05   3.2505802209925605E-06  -1.4669083725493692E-07   2.0415253639221191E+00  -7.8337472677230835E-01  -1.0487265586853027E+00   4.1927471756935120E-01   1.0603545904159546E+00  -2.2956149652600288E-02  -1.2559884786605835E+00   6.2437784671783447E-01   5.7630881201475859E-05
     595   3.1250000000000000E+00   3.2659676074981689E+00   5.3179371356964111E-01  -9.5662221312522888E-02   4.2898445390164852E-03   1.1952755739912391E-03  -1.2296138447709382E-04  -1.6484516891068779E-05   3.2515563361812383E-06  -1.4676459159090882E-07   2.0414547920227051E+00  -7.8347671031951904E-01  -1.0487284660339355E+00   4.1938748955726624E-01   1.0604342222213745E+00  -2.3048857226967812E-02  -1.2561738491058350E+00   6.2452960014343262E-01   5.6224173022201285E-05
     596   3.5000000000000000E+00   3.2660148143768311E+00   5.3169620037078857E-01  -9.5658987760543823E-02   4.2944871820509434E-03   1.1949535692110658E-03  -1.2309118756093085E-04  -1.6481111742905341E-05   3.2552595712331822E-06  -1.4707239870404010E-07   2.0413947105407715E+00  -7.8379243612289429E-01  -1.0488275289535522E+00   4.1969922184944153E-01   1.0607458353042603E+00  -2.3240355774760246E-02  -1.2567272186279297E+00   6.2490302324295044E-01   5.5622891522943974E-05
     597   3.8750000000000000E+00   3.2657895088195801E+00   5.3173410892486572E-01  -9.5654733479022980E-02   4.2909025214612484E-03   1.1950840707868338E-03  -1.2299256923142821E-04  -1.6482099454151466E-05   3.2524897051189328E-06  -1.4685105043099611E-07   2.0413146018981934E+00  -7.8356570005416870E-01  -1.0487805604934692E+00   4.1938361525535583E-01   1.0604721307754517E+00  -2.3008061572909355E-02  -1.2561715841293335E+00   6.2448781728744507E-01   5.5322758271358907E-05
     598   4.2500000000000000E+00   3.2656254768371582E+00   5.3178197145462036E-01  -9.5659114420413971E-02   4.2878417298197746E-03   1.1954148067161441E-03  -1.2289636651985347E-04  -1.6486450476804748E-05   3.2495729556103470E-06  -1.4659359237612080E-07   2.0411481857299805E+00  -7.8343755006790161E-01  -1.0486267805099487E+00   4.1929855942726135E-01   1.0602635145187378E+00  -2.3039223626255989E-02  -1.2559624910354614E+00   6.2442278861999512E-01   5.6531382142566144E-05
     599   4.6250000000000000E+00   3.2655677795410156E+00   5.3173869848251343E-01  -9.5649763941764832E-02   4.2889527976512909E-03   1.1951037449762225E-03  -1.2294066254980862E-04  -1.6481682905578054E-05   3.2511159133719048E-06  -1.4675316606371780E-07   2.0411744117736816E+00  -7.8345823287963867E-01  -1.0487176179885864E+00   4.1923639178276062E-01   1.0602942705154419E+00  -2.2951118648052216E-02  -1.2559149265289307E+00   6.2434405088424683E-01   5.6230801419587806E-05
     600   5.0000000000000000E+00   3.2657766342163086E+00   5.3163391351699829E-01  -9.5655970275402069E-02   4.2955526150763035E-03   1.1949458857998252E-03  -1.2310876627452672E-04  -1.6482283172081225E-05   3.2554639801674057E-06  -1.4706911599660089E-07   2.0411152839660645E+00  -7.8394383192062378E-01  -1.0488064289093018E+00   4.1980049014091492E-01   1.0607862472534180E+00  -2.3330753669142723E-02  -1.2568594217300415E+00   6.2501353025436401E-01   5.6634289649082348E-05
     601   5.6250000000000000E+00   3.2655200958251953E+00   5.3170329332351685E-01  -9.5653273165225983E-02   4.2904838919639587E-03   1.1951797641813755E-03  -1.2297052307985723E-04  -1.6484304069308564E-05   3.2516043120267568E-06  -1.4675430293209502E-07   2.0410103797912598E+00  -7.8363180160522461E-01  -1.0486834049224854E+00   4.1944399476051331E-01   1.0604083538055420E+00  -2.3131176829338074E-02  -1.2562236785888672E+00   6.2459993362426758E-01   5.6032040447462350E-05
     602   6.2500000000000000E+00   3.2654342651367188E+00   5.3166192770004272E-01  -9.5643140375614166E-02   4.2910678312182426E-03   1.1948994360864162E-03  -1.2299630907364190E-04  -1.6479696569149382E-05   3.2526138511457248E-06  -1.4687729787965509E-07   2.0410599708557129E+00  -7.8360199928283691E-01  -1.0488054752349854E+00   4.1927894949913025E-01   1.0603979825973511E+00  -2.2923925891518593E-02  -1.2559995651245117E+00   6.2435412406921387E-01   5.6234544899780303E-05
     603   6.8750000000000000E+00   3.2655065059661865E+00   5.3162997961044312E-01  -9.5648221671581268E-02   4.2935386300086975E-03   1.1948709143325686E-03  -1.2306202552281320E-04  -1.6479969417559914E-05   3.2544296573178144E-06  -1.4701645056902635E-07   2.0409424304962158E+00  -7.8384202718734741E-01  -1.0487443208694458E+00   4.1964852809906006E-01   1.0606050491333008E+00  -2.3270761594176292E-02  -1.2565958499908447E+00   6.2486636638641357E-01   5.5531232646899298E-05
     604   7.5000000000000000E+00   3.2651853561401367E+00   5.3172993659973145E-01  -9.5642536878585815E-02   4.2864144779741764E-03   1.1951291235163808E-03  -1.2287130812183022E-04  -1.6481049897265621E-05   3.2492944228579290E-06  -1.4662407465948490E-07   2.0408785343170166E+00  -7.8336083889007568E-01  -1.0486048460006714E+00   4.1908991336822510E-01   1.0600665807723999E+00  -2.2923521697521210E-02  -1.2556267976760864E+00   6.2421226501464844E-01   5.7141736760968342E-05
     605   8.7500000000000000E+00   3.2652969360351562E+00   5.3164881467819214E-01  -9.5645479857921600E-02   4.2909770272672176E-03   1.1950163170695305E-03  -1.2298570072744042E-04  -1.6481966667925008E-05   3.2521224966330919E-06  -1.4681259585813677E-07   2.0408382415771484E+00  -7.8368544578552246E-01  -1.0486997365951538E+00   4.1941925883293152E-01   1.0603938102722168E+00  -2.3108279332518578E-02  -1.2561827898025513E+00   6.2456679344177246E-01   5.5734592024236917E-05
     606   1.0000000000000000E+01   3.2652547359466553E+00   5.3161984682083130E-01  -9.5640771090984344E-02   4.2917467653751373E-03   1.1948646279051900E-03  -1.2301112292334437E-04  -1.6479725672979839E-05   3.2529535474168370E-06  -1.4689842942061659E-07   2.0408346652984619E+00  -7.8371399641036987E-01  -1.0487512350082397E+00   4.1939827799797058E-01   1.0604230165481567E+00  -2.3063138127326965E-02  -1.2561711072921753E+00   6.2452840805053711E-01   5.5735585192451254E-05
     607   1.2500000000000000E+01   3.2650370597839355E+00   5.3166371583938599E-01  -9.5636755228042603E-02   4.2880051769316196E-03   1.1949957115575671E-03  -1.2291032180655748E-04  -1.6480635167681612E-05   3.2501538953511044E-06  -1.4667564585124637E-07   2.0407593250274658E+00  -7.8346824645996094E-01  -1.0486761331558228E+00   4.1909623146057129E-01   1.0601297616958618E+00  -2.2875238209962845E-02  -1.2556439638137817E+00   6.2417030334472656E-01   5.5535740102641284E-05
     608   1.5000000000000000E+01   3.2650451660156250E+00   5.3163099288940430E-01  -9.5636539161205292E-02   4.2895572260022163E-03   1.1949141044169664E-03  -1.2295124179217964E-04  -1.6479616533615626E-05   3.2513478345208568E-06  -1.4678208515306324E-07   2.0407133102416992E+00  -7.8358650207519531E-01  -1.0486892461776733E+00   4.1923215985298157E-01   1.0602397918701172E+00  -2.2974267601966858E-02  -1.2558709383010864E+00   6.2433671951293945E-01   5.6442204368067905E-05
     609   1.7500000000000000E+01   3.2649044990539551E+00   5.3168052434921265E-01  -9.5636695623397827E-02   4.2863907292485237E-03   1.1950823245570064E-03  -1.2286583660170436E-04  -1.6480998965562321E-05   3.2490090688952478E-06  -1.4659408975603583E-07   2.0406270027160645E+00  -7.8341645002365112E-01  -1.0485825538635254E+00   4.1907280683517456E-01   1.0600234270095825E+00  -2.2918712347745895E-02  -1.2555668354034424E+00   6.2417173385620117E-01   5.6141103414120153E-05
     610   2.0000000000000000E+01   3.2650055885314941E+00   5.3160440921783447E-01  -9.5634989440441132E-02   4.2904028668999672E-03   1.1948626488447189E-03  -1.2297264765948057E-04  -1.6479560144944116E-05   3.2518437365069985E-06  -1.4681289428608579E-07   2.0406670570373535E+00  -7.8364974260330200E-01  -1.0487159490585327E+00   4.1926741600036621E-01   1.0602900981903076E+00  -2.2976003587245941E-02  -1.2559263706207275E+00   6.2435442209243774E-01   5.6141696404665709E-05
     611   2.3750000000000000E+01   3.2647895812988281E+00   5.3166830539703369E-01  -9.5630809664726257E-02   4.2857406660914421E-03   1.1949929175898433E-03  -1.2285121192689985E-04  -1.6479169062222354E-05   3.2487309908901807E-06  -1.4659154601304181E-07   2.0406134128570557E+00  -7.8334105014801025E-01  -1.0486103296279907E+00   4.1892665624618530E-01   1.0599418878555298E+00  -2.2783253341913223E-02  -1.2553353309631348E+00   6.2397193908691406E-01   5.6243021390400827E-05
     612   2.7500000000000000E+01   3.2645897865295410E+00   5.3173792362213135E-01  -9.5629714429378510E-02   4.2811101302504539E-03   1.1952698696404696E-03  -1.2271958985365927E-04  -1.6482423234265298E-05   3.2448826914333040E-06  -1.4626652955485042E-07   2.0405595302581787E+00  -7.8303462266921997E-01  -1.0485084056854248E+00   4.1857713460922241E-01   1.0595943927764893E+00  -2.2564213722944260E-02  -1.2547115087509155E+00   6.2354409694671631E-01   5.7048499002121389E-05
     613   3.1250000000000000E+01   3.2649850845336914E+00   5.3155779838562012E-01  -9.5633186399936676E-02   4.2923558503389359E-03   1.1947285383939743E-03  -1.2302648974582553E-04  -1.6478190445923246E-05   3.2533716876059771E-06  -1.4693969774270954E-07   2.0405945777893066E+00  -7.8379225730895996E-01  -1.0487315654754639E+00   4.1942685842514038E-01   1.0604215860366821E+00  -2.3087190464138985E-02  -1.2561898231506348E+00   6.2454122304916382E-01   5.6847758969524875E-05
     614   3.5000000000000000E+01   3.2647645473480225E+00   5.3163975477218628E-01  -9.5630958676338196E-02   4.2869066819548607E-03   1.1949512409046292E-03  -1.2288053403608501E-04  -1.6478894394822419E-05   3.2495356663275743E-06  -1.4665725700524490E-07   2.0405349731445312E+00  -7.8344219923019409E-01  -1.0485953092575073E+00   4.1905790567398071E-01   1.0600227117538452E+00  -2.2895827889442444E-02  -1.2555427551269531E+00   6.2414038181304932E-01   5.6747569033177570E-05
     615   4.2500000000000000E+01   3.2648355960845947E+00   5.3161126375198364E-01  -9.5636881887912750E-02   4.2891162447631359E-03   1.1950152693316340E-03  -1.2293153849896044E-04  -1.6481622878927737E-05   3.2506056868442101E-06  -1.4669944903289434E-07   2.0404531955718994E+00  -7.8363925218582153E-01  -1.0485656261444092E+00   4.1933730244636536E-01   1.0601972341537476E+00  -2.3134443908929825E-02  -1.2559827566146851E+00   6.2450706958770752E-01   5.5842730944277719E-05
     616   5.0000000000000000E+01   3.2646350860595703E+00   5.3164637088775635E-01  -9.5629215240478516E-02   4.2854971252381802E-03   1.1950792977586389E-03  -1.2283328396733850E-04  -1.6481826605740935E-05   3.2478196771990042E-06  -1.4648057344857079E-07   2.0404970645904541E+00  -7.8332841396331787E-01  -1.0485936403274536E+00   4.1887244582176208E-01   1.0598903894424438E+00  -2.2727264091372490E-02  -1.2552101612091064E+00   6.2386578321456909E-01   5.5843363952590153E-05
     617   6.2500000000000000E+01   3.2647075653076172E+00   5.3159183263778687E-01  -9.5628626644611359E-02   4.2886789888143539E-03   1.1948285391554236E-03  -1.2292983592487872E-04  -1.6478154066135176E-05   3.2508353342564078E-06  -1.4675225656901603E-07   2.0404367446899414E+00  -7.8356152772903442E-01  -1.0485771894454956E+00   4.1921782493591309E-01   1.0601217746734619E+00  -2.3037506267428398E-02  -1.2558029890060425E+00   6.2436109781265259E-01   5.5441811127820984E-05
     618   7.5000000000000000E+01   3.2645106315612793E+00   5.3165179491043091E-01  -9.5627978444099426E-02   4.2844400741159916E-03   1.1950965272262692E-03  -1.2280682858545333E-04  -1.6481071725138463E-05   3.2472732982569141E-06  -1.4645765133991517E-07   2.0403742790222168E+00  -7.8328251838684082E-01  -1.0484766960144043E+00   4.1890400648117065E-01   1.0598037242889404E+00  -2.2841334342956543E-02  -1.2552341222763062E+00   6.2397599220275879E-01   5.6549488363089040E-05
     619   8.7500000000000000E+01   3.2647244930267334E+00   5.3154355287551880E-01  -9.5631286501884460E-02   4.2910408228635788E-03   1.1948437895625830E-03  -1.2298076762817800E-04  -1.6479849364259280E-05   3.2519440082978690E-06  -1.4681825177831342E-07   2.0403661727905273E+00  -7.8373706340789795E-01  -1.0485990047454834E+00   4.1941386461257935E-01   1.0602954626083374E+00  -2.3143205791711807E-02  -1.2560987472534180E+00   6.2454271316528320E-01   5.7355282478965819E-05
     620   1.0000000000000000E+02   3.2645759582519531E+00   5.3158658742904663E-01  -9.5630608499050140E-02   4.2879749089479446E-03   1.1950065381824970E-03  -1.2289595906622708E-04  -1.6481344573548995E-05   3.2495670438947855E-06  -1.4662434466572449E-07   2.0403029918670654E+00  -7.8354334831237793E-01  -1.0485035181045532E+00   4.1922226548194885E-01   1.0600697994232178E+00  -2.3049514740705490E-02  -1.2557455301284790E+00   6.2432402372360229E-01   5.6047952966764569E-05
     621   1.1250000000000000E+02   3.2645823955535889E+00   5.3156709671020508E-01  -9.5631904900074005E-02   4.2890640906989574E-03   1.1950039770454168E-03  -1.2292251631151885E-04  -1.6482157661812380E-05   3.2501664009032538E-06  -1.4665474168396031E-07   2.0402531623840332E+00  -7.8362596035003662E-01  -1.0484800338745117E+00   4.1935086250305176E-01   1.0601412057876587E+00  -2.3168887943029404E-02  -1.2559497356414795E+00   6.2450331449508667E-01   5.5948068620637059E-05
     622   1.1875000000000000E+02   3.2644202709197998E+00   5.3157681226730347E-01  -9.5618396997451782E-02   4.2866733856499195E-03   1.1947600869461894E-03  -1.2287669233046472E-04  -1.6476711607538164E-05   3.2493921935383696E-06  -1.4665286585113790E-07   2.0403499603271484E+00  -7.8336554765701294E-01  -1.0485521554946899E+00   4.1894248127937317E-01   1.0599107742309570E+00  -2.2806724533438683E-02  -1.2553216218948364E+00   6.2397617101669312E-01   5.6049066188279539E-05
     623   1.2187500000000000E+02   3.2646465301513672E+00   5.3148448467254639E-01  -9.5622524619102478E-02   4.2927111499011517E-03   1.1945243459194899E-03  -1.2303868425078690E-04  -1.6475241864100099E-05   3.2538357572775567E-06  -1.4699787698191358E-07   2.0403497219085693E+00  -7.8379154205322266E-01  -1.0486487150192261E+00   4.1944620013237000E-01   1.0603717565536499E+00  -2.3131636902689934E-02  -1.2561780214309692E+00   6.2456417083740234E-01   5.5646745749982074E-05
     624   1.2343750000000000E+02   3.2782657146453857E+00   5.2801257371902466E-01  -9.6261948347091675E-02   4.5906077139079571E-03   1.1942873243242502E-03  -1.3050602865405381E-04  -1.6595884517300874E-05   3.4454833439667709E-06  -1.6027009053232177E-07   2.0353686809539795E+00  -8.0894362926483154E-01  -1.0474184751510620E+00   4.5567429065704346E-01   1.0869685411453247E+00  -5.0123348832130432E-02  -1.3155951499938965E+00   6.5861374139785767E-01   5.3734926041215658E-05
     625   1.2363281250000000E+02   3.2871098518371582E+00   5.2844327688217163E-01  -9.7263664007186890E-02   4.7353487461805344E-03   1.2095056008547544E-03  -1.3387389481067657E-04  -1.6883015632629395E-05   3.5262721667095320E-06  -1.6422178816810629E-07   2.0207901000976562E+00  -8.2491272687911987E-01  -1.0254937410354614E+00   4.9855396151542664E-01   1.0925847291946411E+00  -1.1405316740274429E-01  -1.3944375514984131E+00   7.3568922281265259E-01   5.5948734370758757E-05
     626   1.2382812500000000E+02   3.2293388843536377E+00   5.4795300960540771E-01  -9.5617823302745819E-02   3.4063244238495827E-03   1.2366503942757845E-03  -1.0037497122539207E-04  -1.6729927665437572E-05   2.6616726245265454E-06  -1.0178109022263016E-07   2.0199079513549805E+00  -7.1597796678543091E-01  -9.8526388406753540E-01   3.8482299447059631E-01   9.4874268770217896E-01  -1.1246811598539352E-01  -1.2483597993850708E+00   6.9167691469192505E-01   7.3961018642876297E-05
     627   1.2392578125000000E+02   3.1609692573547363E+00   5.6329065561294556E-01  -9.2019088566303253E-02   1.9972168374806643E-03   1.2238966301083565E-03  -6.5829473896883428E-05  -1.5946581697789952E-05   1.7901082856042194E-06  -4.3383760583992625E-08   2.0501682758331299E+00  -5.8552950620651245E-01  -9.9132388830184937E-01   1.9478626549243927E-01   7.9242962598800659E-01  -1.4071113429963589E-02  -9.8377817869186401E-01   5.3200632333755493E-01   8.8551976659800857E-05
     628   1.2402343750000000E+02   3.0966594219207764E+00   5.6875449419021606E-01  -8.6776360869407654E-02   8.6499925237149000E-04   1.1620100121945143E-03  -3.9213558920891955E-05  -1.4557090253219940E-05   1.1413059155529481E-06  -5.5680984267780786E-09   2.1154351234436035E+00  -4.5894291996955872E-01  -1.0590718984603882E+00  -5.6775320321321487E-02   6.4106327295303345E-01   1.6442303359508514E-01  -6.4126539230346680E-01   2.8819397091865540E-01   8.7948224972933531E-05
     629   1.2412109375000000E+02   3.1029205322265625E+00   5.4560112953186035E-01  -8.2611925899982452E-02   1.4335833257064223E-03   1.0456413729116321E-03  -5.5405060265911743E-05  -1.3096540897095110E-05   1.5945693121466320E-06  -4.8758739268350837E-08   2.2055671215057373E+00  -4.6166616678237915E-01  -1.2228547334671021E+00  -2.3971973359584808E-01   6.2651044130325317E-01   3.6379441618919373E-01  -4.2342993617057800E-01   7.8733228147029877E-02   6.0678248701151460E-05
     630   1.2421875000000000E+02   3.2471346855163574E+00   4.8610377311706543E-01  -8.4512621164321899E-02   4.8336093313992023E-03   9.3415292212739587E-04  -1.3992791355121881E-04  -1.2930659067933448E-05   3.7523132050409913E-06  -2.0691236102265975E-07   2.2700474262237549E+00  -7.3218226432800293E-01  -1.4723072052001953E+00  -1.6822084784507751E-01   8.8487154245376587E-01   4.6314850449562073E-01  -5.9853100776672363E-01   8.8718667626380920E-02   9.1067835455760360E-05
     631   1.2426757812500000E+02   3.3744187355041504E+00   4.4920834898948669E-01  -8.9315973222255707E-02   7.4666370637714863E-03   9.2084420612081885E-04  -2.0341400522738695E-04  -1.3869602298655082E-05   5.3368439694168046E-06  -3.1548736956210632E-07   2.2645170688629150E+00  -9.8388904333114624E-01  -1.6022428274154663E+00   6.2193842604756355E-03   1.1270428895950317E+00   4.3367564678192139E-01  -8.8570904731750488E-01   2.2354418039321899E-01   1.2055221304763108E-04
     632   1.2431640625000000E+02   3.5223419666290283E+00   4.1676697134971619E-01  -9.6890799701213837E-02   1.0257361456751823E-02   9.6036103786900640E-04  -2.6915266062133014E-04  -1.5638557670172304E-05   6.9499342316703405E-06  -4.2025132529488474E-07   2.2172877788543701E+00  -1.2913328409194946E+00  -1.7097961902618408E+00   2.6692801713943481E-01   1.4180283546447754E+00   3.4230509400367737E-01  -1.2851336002349854E+00   4.4156879186630249E-01   1.4098195242695510E-04
     633   1.2436523437500000E+02   3.6671926975250244E+00   3.9784181118011475E-01  -1.0667427629232407E-01   1.2655854225158691E-02   1.0634417412802577E-03  -3.2377918250858784E-04  -1.8142165572498925E-05   8.2578853835002519E-06  -4.9781056077335961E-07   2.1191930770874023E+00  -1.6177560091018677E+00  -1.7723271846771240E+00   5.8651453256607056E-01   1.7177749872207642E+00   1.9498844444751740E-01  -1.7464153766632080E+00   7.1784502267837524E-01   1.4390776050277054E-04
     634   1.2441406250000000E+02   3.7761945724487305E+00   4.0169814229011536E-01  -1.1729858070611954E-01   1.3999325223267078E-02   1.2281392700970173E-03  -3.5170171759091318E-04  -2.1055497199995443E-05   8.8793130998965353E-06  -5.2291267138571129E-07   1.9682006835937500E+00  -1.9094277620315552E+00  -1.7698764801025391E+00   9.1403514146804810E-01   1.9707884788513184E+00   1.4955758117139339E-02  -2.1850638389587402E+00   1.0018960237503052E+00   1.2772571062669158E-04
     635   1.2446289062500000E+02   3.8219051361083984E+00   4.3242797255516052E-01  -1.2697359919548035E-01   1.3870201073586941E-02   1.4317091554403305E-03  -3.4418451832607388E-04  -2.3857268388383090E-05   8.6202890088316053E-06  -4.8551595455137431E-07   1.7704652547836304E+00  -2.1205611228942871E+00  -1.6920529603958130E+00   1.2028092145919800E+00   2.1325600147247314E+00  -1.7479400336742401E-01  -2.5303473472595215E+00   1.2506132125854492E+00   9.0020883362740278E-05
     636   1.2451171875000000E+02   3.7806732654571533E+00   4.8924529552459717E-01  -1.3350030779838562E-01   1.2049017474055290E-02   1.6358079155907035E-03  -2.9757860465906560E-04  -2.5906972950906493E-05   7.4161885095236357E-06  -3.8555688774977170E-07   1.5429142713546753E+00  -2.2092561721801758E+00  -1.5417543649673462E+00   1.4005334377288818E+00   2.1659634113311768E+00  -3.3997842669487000E-01  -2.7087714672088623E+00   1.4121329784393311E+00   7.3657341999933124E-05
     637   1.2456054687500000E+02   3.6461987495422363E+00   5.6370651721954346E-01  -1.3512767851352692E-01   8.7675694376230240E-03   1.7948279855772853E-03  -2.1902497974224389E-04  -2.6678928406909108E-05   5.4669330893375445E-06  -2.4106529394885001E-07   1.3085796833038330E+00  -2.1612806320190430E+00  -1.3357677459716797E+00   1.4798775911331177E+00   2.0642766952514648E+00  -4.5734623074531555E-01  -2.6924149990081787E+00   1.4617414474487305E+00   9.1366571723483503E-05
     638   1.2460937500000000E+02   3.4298040866851807E+00   6.4107805490493774E-01  -1.3087476789951324E-01   4.6482193283736706E-03   1.8654633313417435E-03  -1.2446947221178561E-04  -2.5859118977678008E-05   3.1819608921068721E-06  -8.3608377110522270E-08   1.0940566062927246E+00  -1.9903075695037842E+00  -1.1031955480575562E+00   1.4388276338577271E+00   1.8501887321472168E+00  -5.1461172103881836E-01  -2.4970703125000000E+00   1.4006114006042480E+00   1.1517940583871678E-04
     639   1.2463378906250000E+02   3.2962431907653809E+00   6.7621004581451416E-01  -1.2648272514343262E-01   2.4773366749286652E-03   1.8600617768242955E-03  -7.5929652666673064E-05  -2.4846525775501505E-05   2.0279219370422652E-06  -8.1221935843700521E-09   1.0021862983703613E+00  -1.8654463291168213E+00  -9.8716765642166138E-01   1.3739730119705200E+00   1.7103432416915894E+00  -5.1618993282318115E-01  -2.3385930061340332E+00   1.3282946348190308E+00   1.3103660603519529E-04
     640   1.2465820312500000E+02   3.1522822380065918E+00   7.0625120401382446E-01  -1.2090089172124863E-01   3.8968541775830090E-04   1.8298771465197206E-03  -2.9921699024271220E-05  -2.3553435312351212E-05   9.4072589718052768E-07   6.0994310047135514E-08   9.2241436243057251E-01  -1.7242411375045776E+00  -8.7567645311355591E-01   1.2888830900192261E+00   1.5590916872024536E+00  -5.0455266237258911E-01  -2.1562736034393311E+00   1.2388228178024292E+00   1.3774212857242674E-04
     641   1.2468261718750000E+02   3.0045182704925537E+00   7.2789382934570312E-01  -1.1422690004110336E-01  -1.4377244515344501E-03   1.7679852899163961E-03   9.0323574113426730E-06  -2.1931133233010769E-05   4.2852782655700139E-08   1.1405973765477029E-07   8.5804975032806396E-01  -1.5772094726562500E+00  -7.7506381273269653E-01   1.1923836469650269E+00   1.4085208177566528E+00  -4.8274147510528564E-01  -1.9669485092163086E+00   1.1414082050323486E+00   1.4238087169360369E-04
     642   1.2470703125000000E+02   2.8553175926208496E+00   7.4113088846206665E-01  -1.0687135159969330E-01  -2.9913417529314756E-03   1.6851356485858560E-03   4.1376435547135770E-05  -2.0162347937002778E-05  -6.9300415361794876E-07   1.5483387016956840E-07   8.0777812004089355E-01  -1.4273661375045776E+00  -6.8471604585647583E-01   1.0882567167282104E+00   1.2605916261672974E+00  -4.5402637124061584E-01  -1.7758980989456177E+00   1.0407254695892334E+00   1.4815967006143183E-04
     643   1.2473144531250000E+02   2.7064950466156006E+00   7.4510228633880615E-01  -9.8974205553531647E-02  -4.2466856539249420E-03   1.5839244006201625E-03   6.6909749875776470E-05  -1.8291275409865193E-05  -1.2668879207922146E-06   1.8367536824825947E-07   7.7411276102066040E-01  -1.2765012979507446E+00  -6.0945630073547363E-01   9.7372597455978394E-01   1.1179975271224976E+00  -4.1155612468719482E-01  -1.5785294771194458E+00   9.2870438098907471E-01   1.4454560005106032E-04
     644   1.2475585937500000E+02   2.5593271255493164E+00   7.4134641885757446E-01  -9.1090731322765350E-02  -5.2509848028421402E-03   1.4796310570091009E-03   8.7561005784664303E-05  -1.6524976672371849E-05  -1.7410631016900879E-06   2.0680671752870694E-07   7.5198960304260254E-01  -1.1263873577117920E+00  -5.4328006505966187E-01   8.5568547248840332E-01   9.7982954978942871E-01  -3.6522534489631653E-01  -1.3838645219802856E+00   8.1706899404525757E-01   1.4443893451243639E-04
     645   1.2478027343750000E+02   2.4247031211853027E+00   7.2503918409347534E-01  -8.3340577781200409E-02  -5.7306913658976555E-03   1.3591756578534842E-03   9.6010589913930744E-05  -1.4752407878404483E-05  -1.9132228317175759E-06   2.0810010425975634E-07   7.4582004547119141E-01  -9.9519002437591553E-01  -4.9681192636489868E-01   7.4910718202590942E-01   8.6700773239135742E-01  -3.1870317459106445E-01  -1.2189499139785767E+00   7.1891069412231445E-01   1.3535817561205477E-04
     646   1.2480468750000000E+02   2.2983584403991699E+00   7.0027196407318115E-01  -7.6213717460632324E-02  -5.8895279653370380E-03   1.2447125045582652E-03   9.8385629826225340E-05  -1.3230270269559696E-05  -1.9610481558629544E-06   2.0286465485241933E-07   7.4958783388137817E-01  -8.7499016523361206E-01  -4.6155712008476257E-01   6.4928287267684937E-01   7.6820111274719238E-01  -2.7330434322357178E-01  -1.0718410015106201E+00   6.3024425506591797E-01   1.3408136146608740E-04
     647   1.2482910156250000E+02   2.1820242404937744E+00   6.6611516475677490E-01  -6.9614149630069733E-02  -5.6912349537014961E-03   1.1284294305369258E-03   9.3245849711820483E-05  -1.1810483556473628E-05  -1.8298630948265782E-06   1.8528290013364312E-07   7.6535475254058838E-01  -7.6853704452514648E-01  -4.4134426116943359E-01   5.5643171072006226E-01   6.8732291460037231E-01  -2.2598433494567871E-01  -9.4367259740829468E-01   5.4871690273284912E-01   1.3689362094737589E-04
     648   1.2485351562500000E+02   2.0825169086456299E+00   6.2184828519821167E-01  -6.4019255340099335E-02  -5.0296867266297340E-03   1.0148730361834168E-03   7.8035831393208355E-05  -1.0602627298794687E-05  -1.4561611578756128E-06   1.5155421806412051E-07   7.8908526897430420E-01  -6.8805652856826782E-01  -4.3437370657920837E-01   4.8809227347373962E-01   6.3546687364578247E-01  -1.9136346876621246E-01  -8.6175084114074707E-01   4.9658897519111633E-01   1.0347274655941874E-04
     649   1.2487792968750000E+02   1.9890935420989990E+00   5.7299041748046875E-01  -5.9468977153301239E-02  -4.2323344387114048E-03   9.2326907906681299E-04   6.1860788264311850E-05  -9.7874526545638219E-06  -1.0958832490359782E-06   1.2234725943471858E-07   8.1791222095489502E-01  -6.1409759521484375E-01  -4.3423393368721008E-01   4.2194166779518127E-01   5.9076642990112305E-01  -1.5457238256931305E-01  -7.8539383411407471E-01   4.4512325525283813E-01   9.5659808721393347E-05
     650   1.2490234375000000E+02   1.9057704210281372E+00   5.1777195930480957E-01  -5.5752158164978027E-02  -3.1840305309742689E-03   8.3796976832672954E-04   4.0672424802323803E-05  -9.1299252744647674E-06  -6.1676377072217292E-07   8.5404529670540796E-08   8.5277807712554932E-01  -5.5455040931701660E-01  -4.4359019398689270E-01   3.6706343293190002E-01   5.6231331825256348E-01  -1.2145638465881348E-01  -7.3119711875915527E-01   4.0586665272712708E-01   1.1239858577027917E-04
     651   1.2492675781250000E+02   1.8298114538192749E+00   4.5841094851493835E-01  -5.2927140146493912E-02  -1.9858113955706358E-03   7.6690054265782237E-04   1.7315514924121089E-05  -8.7371745394193567E-06  -1.0392803773129344E-07   4.8318334222585690E-08   8.9128780364990234E-01  -5.0471240282058716E-01  -4.5928701758384705E-01   3.1906399130821228E-01   5.4420882463455200E-01  -8.9737422764301300E-02  -6.8978810310363770E-01   3.7280309200286865E-01   1.0143927647732198E-04
     652   1.2495117187500000E+02   1.7568328380584717E+00   3.9768326282501221E-01  -5.0876349210739136E-02  -7.6871388591825962E-04   7.1195873897522688E-04  -5.2126047194178682E-06  -8.5580149971065111E-06   3.7406758224278747E-07   1.5151350396536145E-08   9.2990559339523315E-01  -4.5801332592964172E-01  -4.7533899545669556E-01   2.7439332008361816E-01   5.2842527627944946E-01  -6.0740232467651367E-02  -6.5359187126159668E-01   3.4404757618904114E-01   9.7793970780912787E-05
     653   1.2497558593750000E+02   1.6853013038635254E+00   3.3537328243255615E-01  -4.9137607216835022E-02   4.7030998393893242E-04   6.6132383653894067E-04  -2.7751653760788031E-05  -8.4125786088407040E-06   8.5230323065843550E-07  -1.8116969258130666E-08   9.7130453586578369E-01  -4.1217839717864990E-01  -4.9481588602066040E-01   2.2766184806823730E-01   5.1406800746917725E-01  -2.8018914163112640E-02  -6.1508345603942871E-01   3.1145295500755310E-01   7.1333277446683496E-05
     654   1.2500000000000000E+02   1.6303279399871826E+00   2.6586297154426575E-01  -4.7807998955249786E-02   2.1369187161326408E-03   5.9780495939776301E-04  -6.1302889662329108E-05  -8.2428623500163667E-06   1.6214983133977512E-06  -7.3066033223767590E-08   1.0161066055297852E+00  -3.9473447203636169E-01  -5.2467066049575806E-01   2.1071588993072510E-01   5.3086745738983154E-01  -1.1922351084649563E-02  -6.2888354063034058E-01   3.1274843215942383E-01   5.6213008065242320E-05
