  9.9999997473787516E-06
  1.0499999916646630E-05
  1.1000000085914508E-05
  1.1000000085914508E-05
  1.1500000255182385E-05
  1.2000000424450263E-05
  1.2999999853491317E-05
  1.4000000192027073E-05
  1.4999999621068127E-05
  1.5999999959603883E-05
  1.7000000298139639E-05
  1.8000000636675395E-05
  1.8999999156221747E-05
  1.9999999494757503E-05
  2.2000000171829015E-05
  2.4000000848900527E-05
  2.5999999706982635E-05
  2.8000000384054147E-05
  2.9000000722589903E-05
  3.0999999580672011E-05
  3.3000000257743523E-05
  3.5000000934815034E-05
  3.6999997973907739E-05
  3.8999998650979251E-05
  4.0999999328050762E-05
  4.3000000005122274E-05
  4.6000001020729542E-05
  4.9999998736893758E-05
  5.2999999752501026E-05
  5.6000000768108293E-05
  5.9000001783715561E-05
  6.2999999499879777E-05
  6.9000001531094313E-05
  7.5000003562308848E-05
  8.0999998317565769E-05
  8.8000000687316060E-05
  9.4000002718530595E-05
  9.9999997473787516E-05
  1.0599999950500205E-04
  1.1300000187475234E-04
  1.1899999663000926E-04
  1.2500000593718141E-04
  1.3150001177564263E-04
  1.3800000306218863E-04
  1.5000000712461770E-04
  1.6300000424962491E-04
  1.7499999376013875E-04
  1.8800000543706119E-04
  1.9999999494757503E-04
  2.1899999410379678E-04
  2.3799999326001853E-04
  2.5599999935366213E-04
  2.7499999850988388E-04
  2.9399999766610563E-04
  3.1299999682232738E-04
  3.3099998836405575E-04
  3.4999998752027750E-04
  3.6899998667649925E-04
  3.8799998583272099E-04
  4.2500000563450158E-04
  4.6300000394694507E-04
  5.0000002374872565E-04
  5.3100002696737647E-04
  5.6299997959285975E-04
  5.9399998281151056E-04
  6.2499998603016138E-04
  6.8800000008195639E-04
  7.5000000651925802E-04
  8.1300002057105303E-04
  8.7500002700835466E-04
  9.3799998285248876E-04
  1.0000000474974513E-03
  1.0629999451339245E-03
  1.1249999515712261E-03
  1.1869999580085278E-03
  1.2499999720603228E-03
  1.3124999823048711E-03
  1.3749999925494194E-03
  1.5000000130385160E-03
  1.6250000335276127E-03
  1.7500000540167093E-03
  1.8749999580904841E-03
  2.0000000949949026E-03
  2.1879998967051506E-03
  2.3749999236315489E-03
  2.5629999581724405E-03
  2.7499999850988388E-03
  2.9380000196397305E-03
  3.1250000465661287E-03
  3.3120000734925270E-03
  3.5000001080334187E-03
  3.6875000223517418E-03
  3.8749999366700649E-03
  4.0624998509883881E-03
  4.2500002309679985E-03
  4.4375001452863216E-03
  4.6250000596046448E-03
  4.9999998882412910E-03
  5.3130001761019230E-03
  5.6250002235174179E-03
  5.9380000457167625E-03
  6.2500000931322575E-03
  6.5625002607703209E-03
  6.8749999627470970E-03
  7.1874996647238731E-03
  7.4999998323619366E-03
  7.6562501490116119E-03
  7.8125000000000000E-03
  8.1249997019767761E-03
  8.4374994039535522E-03
  8.5937492549419403E-03
  8.7500000372529030E-03
  9.0625006705522537E-03
  9.1406255960464478E-03
  9.2187505215406418E-03
  9.2968754470348358E-03
  9.3359379097819328E-03
  9.3750003725290298E-03
  9.5312502235174179E-03
  9.5703126862645149E-03
  9.5715336501598358E-03
  9.5727536827325821E-03
  9.5733646303415298E-03
  9.5739746466279030E-03
  9.5751956105232239E-03
  9.5776366069912910E-03
  9.5800776034593582E-03
  9.5898434519767761E-03
  9.5922853797674179E-03
  9.5947263762354851E-03
  9.5996093004941940E-03
  9.6044922247529030E-03
  9.6093751490116119E-03
  9.6118170768022537E-03
  9.6142580732703209E-03
  9.6166990697383881E-03
  9.6179200336337090E-03
  9.6191409975290298E-03
  9.6203619614243507E-03
  9.6215829253196716E-03
  9.6228029578924179E-03
  9.6240239217877388E-03
  9.6252448856830597E-03
  9.6264649182558060E-03
  9.6289068460464478E-03
  9.6484376117587090E-03
  9.6508786082267761E-03
  9.6533205360174179E-03
  9.6557615324854851E-03
  9.6569824963808060E-03
  9.6582025289535522E-03
  9.6679683774709702E-03
  9.6704103052616119E-03
  9.6728513017296791E-03
  9.6777342259883881E-03
  9.6875000745058060E-03
  9.7070317715406418E-03
  9.7265625372529030E-03
  9.7363274544477463E-03
  9.7387693822383881E-03
  9.7399894148111343E-03
  9.7412103787064552E-03
  9.7436513751745224E-03
  9.7460933029651642E-03
  9.7656250000000000E-03
  9.7753908485174179E-03
  9.7802737727761269E-03
  9.7851566970348358E-03
  9.7949225455522537E-03
  9.7973635420203209E-03
  9.7998045384883881E-03
  9.8022464662790298E-03
  9.8046874627470970E-03
  9.8437499254941940E-03
  9.9999997764825821E-03
  1.0004882700741291E-02
  1.0009765625000000E-02
  1.0012207552790642E-02
  1.0013427585363388E-02
  1.0014648549258709E-02
  1.0019531473517418E-02
  1.0029297322034836E-02
  1.0031738318502903E-02
  1.0032959282398224E-02
  1.0034179314970970E-02
  1.0039062239229679E-02
  1.0078124701976776E-02
  1.0097656399011612E-02
  1.0100098326802254E-02
  1.0101318359375000E-02
  1.0102539323270321E-02
  1.0107422247529030E-02
  1.0109863243997097E-02
  1.0112304240465164E-02
  1.0117187164723873E-02
  1.0119628161191940E-02
  1.0122070088982582E-02
  1.0124511085450649E-02
  1.0126952081918716E-02
  1.0136717930436134E-02
  1.0139159858226776E-02
  1.0141600854694843E-02
  1.0144041851162910E-02
  1.0146483778953552E-02
  1.0156249627470970E-02
  1.0175781324505806E-02
  1.0185547173023224E-02
  1.0195312090218067E-02
  1.0200195014476776E-02
  1.0202636010944843E-02
  1.0205077007412910E-02
  1.0209959931671619E-02
  1.0214842855930328E-02
  1.0234374552965164E-02
  1.0236816480755806E-02
  1.0239257477223873E-02
  1.0244140401482582E-02
  1.0249023325741291E-02
  1.0250244289636612E-02
  1.0251464322209358E-02
  1.0253906250000000E-02
  1.0273437015712261E-02
  1.0312499478459358E-02
  1.0468749329447746E-02
  1.0546874254941940E-02
  1.0549316182732582E-02
  1.0551757179200649E-02
  1.0556640103459358E-02
  1.0566405951976776E-02
  1.0585937649011612E-02
  1.0588379576802254E-02
  1.0590820573270321E-02
  1.0595703497529030E-02
  1.0598145425319672E-02
  1.0600586421787739E-02
  1.0605469346046448E-02
  1.0625000111758709E-02
  1.0703125968575478E-02
  1.0742188431322575E-02
  1.0747071355581284E-02
  1.0751953348517418E-02
  1.0754395276308060E-02
  1.0756836272776127E-02
  1.0761719197034836E-02
  1.0766602121293545E-02
  1.0771485045552254E-02
  1.0773926973342896E-02
  1.0776367969810963E-02
  1.0778808966279030E-02
  1.0781250894069672E-02
  1.0800782591104507E-02
  1.0820313356816769E-02
  1.0839844122529030E-02
  1.0859375819563866E-02
  1.0878907516598701E-02
  1.0888673365116119E-02
  1.0893555358052254E-02
  1.0898438282310963E-02
  1.0900879278779030E-02
  1.0903321206569672E-02
  1.0908203199505806E-02
  1.0910645127296448E-02
  1.0913086123764515E-02
  1.0917969048023224E-02
  1.0927734896540642E-02
  1.0930176824331284E-02
  1.0932617820799351E-02
  1.0935058817267418E-02
  1.0937500745058060E-02
  1.0942383669316769E-02
  1.0947266593575478E-02
  1.0952149517834187E-02
  1.0957032442092896E-02
  1.0966798290610313E-02
  1.0971680283546448E-02
  1.0976563207805157E-02
  1.0981446132063866E-02
  1.0986328125000000E-02
  1.0996093973517418E-02
  1.1015625670552254E-02
  1.1035157367587090E-02
  1.1054688133299351E-02
  1.1093750596046448E-02
  1.1098633520305157E-02
  1.1099854484200478E-02
  1.1101074516773224E-02
  1.1103516444563866E-02
  1.1108399368822575E-02
  1.1113282293081284E-02
  1.1118165217339993E-02
  1.1123048141598701E-02
  1.1132813058793545E-02
  1.1142577975988388E-02
  1.1152343824505806E-02
  1.1162109673023224E-02
  1.1171875521540642E-02
  1.1174317449331284E-02
  1.1176758445799351E-02
  1.1181641370058060E-02
  1.1191407218575478E-02
  1.1210937984287739E-02
  1.1213378980755806E-02
  1.1215820908546448E-02
  1.1220702901482582E-02
  1.1225585825741291E-02
  1.1230468750000000E-02
  1.1240234598517418E-02
  1.1250000447034836E-02
  1.1289062909781933E-02
  1.1298827826976776E-02
  1.1303710751235485E-02
  1.1308593675494194E-02
  1.1318359524011612E-02
  1.1328125372529030E-02
  1.1337891221046448E-02
  1.1340333148837090E-02
  1.1342774145305157E-02
  1.1347657069563866E-02
  1.1357422918081284E-02
  1.1367187835276127E-02
  1.1406250298023224E-02
  1.1445312760770321E-02
  1.1455077677965164E-02
  1.1464843526482582E-02
  1.1474609375000000E-02
  1.1484375223517418E-02
  1.1494141072034836E-02
  1.1503906920552254E-02
  1.1513672769069672E-02
  1.1518554762005806E-02
  1.1523437686264515E-02
  1.1562500149011612E-02
  1.1572265997529030E-02
  1.1582031846046448E-02
  1.1601562611758709E-02
  1.1611327528953552E-02
  1.1621093377470970E-02
  1.1623535305261612E-02
  1.1624755337834358E-02
  1.1625976301729679E-02
  1.1628417298197746E-02
  1.1630859225988388E-02
  1.1640625074505806E-02
  1.1645507998764515E-02
  1.1650390923023224E-02
  1.1660156771540642E-02
  1.1665039695799351E-02
  1.1669922620058060E-02
  1.1679687537252903E-02
  1.1689452454447746E-02
  1.1699218302965164E-02
  1.1708984151482582E-02
  1.1718750000000000E-02
  1.1757812462747097E-02
  1.1767577379941940E-02
  1.1777343228459358E-02
  1.1796874925494194E-02
  1.1874999850988388E-02
  1.1884765699505806E-02
  1.1894531548023224E-02
  1.1904297396540642E-02
  1.1914062313735485E-02
  1.1923827230930328E-02
  1.1933593079447746E-02
  1.1953124776482582E-02
  1.1962890625000000E-02
  1.1972656473517418E-02
  1.1977539397776127E-02
  1.1982422322034836E-02
  1.1987304314970970E-02
  1.1992187239229679E-02
  1.2001952156424522E-02
  1.2011718004941940E-02
  1.2014159932732582E-02
  1.2016600929200649E-02
  1.2021483853459358E-02
  1.2026366777718067E-02
  1.2031249701976776E-02
  1.2050781399011612E-02
  1.2070312164723873E-02
  1.2109374627470970E-02
  1.2119140475988388E-02
  1.2128906324505806E-02
  1.2138672173023224E-02
  1.2148437090218067E-02
  1.2167967855930328E-02
  1.2177733704447746E-02
  1.2187499552965164E-02
  1.2207031250000000E-02
  1.2216797098517418E-02
  1.2221679091453552E-02
  1.2226562015712261E-02
  1.2236326932907104E-02
  1.2241209857165813E-02
  1.2246092781424522E-02
  1.2265624478459358E-02
  1.2285156175494194E-02
  1.2304686941206455E-02
  1.2324217706918716E-02
  1.2343749403953552E-02
  1.2353515252470970E-02
  1.2363281100988388E-02
  1.2373046949505806E-02
  1.2377928942441940E-02
  1.2382811866700649E-02
  1.2392576783895493E-02
  1.2402342632412910E-02
  1.2421874329447746E-02
  1.2441406026482582E-02
  1.2460937723517418E-02
  1.2480469420552254E-02
  1.2490235269069672E-02
  1.2500000186264515E-02
  1.2539062649011612E-02
  1.2558594346046448E-02
  1.2568360194563866E-02
  1.2578126043081284E-02
  1.2587891891598701E-02
  1.2592774815857410E-02
  1.2597657740116119E-02
  1.2607423588633537E-02
  1.2612305581569672E-02
  1.2617188505828381E-02
  1.2626953423023224E-02
  1.2636719271540642E-02
  1.2656250968575478E-02
  1.2675782665610313E-02
  1.2695313431322575E-02
  1.2705078348517418E-02
  1.2714844197034836E-02
  1.2734375894069672E-02
  1.2773438356816769E-02
  1.2783203274011612E-02
  1.2792969122529030E-02
  1.2812500819563866E-02
  1.2851563282310963E-02
  1.2871094048023224E-02
  1.2880859896540642E-02
  1.2890625745058060E-02
  1.2929688207805157E-02
  1.2949218973517418E-02
  1.2958984822034836E-02
  1.2968750670552254E-02
  1.3046875596046448E-02
  1.3066407293081284E-02
  1.3076173141598701E-02
  1.3085938058793545E-02
  1.3090820983052254E-02
  1.3095702975988388E-02
  1.3105468824505806E-02
  1.3110351748764515E-02
  1.3115234673023224E-02
  1.3125000521540642E-02
  1.3144532218575478E-02
  1.3164062984287739E-02
  1.3203125447034836E-02
  1.3222657144069672E-02
  1.3242187909781933E-02
  1.3251952826976776E-02
  1.3256835751235485E-02
  1.3261718675494194E-02
  1.3281250372529030E-02
  1.3286133296787739E-02
  1.3288574293255806E-02
  1.3291016221046448E-02
  1.3295899145305157E-02
  1.3300782069563866E-02
  1.3320312835276127E-02
  1.3359375298023224E-02
  1.3398437760770321E-02
  1.3437500223517418E-02
  1.3457031920552254E-02
  1.3476562686264515E-02
  1.3496093451976776E-02
  1.3515625149011612E-02
  1.3554687611758709E-02
  1.3574218377470970E-02
  1.3583984225988388E-02
  1.3593750074505806E-02
  1.3632812537252903E-02
  1.3652343302965164E-02
  1.3671875000000000E-02
  1.3710937462747097E-02
  1.3749999925494194E-02
  1.3769531622529030E-02
  1.3789062388241291E-02
  1.3828124850988388E-02
  1.3906249776482582E-02
  1.3984374701976776E-02
  1.4023437164723873E-02
  1.4062499627470970E-02
  1.4218749478459358E-02
  1.4374999329447746E-02
  1.4531249180436134E-02
  1.4687499031424522E-02
  1.4765623956918716E-02
  1.4843748882412910E-02
  1.4999999664723873E-02
  1.5078125521540642E-02
  1.5117187984287739E-02
  1.5156250447034836E-02
  1.5234375372529030E-02
  1.5253907069563866E-02
  1.5273437835276127E-02
  1.5312500298023224E-02
  1.5625000000000000E-02
  1.5781249850988388E-02
  1.5937499701976776E-02
  1.6249999403953552E-02
  1.6874998807907104E-02
  1.7500000074505806E-02
  1.8750000745058060E-02
  1.9999999552965164E-02
  2.1324999630451202E-02
  2.2649999707937241E-02
  2.3974999785423279E-02
  2.5299999862909317E-02
  2.6844000443816185E-02
  2.8387000784277916E-02
  3.1475000083446503E-02
  3.4563001245260239E-02
  3.7650000303983688E-02
  4.0738001465797424E-02
  4.3825000524520874E-02
  4.6913001686334610E-02
  5.0000000745058060E-02
  5.3125001490116119E-02
  5.6249998509883881E-02
  5.9374999254941940E-02
  6.2500000000000000E-02
  6.8750001490116119E-02
  7.5000002980232239E-02
  8.1249997019767761E-02
  8.7499998509883881E-02
  9.3750000000000000E-02
  1.0000000149011612E-01
  1.0625000298023224E-01
  1.1249999701976776E-01
  1.1874999850988388E-01
  1.2500000000000000E-01
  1.3750000298023224E-01
  1.5000000596046448E-01
  1.6249999403953552E-01
  1.7499999701976776E-01
  1.8750000000000000E-01
  2.0000000298023224E-01
  2.1875000000000000E-01
  2.3749999701976776E-01
  2.5624999403953552E-01
  2.7500000596046448E-01
  2.9374998807907104E-01
  3.1250000000000000E-01
  3.3125001192092896E-01
  3.4999999403953552E-01
  3.8749998807907104E-01
  4.2500001192092896E-01
  4.6250000596046448E-01
  5.0000000000000000E-01
  5.6250000000000000E-01
  6.2500000000000000E-01
  6.8750000000000000E-01
  7.5000000000000000E-01
  8.1250000000000000E-01
  8.7500000000000000E-01
  9.3750000000000000E-01
  1.0000000000000000E+00
  1.1250000000000000E+00
  1.2500000000000000E+00
  1.3750000000000000E+00
  1.5000000000000000E+00
  1.6250000000000000E+00
  1.7500000000000000E+00
  1.8750000000000000E+00
  2.0000000000000000E+00
  2.1123118400573730E+00
  2.2246239185333252E+00
  2.3369355201721191E+00
  2.4492468833923340E+00
  2.5615584850311279E+00
  2.6738700866699219E+00
  2.7861814498901367E+00
  2.8984930515289307E+00
  3.0786595344543457E+00
  3.2588260173797607E+00
  3.3489093780517578E+00
  3.4389929771423340E+00
  3.5290760993957520E+00
  3.6191589832305908E+00
  3.7092423439025879E+00
  3.7993259429931641E+00
  3.8894090652465820E+00
  3.9794919490814209E+00
  4.0245337486267090E+00
  4.0695753097534180E+00
  4.0920963287353516E+00
  4.1146173477172852E+00
  4.1371383666992188E+00
  4.1596589088439941E+00
  4.1821794509887695E+00
  4.1934399604797363E+00
  4.2047004699707031E+00
  4.2159609794616699E+00
  4.2272214889526367E+00
  4.2384815216064453E+00
  4.2497420310974121E+00
  4.2610025405883789E+00
  4.2722630500793457E+00
  4.2778930664062500E+00
  4.2835235595703125E+00
  4.2891540527343750E+00
  4.2947840690612793E+00
  4.3004145622253418E+00
  4.3060450553894043E+00
  4.3116750717163086E+00
  4.3173050880432129E+00
  4.3229351043701172E+00
  4.3285651206970215E+00
  4.3341951370239258E+00
  4.3398251533508301E+00
  4.3465518951416016E+00
  4.3532791137695312E+00
  4.3667330741882324E+00
  4.3734598159790039E+00
  4.3801870346069336E+00
  4.3869137763977051E+00
  4.3936409950256348E+00
  4.3971009254455566E+00
  4.4005608558654785E+00
  4.4040203094482422E+00
  4.4074797630310059E+00
  4.4131932258605957E+00
  4.4189047813415527E+00
  4.4246168136596680E+00
  4.4303288459777832E+00
  4.4357194900512695E+00
  4.4411096572875977E+00
  4.4518899917602539E+00
  4.4626708030700684E+00
  4.4734511375427246E+00
  4.4802598953247070E+00
  4.4870691299438477E+00
  4.4938783645629883E+00
  4.5006871223449707E+00
  4.5074958801269531E+00
  4.5143051147460938E+00
  4.5211133956909180E+00
  4.5279221534729004E+00
  4.5352983474731445E+00
  4.5426745414733887E+00
  4.5500507354736328E+00
  4.5574269294738770E+00
  4.5721797943115234E+00
  4.5869321823120117E+00
  4.6016845703125000E+00
  4.6164369583129883E+00
  4.6311893463134766E+00
  4.6459422111511230E+00
  4.6754465103149414E+00
  4.7049512863159180E+00
  4.7344560623168945E+00
  4.7639608383178711E+00
  4.8229708671569824E+00
  4.8819808959960938E+00
  4.9409904479980469E+00
  5.0000000000000000E+00
  5.0519142150878906E+00
  5.1038289070129395E+00
  5.1557426452636719E+00
  5.2076568603515625E+00
  5.2595710754394531E+00
  5.3114848136901855E+00
  5.3374414443969727E+00
  5.3633985519409180E+00
  5.3893556594848633E+00
  5.4153127670288086E+00
  5.4412698745727539E+00
  5.4672269821166992E+00
  5.4931840896606445E+00
  5.5191411972045898E+00
  5.5450983047485352E+00
  5.5710549354553223E+00
  5.5970120429992676E+00
  5.6229691505432129E+00
  5.6489257812500000E+00
  5.6748828887939453E+00
  5.7008399963378906E+00
  5.7267971038818359E+00
  5.7527542114257812E+00
  5.7787108421325684E+00
  5.8046679496765137E+00
  5.8306250572204590E+00
  5.8549599647521973E+00
  5.8792948722839355E+00
  5.9036293029785156E+00
  5.9279642105102539E+00
  5.9401316642761230E+00
  5.9522991180419922E+00
  5.9644665718078613E+00
  5.9766340255737305E+00
  5.9888010025024414E+00
  6.0009684562683105E+00
  6.0131359100341797E+00
  6.0253028869628906E+00
  6.0374703407287598E+00
  6.0496377944946289E+00
  6.0618057250976562E+00
  6.0739731788635254E+00
  6.0861406326293945E+00
  6.0983080863952637E+00
  6.1104750633239746E+00
  6.1226420402526855E+00
  6.1287260055541992E+00
  6.1348094940185547E+00
  6.1408929824829102E+00
  6.1469769477844238E+00
  6.1530609130859375E+00
  6.1591444015502930E+00
  6.1652278900146484E+00
  6.1713118553161621E+00
  6.1773958206176758E+00
  6.1834793090820312E+00
  6.1895627975463867E+00
  6.1956467628479004E+00
  6.2017307281494141E+00
  6.2078142166137695E+00
  6.2138977050781250E+00
  6.2199811935424805E+00
  6.2264704704284668E+00
  6.2329597473144531E+00
  6.2362041473388672E+00
  6.2394485473632812E+00
  6.2426929473876953E+00
  6.2459378242492676E+00
  6.2491827011108398E+00
  6.2524271011352539E+00
  6.2556715011596680E+00
  6.2589163780212402E+00
  6.2621612548828125E+00
  6.2654056549072266E+00
  6.2686500549316406E+00
  6.2718949317932129E+00
  6.2751398086547852E+00
  6.2783842086791992E+00
  6.2816286087036133E+00
  6.2848734855651855E+00
  6.2881183624267578E+00
  6.2913627624511719E+00
  6.2946071624755859E+00
  6.2978520393371582E+00
  6.3010969161987305E+00
  6.3043413162231445E+00
  6.3075857162475586E+00
  6.3108305931091309E+00
  6.3140754699707031E+00
  6.3173198699951172E+00
  6.3205642700195312E+00
  6.3238091468811035E+00
  6.3270540237426758E+00
  6.3302984237670898E+00
  6.3335428237915039E+00
  6.3367872238159180E+00
  6.3400316238403320E+00
  6.3432765007019043E+00
  6.3465213775634766E+00
  6.3497657775878906E+00
  6.3530106544494629E+00
  6.3562555313110352E+00
  6.3594999313354492E+00
  6.3627448081970215E+00
  6.3659896850585938E+00
  6.3692340850830078E+00
  6.3724784851074219E+00
  6.3757228851318359E+00
  6.3789677619934082E+00
  6.3822126388549805E+00
  6.3854570388793945E+00
  6.3887019157409668E+00
  6.3919467926025391E+00
  6.3951911926269531E+00
  6.3984355926513672E+00
  6.4016799926757812E+00
  6.4049248695373535E+00
  6.4081697463989258E+00
  6.4114141464233398E+00
  6.4146590232849121E+00
  6.4179039001464844E+00
  6.4211483001708984E+00
  6.4243927001953125E+00
  6.4260149002075195E+00
  6.4276371002197266E+00
  6.4301214218139648E+00
  6.4326057434082031E+00
  6.4350900650024414E+00
  6.4375739097595215E+00
  6.4400582313537598E+00
  6.4425425529479980E+00
  6.4450268745422363E+00
  6.4475111961364746E+00
  6.4499950408935547E+00
  6.4524793624877930E+00
  6.4549636840820312E+00
  6.4574480056762695E+00
  6.4599318504333496E+00
  6.4611740112304688E+00
  6.4624156951904297E+00
  6.4636578559875488E+00
  6.4649000167846680E+00
  6.4661417007446289E+00
  6.4673838615417480E+00
  6.4686260223388672E+00
  6.4698686599731445E+00
  6.4711108207702637E+00
  6.4723529815673828E+00
  6.4735951423645020E+00
  6.4748373031616211E+00
  6.4760789871215820E+00
  6.4773211479187012E+00
  6.4785633087158203E+00
  6.4798054695129395E+00
  6.4810476303100586E+00
  6.4822897911071777E+00
  6.4835319519042969E+00
  6.4847736358642578E+00
  6.4860157966613770E+00
  6.4872579574584961E+00
  6.4885001182556152E+00
  6.4897422790527344E+00
  6.4909849166870117E+00
  6.4922270774841309E+00
  6.4934692382812500E+00
  6.4947109222412109E+00
  6.4959526062011719E+00
  6.4971947669982910E+00
  6.4984369277954102E+00
  6.4996790885925293E+00
  6.5009212493896484E+00
  6.5021629333496094E+00
  6.5034046173095703E+00
  6.5046467781066895E+00
  6.5058889389038086E+00
  6.5071310997009277E+00
  6.5087537765502930E+00
  6.5103759765625000E+00
  6.5119981765747070E+00
  6.5136208534240723E+00
  6.5152435302734375E+00
  6.5168662071228027E+00
  6.5184879302978516E+00
  6.5201101303100586E+00
  6.5217323303222656E+00
  6.5233550071716309E+00
  6.5249767303466797E+00
  6.5265989303588867E+00
  6.5282211303710938E+00
  6.5298438072204590E+00
  6.5314660072326660E+00
  6.5330882072448730E+00
  6.5353188514709473E+00
  6.5375499725341797E+00
  6.5397810935974121E+00
  6.5420107841491699E+00
  6.5442419052124023E+00
  6.5464720726013184E+00
  6.5487031936645508E+00
  6.5509328842163086E+00
  6.5529608726501465E+00
  6.5549888610839844E+00
  6.5570168495178223E+00
  6.5590448379516602E+00
  6.5610728263854980E+00
  6.5631008148193359E+00
  6.5651288032531738E+00
  6.5671558380126953E+00
  6.5691838264465332E+00
  6.5712118148803711E+00
  6.5732398033142090E+00
  6.5752677917480469E+00
  6.5772957801818848E+00
  6.5793237686157227E+00
  6.5813512802124023E+00
  6.5833787918090820E+00
  6.5856099128723145E+00
  6.5878410339355469E+00
  6.5900716781616211E+00
  6.5923018455505371E+00
  6.5967640876770020E+00
  6.6012248992919922E+00
  6.6056871414184570E+00
  6.6101479530334473E+00
  6.6146101951599121E+00
  6.6190710067749023E+00
  6.6243433952331543E+00
  6.6296157836914062E+00
  6.6348886489868164E+00
  6.6401610374450684E+00
  6.6446228027343750E+00
  6.6490840911865234E+00
  6.6535453796386719E+00
  6.6580061912536621E+00
  6.6618771553039551E+00
  6.6657481193542480E+00
  6.6696190834045410E+00
  6.6734900474548340E+00
  6.6750202178955078E+00
  6.6800861358642578E+00
  6.6851520538330078E+00
  6.6902179718017578E+00
  6.6952829360961914E+00
  6.7005357742309570E+00
  6.7057890892028809E+00
  6.7110419273376465E+00
  6.7162947654724121E+00
  6.7215480804443359E+00
  6.7268018722534180E+00
  6.7320561408996582E+00
  6.7373089790344238E+00
  6.7425627708435059E+00
  6.7478160858154297E+00
  6.7530689239501953E+00
  6.7583217620849609E+00
  6.7628588676452637E+00
  6.7673959732055664E+00
  6.7696647644042969E+00
  6.7719330787658691E+00
  6.7742013931274414E+00
  6.7764701843261719E+00
  6.7787384986877441E+00
  6.7810068130493164E+00
  6.7832756042480469E+00
  6.7855439186096191E+00
  6.7878122329711914E+00
  6.7900810241699219E+00
  6.7923488616943359E+00
  6.7946171760559082E+00
  6.7968854904174805E+00
  6.7991538047790527E+00
  6.8014221191406250E+00
  6.8036909103393555E+00
  6.8059597015380859E+00
  6.8082280158996582E+00
  6.8104963302612305E+00
  6.8127651214599609E+00
  6.8150339126586914E+00
  6.8173022270202637E+00
  6.8195705413818359E+00
  6.8218388557434082E+00
  6.8241071701049805E+00
  6.8263759613037109E+00
  6.8286437988281250E+00
  6.8309121131896973E+00
  6.8327031135559082E+00
  6.8344941139221191E+00
  6.8362851142883301E+00
  6.8380761146545410E+00
  6.8398666381835938E+00
  6.8416576385498047E+00
  6.8434486389160156E+00
  6.8452391624450684E+00
  6.8470301628112793E+00
  6.8488211631774902E+00
  6.8506121635437012E+00
  6.8524031639099121E+00
  6.8541936874389648E+00
  6.8559846878051758E+00
  6.8577756881713867E+00
  6.8595662117004395E+00
  6.8613572120666504E+00
  6.8631482124328613E+00
  6.8649392127990723E+00
  6.8667302131652832E+00
  6.8703117370605469E+00
  6.8738927841186523E+00
  6.8774747848510742E+00
  6.8810563087463379E+00
  6.8846378326416016E+00
  6.8882198333740234E+00
  6.8918018341064453E+00
  6.8953833580017090E+00
  6.8989648818969727E+00
  6.9025468826293945E+00
  6.9061288833618164E+00
  6.9097104072570801E+00
  6.9132919311523438E+00
  6.9168739318847656E+00
  6.9204559326171875E+00
  6.9240374565124512E+00
  6.9276189804077148E+00
  6.9312009811401367E+00
  6.9347829818725586E+00
  6.9383645057678223E+00
  6.9419460296630859E+00
  6.9455280303955078E+00
  6.9481544494628906E+00
  6.9507813453674316E+00
  6.9534082412719727E+00
  6.9560346603393555E+00
  6.9586610794067383E+00
  6.9612874984741211E+00
  6.9639139175415039E+00
  6.9665408134460449E+00
  6.9691677093505859E+00
  6.9717941284179688E+00
  6.9744205474853516E+00
  6.9770474433898926E+00
  6.9796743392944336E+00
  6.9823007583618164E+00
  6.9849271774291992E+00
  6.9875540733337402E+00
  6.9901809692382812E+00
  6.9928073883056641E+00
  6.9954338073730469E+00
  6.9980602264404297E+00
  7.0006866455078125E+00
  7.0033135414123535E+00
  7.0059404373168945E+00
  7.0085668563842773E+00
  7.0138201713562012E+00
  7.0190734863281250E+00
  7.0243268013000488E+00
  7.0295801162719727E+00
  7.0348334312438965E+00
  7.0400867462158203E+00
  7.0453395843505859E+00
  7.0505928993225098E+00
  7.0558462142944336E+00
  7.0610995292663574E+00
  7.0663528442382812E+00
  7.0716061592102051E+00
  7.0768594741821289E+00
  7.0821123123168945E+00
  7.0873656272888184E+00
  7.0926189422607422E+00
  7.0978722572326660E+00
  7.1031255722045898E+00
  7.1083788871765137E+00
  7.1136322021484375E+00
  7.1188855171203613E+00
  7.1241388320922852E+00
  7.1293916702270508E+00
  7.1346449851989746E+00
  7.1398983001708984E+00
  7.1451511383056641E+00
  7.1504044532775879E+00
  7.1556577682495117E+00
  7.1609110832214355E+00
  7.1661643981933594E+00
  7.1714177131652832E+00
  7.1766710281372070E+00
  7.1819243431091309E+00
  7.1871776580810547E+00
  7.1924304962158203E+00
  7.1976838111877441E+00
  7.2029371261596680E+00
  7.2081899642944336E+00
  7.2134432792663574E+00
  7.2186965942382812E+00
  7.2292032241821289E+00
  7.2397098541259766E+00
  7.2502164840698242E+00
  7.2607231140136719E+00
  7.2712297439575195E+00
  7.2817358970642090E+00
  7.2922420501708984E+00
  7.3027486801147461E+00
  7.3132553100585938E+00
  7.3237619400024414E+00
  7.3342685699462891E+00
  7.3447751998901367E+00
  7.3552818298339844E+00
  7.3657879829406738E+00
  7.3762941360473633E+00
  7.3868007659912109E+00
  7.4078140258789062E+00
  7.4288272857666016E+00
  7.4498400688171387E+00
  7.4627342224121094E+00
  7.4756288528442383E+00
  7.5014181137084961E+00
  7.5272064208984375E+00
  7.5529952049255371E+00
  7.5787835121154785E+00
  7.6045718193054199E+00
  7.6303606033325195E+00
  7.6561489105224609E+00
  7.6752901077270508E+00
  7.7031173706054688E+00
  7.7309441566467285E+00
  7.7587704658508301E+00
  7.7865967750549316E+00
  7.8144235610961914E+00
  7.8422508239746094E+00
  7.8700771331787109E+00
  7.8979039192199707E+00
  7.9257307052612305E+00
  7.9535579681396484E+00
  7.9813842773437500E+00
  8.0092105865478516E+00
  8.0370368957519531E+00
  8.0648641586303711E+00
  8.0926914215087891E+00
  8.1205177307128906E+00
  8.1611804962158203E+00
  8.2018423080444336E+00
  8.2425041198730469E+00
  8.2831659317016602E+00
  8.3238277435302734E+00
  8.3644895553588867E+00
  8.4051513671875000E+00
  8.4458131790161133E+00
  8.4864749908447266E+00
  8.5271368026733398E+00
  8.5677986145019531E+00
  8.6084613800048828E+00
  8.6491231918334961E+00
  8.6897850036621094E+00
  8.7304458618164062E+00
  8.7711076736450195E+00
  8.8117694854736328E+00
  8.8524322509765625E+00
  8.9337558746337891E+00
  9.0150794982910156E+00
  9.0964031219482422E+00
  9.1777267456054688E+00
  9.2590513229370117E+00
  9.3403739929199219E+00
  9.4216976165771484E+00
  9.4849491119384766E+00
  9.5482015609741211E+00
  9.6114540100097656E+00
  9.6430797576904297E+00
  9.6747064590454102E+00
  9.7063331604003906E+00
  9.7221460342407227E+00
  9.7379589080810547E+00
  9.7537717819213867E+00
  9.7695846557617188E+00
  9.7853975296020508E+00
  9.8012104034423828E+00
  9.8170232772827148E+00
  9.8328361511230469E+00
  9.8486490249633789E+00
  9.8565559387207031E+00
  9.8644618988037109E+00
  9.8723678588867188E+00
  9.8802747726440430E+00
  9.8881816864013672E+00
  9.8960876464843750E+00
  9.9039936065673828E+00
  9.9119005203247070E+00
  9.9198074340820312E+00
  9.9277133941650391E+00
  9.9367494583129883E+00
  9.9457855224609375E+00
  9.9548206329345703E+00
  9.9638566970825195E+00
  9.9728927612304688E+00
  9.9819278717041016E+00
  9.9864463806152344E+00
  9.9909639358520508E+00
  9.9954814910888672E+00
  1.0000000000000000E+01
  1.0005342483520508E+01
  1.0010684967041016E+01
  1.0016027450561523E+01
  1.0021369934082031E+01
  1.0026712417602539E+01
  1.0032054901123047E+01
  1.0037397384643555E+01
  1.0042739868164062E+01
  1.0048084259033203E+01
  1.0053429603576660E+01
  1.0058769226074219E+01
  1.0064109802246094E+01
  1.0069450378417969E+01
  1.0074790000915527E+01
  1.0077459335327148E+01
  1.0080129623413086E+01
  1.0082799911499023E+01
  1.0085470199584961E+01
  1.0088365554809570E+01
  1.0091259956359863E+01
  1.0094154357910156E+01
  1.0097049713134766E+01
  1.0099945068359375E+01
  1.0102840423583984E+01
  1.0105730056762695E+01
  1.0108619689941406E+01
  1.0111515045166016E+01
  1.0114410400390625E+01
  1.0117305755615234E+01
  1.0120200157165527E+01
  1.0125989913940430E+01
  1.0131770133972168E+01
  1.0137559890747070E+01
  1.0143349647521973E+01
  1.0149140357971191E+01
  1.0154919624328613E+01
  1.0160710334777832E+01
  1.0166489601135254E+01
  1.0178059577941895E+01
  1.0186069488525391E+01
  1.0194080352783203E+01
  1.0202090263366699E+01
  1.0206094741821289E+01
  1.0210100173950195E+01
  1.0214910507202148E+01
  1.0219719886779785E+01
  1.0224529266357422E+01
  1.0229339599609375E+01
  1.0234369277954102E+01
  1.0239399909973145E+01
  1.0244329452514648E+01
  1.0249259948730469E+01
  1.0254190444946289E+01
  1.0259119987487793E+01
  1.0265279769897461E+01
  1.0271439552307129E+01
  1.0277599334716797E+01
  1.0283760070800781E+01
  1.0290949821472168E+01
  1.0298139572143555E+01
  1.0305330276489258E+01
  1.0312509536743164E+01
  1.0319700241088867E+01
  1.0326889991760254E+01
  1.0334079742431641E+01
  1.0341259956359863E+01
  1.0345879554748535E+01
  1.0350500106811523E+01
  1.0355119705200195E+01
  1.0359740257263184E+01
  1.0364359855651855E+01
  1.0368980407714844E+01
  1.0373600006103516E+01
  1.0378219604492188E+01
  1.0382839202880859E+01
  1.0387459754943848E+01
  1.0392080307006836E+01
  1.0396699905395508E+01
  1.0401319503784180E+01
  1.0405940055847168E+01
  1.0410560607910156E+01
  1.0415180206298828E+01
  1.0420057296752930E+01
  1.0424935340881348E+01
  1.0429813385009766E+01
  1.0434690475463867E+01
  1.0439567565917969E+01
  1.0444444656372070E+01
  1.0449321746826172E+01
  1.0454199790954590E+01
  1.0459075927734375E+01
  1.0463953018188477E+01
  1.0468829154968262E+01
  1.0473705291748047E+01
  1.0478581428527832E+01
  1.0483457565307617E+01
  1.0488333702087402E+01
  1.0493209838867188E+01
  1.0498085975646973E+01
  1.0502962112426758E+01
  1.0507838249206543E+01
  1.0512714385986328E+01
  1.0517590522766113E+01
  1.0522466659545898E+01
  1.0532219886779785E+01
  1.0541973114013672E+01
  1.0551725387573242E+01
  1.0561477661132812E+01
  1.0571229934692383E+01
  1.0580984115600586E+01
  1.0590737342834473E+01
  1.0600490570068359E+01
  1.0610244750976562E+01
  1.0619998931884766E+01
  1.0629752159118652E+01
  1.0639505386352539E+01
  1.0649259567260742E+01
  1.0659011840820312E+01
  1.0668764114379883E+01
  1.0678516387939453E+01
  1.0688269615173340E+01
  1.0698022842407227E+01
  1.0707775115966797E+01
  1.0727279663085938E+01
  1.0746786117553711E+01
  1.0766292572021484E+01
  1.0785799026489258E+01
  1.0805305480957031E+01
  1.0824811935424805E+01
  1.0844318389892578E+01
  1.0863824844360352E+01
  1.0883330345153809E+01
  1.0902835845947266E+01
  1.0922342300415039E+01
  1.0941848754882812E+01
  1.0961355209350586E+01
  1.0980861663818359E+01
  1.1000368118286133E+01
  1.1010121345520020E+01
  1.1019874572753906E+01
  1.1029626846313477E+01
  1.1039380073547363E+01
  1.1047594070434570E+01
  1.1055807113647461E+01
  1.1064021110534668E+01
  1.1072235107421875E+01
  1.1080449104309082E+01
  1.1088663101196289E+01
  1.1096876144409180E+01
  1.1105090141296387E+01
  1.1113302230834961E+01
  1.1121515274047852E+01
  1.1129728317260742E+01
  1.1137940406799316E+01
  1.1146155357360840E+01
  1.1154370307922363E+01
  1.1158475875854492E+01
  1.1162580490112305E+01
  1.1166685104370117E+01
  1.1170789718627930E+01
  1.1176950454711914E+01
  1.1183110237121582E+01
  1.1189270019531250E+01
  1.1195429801940918E+01
  1.1201589584350586E+01
  1.1207750320434570E+01
  1.1213910102844238E+01
  1.1220069885253906E+01
  1.1232390403747559E+01
  1.1244709968566895E+01
  1.1257030487060547E+01
  1.1263190269470215E+01
  1.1269350051879883E+01
  1.1276024818420410E+01
  1.1282699584960938E+01
  1.1289375305175781E+01
  1.1296050071716309E+01
  1.1300464630126953E+01
  1.1304880142211914E+01
  1.1309289932250977E+01
  1.1313699722290039E+01
  1.1318574905395508E+01
  1.1323450088500977E+01
  1.1328325271606445E+01
  1.1333200454711914E+01
  1.1341199874877930E+01
  1.1349200248718262E+01
  1.1357194900512695E+01
  1.1365189552307129E+01
  1.1376184463500977E+01
  1.1387180328369141E+01
  1.1398170471191406E+01
  1.1409159660339355E+01
  1.1414659500122070E+01
  1.1420160293579102E+01
  1.1425655364990234E+01
  1.1431150436401367E+01
  1.1436645507812500E+01
  1.1442139625549316E+01
  1.1447634696960449E+01
  1.1453129768371582E+01
  1.1460129737854004E+01
  1.1467129707336426E+01
  1.1474124908447266E+01
  1.1481120109558105E+01
  1.1488115310668945E+01
  1.1495109558105469E+01
  1.1502104759216309E+01
  1.1509099960327148E+01
  1.1516096115112305E+01
  1.1523092269897461E+01
  1.1530088424682617E+01
  1.1537084579467773E+01
  1.1544080734252930E+01
  1.1551076889038086E+01
  1.1558073043823242E+01
  1.1565070152282715E+01
  1.1579061508178711E+01
  1.1593051910400391E+01
  1.1607043266296387E+01
  1.1621034622192383E+01
  1.1635025978088379E+01
  1.1649017333984375E+01
  1.1663008689880371E+01
  1.1677000045776367E+01
  1.1690991401672363E+01
  1.1704982757568359E+01
  1.1732965469360352E+01
  1.1760948181152344E+01
  1.1788929939270020E+01
  1.1816911697387695E+01
  1.1844894409179688E+01
  1.1900859832763672E+01
  1.1956825256347656E+01
  1.2012789726257324E+01
  1.2124719619750977E+01
  1.2348580360412598E+01
  1.2620414733886719E+01
  1.2892250061035156E+01
  1.3164085388183594E+01
  1.3435919761657715E+01
  1.3707755088806152E+01
  1.3979590415954590E+01
  1.4251424789428711E+01
  1.4387342453002930E+01
  1.4523260116577148E+01
  1.4795095443725586E+01
  1.5066929817199707E+01
  1.5202850341796875E+01
  1.5338769912719727E+01
  1.5474685668945312E+01
  1.5610600471496582E+01
  1.5746520042419434E+01
  1.5882439613342285E+01
  1.6018354415893555E+01
  1.6154270172119141E+01
  1.6290184020996094E+01
  1.6426099777221680E+01
  1.6562015533447266E+01
  1.6697929382324219E+01
  1.6825855255126953E+01
  1.6953779220581055E+01
  1.7081699371337891E+01
  1.7209619522094727E+01
  1.7337543487548828E+01
  1.7465469360351562E+01
  1.7593389511108398E+01
  1.7657348632812500E+01
  1.7721309661865234E+01
  1.7785272598266602E+01
  1.7849235534667969E+01
  1.7913196563720703E+01
  1.7977159500122070E+01
  1.8041118621826172E+01
  1.8105079650878906E+01
  1.8169040679931641E+01
  1.8232999801635742E+01
  1.8296958923339844E+01
  1.8360919952392578E+01
  1.8424880981445312E+01
  1.8488840103149414E+01
  1.8552799224853516E+01
  1.8616760253906250E+01
  1.8680721282958984E+01
  1.8744680404663086E+01
  1.8790655136108398E+01
  1.8836629867553711E+01
  1.8882598876953125E+01
  1.8928569793701172E+01
  1.8974540710449219E+01
  1.9020509719848633E+01
  1.9066478729248047E+01
  1.9089464187622070E+01
  1.9112449645996094E+01
  1.9135437011718750E+01
  1.9158424377441406E+01
  1.9181411743164062E+01
  1.9204399108886719E+01
  1.9227384567260742E+01
  1.9250370025634766E+01
  1.9273355484008789E+01
  1.9296340942382812E+01
  1.9319324493408203E+01
  1.9330818176269531E+01
  1.9342309951782227E+01
  1.9353805541992188E+01
  1.9365299224853516E+01
  1.9376789093017578E+01
  1.9388280868530273E+01
  1.9411270141601562E+01
  1.9434249877929688E+01
  1.9457235336303711E+01
  1.9480220794677734E+01
  1.9499090194702148E+01
  1.9517950057983398E+01
  1.9523700714111328E+01
  1.9536720275878906E+01
  1.9549730300903320E+01
  1.9571514129638672E+01
  1.9593299865722656E+01
  1.9618719100952148E+01
  1.9644140243530273E+01
  1.9669559478759766E+01
  1.9682270050048828E+01
  1.9694980621337891E+01
  1.9707691192626953E+01
  1.9720399856567383E+01
  1.9745819091796875E+01
  1.9771234512329102E+01
  1.9796649932861328E+01
  1.9822071075439453E+01
  1.9834781646728516E+01
  1.9847490310668945E+01
  1.9860198974609375E+01
  1.9872909545898438E+01
  1.9885620117187500E+01
  1.9898330688476562E+01
  1.9911041259765625E+01
  1.9923749923706055E+01
  1.9930103302001953E+01
  1.9936458587646484E+01
  1.9942813873291016E+01
  1.9949169158935547E+01
  1.9955522537231445E+01
  1.9961875915527344E+01
  1.9968231201171875E+01
  1.9974584579467773E+01
  1.9980937957763672E+01
  1.9987293243408203E+01
  1.9993646621704102E+01
  2.0000000000000000E+01
  2.0007097244262695E+01
  2.0014194488525391E+01
  2.0021291732788086E+01
  2.0028388977050781E+01
  2.0035486221313477E+01
  2.0042583465576172E+01
  2.0049682617187500E+01
  2.0056779861450195E+01
  2.0063877105712891E+01
  2.0067426681518555E+01
  2.0070976257324219E+01
  2.0074523925781250E+01
  2.0078073501586914E+01
  2.0081623077392578E+01
  2.0085170745849609E+01
  2.0088718414306641E+01
  2.0092267990112305E+01
  2.0095817565917969E+01
  2.0099365234375000E+01
  2.0102912902832031E+01
  2.0106462478637695E+01
  2.0110012054443359E+01
  2.0113559722900391E+01
  2.0117107391357422E+01
  2.0120656967163086E+01
  2.0124206542968750E+01
  2.0127754211425781E+01
  2.0131303787231445E+01
  2.0134853363037109E+01
  2.0138401031494141E+01
  2.0141950607299805E+01
  2.0145500183105469E+01
  2.0149051666259766E+01
  2.0152601242065430E+01
  2.0156150817871094E+01
  2.0159698486328125E+01
  2.0163246154785156E+01
  2.0166793823242188E+01
  2.0170339584350586E+01
  2.0173889160156250E+01
  2.0177440643310547E+01
  2.0180990219116211E+01
  2.0184539794921875E+01
  2.0188087463378906E+01
  2.0191635131835938E+01
  2.0195182800292969E+01
  2.0198730468750000E+01
  2.0202278137207031E+01
  2.0205825805664062E+01
  2.0209373474121094E+01
  2.0212919235229492E+01
  2.0216468811035156E+01
  2.0220020294189453E+01
  2.0223564147949219E+01
  2.0227109909057617E+01
  2.0231494903564453E+01
  2.0235879898071289E+01
  2.0240264892578125E+01
  2.0244649887084961E+01
  2.0249034881591797E+01
  2.0253419876098633E+01
  2.0257801055908203E+01
  2.0262180328369141E+01
  2.0265316009521484E+01
  2.0268449783325195E+01
  2.0271579742431641E+01
  2.0274709701538086E+01
  2.0278259277343750E+01
  2.0281810760498047E+01
  2.0285354614257812E+01
  2.0288900375366211E+01
  2.0292449951171875E+01
  2.0295999526977539E+01
  2.0299549102783203E+01
  2.0303100585937500E+01
  2.0306650161743164E+01
  2.0310199737548828E+01
  2.0313743591308594E+01
  2.0317289352416992E+01
  2.0320838928222656E+01
  2.0324390411376953E+01
  2.0327939987182617E+01
  2.0331489562988281E+01
  2.0335041046142578E+01
  2.0338590621948242E+01
  2.0342136383056641E+01
  2.0345680236816406E+01
  2.0349229812622070E+01
  2.0352779388427734E+01
  2.0356330871582031E+01
  2.0359880447387695E+01
  2.0363430023193359E+01
  2.0366979598999023E+01
  2.0370525360107422E+01
  2.0374069213867188E+01
  2.0376575469970703E+01
  2.0379079818725586E+01
  2.0381584167480469E+01
  2.0384090423583984E+01
  2.0386594772338867E+01
  2.0389099121093750E+01
  2.0391605377197266E+01
  2.0394109725952148E+01
  2.0396614074707031E+01
  2.0399120330810547E+01
  2.0401626586914062E+01
  2.0404130935668945E+01
  2.0406635284423828E+01
  2.0409141540527344E+01
  2.0411645889282227E+01
  2.0414150238037109E+01
  2.0416654586791992E+01
  2.0419158935546875E+01
  2.0421665191650391E+01
  2.0424169540405273E+01
  2.0426673889160156E+01
  2.0429180145263672E+01
  2.0431686401367188E+01
  2.0434190750122070E+01
  2.0436695098876953E+01
  2.0439201354980469E+01
  2.0441705703735352E+01
  2.0444210052490234E+01
  2.0446712493896484E+01
  2.0449214935302734E+01
  2.0451717376708984E+01
  2.0454219818115234E+01
  2.0456516265869141E+01
  2.0458814620971680E+01
  2.0461112976074219E+01
  2.0463409423828125E+01
  2.0465703964233398E+01
  2.0467998504638672E+01
  2.0470294952392578E+01
  2.0472589492797852E+01
  2.0474887847900391E+01
  2.0477184295654297E+01
  2.0479480743408203E+01
  2.0481779098510742E+01
  2.0484073638916016E+01
  2.0486370086669922E+01
  2.0488664627075195E+01
  2.0490959167480469E+01
  2.0493257522583008E+01
  2.0495555877685547E+01
  2.0497852325439453E+01
  2.0500150680541992E+01
  2.0502445220947266E+01
  2.0504741668701172E+01
  2.0507036209106445E+01
  2.0509330749511719E+01
  2.0511627197265625E+01
  2.0513925552368164E+01
  2.0516223907470703E+01
  2.0518520355224609E+01
  2.0520814895629883E+01
  2.0523109436035156E+01
  2.0525405883789062E+01
  2.0527700424194336E+01
  2.0529998779296875E+01
  2.0532295227050781E+01
  2.0534591674804688E+01
  2.0536890029907227E+01
  2.0539184570312500E+01
  2.0541481018066406E+01
  2.0543775558471680E+01
  2.0546070098876953E+01
  2.0548366546630859E+01
  2.0550664901733398E+01
  2.0552963256835938E+01
  2.0555259704589844E+01
  2.0557554244995117E+01
  2.0559848785400391E+01
  2.0562145233154297E+01
  2.0564439773559570E+01
  2.0566738128662109E+01
  2.0569034576416016E+01
  2.0571331024169922E+01
  2.0573629379272461E+01
  2.0575923919677734E+01
  2.0578220367431641E+01
  2.0580514907836914E+01
  2.0582809448242188E+01
  2.0585105895996094E+01
  2.0587404251098633E+01
  2.0589702606201172E+01
  2.0591999053955078E+01
  2.0594293594360352E+01
  2.0596588134765625E+01
  2.0598884582519531E+01
  2.0601179122924805E+01
  2.0604104995727539E+01
  2.0607030868530273E+01
  2.0609951019287109E+01
  2.0612869262695312E+01
  2.0615795135498047E+01
  2.0618719100952148E+01
  2.0621639251708984E+01
  2.0624559402465820E+01
  2.0627483367919922E+01
  2.0630409240722656E+01
  2.0633329391479492E+01
  2.0636249542236328E+01
  2.0639175415039062E+01
  2.0642099380493164E+01
  2.0645019531250000E+01
  2.0647939682006836E+01
  2.0650863647460938E+01
  2.0653789520263672E+01
  2.0656709671020508E+01
  2.0659629821777344E+01
  2.0662555694580078E+01
  2.0665479660034180E+01
  2.0668399810791016E+01
  2.0671319961547852E+01
  2.0674243927001953E+01
  2.0677169799804688E+01
  2.0680089950561523E+01
  2.0683010101318359E+01
  2.0688850402832031E+01
  2.0694690704345703E+01
  2.0699289321899414E+01
  2.0703880310058594E+01
  2.0708469390869141E+01
  2.0713060379028320E+01
  2.0717660903930664E+01
  2.0722249984741211E+01
  2.0726839065551758E+01
  2.0731430053710938E+01
  2.0740619659423828E+01
  2.0749799728393555E+01
  2.0758989334106445E+01
  2.0768169403076172E+01
  2.0779029846191406E+01
  2.0789880752563477E+01
  2.0800735473632812E+01
  2.0811590194702148E+01
  2.0819524765014648E+01
  2.0827459335327148E+01
  2.0835390090942383E+01
  2.0843320846557617E+01
  2.0848819732666016E+01
  2.0854320526123047E+01
  2.0859821319580078E+01
  2.0865320205688477E+01
  2.0871500015258789E+01
  2.0877239227294922E+01
  2.0882980346679688E+01
  2.0888721466064453E+01
  2.0894460678100586E+01
  2.0902524948120117E+01
  2.0910589218139648E+01
  2.0918655395507812E+01
  2.0926719665527344E+01
  2.0933172225952148E+01
  2.0939624786376953E+01
  2.0952529907226562E+01
  2.0965429306030273E+01
  2.0978330612182617E+01
  2.0989620208740234E+01
  2.1000909805297852E+01
  2.1006559371948242E+01
  2.1012199401855469E+01
  2.1017850875854492E+01
  2.1023490905761719E+01
  2.1029140472412109E+01
  2.1034780502319336E+01
  2.1040430068969727E+01
  2.1046070098876953E+01
  2.1051719665527344E+01
  2.1057359695434570E+01
  2.1063009262084961E+01
  2.1068649291992188E+01
  2.1073490142822266E+01
  2.1078329086303711E+01
  2.1083169937133789E+01
  2.1088010787963867E+01
  2.1092849731445312E+01
  2.1097690582275391E+01
  2.1102525711059570E+01
  2.1107360839843750E+01
  2.1112201690673828E+01
  2.1117040634155273E+01
  2.1121879577636719E+01
  2.1126720428466797E+01
  2.1131561279296875E+01
  2.1136400222778320E+01
  2.1141235351562500E+01
  2.1146070480346680E+01
  2.1150909423828125E+01
  2.1155750274658203E+01
  2.1160591125488281E+01
  2.1165430068969727E+01
  2.1170269012451172E+01
  2.1175109863281250E+01
  2.1179944992065430E+01
  2.1184780120849609E+01
  2.1189620971679688E+01
  2.1194459915161133E+01
  2.1199298858642578E+01
  2.1204139709472656E+01
  2.1208976745605469E+01
  2.1213813781738281E+01
  2.1218650817871094E+01
  2.1223489761352539E+01
  2.1227928161621094E+01
  2.1232364654541016E+01
  2.1236801147460938E+01
  2.1241239547729492E+01
  2.1245674133300781E+01
  2.1250110626220703E+01
  2.1254545211791992E+01
  2.1258979797363281E+01
  2.1263414382934570E+01
  2.1267848968505859E+01
  2.1272285461425781E+01
  2.1276720046997070E+01
  2.1281154632568359E+01
  2.1285591125488281E+01
  2.1290025711059570E+01
  2.1294460296630859E+01
  2.1298894882202148E+01
  2.1303329467773438E+01
  2.1307765960693359E+01
  2.1312200546264648E+01
  2.1316635131835938E+01
  2.1321071624755859E+01
  2.1325506210327148E+01
  2.1329940795898438E+01
  2.1334375381469727E+01
  2.1338809967041016E+01
  2.1343244552612305E+01
  2.1347679138183594E+01
  2.1352113723754883E+01
  2.1356548309326172E+01
  2.1360984802246094E+01
  2.1365419387817383E+01
  2.1369853973388672E+01
  2.1374290466308594E+01
  2.1378726959228516E+01
  2.1383163452148438E+01
  2.1387599945068359E+01
  2.1392036437988281E+01
  2.1396472930908203E+01
  2.1400909423828125E+01
  2.1405344009399414E+01
  2.1409778594970703E+01
  2.1414215087890625E+01
  2.1418649673461914E+01
  2.1423084259033203E+01
  2.1427520751953125E+01
  2.1431955337524414E+01
  2.1436389923095703E+01
  2.1440824508666992E+01
  2.1445259094238281E+01
  2.1449695587158203E+01
  2.1454130172729492E+01
  2.1458564758300781E+01
  2.1463001251220703E+01
  2.1467435836791992E+01
  2.1471870422363281E+01
  2.1476305007934570E+01
  2.1480739593505859E+01
  2.1485176086425781E+01
  2.1489610671997070E+01
  2.1498481750488281E+01
  2.1507350921630859E+01
  2.1515415191650391E+01
  2.1523479461669922E+01
  2.1531543731689453E+01
  2.1539609909057617E+01
  2.1547676086425781E+01
  2.1555740356445312E+01
  2.1563804626464844E+01
  2.1571870803833008E+01
  2.1579936981201172E+01
  2.1588001251220703E+01
  2.1596065521240234E+01
  2.1604129791259766E+01
  2.1612194061279297E+01
  2.1620260238647461E+01
  2.1628326416015625E+01
  2.1636390686035156E+01
  2.1644454956054688E+01
  2.1652519226074219E+01
  2.1660583496093750E+01
  2.1668649673461914E+01
  2.1676715850830078E+01
  2.1684780120849609E+01
  2.1692844390869141E+01
  2.1700910568237305E+01
  2.1708972930908203E+01
  2.1717037200927734E+01
  2.1725101470947266E+01
  2.1733165740966797E+01
  2.1741230010986328E+01
  2.1749294281005859E+01
  2.1757358551025391E+01
  2.1765420913696289E+01
  2.1773487091064453E+01
  2.1781551361083984E+01
  2.1789615631103516E+01
  2.1797679901123047E+01
  2.1813810348510742E+01
  2.1829940795898438E+01
  2.1846067428588867E+01
  2.1862194061279297E+01
  2.1878322601318359E+01
  2.1894449234008789E+01
  2.1910579681396484E+01
  2.1926708221435547E+01
  2.1942838668823242E+01
  2.1958969116210938E+01
  2.1975097656250000E+01
  2.1991224288940430E+01
  2.2007350921630859E+01
  2.2023479461669922E+01
  2.2052515029907227E+01
  2.2081550598144531E+01
  2.2110580444335938E+01
  2.2139610290527344E+01
  2.2168643951416016E+01
  2.2197679519653320E+01
  2.2226709365844727E+01
  2.2255739212036133E+01
  2.2284770965576172E+01
  2.2313804626464844E+01
  2.2342838287353516E+01
  2.2371870040893555E+01
  2.2400899887084961E+01
  2.2429929733276367E+01
  2.2458959579467773E+01
  2.2487989425659180E+01
  2.2517021179199219E+01
  2.2546054840087891E+01
  2.2604120254516602E+01
  2.2662185668945312E+01
  2.2720249176025391E+01
  2.2778314590454102E+01
  2.2836380004882812E+01
  2.2894439697265625E+01
  2.2952499389648438E+01
  2.3026695251464844E+01
  2.3100889205932617E+01
  2.3175085067749023E+01
  2.3249280929565430E+01
  2.3323474884033203E+01
  2.3397670745849609E+01
  2.3471858978271484E+01
  2.3546049118041992E+01
  2.3620244979858398E+01
  2.3694440841674805E+01
  2.3768630981445312E+01
  2.3842819213867188E+01
  2.3879917144775391E+01
  2.3917015075683594E+01
  2.3954113006591797E+01
  2.3991210937500000E+01
  2.4028310775756836E+01
  2.4065399169921875E+01
  2.4139589309692383E+01
  2.4165399551391602E+01
  2.4182613372802734E+01
  2.4199829101562500E+01
  2.4202699661254883E+01
  2.4205579757690430E+01
  2.4213239669799805E+01
  2.4220890045166016E+01
  2.4236190795898438E+01
  2.4263330459594727E+01
  2.4290470123291016E+01
  2.4344739913940430E+01
  2.4371875762939453E+01
  2.4399009704589844E+01
  2.4426143646240234E+01
  2.4453279495239258E+01
  2.4507553100585938E+01
  2.4561824798583984E+01
  2.4616096496582031E+01
  2.4670370101928711E+01
  2.4724643707275391E+01
  2.4778915405273438E+01
  2.4887460708618164E+01
  2.4996000289916992E+01
  2.5104539871215820E+01
  2.5213085174560547E+01
  2.5321630477905273E+01
  2.5430175781250000E+01
  2.5538719177246094E+01
  2.5647262573242188E+01
  2.5755805969238281E+01
  2.5864349365234375E+01
  2.5972890853881836E+01
  2.6082809448242188E+01
  2.6192729949951172E+01
  2.6302650451660156E+01
  2.6412570953369141E+01
  2.6467531204223633E+01
  2.6522491455078125E+01
  2.6577449798583984E+01
  2.6632410049438477E+01
  2.6687370300292969E+01
  2.6714851379394531E+01
  2.6742330551147461E+01
  2.6769809722900391E+01
  2.6797290802001953E+01
  2.6824764251708984E+01
  2.6852239608764648E+01
  2.6874229431152344E+01
  2.6896209716796875E+01
  2.6918190002441406E+01
  2.6940170288085938E+01
  2.6962160110473633E+01
  2.6977958679199219E+01
  2.6993759155273438E+01
  2.7009559631347656E+01
  2.7025360107421875E+01
  2.7039600372314453E+01
  2.7052385330200195E+01
  2.7065170288085938E+01
  2.7086280822753906E+01
  2.7107379913330078E+01
  2.7141380310058594E+01
  2.7175369262695312E+01
  2.7192369461059570E+01
  2.7209369659423828E+01
  2.7226364135742188E+01
  2.7243360519409180E+01
  2.7260356903076172E+01
  2.7277355194091797E+01
  2.7294353485107422E+01
  2.7311349868774414E+01
  2.7345340728759766E+01
  2.7379329681396484E+01
  2.7413322448730469E+01
  2.7447315216064453E+01
  2.7515300750732422E+01
  2.7583286285400391E+01
  2.7651269912719727E+01
  2.7721603393554688E+01
  2.7791934967041016E+01
  2.7932600021362305E+01
  2.8073265075683594E+01
  2.8213930130004883E+01
  2.8495260238647461E+01
  2.8776590347290039E+01
  2.9057920455932617E+01
  2.9339250564575195E+01
  2.9620580673217773E+01
  2.9901910781860352E+01
  3.0042575836181641E+01
  3.0183240890502930E+01
  3.0323905944824219E+01
  3.0464569091796875E+01
  3.0605234146118164E+01
  3.0745899200439453E+01
  3.0886564254760742E+01
  3.1027229309082031E+01
  3.1167894363403320E+01
  3.1308559417724609E+01
  3.1449224472045898E+01
  3.1589889526367188E+01
  3.1730554580688477E+01
  3.1871219635009766E+01
  3.2011878967285156E+01
  3.2152538299560547E+01
  3.2283828735351562E+01
  3.2415119171142578E+01
  3.2546401977539062E+01
  3.2677688598632812E+01
  3.2808979034423828E+01
  3.2940269470214844E+01
  3.3071556091308594E+01
  3.3137199401855469E+01
  3.3202838897705078E+01
  3.3268486022949219E+01
  3.3334129333496094E+01
  3.3399772644042969E+01
  3.3465419769287109E+01
  3.3531066894531250E+01
  3.3596710205078125E+01
  3.3662349700927734E+01
  3.3727989196777344E+01
  3.3793632507324219E+01
  3.3859279632568359E+01
  3.3924919128417969E+01
  3.3990558624267578E+01
  3.4056205749511719E+01
  3.4121849060058594E+01
  3.4187492370605469E+01
  3.4253131866455078E+01
  3.4309402465820312E+01
  3.4365669250488281E+01
  3.4421936035156250E+01
  3.4478199005126953E+01
  3.4534461975097656E+01
  3.4590728759765625E+01
  3.4646995544433594E+01
  3.4703258514404297E+01
  3.4759529113769531E+01
  3.4815799713134766E+01
  3.4843933105468750E+01
  3.4872062683105469E+01
  3.4900196075439453E+01
  3.4928329467773438E+01
  3.4956466674804688E+01
  3.4984600067138672E+01
  3.4998664855957031E+01
  3.5012729644775391E+01
  3.5026794433593750E+01
  3.5040859222412109E+01
  3.5054931640625000E+01
  3.5069000244140625E+01
  3.5083065032958984E+01
  3.5097129821777344E+01
  3.5111194610595703E+01
  3.5125259399414062E+01
  3.5139324188232422E+01
  3.5153388977050781E+01
  3.5161010742187500E+01
  3.5168628692626953E+01
  3.5176246643066406E+01
  3.5183868408203125E+01
  3.5191490173339844E+01
  3.5199108123779297E+01
  3.5206729888916016E+01
  3.5214351654052734E+01
  3.5221969604492188E+01
  3.5229591369628906E+01
  3.5237213134765625E+01
  3.5244831085205078E+01
  3.5252449035644531E+01
  3.5260070800781250E+01
  3.5267688751220703E+01
  3.5275299072265625E+01
  3.5279991149902344E+01
  3.5284679412841797E+01
  3.5289367675781250E+01
  3.5294059753417969E+01
  3.5298751831054688E+01
  3.5303440093994141E+01
  3.5308124542236328E+01
  3.5312808990478516E+01
  3.5319850921630859E+01
  3.5326881408691406E+01
  3.5333911895751953E+01
  3.5340938568115234E+01
  3.5345046997070312E+01
  3.5349151611328125E+01
  3.5353256225585938E+01
  3.5357360839843750E+01
  3.5361465454101562E+01
  3.5365570068359375E+01
  3.5369670867919922E+01
  3.5373771667480469E+01
  3.5378753662109375E+01
  3.5383739471435547E+01
  3.5388717651367188E+01
  3.5393699645996094E+01
  3.5398681640625000E+01
  3.5403659820556641E+01
  3.5408638000488281E+01
  3.5413619995117188E+01
  3.5418605804443359E+01
  3.5423591613769531E+01
  3.5428573608398438E+01
  3.5433551788330078E+01
  3.5438529968261719E+01
  3.5443508148193359E+01
  3.5448486328125000E+01
  3.5453468322753906E+01
  3.5458747863769531E+01
  3.5464031219482422E+01
  3.5469306945800781E+01
  3.5474578857421875E+01
  3.5479854583740234E+01
  3.5485130310058594E+01
  3.5490406036376953E+01
  3.5495681762695312E+01
  3.5500957489013672E+01
  3.5506233215332031E+01
  3.5511505126953125E+01
  3.5516780853271484E+01
  3.5522056579589844E+01
  3.5527328491210938E+01
  3.5532604217529297E+01
  3.5537879943847656E+01
  3.5543155670166016E+01
  3.5548431396484375E+01
  3.5553703308105469E+01
  3.5558979034423828E+01
  3.5564254760742188E+01
  3.5569526672363281E+01
  3.5574802398681641E+01
  3.5580078125000000E+01
  3.5585353851318359E+01
  3.5590629577636719E+01
  3.5595905303955078E+01
  3.5601181030273438E+01
  3.5606456756591797E+01
  3.5611732482910156E+01
  3.5617004394531250E+01
  3.5622280120849609E+01
  3.5628730773925781E+01
  3.5635177612304688E+01
  3.5641624450683594E+01
  3.5648071289062500E+01
  3.5654518127441406E+01
  3.5660964965820312E+01
  3.5667411804199219E+01
  3.5673858642578125E+01
  3.5680305480957031E+01
  3.5686752319335938E+01
  3.5693199157714844E+01
  3.5699649810791016E+01
  3.5706092834472656E+01
  3.5712539672851562E+01
  3.5718986511230469E+01
  3.5725429534912109E+01
  3.5731880187988281E+01
  3.5738327026367188E+01
  3.5744773864746094E+01
  3.5751220703125000E+01
  3.5757667541503906E+01
  3.5764114379882812E+01
  3.5770561218261719E+01
  3.5777011871337891E+01
  3.5783458709716797E+01
  3.5789905548095703E+01
  3.5796352386474609E+01
  3.5802799224853516E+01
  3.5809242248535156E+01
  3.5815689086914062E+01
  3.5822135925292969E+01
  3.5828578948974609E+01
  3.5835029602050781E+01
  3.5841476440429688E+01
  3.5847923278808594E+01
  3.5854370117187500E+01
  3.5860816955566406E+01
  3.5867263793945312E+01
  3.5873710632324219E+01
  3.5880161285400391E+01
  3.5886608123779297E+01
  3.5893054962158203E+01
  3.5899501800537109E+01
  3.5905948638916016E+01
  3.5912399291992188E+01
  3.5918846130371094E+01
  3.5925292968750000E+01
  3.5931739807128906E+01
  3.5938186645507812E+01
  3.5944633483886719E+01
  3.5951080322265625E+01
  3.5957530975341797E+01
  3.5963977813720703E+01
  3.5970424652099609E+01
  3.5976871490478516E+01
  3.5983318328857422E+01
  3.5989768981933594E+01
  3.5996215820312500E+01
  3.6002662658691406E+01
  3.6009109497070312E+01
  3.6015556335449219E+01
  3.6021999359130859E+01
  3.6028442382812500E+01
  3.6034889221191406E+01
  3.6041336059570312E+01
  3.6047782897949219E+01
  3.6054229736328125E+01
  3.6060680389404297E+01
  3.6067131042480469E+01
  3.6073577880859375E+01
  3.6080024719238281E+01
  3.6086471557617188E+01
  3.6092918395996094E+01
  3.6099365234375000E+01
  3.6105812072753906E+01
  3.6112258911132812E+01
  3.6118705749511719E+01
  3.6125148773193359E+01
  3.6131591796875000E+01
  3.6138038635253906E+01
  3.6144485473632812E+01
  3.6150932312011719E+01
  3.6157379150390625E+01
  3.6163829803466797E+01
  3.6170280456542969E+01
  3.6176727294921875E+01
  3.6183174133300781E+01
  3.6189620971679688E+01
  3.6196067810058594E+01
  3.6202518463134766E+01
  3.6208961486816406E+01
  3.6215408325195312E+01
  3.6221855163574219E+01
  3.6228298187255859E+01
  3.6234745025634766E+01
  3.6241191864013672E+01
  3.6247055053710938E+01
  3.6252918243408203E+01
  3.6258781433105469E+01
  3.6264640808105469E+01
  3.6270500183105469E+01
  3.6276359558105469E+01
  3.6282218933105469E+01
  3.6288078308105469E+01
  3.6293945312500000E+01
  3.6299808502197266E+01
  3.6305671691894531E+01
  3.6311531066894531E+01
  3.6317390441894531E+01
  3.6323249816894531E+01
  3.6329109191894531E+01
  3.6334968566894531E+01
  3.6340835571289062E+01
  3.6346698760986328E+01
  3.6352561950683594E+01
  3.6358421325683594E+01
  3.6364280700683594E+01
  3.6370140075683594E+01
  3.6375999450683594E+01
  3.6381858825683594E+01
  3.6387718200683594E+01
  3.6393581390380859E+01
  3.6399440765380859E+01
  3.6405300140380859E+01
  3.6411159515380859E+01
  3.6417018890380859E+01
  3.6422878265380859E+01
  3.6428741455078125E+01
  3.6435188293457031E+01
  3.6441638946533203E+01
  3.6448089599609375E+01
  3.6454528808593750E+01
  3.6460979461669922E+01
  3.6467430114746094E+01
  3.6473880767822266E+01
  3.6480319976806641E+01
  3.6486770629882812E+01
  3.6493221282958984E+01
  3.6506111145019531E+01
  3.6519008636474609E+01
  3.6531898498535156E+01
  3.6549491882324219E+01
  3.6567070007324219E+01
  3.6584648132324219E+01
  3.6593437194824219E+01
  3.6602230072021484E+01
  3.6615127563476562E+01
  3.6628021240234375E+01
  3.6640911102294922E+01
  3.6647354125976562E+01
  3.6653800964355469E+01
  3.6660873413085938E+01
  3.6667949676513672E+01
  3.6675025939941406E+01
  3.6682098388671875E+01
  3.6692401885986328E+01
  3.6702690124511719E+01
  3.6712982177734375E+01
  3.6723270416259766E+01
  3.6734527587890625E+01
  3.6745788574218750E+01
  3.6757049560546875E+01
  3.6768310546875000E+01
  3.6777156829833984E+01
  3.6786003112792969E+01
  3.6803699493408203E+01
  3.6821388244628906E+01
  3.6839080810546875E+01
  3.6847930908203125E+01
  3.6856781005859375E+01
  3.6865631103515625E+01
  3.6874469757080078E+01
  3.6883319854736328E+01
  3.6892158508300781E+01
  3.6901008605957031E+01
  3.6909851074218750E+01
  3.6918701171875000E+01
  3.6927539825439453E+01
  3.6931964874267578E+01
  3.6936389923095703E+01
  3.6940811157226562E+01
  3.6945228576660156E+01
  3.6949653625488281E+01
  3.6954078674316406E+01
  3.6958499908447266E+01
  3.6962921142578125E+01
  3.6967346191406250E+01
  3.6971771240234375E+01
  3.6976188659667969E+01
  3.6980609893798828E+01
  3.6988250732421875E+01
  3.6992073059082031E+01
  3.6995891571044922E+01
  3.6999710083007812E+01
  3.7003532409667969E+01
  3.7007350921630859E+01
  3.7011169433593750E+01
  3.7014991760253906E+01
  3.7018810272216797E+01
  3.7022628784179688E+01
  3.7026451110839844E+01
  3.7030269622802734E+01
  3.7034088134765625E+01
  3.7037910461425781E+01
  3.7041728973388672E+01
  3.7045547485351562E+01
  3.7049369812011719E+01
  3.7053192138671875E+01
  3.7057010650634766E+01
  3.7060829162597656E+01
  3.7064651489257812E+01
  3.7068470001220703E+01
  3.7072288513183594E+01
  3.7076110839843750E+01
  3.7079929351806641E+01
  3.7083747863769531E+01
  3.7087570190429688E+01
  3.7091388702392578E+01
  3.7095207214355469E+01
  3.7102840423583984E+01
  3.7110481262207031E+01
  3.7118118286132812E+01
  3.7125759124755859E+01
  3.7133399963378906E+01
  3.7141036987304688E+01
  3.7148674011230469E+01
  3.7156311035156250E+01
  3.7163951873779297E+01
  3.7171592712402344E+01
  3.7179229736328125E+01
  3.7186870574951172E+01
  3.7194511413574219E+01
  3.7202148437500000E+01
  3.7209785461425781E+01
  3.7217422485351562E+01
  3.7225059509277344E+01
  3.7231494903564453E+01
  3.7237930297851562E+01
  3.7244365692138672E+01
  3.7250801086425781E+01
  3.7257232666015625E+01
  3.7263664245605469E+01
  3.7270095825195312E+01
  3.7276531219482422E+01
  3.7282966613769531E+01
  3.7289398193359375E+01
  3.7295833587646484E+01
  3.7302268981933594E+01
  3.7308700561523438E+01
  3.7315132141113281E+01
  3.7321563720703125E+01
  3.7327999114990234E+01
  3.7334434509277344E+01
  3.7340869903564453E+01
  3.7347305297851562E+01
  3.7353740692138672E+01
  3.7360176086425781E+01
  3.7366607666015625E+01
  3.7373039245605469E+01
  3.7379470825195312E+01
  3.7385902404785156E+01
  3.7392333984375000E+01
  3.7398765563964844E+01
  3.7405200958251953E+01
  3.7411636352539062E+01
  3.7418067932128906E+01
  3.7424499511718750E+01
  3.7430931091308594E+01
  3.7437362670898438E+01
  3.7443798065185547E+01
  3.7450233459472656E+01
  3.7456665039062500E+01
  3.7463096618652344E+01
  3.7469532012939453E+01
  3.7475967407226562E+01
  3.7482398986816406E+01
  3.7488830566406250E+01
  3.7495262145996094E+01
  3.7501693725585938E+01
  3.7508129119873047E+01
  3.7514564514160156E+01
  3.7520996093750000E+01
  3.7527427673339844E+01
  3.7533859252929688E+01
  3.7540290832519531E+01
  3.7546726226806641E+01
  3.7559593200683594E+01
  3.7572463989257812E+01
  3.7585330963134766E+01
  3.7598197937011719E+01
  3.7611061096191406E+01
  3.7623924255371094E+01
  3.7636791229248047E+01
  3.7645637512207031E+01
  3.7654483795166016E+01
  3.7663330078125000E+01
  3.7672176361083984E+01
  3.7681022644042969E+01
  3.7689868927001953E+01
  3.7698715209960938E+01
  3.7707561492919922E+01
  3.7716407775878906E+01
  3.7725250244140625E+01
  3.7734096527099609E+01
  3.7742942810058594E+01
  3.7751785278320312E+01
  3.7760631561279297E+01
  3.7769477844238281E+01
  3.7778320312500000E+01
  3.7787166595458984E+01
  3.7796012878417969E+01
  3.7804859161376953E+01
  3.7813705444335938E+01
  3.7831398010253906E+01
  3.7849090576171875E+01
  3.7866779327392578E+01
  3.7884468078613281E+01
  3.7902160644531250E+01
  3.7919849395751953E+01
  3.7937541961669922E+01
  3.7955234527587891E+01
  3.7972927093505859E+01
  3.7990619659423828E+01
  3.8008308410644531E+01
  3.8026000976562500E+01
  3.8043689727783203E+01
  3.8061378479003906E+01
  3.8079071044921875E+01
  3.8096763610839844E+01
  3.8132148742675781E+01
  3.8167530059814453E+01
  3.8202911376953125E+01
  3.8236686706542969E+01
  3.8270458221435547E+01
  3.8304233551025391E+01
  3.8338008880615234E+01
  3.8371784210205078E+01
  3.8405559539794922E+01
  3.8439334869384766E+01
  3.8473110198974609E+01
  3.8506885528564453E+01
  3.8540660858154297E+01
  3.8574436187744141E+01
  3.8608211517333984E+01
  3.8641983032226562E+01
  3.8675758361816406E+01
  3.8709529876708984E+01
  3.8743301391601562E+01
  3.8810852050781250E+01
  3.8878398895263672E+01
  3.8945945739746094E+01
  3.9013488769531250E+01
  3.9081039428710938E+01
  3.9148590087890625E+01
  3.9216133117675781E+01
  3.9283679962158203E+01
  3.9331932067871094E+01
  3.9380180358886719E+01
  3.9428428649902344E+01
  3.9476680755615234E+01
  3.9573173522949219E+01
  3.9669670104980469E+01
  3.9766170501708984E+01
  3.9862670898437500E+01
  3.9959167480468750E+01
  4.0055660247802734E+01
  4.0152160644531250E+01
  4.0248661041259766E+01
  4.0345153808593750E+01
  4.0441650390625000E+01
  4.0538150787353516E+01
  4.0634651184082031E+01
  4.0731147766113281E+01
  4.0827640533447266E+01
  4.0904838562011719E+01
  4.0982032775878906E+01
  4.1136428833007812E+01
  4.1290824890136719E+01
  4.1445220947265625E+01
  4.1551368713378906E+01
  4.1657520294189453E+01
  4.1763664245605469E+01
  4.1869808197021484E+01
  4.1975959777832031E+01
  4.2082111358642578E+01
  4.2188255310058594E+01
  4.2294399261474609E+01
  4.2400550842285156E+01
  4.2506698608398438E+01
  4.2612846374511719E+01
  4.2665916442871094E+01
  4.2718990325927734E+01
  4.2772064208984375E+01
  4.2825141906738281E+01
  4.2878215789794922E+01
  4.2904754638671875E+01
  4.2931289672851562E+01
  4.2957832336425781E+01
  4.2984371185302734E+01
  4.3010906219482422E+01
  4.3037441253662109E+01
  4.3063980102539062E+01
  4.3090511322021484E+01
  4.3117050170898438E+01
  4.3143581390380859E+01
  4.3182178497314453E+01
  4.3201477050781250E+01
  4.3220779418945312E+01
  4.3237670898437500E+01
  4.3254558563232422E+01
  4.3271446228027344E+01
  4.3288330078125000E+01
  4.3308040618896484E+01
  4.3309471130371094E+01
  4.3314601898193359E+01
  4.3319728851318359E+01
  4.3329990386962891E+01
  4.3345756530761719E+01
  4.3361518859863281E+01
  4.3377285003662109E+01
  4.3393051147460938E+01
  4.3407459259033203E+01
  4.3451610565185547E+01
  4.3473678588867188E+01
  4.3495750427246094E+01
  4.3517818450927734E+01
  4.3539890289306641E+01
  4.3561958312988281E+01
  4.3584030151367188E+01
  4.3606101989746094E+01
  4.3628173828125000E+01
  4.3650245666503906E+01
  4.3672321319580078E+01
  4.3694389343261719E+01
  4.3716461181640625E+01
  4.3760601043701172E+01
  4.3804740905761719E+01
  4.3848884582519531E+01
  4.3893024444580078E+01
  4.3937164306640625E+01
  4.3981307983398438E+01
  4.4025447845458984E+01
  4.4069587707519531E+01
  4.4113731384277344E+01
  4.4157875061035156E+01
  4.4202014923095703E+01
  4.4246154785156250E+01
  4.4290298461914062E+01
  4.4334442138671875E+01
  4.4378585815429688E+01
  4.4422729492187500E+01
  4.4466869354248047E+01
  4.4511009216308594E+01
  4.4555152893066406E+01
  4.4577224731445312E+01
  4.4599296569824219E+01
  4.4621368408203125E+01
  4.4643440246582031E+01
  4.4665512084960938E+01
  4.4687580108642578E+01
  4.4709648132324219E+01
  4.4731719970703125E+01
  4.4753791809082031E+01
  4.4775859832763672E+01
  4.4786895751953125E+01
  4.4797927856445312E+01
  4.4808963775634766E+01
  4.4819999694824219E+01
  4.4834415435791016E+01
  4.4848831176757812E+01
  4.4863243103027344E+01
  4.4877658843994141E+01
  4.4892074584960938E+01
  4.4906490325927734E+01
  4.4920898437500000E+01
  4.4935310363769531E+01
  4.4949729919433594E+01
  4.4964141845703125E+01
  4.4978561401367188E+01
  4.4992969512939453E+01
  4.5007389068603516E+01
  4.5021800994873047E+01
  4.5050621032714844E+01
  4.5072242736816406E+01
  4.5083053588867188E+01
  4.5093868255615234E+01
  4.5104679107666016E+01
  4.5115489959716797E+01
  4.5126300811767578E+01
  4.5137111663818359E+01
  4.5148818969726562E+01
  4.5160530090332031E+01
  4.5168979644775391E+01
  4.5177429199218750E+01
  4.5186500549316406E+01
  4.5195571899414062E+01
  4.5207191467285156E+01
  4.5218811035156250E+01
  4.5234580993652344E+01
  4.5250350952148438E+01
  4.5266120910644531E+01
  4.5281890869140625E+01
  4.5295169830322266E+01
  4.5316749572753906E+01
  4.5338329315185547E+01
  4.5359909057617188E+01
  4.5370697021484375E+01
  4.5381488800048828E+01
  4.5392280578613281E+01
  4.5403068542480469E+01
  4.5413856506347656E+01
  4.5424648284912109E+01
  4.5435440063476562E+01
  4.5446231842041016E+01
  4.5457023620605469E+01
  4.5467811584472656E+01
  4.5478599548339844E+01
  4.5489391326904297E+01
  4.5500183105468750E+01
  4.5510971069335938E+01
  4.5521759033203125E+01
  4.5532550811767578E+01
  4.5543342590332031E+01
  4.5554130554199219E+01
  4.5564918518066406E+01
  4.5575710296630859E+01
  4.5597290039062500E+01
  4.5618869781494141E+01
  4.5640449523925781E+01
  4.5662029266357422E+01
  4.5683609008789062E+01
  4.5705188751220703E+01
  4.5726768493652344E+01
  4.5748348236083984E+01
  4.5769927978515625E+01
  4.5791507720947266E+01
  4.5813087463378906E+01
  4.5834667205810547E+01
  4.5856246948242188E+01
  4.5899406433105469E+01
  4.5942565917968750E+01
  4.5985729217529297E+01
  4.6028892517089844E+01
  4.6072052001953125E+01
  4.6115211486816406E+01
  4.6158370971679688E+01
  4.6201530456542969E+01
  4.6244689941406250E+01
  4.6287849426269531E+01
  4.6331008911132812E+01
  4.6374168395996094E+01
  4.6417327880859375E+01
  4.6460487365722656E+01
  4.6503650665283203E+01
  4.6546810150146484E+01
  4.6568389892578125E+01
  4.6589969635009766E+01
  4.6611549377441406E+01
  4.6633129119873047E+01
  4.6654708862304688E+01
  4.6676288604736328E+01
  4.6702850341796875E+01
  4.6729408264160156E+01
  4.6755970001220703E+01
  4.6782531738281250E+01
  4.6805770874023438E+01
  4.6829010009765625E+01
  4.6852249145507812E+01
  4.6875488281250000E+01
  4.6897388458251953E+01
  4.6900260925292969E+01
  4.6906459808349609E+01
  4.6912658691406250E+01
  4.6925060272216797E+01
  4.6943004608154297E+01
  4.6960948944091797E+01
  4.6978897094726562E+01
  4.6996841430664062E+01
  4.7032741546630859E+01
  4.7068630218505859E+01
  4.7104530334472656E+01
  4.7122474670410156E+01
  4.7140419006347656E+01
  4.7158370971679688E+01
  4.7176319122314453E+01
  4.7194267272949219E+01
  4.7212211608886719E+01
  4.7230155944824219E+01
  4.7248100280761719E+01
  4.7283988952636719E+01
  4.7319881439208984E+01
  4.7355773925781250E+01
  4.7391666412353516E+01
  4.7427558898925781E+01
  4.7499343872070312E+01
  4.7571128845214844E+01
  4.7642913818359375E+01
  4.7714702606201172E+01
  4.7786491394042969E+01
  4.7858276367187500E+01
  4.8001846313476562E+01
  4.8145420074462891E+01
  4.8288993835449219E+01
  4.8432563781738281E+01
  4.8504348754882812E+01
  4.8576137542724609E+01
  4.8647926330566406E+01
  4.8719711303710938E+01
  4.8755603790283203E+01
  4.8791496276855469E+01
  4.8827392578125000E+01
  4.8863285064697266E+01
  4.8899177551269531E+01
  4.8935073852539062E+01
  4.8970966339111328E+01
  4.9006858825683594E+01
  4.9042751312255859E+01
  4.9078643798828125E+01
  4.9096588134765625E+01
  4.9114536285400391E+01
  4.9132484436035156E+01
  4.9150428771972656E+01
  4.9168376922607422E+01
  4.9186325073242188E+01
  4.9204273223876953E+01
  4.9222221374511719E+01
  4.9240165710449219E+01
  4.9258110046386719E+01
  4.9276054382324219E+01
  4.9293998718261719E+01
  4.9304634094238281E+01
  4.9315269470214844E+01
  4.9325904846191406E+01
  4.9336540222167969E+01
  4.9347175598144531E+01
  4.9357810974121094E+01
  4.9368446350097656E+01
  4.9379081726074219E+01
  4.9389717102050781E+01
  4.9400348663330078E+01
  4.9410984039306641E+01
  4.9421619415283203E+01
  4.9432254791259766E+01
  4.9442890167236328E+01
  4.9464160919189453E+01
  4.9480121612548828E+01
  4.9496070861816406E+01
  4.9512020111083984E+01
  4.9527969360351562E+01
  4.9543922424316406E+01
  4.9559879302978516E+01
  4.9575828552246094E+01
  4.9591781616210938E+01
  4.9607738494873047E+01
  4.9623691558837891E+01
  4.9631881713867188E+01
  4.9640071868896484E+01
  4.9645820617675781E+01
  4.9654251098632812E+01
  4.9662681579589844E+01
  4.9674728393554688E+01
  4.9686779022216797E+01
  4.9703510284423828E+01
  4.9720241546630859E+01
  4.9736968994140625E+01
  4.9753700256347656E+01
  4.9772438049316406E+01
  4.9791179656982422E+01
  4.9809921264648438E+01
  4.9828659057617188E+01
  4.9850078582763672E+01
  4.9860786437988281E+01
  4.9871498107910156E+01
  4.9882209777832031E+01
  4.9892921447753906E+01
  4.9903625488281250E+01
  4.9914329528808594E+01
  4.9925041198730469E+01
  4.9935749053955078E+01
  4.9946456909179688E+01
  4.9957168579101562E+01
  4.9967876434326172E+01
  4.9978584289550781E+01
  4.9989292144775391E+01
  5.0000000000000000E+01
  5.0011905670166016E+01
  5.0023811340332031E+01
  5.0035713195800781E+01
  5.0047618865966797E+01
  5.0059524536132812E+01
  5.0071426391601562E+01
  5.0095230102539062E+01
  5.0119033813476562E+01
  5.0142837524414062E+01
  5.0166641235351562E+01
  5.0190448760986328E+01
  5.0214256286621094E+01
  5.0238059997558594E+01
  5.0261867523193359E+01
  5.0285675048828125E+01
  5.0309482574462891E+01
  5.0333290100097656E+01
  5.0380901336669922E+01
  5.0428512573242188E+01
  5.0476123809814453E+01
  5.0523735046386719E+01
  5.0571346282958984E+01
  5.0618957519531250E+01
  5.0666568756103516E+01
  5.0761791229248047E+01
  5.0857017517089844E+01
  5.0952239990234375E+01
  5.1142684936523438E+01
  5.1523578643798828E+01
  5.1904472351074219E+01
  5.2285369873046875E+01
  5.2666259765625000E+01
  5.3047149658203125E+01
  5.3358612060546875E+01
  5.3670070648193359E+01
  5.4292991638183594E+01
  5.4604450225830078E+01
  5.4915908813476562E+01
  5.5227363586425781E+01
  5.5538818359375000E+01
  5.5850280761718750E+01
  5.6161739349365234E+01
  5.6473197937011719E+01
  5.6784660339355469E+01
  5.6940391540527344E+01
  5.7096122741699219E+01
  5.7173988342285156E+01
  5.7251853942871094E+01
  5.7329719543457031E+01
  5.7407581329345703E+01
  5.7446510314941406E+01
  5.7485443115234375E+01
  5.7524375915527344E+01
  5.7563308715820312E+01
  5.7602241516113281E+01
  5.7641174316406250E+01
  5.7680107116699219E+01
  5.7719039916992188E+01
  5.7738506317138672E+01
  5.7757972717285156E+01
  5.7777442932128906E+01
  5.7796909332275391E+01
  5.7816375732421875E+01
  5.7835838317871094E+01
  5.7855304718017578E+01
  5.7874771118164062E+01
  5.7894233703613281E+01
  5.7913700103759766E+01
  5.7952629089355469E+01
  5.7991561889648438E+01
  5.8030490875244141E+01
  5.8049835205078125E+01
  5.8069179534912109E+01
  5.8088520050048828E+01
  5.8107860565185547E+01
  5.8128589630126953E+01
  5.8137210845947266E+01
  5.8153949737548828E+01
  5.8172279357910156E+01
  5.8190608978271484E+01
  5.8211559295654297E+01
  5.8232509613037109E+01
  5.8253459930419922E+01
  5.8274410247802734E+01
  5.8305839538574219E+01
  5.8337261199951172E+01
  5.8368690490722656E+01
  5.8384399414062500E+01
  5.8400108337402344E+01
  5.8426959991455078E+01
  5.8453800201416016E+01
  5.8480640411376953E+01
  5.8507480621337891E+01
  5.8534324645996094E+01
  5.8561164855957031E+01
  5.8588005065917969E+01
  5.8614849090576172E+01
  5.8641693115234375E+01
  5.8668533325195312E+01
  5.8722221374511719E+01
  5.8775905609130859E+01
  5.8829589843750000E+01
  5.8883274078369141E+01
  5.8936958312988281E+01
  5.9044326782226562E+01
  5.9151695251464844E+01
  5.9259059906005859E+01
  5.9366432189941406E+01
  5.9473800659179688E+01
  5.9688541412353516E+01
  5.9903274536132812E+01
  6.0118011474609375E+01
  6.0332748413085938E+01
  6.0547489166259766E+01
  6.0654853820800781E+01
  6.0762222290039062E+01
  6.0869590759277344E+01
  6.0976959228515625E+01
  6.1084327697753906E+01
  6.1191699981689453E+01
  6.1299064636230469E+01
  6.1406429290771484E+01
  6.1513801574707031E+01
  6.1621170043945312E+01
  6.1728534698486328E+01
  6.1835899353027344E+01
  6.1931484222412109E+01
  6.2027069091796875E+01
  6.2122653961181641E+01
  6.2218238830566406E+01
  6.2266029357910156E+01
  6.2313823699951172E+01
  6.2361618041992188E+01
  6.2409408569335938E+01
  6.2457199096679688E+01
  6.2504989624023438E+01
  6.2552780151367188E+01
  6.2600570678710938E+01
  6.2648361206054688E+01
  6.2696155548095703E+01
  6.2743949890136719E+01
  6.2767845153808594E+01
  6.2791740417480469E+01
  6.2815635681152344E+01
  6.2839530944824219E+01
  6.2863426208496094E+01
  6.2887325286865234E+01
  6.2911224365234375E+01
  6.2935119628906250E+01
  6.2959014892578125E+01
  6.2982910156250000E+01
  6.3006805419921875E+01
  6.3030704498291016E+01
  6.3054603576660156E+01
  6.3078498840332031E+01
  6.3090446472167969E+01
  6.3102394104003906E+01
  6.3114341735839844E+01
  6.3126289367675781E+01
  6.3138236999511719E+01
  6.3150184631347656E+01
  6.3162132263183594E+01
  6.3174079895019531E+01
  6.3186027526855469E+01
  6.3197978973388672E+01
  6.3209922790527344E+01
  6.3221870422363281E+01
  6.3233818054199219E+01
  6.3245769500732422E+01
  6.3257713317871094E+01
  6.3269660949707031E+01
  6.3281608581542969E+01
  6.3293560028076172E+01
  6.3317451477050781E+01
  6.3341350555419922E+01
  6.3365238189697266E+01
  6.3392738342285156E+01
  6.3420238494873047E+01
  6.3433990478515625E+01
  6.3447738647460938E+01
  6.3461486816406250E+01
  6.3475231170654297E+01
  6.3480468750000000E+01
  6.3492908477783203E+01
  6.3505340576171875E+01
  6.3521961212158203E+01
  6.3523391723632812E+01
  6.3529148101806641E+01
  6.3532028198242188E+01
  6.3540710449218750E+01
  6.3549388885498047E+01
  6.3563880920410156E+01
  6.3574752807617188E+01
  6.3585620880126953E+01
  6.3607349395751953E+01
  6.3629081726074219E+01
  6.3650810241699219E+01
  6.3689441680908203E+01
  6.3715999603271484E+01
  6.3742561340332031E+01
  6.3769119262695312E+01
  6.3782402038574219E+01
  6.3795680999755859E+01
  6.3808959960937500E+01
  6.3822238922119141E+01
  6.3835517883300781E+01
  6.3848800659179688E+01
  6.3862079620361328E+01
  6.3875358581542969E+01
  6.3888641357421875E+01
  6.3901920318603516E+01
  6.3915199279785156E+01
  6.3928482055664062E+01
  6.3955039978027344E+01
  6.3981601715087891E+01
  6.4008163452148438E+01
  6.4034721374511719E+01
  6.4061279296875000E+01
  6.4087844848632812E+01
  6.4114402770996094E+01
  6.4140960693359375E+01
  6.4167526245117188E+01
  6.4194084167480469E+01
  6.4220642089843750E+01
  6.4247200012207031E+01
  6.4273757934570312E+01
  6.4300323486328125E+01
  6.4326881408691406E+01
  6.4353439331054688E+01
  6.4380004882812500E+01
  6.4406562805175781E+01
  6.4419845581054688E+01
  6.4433120727539062E+01
  6.4446395874023438E+01
  6.4459678649902344E+01
  6.4472961425781250E+01
  6.4486236572265625E+01
  6.4499519348144531E+01
  6.4512802124023438E+01
  6.4526077270507812E+01
  6.4539360046386719E+01
  6.4549621582031250E+01
  6.4559890747070312E+01
  6.4570152282714844E+01
  6.4580413818359375E+01
  6.4590675354003906E+01
  6.4600936889648438E+01
  6.4611198425292969E+01
  6.4621459960937500E+01
  6.4631721496582031E+01
  6.4641983032226562E+01
  6.4652244567871094E+01
  6.4662506103515625E+01
  6.4672767639160156E+01
  6.4683029174804688E+01
  6.4693290710449219E+01
  6.4703552246093750E+01
  6.4713813781738281E+01
  6.4724075317382812E+01
  6.4734336853027344E+01
  6.4744598388671875E+01
  6.4754859924316406E+01
  6.4765121459960938E+01
  6.4775390625000000E+01
  6.4785652160644531E+01
  6.4795913696289062E+01
  6.4806167602539062E+01
  6.4816429138183594E+01
  6.4826690673828125E+01
  6.4836952209472656E+01
  6.4847213745117188E+01
  6.4857475280761719E+01
  6.4867736816406250E+01
  6.4877998352050781E+01
  6.4888259887695312E+01
  6.4898521423339844E+01
  6.4908782958984375E+01
  6.4919044494628906E+01
  6.4929306030273438E+01
  6.4939575195312500E+01
  6.4949836730957031E+01
  6.4960098266601562E+01
  6.4965232849121094E+01
  6.4970367431640625E+01
  6.4975494384765625E+01
  6.4980628967285156E+01
  6.4985763549804688E+01
  6.4990890502929688E+01
  6.4996017456054688E+01
  6.5001152038574219E+01
  6.5006286621093750E+01
  6.5011413574218750E+01
  6.5016540527343750E+01
  6.5021667480468750E+01
  6.5026794433593750E+01
  6.5031929016113281E+01
  6.5037063598632812E+01
  6.5042190551757812E+01
  6.5047325134277344E+01
  6.5052459716796875E+01
  6.5057586669921875E+01
  6.5062721252441406E+01
  6.5067855834960938E+01
  6.5072982788085938E+01
  6.5078109741210938E+01
  6.5083244323730469E+01
  6.5088378906250000E+01
  6.5093505859375000E+01
  6.5098632812500000E+01
  6.5103767395019531E+01
  6.5108901977539062E+01
  6.5114028930664062E+01
  6.5119163513183594E+01
  6.5124298095703125E+01
  6.5129425048828125E+01
  6.5134559631347656E+01
  6.5139694213867188E+01
  6.5144821166992188E+01
  6.5149948120117188E+01
  6.5155082702636719E+01
  6.5160217285156250E+01
  6.5165344238281250E+01
  6.5170471191406250E+01
  6.5175598144531250E+01
  6.5180725097656250E+01
  6.5185859680175781E+01
  6.5190994262695312E+01
  6.5196121215820312E+01
  6.5200950622558594E+01
  6.5205780029296875E+01
  6.5210609436035156E+01
  6.5215438842773438E+01
  6.5220268249511719E+01
  6.5225097656250000E+01
  6.5229927062988281E+01
  6.5234756469726562E+01
  6.5239593505859375E+01
  6.5244422912597656E+01
  6.5249252319335938E+01
  6.5254081726074219E+01
  6.5258911132812500E+01
  6.5263740539550781E+01
  6.5268569946289062E+01
  6.5273391723632812E+01
  6.5279129028320312E+01
  6.5284866333007812E+01
  6.5290603637695312E+01
  6.5296340942382812E+01
  6.5299957275390625E+01
  6.5303581237792969E+01
  6.5306900024414062E+01
  6.5310211181640625E+01
  6.5313529968261719E+01
  6.5316848754882812E+01
  6.5320472717285156E+01
  6.5324096679687500E+01
  6.5327713012695312E+01
  6.5331336975097656E+01
  6.5334960937500000E+01
  6.5338584899902344E+01
  6.5342208862304688E+01
  6.5345832824707031E+01
  6.5349761962890625E+01
  6.5353683471679688E+01
  6.5357604980468750E+01
  6.5361526489257812E+01
  6.5365447998046875E+01
  6.5369377136230469E+01
  6.5373298645019531E+01
  6.5377220153808594E+01
  6.5381149291992188E+01
  6.5385070800781250E+01
  6.5388992309570312E+01
  6.5392906188964844E+01
  6.5396835327148438E+01
  6.5400756835937500E+01
  6.5404678344726562E+01
  6.5408599853515625E+01
  6.5411918640136719E+01
  6.5415237426757812E+01
  6.5418563842773438E+01
  6.5421882629394531E+01
  6.5425201416015625E+01
  6.5428520202636719E+01
  6.5431838989257812E+01
  6.5435157775878906E+01
  6.5438476562500000E+01
  6.5441802978515625E+01
  6.5445121765136719E+01
  6.5448440551757812E+01
  6.5451759338378906E+01
  6.5455078125000000E+01
  6.5458404541015625E+01
  6.5461723327636719E+01
  6.5465042114257812E+01
  6.5468360900878906E+01
  6.5471679687500000E+01
  6.5474998474121094E+01
  6.5478317260742188E+01
  6.5481643676757812E+01
  6.5484962463378906E+01
  6.5488281250000000E+01
  6.5491600036621094E+01
  6.5494918823242188E+01
  6.5498237609863281E+01
  6.5501556396484375E+01
  6.5504875183105469E+01
  6.5508193969726562E+01
  6.5511520385742188E+01
  6.5514839172363281E+01
  6.5518157958984375E+01
  6.5521484375000000E+01
  6.5524803161621094E+01
  6.5528121948242188E+01
  6.5531440734863281E+01
  6.5534759521484375E+01
  6.5538078308105469E+01
  6.5541397094726562E+01
  6.5548034667968750E+01
  6.5554679870605469E+01
  6.5561317443847656E+01
  6.5567962646484375E+01
  6.5571281433105469E+01
  6.5574600219726562E+01
  6.5581237792968750E+01
  6.5587882995605469E+01
  6.5594520568847656E+01
  6.5601158142089844E+01
  6.5607803344726562E+01
  6.5614440917968750E+01
  6.5621078491210938E+01
  6.5627723693847656E+01
  6.5634361267089844E+01
  6.5640998840332031E+01
  6.5647636413574219E+01
  6.5654281616210938E+01
  6.5660919189453125E+01
  6.5667556762695312E+01
  6.5674201965332031E+01
  6.5680839538574219E+01
  6.5687477111816406E+01
  6.5694122314453125E+01
  6.5700759887695312E+01
  6.5707397460937500E+01
  6.5714042663574219E+01
  6.5720680236816406E+01
  6.5727317810058594E+01
  6.5733963012695312E+01
  6.5740600585937500E+01
  6.5747238159179688E+01
  6.5753883361816406E+01
  6.5767158508300781E+01
  6.5780441284179688E+01
  6.5793716430664062E+01
  6.5806999206542969E+01
  6.5820281982421875E+01
  6.5833557128906250E+01
  6.5855300903320312E+01
  6.5877029418945312E+01
  6.5898757934570312E+01
  6.5920486450195312E+01
  6.5933769226074219E+01
  6.5947052001953125E+01
  6.5960327148437500E+01
  6.5973602294921875E+01
  6.5989303588867188E+01
  6.6004989624023438E+01
  6.6018096923828125E+01
  6.6031196594238281E+01
  6.6039932250976562E+01
  6.6048667907714844E+01
  6.6057403564453125E+01
  6.6066139221191406E+01
  6.6075973510742188E+01
  6.6085800170898438E+01
  6.6095626831054688E+01
  6.6105461120605469E+01
  6.6120910644531250E+01
  6.6136352539062500E+01
  6.6151794433593750E+01
  6.6167236328125000E+01
  6.6182678222656250E+01
  6.6198127746582031E+01
  6.6213577270507812E+01
  6.6229019165039062E+01
  6.6244468688964844E+01
  6.6259910583496094E+01
  6.6275360107421875E+01
  6.6290802001953125E+01
  6.6298171997070312E+01
  6.6305549621582031E+01
  6.6312919616699219E+01
  6.6320289611816406E+01
  6.6327667236328125E+01
  6.6335037231445312E+01
  6.6342407226562500E+01
  6.6349777221679688E+01
  6.6357162475585938E+01
  6.6364532470703125E+01
  6.6371902465820312E+01
  6.6379272460937500E+01
  6.6386642456054688E+01
  6.6394012451171875E+01
  6.6401382446289062E+01
  6.6408752441406250E+01
  6.6416122436523438E+01
  6.6423500061035156E+01
  6.6430870056152344E+01
  6.6438240051269531E+01
  6.6445610046386719E+01
  6.6452980041503906E+01
  6.6460350036621094E+01
  6.6467720031738281E+01
  6.6475097656250000E+01
  6.6482467651367188E+01
  6.6489837646484375E+01
  6.6497207641601562E+01
  6.6504577636718750E+01
  6.6511947631835938E+01
  6.6519317626953125E+01
  6.6526687622070312E+01
  6.6533355712890625E+01
  6.6540023803710938E+01
  6.6546691894531250E+01
  6.6553367614746094E+01
  6.6560043334960938E+01
  6.6566711425781250E+01
  6.6573379516601562E+01
  6.6580047607421875E+01
  6.6586715698242188E+01
  6.6593383789062500E+01
  6.6600051879882812E+01
  6.6606727600097656E+01
  6.6613395690917969E+01
  6.6620063781738281E+01
  6.6626731872558594E+01
  6.6633399963378906E+01
  6.6640075683593750E+01
  6.6646743774414062E+01
  6.6653411865234375E+01
  6.6660079956054688E+01
  6.6666748046875000E+01
  6.6673416137695312E+01
  6.6680084228515625E+01
  6.6686759948730469E+01
  6.6693435668945312E+01
  6.6700103759765625E+01
  6.6706771850585938E+01
  6.6713439941406250E+01
  6.6720108032226562E+01
  6.6726776123046875E+01
  6.6733444213867188E+01
  6.6740112304687500E+01
  6.6746780395507812E+01
  6.6753448486328125E+01
  6.6760116577148438E+01
  6.6766792297363281E+01
  6.6773468017578125E+01
  6.6780136108398438E+01
  6.6786804199218750E+01
  6.6793472290039062E+01
  6.6800140380859375E+01
  6.6806808471679688E+01
  6.6813476562500000E+01
  6.6820144653320312E+01
  6.6826812744140625E+01
  6.6833480834960938E+01
  6.6840148925781250E+01
  6.6846817016601562E+01
  6.6853485107421875E+01
  6.6860153198242188E+01
  6.6866821289062500E+01
  6.6873497009277344E+01
  6.6880172729492188E+01
  6.6886840820312500E+01
  6.6893508911132812E+01
  6.6900177001953125E+01
  6.6906845092773438E+01
  6.6913513183593750E+01
  6.6920181274414062E+01
  6.6926849365234375E+01
  6.6933517456054688E+01
  6.6940185546875000E+01
  6.6946853637695312E+01
  6.6953529357910156E+01
  6.6961608886718750E+01
  6.6969680786132812E+01
  6.6977752685546875E+01
  6.6985824584960938E+01
  6.6993896484375000E+01
  6.7001968383789062E+01
  6.7010040283203125E+01
  6.7018119812011719E+01
  6.7026199340820312E+01
  6.7034271240234375E+01
  6.7042343139648438E+01
  6.7050415039062500E+01
  6.7058486938476562E+01
  6.7066558837890625E+01
  6.7074630737304688E+01
  6.7082710266113281E+01
  6.7090789794921875E+01
  6.7098861694335938E+01
  6.7106933593750000E+01
  6.7115005493164062E+01
  6.7123077392578125E+01
  6.7131149291992188E+01
  6.7139221191406250E+01
  6.7147300720214844E+01
  6.7155380249023438E+01
  6.7163452148437500E+01
  6.7171524047851562E+01
  6.7179595947265625E+01
  6.7187667846679688E+01
  6.7195739746093750E+01
  6.7203811645507812E+01
  6.7211883544921875E+01
  6.7219955444335938E+01
  6.7228027343750000E+01
  6.7236099243164062E+01
  6.7244171142578125E+01
  6.7252243041992188E+01
  6.7260314941406250E+01
  6.7268386840820312E+01
  6.7276466369628906E+01
  6.7284545898437500E+01
  6.7292617797851562E+01
  6.7308761596679688E+01
  6.7324905395507812E+01
  6.7341056823730469E+01
  6.7357208251953125E+01
  6.7373352050781250E+01
  6.7389495849609375E+01
  6.7405647277832031E+01
  6.7421798706054688E+01
  6.7437942504882812E+01
  6.7454086303710938E+01
  6.7470230102539062E+01
  6.7487213134765625E+01
  6.7504188537597656E+01
  6.7514114379882812E+01
  6.7524032592773438E+01
  6.7533950805664062E+01
  6.7543869018554688E+01
  6.7563713073730469E+01
  6.7583557128906250E+01
  6.7603393554687500E+01
  6.7623237609863281E+01
  6.7643081665039062E+01
  6.7662918090820312E+01
  6.7682754516601562E+01
  6.7702598571777344E+01
  6.7722442626953125E+01
  6.7742279052734375E+01
  6.7762115478515625E+01
  6.7781959533691406E+01
  6.7801803588867188E+01
  6.7821640014648438E+01
  6.7843154907226562E+01
  6.7864669799804688E+01
  6.7886184692382812E+01
  6.7907691955566406E+01
  6.7929199218750000E+01
  6.7950714111328125E+01
  6.7993736267089844E+01
  6.8036758422851562E+01
  6.8079788208007812E+01
  6.8122817993164062E+01
  6.8165840148925781E+01
  6.8208862304687500E+01
  6.8251892089843750E+01
  6.8294914245605469E+01
  6.8337936401367188E+01
  6.8380958557128906E+01
  6.8423980712890625E+01
  6.8467010498046875E+01
  6.8510032653808594E+01
  6.8553054809570312E+01
  6.8596084594726562E+01
  6.8639106750488281E+01
  6.8682128906250000E+01
  6.8768173217773438E+01
  6.8854217529296875E+01
  6.8940269470214844E+01
  6.9026321411132812E+01
  6.9112365722656250E+01
  6.9198410034179688E+01
  6.9270118713378906E+01
  6.9341827392578125E+01
  6.9413528442382812E+01
  6.9485237121582031E+01
  6.9556945800781250E+01
  6.9628646850585938E+01
  6.9700347900390625E+01
  6.9772056579589844E+01
  6.9843765258789062E+01
  6.9915473937988281E+01
  7.0058891296386719E+01
  7.0202301025390625E+01
  7.0345710754394531E+01
  7.0489120483398438E+01
  7.0632537841796875E+01
  7.0775947570800781E+01
  7.0919357299804688E+01
  7.1062774658203125E+01
  7.1134483337402344E+01
  7.1206192016601562E+01
  7.1277893066406250E+01
  7.1349601745605469E+01
  7.1421310424804688E+01
  7.1493011474609375E+01
  7.1579055786132812E+01
  7.1622077941894531E+01
  7.1665100097656250E+01
  7.1708122253417969E+01
  7.1751144409179688E+01
  7.1794174194335938E+01
  7.1837196350097656E+01
  7.1880218505859375E+01
  7.1901733398437500E+01
  7.1923248291015625E+01
  7.1944763183593750E+01
  7.1966278076171875E+01
  7.1987792968750000E+01
  7.2009300231933594E+01
  7.2030815124511719E+01
  7.2052330017089844E+01
  7.2073837280273438E+01
  7.2095352172851562E+01
  7.2116859436035156E+01
  7.2138366699218750E+01
  7.2159881591796875E+01
  7.2181388854980469E+01
  7.2210083007812500E+01
  7.2238761901855469E+01
  7.2267440795898438E+01
  7.2296119689941406E+01
  7.2315238952636719E+01
  7.2334358215332031E+01
  7.2348098754882812E+01
  7.2361846923828125E+01
  7.2375587463378906E+01
  7.2389328002929688E+01
  7.2410842895507812E+01
  7.2422340393066406E+01
  7.2441947937011719E+01
  7.2456138610839844E+01
  7.2470329284667969E+01
  7.2492630004882812E+01
  7.2514923095703125E+01
  7.2539237976074219E+01
  7.2563552856445312E+01
  7.2591926574707031E+01
  7.2620300292968750E+01
  7.2648666381835938E+01
  7.2677040100097656E+01
  7.2691230773925781E+01
  7.2705421447753906E+01
  7.2719604492187500E+01
  7.2733787536621094E+01
  7.2747970581054688E+01
  7.2762161254882812E+01
  7.2776344299316406E+01
  7.2790527343750000E+01
  7.2804718017578125E+01
  7.2818908691406250E+01
  7.2833099365234375E+01
  7.2847282409667969E+01
  7.2875656127929688E+01
  7.2904022216796875E+01
  7.2932395935058594E+01
  7.2960769653320312E+01
  7.2989135742187500E+01
  7.3017509460449219E+01
  7.3045883178710938E+01
  7.3074249267578125E+01
  7.3102622985839844E+01
  7.3130996704101562E+01
  7.3187744140625000E+01
  7.3244491577148438E+01
  7.3301239013671875E+01
  7.3357986450195312E+01
  7.3414733886718750E+01
  7.3471473693847656E+01
  7.3568756103515625E+01
  7.3666030883789062E+01
  7.3763305664062500E+01
  7.3860580444335938E+01
  7.4055130004882812E+01
  7.4249687194824219E+01
  7.4444244384765625E+01
  7.4638801574707031E+01
  7.4833351135253906E+01
  7.5027900695800781E+01
  7.5222457885742188E+01
  7.5417007446289062E+01
  7.5611564636230469E+01
  7.5806121826171875E+01
  7.6000671386718750E+01
  7.6195228576660156E+01
  7.6389778137207031E+01
  7.6584327697753906E+01
  7.6738349914550781E+01
  7.6892372131347656E+01
  7.7046394348144531E+01
  7.7200416564941406E+01
  7.7354446411132812E+01
  7.7508468627929688E+01
  7.7662490844726562E+01
  7.7816513061523438E+01
  7.7893524169921875E+01
  7.7970535278320312E+01
  7.8047546386718750E+01
  7.8124557495117188E+01
  7.8201568603515625E+01
  7.8278579711914062E+01
  7.8355590820312500E+01
  7.8432601928710938E+01
  7.8509613037109375E+01
  7.8548110961914062E+01
  7.8586616516113281E+01
  7.8625122070312500E+01
  7.8663627624511719E+01
  7.8702133178710938E+01
  7.8740638732910156E+01
  7.8779144287109375E+01
  7.8817649841308594E+01
  7.8836898803710938E+01
  7.8856155395507812E+01
  7.8875411987304688E+01
  7.8894660949707031E+01
  7.8913909912109375E+01
  7.8933166503906250E+01
  7.8952423095703125E+01
  7.8971672058105469E+01
  7.8990921020507812E+01
  7.9010177612304688E+01
  7.9029434204101562E+01
  7.9048683166503906E+01
  7.9062866210937500E+01
  7.9077056884765625E+01
  7.9091239929199219E+01
  7.9105422973632812E+01
  7.9119613647460938E+01
  7.9133796691894531E+01
  7.9147979736328125E+01
  7.9162170410156250E+01
  7.9176361083984375E+01
  7.9190544128417969E+01
  7.9204727172851562E+01
  7.9218917846679688E+01
  7.9233100891113281E+01
  7.9247283935546875E+01
  7.9261474609375000E+01
  7.9275657653808594E+01
  7.9289840698242188E+01
  7.9304031372070312E+01
  7.9318222045898438E+01
  7.9332405090332031E+01
  7.9346588134765625E+01
  7.9360778808593750E+01
  7.9374969482421875E+01
  7.9389152526855469E+01
  7.9403335571289062E+01
  7.9417526245117188E+01
  7.9431709289550781E+01
  7.9445892333984375E+01
  7.9460083007812500E+01
  7.9474266052246094E+01
  7.9488449096679688E+01
  7.9502639770507812E+01
  7.9516830444335938E+01
  7.9531013488769531E+01
  7.9545196533203125E+01
  7.9552291870117188E+01
  7.9559387207031250E+01
  7.9566482543945312E+01
  7.9573570251464844E+01
  7.9580657958984375E+01
  7.9587753295898438E+01
  7.9594848632812500E+01
  7.9601943969726562E+01
  7.9609039306640625E+01
  7.9616127014160156E+01
  7.9623214721679688E+01
  7.9630310058593750E+01
  7.9637405395507812E+01
  7.9644500732421875E+01
  7.9651596069335938E+01
  7.9658691406250000E+01
  7.9665786743164062E+01
  7.9672882080078125E+01
  7.9679977416992188E+01
  7.9687065124511719E+01
  7.9694152832031250E+01
  7.9701248168945312E+01
  7.9708343505859375E+01
  7.9715438842773438E+01
  7.9722534179687500E+01
  7.9729621887207031E+01
  7.9736709594726562E+01
  7.9743804931640625E+01
  7.9750900268554688E+01
  7.9757995605468750E+01
  7.9765090942382812E+01
  7.9772186279296875E+01
  7.9779281616210938E+01
  7.9786369323730469E+01
  7.9793457031250000E+01
  7.9800552368164062E+01
  7.9807647705078125E+01
  7.9814743041992188E+01
  7.9821838378906250E+01
  7.9828926086425781E+01
  7.9836013793945312E+01
  7.9843109130859375E+01
  7.9850204467773438E+01
  7.9857299804687500E+01
  7.9864395141601562E+01
  7.9871482849121094E+01
  7.9878570556640625E+01
  7.9885665893554688E+01
  7.9892761230468750E+01
  7.9899856567382812E+01
  7.9906951904296875E+01
  7.9914039611816406E+01
  7.9921127319335938E+01
  7.9928222656250000E+01
  7.9935317993164062E+01
  7.9942413330078125E+01
  7.9949508666992188E+01
  7.9956596374511719E+01
  7.9962677001953125E+01
  7.9968757629394531E+01
  7.9974838256835938E+01
  7.9980918884277344E+01
  7.9986999511718750E+01
  7.9993080139160156E+01
  7.9999160766601562E+01
  8.0005241394042969E+01
  8.0011322021484375E+01
  8.0017395019531250E+01
  8.0023475646972656E+01
  8.0029556274414062E+01
  8.0035636901855469E+01
  8.0041717529296875E+01
  8.0047798156738281E+01
  8.0053878784179688E+01
  8.0059959411621094E+01
  8.0066040039062500E+01
  8.0072120666503906E+01
  8.0078201293945312E+01
  8.0084281921386719E+01
  8.0090362548828125E+01
  8.0096443176269531E+01
  8.0102523803710938E+01
  8.0108604431152344E+01
  8.0114685058593750E+01
  8.0120758056640625E+01
  8.0126838684082031E+01
  8.0132919311523438E+01
  8.0138999938964844E+01
  8.0145080566406250E+01
  8.0151161193847656E+01
  8.0157241821289062E+01
  8.0163322448730469E+01
  8.0169403076171875E+01
  8.0175483703613281E+01
  8.0181564331054688E+01
  8.0187637329101562E+01
  8.0193717956542969E+01
  8.0199798583984375E+01
  8.0205879211425781E+01
  8.0211959838867188E+01
  8.0218040466308594E+01
  8.0224121093750000E+01
  8.0230201721191406E+01
  8.0236282348632812E+01
  8.0242362976074219E+01
  8.0248443603515625E+01
  8.0254516601562500E+01
  8.0260597229003906E+01
  8.0266677856445312E+01
  8.0272758483886719E+01
  8.0278839111328125E+01
  8.0284919738769531E+01
  8.0291000366210938E+01
  8.0297080993652344E+01
  8.0303161621093750E+01
  8.0309242248535156E+01
  8.0315322875976562E+01
  8.0321403503417969E+01
  8.0327484130859375E+01
  8.0333557128906250E+01
  8.0339630126953125E+01
  8.0345710754394531E+01
  8.0351287841796875E+01
  8.0356857299804688E+01
  8.0362434387207031E+01
  8.0368011474609375E+01
  8.0373580932617188E+01
  8.0379158020019531E+01
  8.0390296936035156E+01
  8.0395874023437500E+01
  8.0401451110839844E+01
  8.0412590026855469E+01
  8.0423736572265625E+01
  8.0434883117675781E+01
  8.0446029663085938E+01
  8.0457176208496094E+01
  8.0468330383300781E+01
  8.0479469299316406E+01
  8.0490623474121094E+01
  8.0501762390136719E+01
  8.0512908935546875E+01
  8.0524047851562500E+01
  8.0537231445312500E+01
  8.0550399780273438E+01
  8.0576751708984375E+01
  8.0603103637695312E+01
  8.0616271972656250E+01
  8.0629440307617188E+01
  8.0643119812011719E+01
  8.0656799316406250E+01
  8.0670478820800781E+01
  8.0684158325195312E+01
  8.0693283081054688E+01
  8.0704421997070312E+01
  8.0715568542480469E+01
  8.0726707458496094E+01
  8.0739547729492188E+01
  8.0747436523437500E+01
  8.0750602722167969E+01
  8.0762092590332031E+01
  8.0773567199707031E+01
  8.0785926818847656E+01
  8.0798286437988281E+01
  8.0810089111328125E+01
  8.0821891784667969E+01
  8.0833694458007812E+01
  8.0845489501953125E+01
  8.0856170654296875E+01
  8.0866844177246094E+01
  8.0888198852539062E+01
  8.0909553527832031E+01
  8.0930900573730469E+01
  8.0950012207031250E+01
  8.0969108581542969E+01
  8.0988220214843750E+01
  8.0997772216796875E+01
  8.1007316589355469E+01
  8.1016876220703125E+01
  8.1026428222656250E+01
  8.1035980224609375E+01
  8.1045532226562500E+01
  8.1055091857910156E+01
  8.1064636230468750E+01
  8.1074188232421875E+01
  8.1083740234375000E+01
  8.1090492248535156E+01
  8.1097229003906250E+01
  8.1103973388671875E+01
  8.1110710144042969E+01
  8.1117462158203125E+01
  8.1124198913574219E+01
  8.1130943298339844E+01
  8.1137680053710938E+01
  8.1144424438476562E+01
  8.1151168823242188E+01
  8.1157913208007812E+01
  8.1164649963378906E+01
  8.1171394348144531E+01
  8.1178138732910156E+01
  8.1184875488281250E+01
  8.1191619873046875E+01
  8.1198364257812500E+01
  8.1205108642578125E+01
  8.1211853027343750E+01
  8.1218589782714844E+01
  8.1225334167480469E+01
  8.1232078552246094E+01
  8.1238815307617188E+01
  8.1245559692382812E+01
  8.1252304077148438E+01
  8.1259048461914062E+01
  8.1265792846679688E+01
  8.1272529602050781E+01
  8.1279273986816406E+01
  8.1286018371582031E+01
  8.1292755126953125E+01
  8.1299499511718750E+01
  8.1305679321289062E+01
  8.1311859130859375E+01
  8.1318038940429688E+01
  8.1324226379394531E+01
  8.1330413818359375E+01
  8.1336593627929688E+01
  8.1342773437500000E+01
  8.1348953247070312E+01
  8.1355133056640625E+01
  8.1361312866210938E+01
  8.1367492675781250E+01
  8.1373680114746094E+01
  8.1379859924316406E+01
  8.1386039733886719E+01
  8.1392219543457031E+01
  8.1398399353027344E+01
  8.1404586791992188E+01
  8.1410766601562500E+01
  8.1416946411132812E+01
  8.1423126220703125E+01
  8.1429306030273438E+01
  8.1435485839843750E+01
  8.1441665649414062E+01
  8.1447853088378906E+01
  8.1454040527343750E+01
  8.1460220336914062E+01
  8.1466400146484375E+01
  8.1472579956054688E+01
  8.1478759765625000E+01
  8.1484939575195312E+01
  8.1491119384765625E+01
  8.1497299194335938E+01
  8.1503479003906250E+01
  8.1509658813476562E+01
  8.1515838623046875E+01
  8.1522026062011719E+01
  8.1528213500976562E+01
  8.1534393310546875E+01
  8.1540573120117188E+01
  8.1546752929687500E+01
  8.1552932739257812E+01
  8.1559112548828125E+01
  8.1565292358398438E+01
  8.1571472167968750E+01
  8.1577651977539062E+01
  8.1583831787109375E+01
  8.1590011596679688E+01
  8.1596199035644531E+01
  8.1602386474609375E+01
  8.1608566284179688E+01
  8.1614746093750000E+01
  8.1620925903320312E+01
  8.1627105712890625E+01
  8.1633285522460938E+01
  8.1639465332031250E+01
  8.1645652770996094E+01
  8.1651832580566406E+01
  8.1658012390136719E+01
  8.1664192199707031E+01
  8.1670372009277344E+01
  8.1676551818847656E+01
  8.1682731628417969E+01
  8.1688911437988281E+01
  8.1695091247558594E+01
  8.1702957153320312E+01
  8.1710830688476562E+01
  8.1718696594238281E+01
  8.1726562500000000E+01
  8.1734428405761719E+01
  8.1742294311523438E+01
  8.1750167846679688E+01
  8.1758033752441406E+01
  8.1765899658203125E+01
  8.1773765563964844E+01
  8.1781631469726562E+01
  8.1789497375488281E+01
  8.1797363281250000E+01
  8.1805229187011719E+01
  8.1813095092773438E+01
  8.1820960998535156E+01
  8.1828826904296875E+01
  8.1836692810058594E+01
  8.1844558715820312E+01
  8.1852424621582031E+01
  8.1860290527343750E+01
  8.1868156433105469E+01
  8.1876022338867188E+01
  8.1883888244628906E+01
  8.1891754150390625E+01
  8.1899627685546875E+01
  8.1907493591308594E+01
  8.1915359497070312E+01
  8.1923225402832031E+01
  8.1931091308593750E+01
  8.1938957214355469E+01
  8.1946823120117188E+01
  8.1954689025878906E+01
  8.1962554931640625E+01
  8.1970420837402344E+01
  8.1978286743164062E+01
  8.1986152648925781E+01
  8.1994018554687500E+01
  8.2001892089843750E+01
  8.2009757995605469E+01
  8.2017623901367188E+01
  8.2025497436523438E+01
  8.2033363342285156E+01
  8.2041229248046875E+01
  8.2049095153808594E+01
  8.2056961059570312E+01
  8.2064826965332031E+01
  8.2072692871093750E+01
  8.2080558776855469E+01
  8.2088424682617188E+01
  8.2096290588378906E+01
  8.2104156494140625E+01
  8.2112022399902344E+01
  8.2119888305664062E+01
  8.2127754211425781E+01
  8.2135620117187500E+01
  8.2143486022949219E+01
  8.2151351928710938E+01
  8.2159217834472656E+01
  8.2167083740234375E+01
  8.2182815551757812E+01
  8.2198547363281250E+01
  8.2210350036621094E+01
  8.2222152709960938E+01
  8.2233947753906250E+01
  8.2245750427246094E+01
  8.2257553100585938E+01
  8.2269348144531250E+01
  8.2281150817871094E+01
  8.2292953491210938E+01
  8.2304748535156250E+01
  8.2316551208496094E+01
  8.2328353881835938E+01
  8.2340148925781250E+01
  8.2351951599121094E+01
  8.2363754272460938E+01
  8.2375549316406250E+01
  8.2387351989746094E+01
  8.2399154663085938E+01
  8.2410949707031250E+01
  8.2422752380371094E+01
  8.2434555053710938E+01
  8.2446350097656250E+01
  8.2458152770996094E+01
  8.2469955444335938E+01
  8.2481750488281250E+01
  8.2505348205566406E+01
  8.2528945922851562E+01
  8.2552551269531250E+01
  8.2576148986816406E+01
  8.2599746704101562E+01
  8.2623352050781250E+01
  8.2646949768066406E+01
  8.2670547485351562E+01
  8.2694152832031250E+01
  8.2717750549316406E+01
  8.2741348266601562E+01
  8.2764953613281250E+01
  8.2788551330566406E+01
  8.2812149047851562E+01
  8.2835754394531250E+01
  8.2859352111816406E+01
  8.2882949829101562E+01
  8.2906547546386719E+01
  8.2930145263671875E+01
  8.2953742980957031E+01
  8.2971725463867188E+01
  8.2989700317382812E+01
  8.3007682800292969E+01
  8.3025665283203125E+01
  8.3043640136718750E+01
  8.3061622619628906E+01
  8.3070251464843750E+01
  8.3073120117187500E+01
  8.3075996398925781E+01
  8.3084091186523438E+01
  8.3092178344726562E+01
  8.3108352661132812E+01
  8.3121391296386719E+01
  8.3134429931640625E+01
  8.3147468566894531E+01
  8.3160507202148438E+01
  8.3169998168945312E+01
  8.3179489135742188E+01
  8.3188980102539062E+01
  8.3198463439941406E+01
  8.3207946777343750E+01
  8.3217430114746094E+01
  8.3226913452148438E+01
  8.3236396789550781E+01
  8.3245887756347656E+01
  8.3255378723144531E+01
  8.3264862060546875E+01
  8.3274353027343750E+01
  8.3283836364746094E+01
  8.3293319702148438E+01
  8.3302803039550781E+01
  8.3312286376953125E+01
  8.3326522827148438E+01
  8.3340751647949219E+01
  8.3354980468750000E+01
  8.3369209289550781E+01
  8.3383438110351562E+01
  8.3397666931152344E+01
  8.3411903381347656E+01
  8.3426132202148438E+01
  8.3445098876953125E+01
  8.3464073181152344E+01
  8.3482452392578125E+01
  8.3500831604003906E+01
  8.3519210815429688E+01
  8.3537590026855469E+01
  8.3555969238281250E+01
  8.3574348449707031E+01
  8.3592727661132812E+01
  8.3611106872558594E+01
  8.3622970581054688E+01
  8.3634826660156250E+01
  8.3646682739257812E+01
  8.3658546447753906E+01
  8.3670997619628906E+01
  8.3683448791503906E+01
  8.3698936462402344E+01
  8.3703247070312500E+01
  8.3720161437988281E+01
  8.3730941772460938E+01
  8.3741722106933594E+01
  8.3760589599609375E+01
  8.3779457092285156E+01
  8.3790245056152344E+01
  8.3801033020019531E+01
  8.3822593688964844E+01
  8.3844161987304688E+01
  8.3865722656250000E+01
  8.3892677307128906E+01
  8.3919631958007812E+01
  8.3933113098144531E+01
  8.3946586608886719E+01
  8.3960067749023438E+01
  8.3973541259765625E+01
  8.3987701416015625E+01
  8.4001846313476562E+01
  8.4015998840332031E+01
  8.4030151367187500E+01
  8.4044311523437500E+01
  8.4058456420898438E+01
  8.4065536499023438E+01
  8.4072608947753906E+01
  8.4079681396484375E+01
  8.4086761474609375E+01
  8.4093841552734375E+01
  8.4100921630859375E+01
  8.4107994079589844E+01
  8.4115066528320312E+01
  8.4122146606445312E+01
  8.4129219055175781E+01
  8.4136291503906250E+01
  8.4143371582031250E+01
  8.4150444030761719E+01
  8.4157516479492188E+01
  8.4164596557617188E+01
  8.4171669006347656E+01
  8.4178741455078125E+01
  8.4185821533203125E+01
  8.4192893981933594E+01
  8.4199966430664062E+01
  8.4207046508789062E+01
  8.4214118957519531E+01
  8.4228271484375000E+01
  8.4242424011230469E+01
  8.4256576538085938E+01
  8.4270729064941406E+01
  8.4284881591796875E+01
  8.4299026489257812E+01
  8.4313179016113281E+01
  8.4327331542968750E+01
  8.4341476440429688E+01
  8.4355628967285156E+01
  8.4369781494140625E+01
  8.4383934020996094E+01
  8.4398086547851562E+01
  8.4412239074707031E+01
  8.4426391601562500E+01
  8.4440544128417969E+01
  8.4454696655273438E+01
  8.4468849182128906E+01
  8.4483001708984375E+01
  8.4497154235839844E+01
  8.4511306762695312E+01
  8.4525451660156250E+01
  8.4539604187011719E+01
  8.4567901611328125E+01
  8.4596206665039062E+01
  8.4624511718750000E+01
  8.4652816772460938E+01
  8.4681121826171875E+01
  8.4709426879882812E+01
  8.4737731933593750E+01
  8.4766029357910156E+01
  8.4794326782226562E+01
  8.4822631835937500E+01
  8.4850936889648438E+01
  8.4879241943359375E+01
  8.4907546997070312E+01
  8.4935852050781250E+01
  8.4964157104492188E+01
  8.4992454528808594E+01
  8.5020751953125000E+01
  8.5049057006835938E+01
  8.5105667114257812E+01
  8.5162277221679688E+01
  8.5218879699707031E+01
  8.5275482177734375E+01
  8.5332092285156250E+01
  8.5445304870605469E+01
  8.5558517456054688E+01
  8.5784942626953125E+01
  8.5965545654296875E+01
  8.6146148681640625E+01
  8.6326751708984375E+01
  8.6507347106933594E+01
  8.6687942504882812E+01
  8.6868545532226562E+01
  8.7049148559570312E+01
  8.7139450073242188E+01
  8.7229751586914062E+01
  8.7320053100585938E+01
  8.7365203857421875E+01
  8.7410354614257812E+01
  8.7455505371093750E+01
  8.7500656127929688E+01
  8.7545806884765625E+01
  8.7568382263183594E+01
  8.7590957641601562E+01
  8.7613533020019531E+01
  8.7636108398437500E+01
  8.7658683776855469E+01
  8.7681259155273438E+01
  8.7703834533691406E+01
  8.7726409912109375E+01
  8.7748985290527344E+01
  8.7771560668945312E+01
  8.7794136047363281E+01
  8.7816711425781250E+01
  8.7839286804199219E+01
  8.7861862182617188E+01
  8.7884437561035156E+01
  8.7907012939453125E+01
  8.7929588317871094E+01
  8.7952163696289062E+01
  8.7974739074707031E+01
  8.7997314453125000E+01
  8.8008605957031250E+01
  8.8019889831542969E+01
  8.8031173706054688E+01
  8.8042465209960938E+01
  8.8053756713867188E+01
  8.8065040588378906E+01
  8.8076324462890625E+01
  8.8087615966796875E+01
  8.8098899841308594E+01
  8.8110183715820312E+01
  8.8121475219726562E+01
  8.8132759094238281E+01
  8.8144042968750000E+01
  8.8155334472656250E+01
  8.8166625976562500E+01
  8.8177909851074219E+01
  8.8189193725585938E+01
  8.8200485229492188E+01
  8.8211776733398438E+01
  8.8223060607910156E+01
  8.8234344482421875E+01
  8.8245635986328125E+01
  8.8256927490234375E+01
  8.8268211364746094E+01
  8.8279495239257812E+01
  8.8290786743164062E+01
  8.8302078247070312E+01
  8.8313362121582031E+01
  8.8324645996093750E+01
  8.8335937500000000E+01
  8.8347229003906250E+01
  8.8358512878417969E+01
  8.8369796752929688E+01
  8.8381088256835938E+01
  8.8392379760742188E+01
  8.8403663635253906E+01
  8.8414947509765625E+01
  8.8426239013671875E+01
  8.8437522888183594E+01
  8.8448806762695312E+01
  8.8460098266601562E+01
  8.8471382141113281E+01
  8.8482666015625000E+01
  8.8493957519531250E+01
  8.8505249023437500E+01
  8.8516532897949219E+01
  8.8527816772460938E+01
  8.8539108276367188E+01
  8.8550399780273438E+01
  8.8561683654785156E+01
  8.8567321777343750E+01
  8.8572967529296875E+01
  8.8578613281250000E+01
  8.8584259033203125E+01
  8.8589904785156250E+01
  8.8595550537109375E+01
  8.8601196289062500E+01
  8.8606834411621094E+01
  8.8612472534179688E+01
  8.8618118286132812E+01
  8.8623764038085938E+01
  8.8629409790039062E+01
  8.8635055541992188E+01
  8.8640701293945312E+01
  8.8646347045898438E+01
  8.8651992797851562E+01
  8.8657638549804688E+01
  8.8663276672363281E+01
  8.8668914794921875E+01
  8.8674560546875000E+01
  8.8679954528808594E+01
  8.8685348510742188E+01
  8.8690734863281250E+01
  8.8696128845214844E+01
  8.8701522827148438E+01
  8.8706909179687500E+01
  8.8712295532226562E+01
  8.8717689514160156E+01
  8.8723083496093750E+01
  8.8728469848632812E+01
  8.8733863830566406E+01
  8.8739257812500000E+01
  8.8744644165039062E+01
  8.8750038146972656E+01
  8.8755432128906250E+01
  8.8760818481445312E+01
  8.8766212463378906E+01
  8.8771606445312500E+01
  8.8776992797851562E+01
  8.8782386779785156E+01
  8.8787780761718750E+01
  8.8793167114257812E+01
  8.8798553466796875E+01
  8.8803947448730469E+01
  8.8809341430664062E+01
  8.8814743041992188E+01
  8.8820129394531250E+01
  8.8825523376464844E+01
  8.8836303710937500E+01
  8.8847076416015625E+01
  8.8853485107421875E+01
  8.8859893798828125E+01
  8.8866287231445312E+01
  8.8872688293457031E+01
  8.8879089355468750E+01
  8.8885498046875000E+01
  8.8891899108886719E+01
  8.8898300170898438E+01
  8.8911109924316406E+01
  8.8923912048339844E+01
  8.8936706542968750E+01
  8.8949508666992188E+01
  8.8962318420410156E+01
  8.8975120544433594E+01
  8.8987922668457031E+01
  8.9000717163085938E+01
  8.9013526916503906E+01
  8.9026329040527344E+01
  8.9051933288574219E+01
  8.9074844360351562E+01
  8.9097755432128906E+01
  8.9120666503906250E+01
  8.9132125854492188E+01
  8.9143577575683594E+01
  8.9155708312988281E+01
  8.9167839050292969E+01
  8.9179969787597656E+01
  8.9192100524902344E+01
  8.9206253051757812E+01
  8.9220397949218750E+01
  8.9235221862792969E+01
  8.9246772766113281E+01
  8.9248222351074219E+01
  8.9253112792968750E+01
  8.9257987976074219E+01
  8.9267753601074219E+01
  8.9275283813476562E+01
  8.9289405822753906E+01
  8.9303527832031250E+01
  8.9316711425781250E+01
  8.9329902648925781E+01
  8.9343078613281250E+01
  8.9356262207031250E+01
  8.9368499755859375E+01
  8.9380737304687500E+01
  8.9405220031738281E+01
  8.9429702758789062E+01
  8.9454177856445312E+01
  8.9468307495117188E+01
  8.9482429504394531E+01
  8.9496559143066406E+01
  8.9510681152343750E+01
  8.9524810791015625E+01
  8.9538932800292969E+01
  8.9553047180175781E+01
  8.9567169189453125E+01
  8.9581298828125000E+01
  8.9588363647460938E+01
  8.9595420837402344E+01
  8.9602478027343750E+01
  8.9609542846679688E+01
  8.9616600036621094E+01
  8.9623657226562500E+01
  8.9630722045898438E+01
  8.9637786865234375E+01
  8.9644851684570312E+01
  8.9651908874511719E+01
  8.9658966064453125E+01
  8.9666030883789062E+01
  8.9673095703125000E+01
  8.9680152893066406E+01
  8.9687683105468750E+01
  8.9695220947265625E+01
  8.9702751159667969E+01
  8.9710281372070312E+01
  8.9717819213867188E+01
  8.9725349426269531E+01
  8.9732879638671875E+01
  8.9740409851074219E+01
  8.9747940063476562E+01
  8.9755477905273438E+01
  8.9763008117675781E+01
  8.9770538330078125E+01
  8.9778068542480469E+01
  8.9785598754882812E+01
  8.9793136596679688E+01
  8.9800666809082031E+01
  8.9808197021484375E+01
  8.9815734863281250E+01
  8.9823272705078125E+01
  8.9830802917480469E+01
  8.9838333129882812E+01
  8.9845870971679688E+01
  8.9853401184082031E+01
  8.9860931396484375E+01
  8.9868461608886719E+01
  8.9875991821289062E+01
  8.9883529663085938E+01
  8.9891059875488281E+01
  8.9898590087890625E+01
  8.9906127929687500E+01
  8.9913658142089844E+01
  8.9921188354492188E+01
  8.9928726196289062E+01
  8.9936256408691406E+01
  8.9943786621093750E+01
  8.9951324462890625E+01
  8.9958854675292969E+01
  8.9966384887695312E+01
  8.9973922729492188E+01
  8.9981452941894531E+01
  8.9988983154296875E+01
  8.9996520996093750E+01
  9.0004051208496094E+01
  9.0011581420898438E+01
  9.0019111633300781E+01
  9.0026641845703125E+01
  9.0034179687500000E+01
  9.0041709899902344E+01
  9.0049240112304688E+01
  9.0056777954101562E+01
  9.0064308166503906E+01
  9.0071838378906250E+01
  9.0079368591308594E+01
  9.0086898803710938E+01
  9.0094436645507812E+01
  9.0101966857910156E+01
  9.0117034912109375E+01
  9.0132095336914062E+01
  9.0147163391113281E+01
  9.0162231445312500E+01
  9.0177291870117188E+01
  9.0192359924316406E+01
  9.0207427978515625E+01
  9.0222488403320312E+01
  9.0237548828125000E+01
  9.0252616882324219E+01
  9.0267684936523438E+01
  9.0282745361328125E+01
  9.0297813415527344E+01
  9.0312881469726562E+01
  9.0327941894531250E+01
  9.0343009948730469E+01
  9.0358078002929688E+01
  9.0373138427734375E+01
  9.0388206481933594E+01
  9.0403274536132812E+01
  9.0418334960937500E+01
  9.0433403015136719E+01
  9.0448471069335938E+01
  9.0463531494140625E+01
  9.0478591918945312E+01
  9.0493659973144531E+01
  9.0508728027343750E+01
  9.0523788452148438E+01
  9.0538848876953125E+01
  9.0553916931152344E+01
  9.0568984985351562E+01
  9.0584045410156250E+01
  9.0599105834960938E+01
  9.0614173889160156E+01
  9.0629241943359375E+01
  9.0644302368164062E+01
  9.0659370422363281E+01
  9.0674438476562500E+01
  9.0689498901367188E+01
  9.0704566955566406E+01
  9.0722221374511719E+01
  9.0739875793457031E+01
  9.0757530212402344E+01
  9.0775184631347656E+01
  9.0810493469238281E+01
  9.0845802307128906E+01
  9.0881111145019531E+01
  9.0916419982910156E+01
  9.0951728820800781E+01
  9.0987037658691406E+01
  9.1022346496582031E+01
  9.1057655334472656E+01
  9.1128273010253906E+01
  9.1198890686035156E+01
  9.1269508361816406E+01
  9.1340126037597656E+01
  9.1410743713378906E+01
  9.1481361389160156E+01
  9.1551979064941406E+01
  9.1622596740722656E+01
  9.1693214416503906E+01
  9.1763832092285156E+01
  9.1834449768066406E+01
  9.1905067443847656E+01
  9.1940376281738281E+01
  9.1975685119628906E+01
  9.2010993957519531E+01
  9.2046302795410156E+01
  9.2081611633300781E+01
  9.2116920471191406E+01
  9.2152229309082031E+01
  9.2187538146972656E+01
  9.2222846984863281E+01
  9.2258155822753906E+01
  9.2293464660644531E+01
  9.2328773498535156E+01
  9.2364082336425781E+01
  9.2399391174316406E+01
  9.2417045593261719E+01
  9.2434700012207031E+01
  9.2452354431152344E+01
  9.2470008850097656E+01
  9.2487663269042969E+01
  9.2505317687988281E+01
  9.2522972106933594E+01
  9.2540626525878906E+01
  9.2558288574218750E+01
  9.2575942993164062E+01
  9.2593597412109375E+01
  9.2611251831054688E+01
  9.2628906250000000E+01
  9.2646560668945312E+01
  9.2664215087890625E+01
  9.2681861877441406E+01
  9.2699516296386719E+01
  9.2717170715332031E+01
  9.2734832763671875E+01
  9.2752479553222656E+01
  9.2770141601562500E+01
  9.2787788391113281E+01
  9.2805450439453125E+01
  9.2823097229003906E+01
  9.2840759277343750E+01
  9.2858413696289062E+01
  9.2876068115234375E+01
  9.2893722534179688E+01
  9.2911376953125000E+01
  9.2929031372070312E+01
  9.2964332580566406E+01
  9.2988815307617188E+01
  9.3013298034667969E+01
  9.3025543212890625E+01
  9.3037780761718750E+01
  9.3050018310546875E+01
  9.3062263488769531E+01
  9.3079208374023438E+01
  9.3096160888671875E+01
  9.3116416931152344E+01
  9.3126480102539062E+01
  9.3142761230468750E+01
  9.3154693603515625E+01
  9.3166633605957031E+01
  9.3180953979492188E+01
  9.3195281982421875E+01
  9.3209602355957031E+01
  9.3223922729492188E+01
  9.3238243103027344E+01
  9.3252563476562500E+01
  9.3274047851562500E+01
  9.3295532226562500E+01
  9.3317008972167969E+01
  9.3338493347167969E+01
  9.3359977722167969E+01
  9.3381462097167969E+01
  9.3402938842773438E+01
  9.3424423217773438E+01
  9.3445907592773438E+01
  9.3467391967773438E+01
  9.3478134155273438E+01
  9.3488868713378906E+01
  9.3499610900878906E+01
  9.3510353088378906E+01
  9.3521087646484375E+01
  9.3531829833984375E+01
  9.3542572021484375E+01
  9.3553306579589844E+01
  9.3564041137695312E+01
  9.3574783325195312E+01
  9.3585525512695312E+01
  9.3596267700195312E+01
  9.3611190795898438E+01
  9.3626113891601562E+01
  9.3641036987304688E+01
  9.3655952453613281E+01
  9.3670867919921875E+01
  9.3685791015625000E+01
  9.3700706481933594E+01
  9.3715621948242188E+01
  9.3730545043945312E+01
  9.3745460510253906E+01
  9.3775299072265625E+01
  9.3805130004882812E+01
  9.3834968566894531E+01
  9.3864807128906250E+01
  9.3894638061523438E+01
  9.3924476623535156E+01
  9.3954315185546875E+01
  9.3984153747558594E+01
  9.4013992309570312E+01
  9.4043823242187500E+01
  9.4073661804199219E+01
  9.4133331298828125E+01
  9.4193008422851562E+01
  9.4252677917480469E+01
  9.4312347412109375E+01
  9.4372024536132812E+01
  9.4431694030761719E+01
  9.4491363525390625E+01
  9.4551040649414062E+01
  9.4670387268066406E+01
  9.4789733886718750E+01
  9.4909072875976562E+01
  9.5028419494628906E+01
  9.5267105102539062E+01
  9.5505798339843750E+01
  9.5744491577148438E+01
  9.5983177185058594E+01
  9.6102523803710938E+01
  9.6221870422363281E+01
  9.6341217041015625E+01
  9.6460563659667969E+01
  9.6579910278320312E+01
  9.6699249267578125E+01
  9.6818595886230469E+01
  9.6878265380859375E+01
  9.6937942504882812E+01
  9.6997611999511719E+01
  9.7057281494140625E+01
  9.7116958618164062E+01
  9.7176628112792969E+01
  9.7236297607421875E+01
  9.7295974731445312E+01
  9.7355651855468750E+01
  9.7415321350097656E+01
  9.7451126098632812E+01
  9.7486930847167969E+01
  9.7522735595703125E+01
  9.7558540344238281E+01
  9.7594345092773438E+01
  9.7630149841308594E+01
  9.7665946960449219E+01
  9.7701751708984375E+01
  9.7737556457519531E+01
  9.7773361206054688E+01
  9.7809158325195312E+01
  9.7844963073730469E+01
  9.7880767822265625E+01
  9.7916572570800781E+01
  9.7952369689941406E+01
  9.7970268249511719E+01
  9.7988166809082031E+01
  9.8002502441406250E+01
  9.8027801513671875E+01
  9.8037857055664062E+01
  9.8056976318359375E+01
  9.8064598083496094E+01
  9.8083648681640625E+01
  9.8102699279785156E+01
  9.8121749877929688E+01
  9.8140800476074219E+01
  9.8163665771484375E+01
  9.8186523437500000E+01
  9.8232238769531250E+01
  9.8287490844726562E+01
  9.8315109252929688E+01
  9.8342727661132812E+01
  9.8370346069335938E+01
  9.8397972106933594E+01
  9.8425590515136719E+01
  9.8453208923339844E+01
  9.8480834960937500E+01
  9.8508453369140625E+01
  9.8536071777343750E+01
  9.8563697814941406E+01
  9.8618942260742188E+01
  9.8674179077148438E+01
  9.8729423522949219E+01
  9.8784667968750000E+01
  9.8839904785156250E+01
  9.8895149230957031E+01
  9.8950393676757812E+01
  9.9005630493164062E+01
  9.9060874938964844E+01
  9.9116119384765625E+01
  9.9171363830566406E+01
  9.9226608276367188E+01
  9.9281845092773438E+01
  9.9337089538574219E+01
  9.9392333984375000E+01
  9.9447570800781250E+01
  9.9502815246582031E+01
  9.9558059692382812E+01
  9.9613304138183594E+01
  9.9668548583984375E+01
  9.9723785400390625E+01
  9.9779029846191406E+01
  9.9834274291992188E+01
  9.9889518737792969E+01
  9.9944763183593750E+01
  1.0000000000000000E+02
  1.0004292297363281E+02
  1.0008584594726562E+02
  1.0012876892089844E+02
  1.0015023803710938E+02
  1.0017169952392578E+02
  1.0019316101074219E+02
  1.0021463012695312E+02
  1.0023609161376953E+02
  1.0025755310058594E+02
  1.0027901458740234E+02
  1.0030047607421875E+02
  1.0032193756103516E+02
  1.0034339904785156E+02
  1.0036487579345703E+02
  1.0038635253906250E+02
  1.0039708709716797E+02
  1.0040782165527344E+02
  1.0041856384277344E+02
  1.0042929840087891E+02
  1.0044001770019531E+02
  1.0045074462890625E+02
  1.0046147155761719E+02
  1.0047219848632812E+02
  1.0048292541503906E+02
  1.0049365234375000E+02
  1.0050437927246094E+02
  1.0051509857177734E+02
  1.0052581787109375E+02
  1.0053654479980469E+02
  1.0054727172851562E+02
  1.0055799865722656E+02
  1.0056872558593750E+02
  1.0057945251464844E+02
  1.0059017944335938E+02
  1.0060089874267578E+02
  1.0061161804199219E+02
  1.0062234497070312E+02
  1.0063307189941406E+02
  1.0064379882812500E+02
  1.0065454864501953E+02
  1.0066529846191406E+02
  1.0067599487304688E+02
  1.0068669891357422E+02
  1.0070019531250000E+02
  1.0071369934082031E+02
  1.0072720336914062E+02
  1.0074069976806641E+02
  1.0075420379638672E+02
  1.0076095581054688E+02
  1.0076770019531250E+02
  1.0077444458007812E+02
  1.0078119659423828E+02
  1.0078794860839844E+02
  1.0079470062255859E+02
  1.0080329895019531E+02
  1.0081189727783203E+02
  1.0082044982910156E+02
  1.0082900238037109E+02
  1.0083515167236328E+02
  1.0084130096435547E+02
  1.0084805297851562E+02
  1.0085479736328125E+02
  1.0086184692382812E+02
  1.0086889648437500E+02
  1.0087590026855469E+02
  1.0088289642333984E+02
  1.0089274597167969E+02
  1.0090260314941406E+02
  1.0091239929199219E+02
  1.0092220306396484E+02
  1.0093200683593750E+02
  1.0094180297851562E+02
  1.0095159912109375E+02
  1.0096140289306641E+02
  1.0097245025634766E+02
  1.0098349761962891E+02
  1.0099455261230469E+02
  1.0100559997558594E+02
  1.0101664733886719E+02
  1.0102770233154297E+02
  1.0103869628906250E+02
  1.0104969787597656E+02
  1.0106074523925781E+02
  1.0107180023193359E+02
  1.0108280181884766E+02
  1.0109380340576172E+02
  1.0110485076904297E+02
  1.0111589813232422E+02
  1.0112689971923828E+02
  1.0113790130615234E+02
  1.0114527893066406E+02
  1.0115264892578125E+02
  1.0116001892089844E+02
  1.0116739654541016E+02
  1.0117474365234375E+02
  1.0118209838867188E+02
  1.0118945312500000E+02
  1.0119680023193359E+02
  1.0120414733886719E+02
  1.0121150207519531E+02
  1.0121884918212891E+02
  1.0122619628906250E+02
  1.0123355102539062E+02
  1.0124089813232422E+02
  1.0124824523925781E+02
  1.0125559997558594E+02
  1.0126297760009766E+02
  1.0127035522460938E+02
  1.0127772521972656E+02
  1.0128510284423828E+02
  1.0129244995117188E+02
  1.0129980468750000E+02
  1.0130715179443359E+02
  1.0131449890136719E+02
  1.0132185363769531E+02
  1.0132920074462891E+02
  1.0133654785156250E+02
  1.0134390258789062E+02
  1.0135124969482422E+02
  1.0135859680175781E+02
  1.0136595153808594E+02
  1.0137329864501953E+02
  1.0138005065917969E+02
  1.0138679504394531E+02
  1.0139354705810547E+02
  1.0140029907226562E+02
  1.0140705108642578E+02
  1.0141380310058594E+02
  1.0142054748535156E+02
  1.0142729949951172E+02
  1.0143405151367188E+02
  1.0144079589843750E+02
  1.0144754791259766E+02
  1.0145429992675781E+02
  1.0146102905273438E+02
  1.0146775054931641E+02
  1.0147447204589844E+02
  1.0148120117187500E+02
  1.0148795318603516E+02
  1.0149470520019531E+02
  1.0150144958496094E+02
  1.0150820159912109E+02
  1.0151495361328125E+02
  1.0152169799804688E+02
  1.0152845001220703E+02
  1.0153520202636719E+02
  1.0154195404052734E+02
  1.0154870605468750E+02
  1.0155545043945312E+02
  1.0156220245361328E+02
  1.0156892395019531E+02
  1.0157565307617188E+02
  1.0158238220214844E+02
  1.0158910369873047E+02
  1.0159585571289062E+02
  1.0160260009765625E+02
  1.0160934448242188E+02
  1.0161609649658203E+02
  1.0162284851074219E+02
  1.0162959289550781E+02
  1.0163634490966797E+02
  1.0164309692382812E+02
  1.0164984893798828E+02
  1.0165660095214844E+02
  1.0166334533691406E+02
  1.0167009735107422E+02
  1.0167681884765625E+02
  1.0168354797363281E+02
  1.0169027709960938E+02
  1.0169699859619141E+02
  1.0170375061035156E+02
  1.0171049499511719E+02
  1.0171724700927734E+02
  1.0172399902343750E+02
  1.0173075103759766E+02
  1.0173750305175781E+02
  1.0174424743652344E+02
  1.0175099945068359E+02
  1.0175775146484375E+02
  1.0176449584960938E+02
  1.0177124786376953E+02
  1.0177799987792969E+02
  1.0178472900390625E+02
  1.0179145050048828E+02
  1.0179817199707031E+02
  1.0180490112304688E+02
  1.0181287384033203E+02
  1.0182084655761719E+02
  1.0182882690429688E+02
  1.0183679962158203E+02
  1.0184477233886719E+02
  1.0185275268554688E+02
  1.0186072540283203E+02
  1.0186869812011719E+02
  1.0187669372558594E+02
  1.0188469696044922E+02
  1.0189264678955078E+02
  1.0190059661865234E+02
  1.0190859985351562E+02
  1.0191660308837891E+02
  1.0192455291748047E+02
  1.0193250274658203E+02
  1.0194050598144531E+02
  1.0194850158691406E+02
  1.0195645141601562E+02
  1.0196440124511719E+02
  1.0197239685058594E+02
  1.0198040008544922E+02
  1.0198834991455078E+02
  1.0199629974365234E+02
  1.0200430297851562E+02
  1.0201229858398438E+02
  1.0202024841308594E+02
  1.0202819824218750E+02
  1.0203614807128906E+02
  1.0204409790039062E+02
  1.0205204772949219E+02
  1.0205999755859375E+02
  1.0206735229492188E+02
  1.0207469940185547E+02
  1.0208204650878906E+02
  1.0208940124511719E+02
  1.0209675598144531E+02
  1.0210410308837891E+02
  1.0211145019531250E+02
  1.0211879730224609E+02
  1.0212614440917969E+02
  1.0213349914550781E+02
  1.0214085388183594E+02
  1.0214820098876953E+02
  1.0215554809570312E+02
  1.0216290283203125E+02
  1.0217024993896484E+02
  1.0217759704589844E+02
  1.0218810272216797E+02
  1.0219850158691406E+02
  1.0220890045166016E+02
  1.0221929931640625E+02
  1.0222975158691406E+02
  1.0224019622802734E+02
  1.0226100158691406E+02
  1.0228189849853516E+02
  1.0230269622802734E+02
  1.0232350158691406E+02
  1.0234429931640625E+02
  1.0237129974365234E+02
  1.0239830017089844E+02
  1.0242524719238281E+02
  1.0243872070312500E+02
  1.0245220184326172E+02
  1.0246690368652344E+02
  1.0248159790039062E+02
  1.0249629974365234E+02
  1.0251100158691406E+02
  1.0252189636230469E+02
  1.0253279876708984E+02
  1.0254364776611328E+02
  1.0255449676513672E+02
  1.0255899810791016E+02
  1.0256050109863281E+02
  1.0256479644775391E+02
  1.0256900024414062E+02
  1.0257740020751953E+02
  1.0259429931640625E+02
  1.0260525512695312E+02
  1.0261620330810547E+02
  1.0262710571289062E+02
  1.0263800048828125E+02
  1.0265979766845703E+02
  1.0268160247802734E+02
  1.0269525146484375E+02
  1.0270890045166016E+02
  1.0273619842529297E+02
  1.0276349639892578E+02
  1.0279080200195312E+02
  1.0281390380859375E+02
  1.0283699798583984E+02
  1.0286009979248047E+02
  1.0287165069580078E+02
  1.0288320159912109E+02
  1.0289479827880859E+02
  1.0290630340576172E+02
  1.0291790008544922E+02
  1.0292939758300781E+02
  1.0294100189208984E+02
  1.0295249938964844E+02
  1.0296410369873047E+02
  1.0297560119628906E+02
  1.0298719787597656E+02
  1.0299870300292969E+02
  1.0301029968261719E+02
  1.0302179718017578E+02
  1.0303340148925781E+02
  1.0304489898681641E+02
  1.0305644989013672E+02
  1.0306800079345703E+02
  1.0307955169677734E+02
  1.0309110260009766E+02
  1.0310264587402344E+02
  1.0311419677734375E+02
  1.0312574768066406E+02
  1.0313729858398438E+02
  1.0314884948730469E+02
  1.0316040039062500E+02
  1.0317195129394531E+02
  1.0318350219726562E+02
  1.0319505310058594E+02
  1.0320659637451172E+02
  1.0321814727783203E+02
  1.0322969818115234E+02
  1.0324124908447266E+02
  1.0325279998779297E+02
  1.0326435089111328E+02
  1.0327590179443359E+02
  1.0328745269775391E+02
  1.0329900360107422E+02
  1.0331054687500000E+02
  1.0332209777832031E+02
  1.0333364868164062E+02
  1.0334519958496094E+02
  1.0335569763183594E+02
  1.0336619567871094E+02
  1.0337669372558594E+02
  1.0338719940185547E+02
  1.0339770507812500E+02
  1.0340820312500000E+02
  1.0341870117187500E+02
  1.0342919921875000E+02
  1.0343969726562500E+02
  1.0345019531250000E+02
  1.0346069335937500E+02
  1.0347119903564453E+02
  1.0348170471191406E+02
  1.0349220275878906E+02
  1.0350270080566406E+02
  1.0351319885253906E+02
  1.0352369689941406E+02
  1.0353419494628906E+02
  1.0354469299316406E+02
  1.0355519866943359E+02
  1.0356570434570312E+02
  1.0357620239257812E+02
  1.0358670043945312E+02
  1.0359719848632812E+02
  1.0360769653320312E+02
  1.0361819458007812E+02
  1.0362869262695312E+02
  1.0363919830322266E+02
  1.0364970397949219E+02
  1.0366020202636719E+02
  1.0367070007324219E+02
  1.0368119812011719E+02
  1.0369169616699219E+02
  1.0370219421386719E+02
  1.0371269226074219E+02
  1.0372319793701172E+02
  1.0373370361328125E+02
  1.0374420166015625E+02
  1.0375469970703125E+02
  1.0376519775390625E+02
  1.0377569580078125E+02
  1.0378619384765625E+02
  1.0379669189453125E+02
  1.0380719757080078E+02
  1.0381770324707031E+02
  1.0382820129394531E+02
  1.0383869934082031E+02
  1.0384919738769531E+02
  1.0385969543457031E+02
  1.0387019348144531E+02
  1.0388069152832031E+02
  1.0389119720458984E+02
  1.0390170288085938E+02
  1.0391220092773438E+02
  1.0392269897460938E+02
  1.0393319702148438E+02
  1.0395417022705078E+02
  1.0396466064453125E+02
  1.0397514343261719E+02
  1.0399612426757812E+02
  1.0401709747314453E+02
  1.0403704833984375E+02
  1.0405699920654297E+02
  1.0407695007324219E+02
  1.0409690093994141E+02
  1.0411685180664062E+02
  1.0413679504394531E+02
  1.0415674591064453E+02
  1.0417669677734375E+02
  1.0419664764404297E+02
  1.0421659851074219E+02
  1.0423654937744141E+02
  1.0425650024414062E+02
  1.0427645111083984E+02
  1.0429640197753906E+02
  1.0431635284423828E+02
  1.0433630371093750E+02
  1.0435625457763672E+02
  1.0437620544433594E+02
  1.0439614868164062E+02
  1.0441609954833984E+02
  1.0443605041503906E+02
  1.0445600128173828E+02
  1.0447595214843750E+02
  1.0449590301513672E+02
  1.0451583862304688E+02
  1.0453578186035156E+02
  1.0455571746826172E+02
  1.0457565307617188E+02
  1.0459558868408203E+02
  1.0461552429199219E+02
  1.0463546752929688E+02
  1.0465540313720703E+02
  1.0469529724121094E+02
  1.0473519897460938E+02
  1.0477510070800781E+02
  1.0481500244140625E+02
  1.0485487365722656E+02
  1.0489475250244141E+02
  1.0493463134765625E+02
  1.0497450256347656E+02
  1.0501440429687500E+02
  1.0505430603027344E+02
  1.0509420776367188E+02
  1.0513410186767578E+02
  1.0517398071289062E+02
  1.0521385192871094E+02
  1.0525372314453125E+02
  1.0529360198974609E+02
  1.0536920166015625E+02
  1.0544480133056641E+02
  1.0552040100097656E+02
  1.0559600067138672E+02
  1.0567160034179688E+02
  1.0574720001220703E+02
  1.0582279968261719E+02
  1.0589839935302734E+02
  1.0597399902343750E+02
  1.0604959869384766E+02
  1.0612519836425781E+02
  1.0620079803466797E+02
  1.0627636718750000E+02
  1.0635194396972656E+02
  1.0642752075195312E+02
  1.0650309753417969E+02
  1.0657869720458984E+02
  1.0665429687500000E+02
  1.0672989654541016E+02
  1.0680549621582031E+02
  1.0695664978027344E+02
  1.0710780334472656E+02
  1.0725900268554688E+02
  1.0741020202636719E+02
  1.0756135559082031E+02
  1.0771250152587891E+02
  1.0789730072021484E+02
  1.0808209991455078E+02
  1.0826684570312500E+02
  1.0845159912109375E+02
  1.0863635253906250E+02
  1.0882109832763672E+02
  1.0900584411621094E+02
  1.0919059753417969E+02
  1.0937539672851562E+02
  1.0956020355224609E+02
  1.0965257263183594E+02
  1.0974494934082031E+02
  1.0983732604980469E+02
  1.0992970275878906E+02
  1.1002207946777344E+02
  1.1006826782226562E+02
  1.1011445617675781E+02
  1.1016064453125000E+02
  1.1020683288574219E+02
  1.1025302124023438E+02
  1.1029920196533203E+02
  1.1034539794921875E+02
  1.1039160156250000E+02
  1.1043780517578125E+02
  1.1048400115966797E+02
  1.1050709533691406E+02
  1.1053018188476562E+02
  1.1055326843261719E+02
  1.1057635498046875E+02
  1.1059944152832031E+02
  1.1062252807617188E+02
  1.1064561462402344E+02
  1.1066870117187500E+02
  1.1069599914550781E+02
  1.1072329711914062E+02
  1.1075059509277344E+02
  1.1076425170898438E+02
  1.1077790069580078E+02
  1.1079154968261719E+02
  1.1080519866943359E+02
  1.1081884765625000E+02
  1.1083249664306641E+02
  1.1084614562988281E+02
  1.1085980224609375E+02
  1.1088710021972656E+02
  1.1091439819335938E+02
  1.1094170379638672E+02
  1.1096900177001953E+02
  1.1099629974365234E+02
  1.1102360534667969E+02
  1.1105090332031250E+02
  1.1107820129394531E+02
  1.1110549926757812E+02
  1.1112229919433594E+02
  1.1113909912109375E+02
  1.1115589904785156E+02
  1.1117269897460938E+02
  1.1119789886474609E+02
  1.1121769714355469E+02
  1.1123480224609375E+02
  1.1125679779052734E+02
  1.1127194976806641E+02
  1.1128710174560547E+02
  1.1130224609375000E+02
  1.1131739807128906E+02
  1.1133950042724609E+02
  1.1136569976806641E+02
  1.1139189910888672E+02
  1.1141804504394531E+02
  1.1144419860839844E+02
  1.1147039794921875E+02
  1.1149649810791016E+02
  1.1152269744873047E+02
  1.1154879760742188E+02
  1.1157499694824219E+02
  1.1160109710693359E+02
  1.1161419677734375E+02
  1.1162729644775391E+02
  1.1165339660644531E+02
  1.1167955017089844E+02
  1.1170570373535156E+02
  1.1173185729980469E+02
  1.1175800323486328E+02
  1.1177867126464844E+02
  1.1179933166503906E+02
  1.1181999206542969E+02
  1.1184065246582031E+02
  1.1186131286621094E+02
  1.1188197326660156E+02
  1.1192330169677734E+02
  1.1196459960937500E+02
  1.1200590515136719E+02
  1.1204720306396484E+02
  1.1208850097656250E+02
  1.1212979888916016E+02
  1.1217109680175781E+02
  1.1221240234375000E+02
  1.1225370025634766E+02
  1.1229499816894531E+02
  1.1233630371093750E+02
  1.1241889953613281E+02
  1.1250149536132812E+02
  1.1258409881591797E+02
  1.1266670227050781E+02
  1.1274929809570312E+02
  1.1283189392089844E+02
  1.1291449737548828E+02
  1.1299710083007812E+02
  1.1307969665527344E+02
  1.1316232299804688E+02
  1.1324494934082031E+02
  1.1332757568359375E+02
  1.1341020202636719E+02
  1.1349279785156250E+02
  1.1357540130615234E+02
  1.1365800476074219E+02
  1.1374060058593750E+02
  1.1382319641113281E+02
  1.1390579986572266E+02
  1.1398840332031250E+02
  1.1407099914550781E+02
  1.1415359497070312E+02
  1.1419490051269531E+02
  1.1423619842529297E+02
  1.1427749633789062E+02
  1.1431880187988281E+02
  1.1436009979248047E+02
  1.1440139770507812E+02
  1.1443719482421875E+02
  1.1447299957275391E+02
  1.1450880432128906E+02
  1.1454460144042969E+02
  1.1458039855957031E+02
  1.1461619567871094E+02
  1.1465199279785156E+02
  1.1468779754638672E+02
  1.1470570373535156E+02
  1.1472360229492188E+02
  1.1474150085449219E+02
  1.1475939941406250E+02
  1.1477729797363281E+02
  1.1479519653320312E+02
  1.1481309509277344E+02
  1.1483100128173828E+02
  1.1484890747070312E+02
  1.1486680603027344E+02
  1.1488470458984375E+02
  1.1490260314941406E+02
  1.1492050170898438E+02
  1.1493840026855469E+02
  1.1495629882812500E+02
  1.1497419738769531E+02
  1.1499209594726562E+02
  1.1500999450683594E+02
  1.1502789306640625E+02
  1.1504579925537109E+02
  1.1506370544433594E+02
  1.1508160400390625E+02
  1.1509950256347656E+02
  1.1511740112304688E+02
  1.1513529968261719E+02
  1.1515319824218750E+02
  1.1517109680175781E+02
  1.1518900299072266E+02
  1.1520690155029297E+02
  1.1522480010986328E+02
  1.1524269866943359E+02
  1.1526059722900391E+02
  1.1527850341796875E+02
  1.1529640197753906E+02
  1.1531430053710938E+02
  1.1533219909667969E+02
  1.1535009765625000E+02
  1.1536799621582031E+02
  1.1538589477539062E+02
  1.1540380096435547E+02
  1.1542170715332031E+02
  1.1543065643310547E+02
  1.1543960571289062E+02
  1.1544855499267578E+02
  1.1545750427246094E+02
  1.1547540283203125E+02
  1.1548434448242188E+02
  1.1549327850341797E+02
  1.1550221252441406E+02
  1.1551115417480469E+02
  1.1552008819580078E+02
  1.1552902221679688E+02
  1.1553796386718750E+02
  1.1554689788818359E+02
  1.1555653381347656E+02
  1.1556617736816406E+02
  1.1557581329345703E+02
  1.1558544921875000E+02
  1.1559508514404297E+02
  1.1560472106933594E+02
  1.1561436462402344E+02
  1.1562400054931641E+02
  1.1563363647460938E+02
  1.1564328002929688E+02
  1.1565291595458984E+02
  1.1566255187988281E+02
  1.1567218780517578E+02
  1.1568182373046875E+02
  1.1569146728515625E+02
  1.1570110321044922E+02
  1.1571073913574219E+02
  1.1572038269042969E+02
  1.1573001861572266E+02
  1.1573965454101562E+02
  1.1574929046630859E+02
  1.1575892639160156E+02
  1.1576856231689453E+02
  1.1577819824218750E+02
  1.1578783416748047E+02
  1.1579747009277344E+02
  1.1580711364746094E+02
  1.1581674957275391E+02
  1.1582638549804688E+02
  1.1583602905273438E+02
  1.1584566497802734E+02
  1.1585530090332031E+02
  1.1586495208740234E+02
  1.1587460327148438E+02
  1.1588424682617188E+02
  1.1589389801025391E+02
  1.1590351867675781E+02
  1.1591314697265625E+02
  1.1592277526855469E+02
  1.1593240356445312E+02
  1.1594205474853516E+02
  1.1595170593261719E+02
  1.1596134948730469E+02
  1.1597100067138672E+02
  1.1598062133789062E+02
  1.1599024963378906E+02
  1.1599987792968750E+02
  1.1600949859619141E+02
  1.1601914978027344E+02
  1.1602880096435547E+02
  1.1603845214843750E+02
  1.1604810333251953E+02
  1.1605772399902344E+02
  1.1606253814697266E+02
  1.1606735229492188E+02
  1.1607216644287109E+02
  1.1607698059082031E+02
  1.1608178710937500E+02
  1.1608660125732422E+02
  1.1609141540527344E+02
  1.1609622192382812E+02
  1.1610103607177734E+02
  1.1610585021972656E+02
  1.1611066436767578E+02
  1.1611547851562500E+02
  1.1612028503417969E+02
  1.1612509918212891E+02
  1.1612992858886719E+02
  1.1613475036621094E+02
  1.1613957214355469E+02
  1.1614440155029297E+02
  1.1614920043945312E+02
  1.1615399932861328E+02
  1.1615879821777344E+02
  1.1616359710693359E+02
  1.1616929626464844E+02
  1.1617500305175781E+02
  1.1618070220947266E+02
  1.1618640136718750E+02
  1.1619210052490234E+02
  1.1619779968261719E+02
  1.1620344543457031E+02
  1.1620909881591797E+02
  1.1621479797363281E+02
  1.1622049713134766E+02
  1.1622619628906250E+02
  1.1623190307617188E+02
  1.1623760223388672E+02
  1.1624330139160156E+02
  1.1624894714355469E+02
  1.1625460052490234E+02
  1.1626029968261719E+02
  1.1626599884033203E+02
  1.1627169799804688E+02
  1.1627739715576172E+02
  1.1628309631347656E+02
  1.1628880310058594E+02
  1.1629444885253906E+02
  1.1630010223388672E+02
  1.1630580139160156E+02
  1.1631150054931641E+02
  1.1631715393066406E+02
  1.1632279968261719E+02
  1.1632849884033203E+02
  1.1633419799804688E+02
  1.1633984375000000E+02
  1.1634549713134766E+02
  1.1635279846191406E+02
  1.1636000061035156E+02
  1.1636720275878906E+02
  1.1637439727783203E+02
  1.1638400268554688E+02
  1.1639160156250000E+02
  1.1639920043945312E+02
  1.1640579986572266E+02
  1.1641230010986328E+02
  1.1641880035400391E+02
  1.1642530059814453E+02
  1.1643260192871094E+02
  1.1643979644775391E+02
  1.1644699859619141E+02
  1.1645420074462891E+02
  1.1646150207519531E+02
  1.1646869659423828E+02
  1.1647589874267578E+02
  1.1648310089111328E+02
  1.1649549865722656E+02
  1.1650789642333984E+02
  1.1652030181884766E+02
  1.1653269958496094E+02
  1.1654509735107422E+02
  1.1655750274658203E+02
  1.1656990051269531E+02
  1.1658219909667969E+02
  1.1659600067138672E+02
  1.1660980224609375E+02
  1.1662359619140625E+02
  1.1663729858398438E+02
  1.1666480255126953E+02
  1.1669229888916016E+02
  1.1671440124511719E+02
  1.1673090362548828E+02
  1.1674604797363281E+02
  1.1676119995117188E+02
  1.1677635192871094E+02
  1.1679149627685547E+02
  1.1680389404296875E+02
  1.1681629943847656E+02
  1.1682865142822266E+02
  1.1684100341796875E+02
  1.1685624694824219E+02
  1.1687149810791016E+02
  1.1689230346679688E+02
  1.1689379882812500E+02
  1.1689720153808594E+02
  1.1690059661865234E+02
  1.1690730285644531E+02
  1.1692079925537109E+02
  1.1694190216064453E+02
  1.1696299743652344E+02
  1.1697940063476562E+02
  1.1699579620361328E+02
  1.1701219940185547E+02
  1.1702860260009766E+02
  1.1704264831542969E+02
  1.1705670166015625E+02
  1.1708480072021484E+02
  1.1711289978027344E+02
  1.1714099884033203E+02
  1.1716680145263672E+02
  1.1717970275878906E+02
  1.1719259643554688E+02
  1.1720549774169922E+02
  1.1721839904785156E+02
  1.1723130035400391E+02
  1.1724410247802734E+02
  1.1725700378417969E+02
  1.1726989746093750E+02
  1.1728279876708984E+02
  1.1729560089111328E+02
  1.1730850219726562E+02
  1.1732140350341797E+02
  1.1733429718017578E+02
  1.1734709930419922E+02
  1.1735939788818359E+02
  1.1737169647216797E+02
  1.1737785339355469E+02
  1.1738400268554688E+02
  1.1739015197753906E+02
  1.1739630126953125E+02
  1.1740245056152344E+02
  1.1740859985351562E+02
  1.1741474914550781E+02
  1.1742089843750000E+02
  1.1742704772949219E+02
  1.1743319702148438E+02
  1.1743934631347656E+02
  1.1744550323486328E+02
  1.1745165252685547E+02
  1.1745780181884766E+02
  1.1746395111083984E+02
  1.1747010040283203E+02
  1.1747624969482422E+02
  1.1748239898681641E+02
  1.1748854827880859E+02
  1.1749469757080078E+02
  1.1750085449218750E+02
  1.1750700378417969E+02
  1.1751315307617188E+02
  1.1751930236816406E+02
  1.1752542877197266E+02
  1.1753155517578125E+02
  1.1753767395019531E+02
  1.1754380035400391E+02
  1.1754994964599609E+02
  1.1755609893798828E+02
  1.1756224822998047E+02
  1.1756839752197266E+02
  1.1757455444335938E+02
  1.1758070373535156E+02
  1.1758685302734375E+02
  1.1759300231933594E+02
  1.1759915161132812E+02
  1.1760530090332031E+02
  1.1761145019531250E+02
  1.1761759948730469E+02
  1.1762374877929688E+02
  1.1762989807128906E+02
  1.1763604736328125E+02
  1.1764219665527344E+02
  1.1764834594726562E+02
  1.1765449523925781E+02
  1.1766064453125000E+02
  1.1766680145263672E+02
  1.1767295074462891E+02
  1.1767910003662109E+02
  1.1768524932861328E+02
  1.1769139862060547E+02
  1.1769754028320312E+02
  1.1770367431640625E+02
  1.1770980834960938E+02
  1.1771595001220703E+02
  1.1772209167480469E+02
  1.1772822570800781E+02
  1.1774050140380859E+02
  1.1775222778320312E+02
  1.1776394653320312E+02
  1.1777567291259766E+02
  1.1778739929199219E+02
  1.1779910278320312E+02
  1.1781079864501953E+02
  1.1782249450683594E+02
  1.1783419799804688E+02
  1.1784592437744141E+02
  1.1785765075683594E+02
  1.1786937713623047E+02
  1.1788110351562500E+02
  1.1789280700683594E+02
  1.1790450286865234E+02
  1.1791619873046875E+02
  1.1792790222167969E+02
  1.1793962860107422E+02
  1.1795135498046875E+02
  1.1796307373046875E+02
  1.1797480010986328E+02
  1.1798649597167969E+02
  1.1799819946289062E+02
  1.1800990295410156E+02
  1.1802159881591797E+02
  1.1803329467773438E+02
  1.1804499816894531E+02
  1.1805670166015625E+02
  1.1806839752197266E+02
  1.1808009338378906E+02
  1.1809179687500000E+02
  1.1810350036621094E+02
  1.1811519622802734E+02
  1.1812690734863281E+02
  1.1813862609863281E+02
  1.1815033721923828E+02
  1.1816204833984375E+02
  1.1817375946044922E+02
  1.1818547058105469E+02
  1.1819718933105469E+02
  1.1820890045166016E+02
  1.1822061157226562E+02
  1.1823233032226562E+02
  1.1824404144287109E+02
  1.1825575256347656E+02
  1.1826746368408203E+02
  1.1827917480468750E+02
  1.1829088592529297E+02
  1.1830259704589844E+02
  1.1831430816650391E+02
  1.1832601928710938E+02
  1.1833773803710938E+02
  1.1834944915771484E+02
  1.1836116027832031E+02
  1.1837287902832031E+02
  1.1838459014892578E+02
  1.1839630126953125E+02
  1.1840800476074219E+02
  1.1841970062255859E+02
  1.1843139648437500E+02
  1.1844309997558594E+02
  1.1845480346679688E+02
  1.1846649932861328E+02
  1.1847819519042969E+02
  1.1848989868164062E+02
  1.1850043487548828E+02
  1.1851097106933594E+02
  1.1852151489257812E+02
  1.1853205108642578E+02
  1.1854258728027344E+02
  1.1855313110351562E+02
  1.1856366729736328E+02
  1.1857420349121094E+02
  1.1858473968505859E+02
  1.1859527587890625E+02
  1.1860581207275391E+02
  1.1861634826660156E+02
  1.1862688446044922E+02
  1.1863742065429688E+02
  1.1864796447753906E+02
  1.1865850067138672E+02
  1.1867958068847656E+02
  1.1870065307617188E+02
  1.1872172546386719E+02
  1.1874279785156250E+02
  1.1876387023925781E+02
  1.1878495025634766E+02
  1.1880603027343750E+02
  1.1882710266113281E+02
  1.1884817504882812E+02
  1.1886924743652344E+02
  1.1889031982421875E+02
  1.1891139984130859E+02
  1.1893249511718750E+02
  1.1895359802246094E+02
  1.1897464752197266E+02
  1.1899569702148438E+02
  1.1901679992675781E+02
  1.1903790283203125E+02
  1.1905895233154297E+02
  1.1908000183105469E+02
  1.1910105133056641E+02
  1.1912210083007812E+02
  1.1916419982910156E+02
  1.1919000244140625E+02
  1.1921579742431641E+02
  1.1924154663085938E+02
  1.1926730346679688E+02
  1.1928600311279297E+02
  1.1930470275878906E+02
  1.1932550048828125E+02
  1.1934259796142578E+02
  1.1937599945068359E+02
  1.1939260101318359E+02
  1.1941865539550781E+02
  1.1944470214843750E+02
  1.1947074890136719E+02
  1.1949680328369141E+02
  1.1954889678955078E+02
  1.1960099792480469E+02
  1.1962704467773438E+02
  1.1965309906005859E+02
  1.1967915344238281E+02
  1.1970520019531250E+02
  1.1973124694824219E+02
  1.1975730133056641E+02
  1.1978330230712891E+02
  1.1980930328369141E+02
  1.1983535766601562E+02
  1.1986140441894531E+02
  1.1988745117187500E+02
  1.1991349792480469E+02
  1.1993954467773438E+02
  1.1996559906005859E+02
  1.1999165344238281E+02
  1.2001770019531250E+02
  1.2006977844238281E+02
  1.2012184906005859E+02
  1.2017391967773438E+02
  1.2022599792480469E+02
  1.2027880096435547E+02
  1.2033160400390625E+02
  1.2038439941406250E+02
  1.2043720245361328E+02
  1.2048997497558594E+02
  1.2054275512695312E+02
  1.2059552764892578E+02
  1.2064830017089844E+02
  1.2070107269287109E+02
  1.2075384521484375E+02
  1.2085939788818359E+02
  1.2096495056152344E+02
  1.2107050323486328E+02
  1.2117605590820312E+02
  1.2128160095214844E+02
  1.2138714599609375E+02
  1.2149269866943359E+02
  1.2159825134277344E+02
  1.2170379638671875E+02
  1.2180934906005859E+02
  1.2191490173339844E+02
  1.2202047729492188E+02
  1.2212605285644531E+02
  1.2223162841796875E+02
  1.2233719635009766E+02
  1.2254829406738281E+02
  1.2275939941406250E+02
  1.2286495208740234E+02
  1.2297050476074219E+02
  1.2307604980468750E+02
  1.2318160247802734E+02
  1.2323437500000000E+02
  1.2328715515136719E+02
  1.2333992767333984E+02
  1.2339270019531250E+02
  1.2344547271728516E+02
  1.2349824523925781E+02
  1.2355102539062500E+02
  1.2360379791259766E+02
  1.2364825439453125E+02
  1.2369270324707031E+02
  1.2373715209960938E+02
  1.2378160095214844E+02
  1.2382604980468750E+02
  1.2384827423095703E+02
  1.2387049865722656E+02
  1.2389272308349609E+02
  1.2391494750976562E+02
  1.2393717193603516E+02
  1.2395939636230469E+02
  1.2398162078857422E+02
  1.2400384521484375E+02
  1.2402606964111328E+02
  1.2404829406738281E+02
  1.2407051849365234E+02
  1.2409274291992188E+02
  1.2411497497558594E+02
  1.2413719940185547E+02
  1.2415940856933594E+02
  1.2418162536621094E+02
  1.2420384216308594E+02
  1.2422605133056641E+02
  1.2424826049804688E+02
  1.2427047729492188E+02
  1.2429269409179688E+02
  1.2430380249023438E+02
  1.2431490325927734E+02
  1.2432879638671875E+02
  1.2434269714355469E+02
  1.2435659790039062E+02
  1.2437049865722656E+02
  1.2438439941406250E+02
  1.2439830017089844E+02
  1.2441220092773438E+02
  1.2442610168457031E+02
  1.2444000244140625E+02
  1.2445390319824219E+02
  1.2446780395507812E+02
  1.2448169708251953E+02
  1.2449559783935547E+02
  1.2450949859619141E+02
  1.2452334594726562E+02
  1.2453720092773438E+02
  1.2455110168457031E+02
  1.2456500244140625E+02
  1.2457890319824219E+02
  1.2459279632568359E+02
  1.2460669708251953E+02
  1.2462059783935547E+02
  1.2463449859619141E+02
  1.2464830017089844E+02
  1.2466220092773438E+02
  1.2467610168457031E+02
  1.2469000244140625E+02
  1.2470390319824219E+02
  1.2471779632568359E+02
  1.2473169708251953E+02
  1.2474559783935547E+02
  1.2475939941406250E+02
  1.2478029632568359E+02
  1.2480110168457031E+02
  1.2482194519042969E+02
  1.2484279632568359E+02
  1.2486361694335938E+02
  1.2488444519042969E+02
  1.2490527343750000E+02
  1.2492610168457031E+02
  1.2494000244140625E+02
  1.2495390319824219E+02
  1.2496775054931641E+02
  1.2498159790039062E+02
  1.2499620056152344E+02
  1.2501080322265625E+02
  1.2502600097656250E+02
  1.2503749847412109E+02
  1.2505709838867188E+02
  1.2506819915771484E+02
  1.2507929992675781E+02
  1.2510050201416016E+02
  1.2512169647216797E+02
  1.2513479614257812E+02
  1.2514790344238281E+02
  1.2516100311279297E+02
  1.2517410278320312E+02
  1.2520030212402344E+02
  1.2522650146484375E+02
  1.2526280212402344E+02
  1.2528099822998047E+02
  1.2529910278320312E+02
  1.2531729888916016E+02
  1.2533540344238281E+02
  1.2535350036621094E+02
  1.2537159729003906E+02
  1.2539050292968750E+02
  1.2540940093994141E+02
  1.2541885375976562E+02
  1.2542829895019531E+02
  1.2544719696044922E+02
  1.2545664978027344E+02
  1.2546610260009766E+02
  1.2547555541992188E+02
  1.2548500061035156E+02
  1.2549444580078125E+02
  1.2550389862060547E+02
  1.2551335144042969E+02
  1.2552279663085938E+02
  1.2553224945068359E+02
  1.2554170227050781E+02
  1.2555114746093750E+02
  1.2556060028076172E+02
  1.2557005310058594E+02
  1.2557949829101562E+02
  1.2558894348144531E+02
  1.2559839630126953E+02
  1.2560784912109375E+02
  1.2561729431152344E+02
  1.2562674713134766E+02
  1.2563619995117188E+02
  1.2564565277099609E+02
  1.2565510559082031E+02
  1.2566455078125000E+02
  1.2567400360107422E+02
  1.2568345642089844E+02
  1.2569290161132812E+02
  1.2570235443115234E+02
  1.2571180725097656E+02
  1.2572125244140625E+02
  1.2573070526123047E+02
  1.2574015808105469E+02
  1.2574960327148438E+02
  1.2576850128173828E+02
  1.2578739929199219E+02
  1.2580630493164062E+02
  1.2582520294189453E+02
  1.2584410095214844E+02
  1.2586300659179688E+02
  1.2588190460205078E+02
  1.2590080261230469E+02
  1.2591970062255859E+02
  1.2593859863281250E+02
  1.2595750427246094E+02
  1.2597640228271484E+02
  1.2599530029296875E+02
  1.2601420593261719E+02
  1.2603310394287109E+02
  1.2605200195312500E+02
  1.2607089996337891E+02
  1.2608979797363281E+02
  1.2610870361328125E+02
  1.2612760162353516E+02
  1.2614649963378906E+02
  1.2616540527343750E+02
  1.2618430328369141E+02
  1.2620320129394531E+02
  1.2622209930419922E+02
  1.2624099731445312E+02
  1.2625990295410156E+02
  1.2627880096435547E+02
  1.2631658935546875E+02
  1.2635437011718750E+02
  1.2639215850830078E+02
  1.2642994689941406E+02
  1.2646773529052734E+02
  1.2650552368164062E+02
  1.2654331207275391E+02
  1.2658110046386719E+02
  1.2661889648437500E+02
  1.2665670013427734E+02
  1.2669450378417969E+02
  1.2673229980468750E+02
  1.2677009582519531E+02
  1.2680789947509766E+02
  1.2688349914550781E+02
  1.2695909881591797E+02
  1.2703469848632812E+02
  1.2711029815673828E+02
  1.2718589782714844E+02
  1.2733707427978516E+02
  1.2748825073242188E+02
  1.2779060363769531E+02
  1.2809300231933594E+02
  1.2839540100097656E+02
  1.2869775390625000E+02
  1.2900010681152344E+02
  1.2930245971679688E+02
  1.2960479736328125E+02
  1.3020950317382812E+02
  1.3072555541992188E+02
  1.3098358154296875E+02
  1.3111257934570312E+02
  1.3124159240722656E+02
  1.3137062072753906E+02
  1.3143513488769531E+02
  1.3149964904785156E+02
  1.3156416320800781E+02
  1.3162867736816406E+02
  1.3169319152832031E+02
  1.3175770568847656E+02
  1.3178994750976562E+02
  1.3182220458984375E+02
  1.3185446166992188E+02
  1.3188670349121094E+02
  1.3191894531250000E+02
  1.3195120239257812E+02
  1.3198345947265625E+02
  1.3201570129394531E+02
  1.3204794311523438E+02
  1.3208020019531250E+02
  1.3211245727539062E+02
  1.3214469909667969E+02
  1.3217694091796875E+02
  1.3220919799804688E+02
  1.3224145507812500E+02
  1.3227369689941406E+02
  1.3230593872070312E+02
  1.3233819580078125E+02
  1.3235432434082031E+02
  1.3237045288085938E+02
  1.3238656616210938E+02
  1.3240269470214844E+02
  1.3241882324218750E+02
  1.3243493652343750E+02
  1.3245106506347656E+02
  1.3246719360351562E+02
  1.3248332214355469E+02
  1.3249945068359375E+02
  1.3251556396484375E+02
  1.3253169250488281E+02
  1.3254782104492188E+02
  1.3256394958496094E+02
  1.3258007812500000E+02
  1.3259620666503906E+02
  1.3261233520507812E+02
  1.3262844848632812E+02
  1.3264457702636719E+02
  1.3266070556640625E+02
  1.3267684936523438E+02
  1.3269299316406250E+02
  1.3270910644531250E+02
  1.3272520446777344E+02
  1.3274136352539062E+02
  1.3275750732421875E+02
  1.3277360534667969E+02
  1.3278164672851562E+02
  1.3278970336914062E+02
  1.3280130004882812E+02
  1.3281289672851562E+02
  1.3282449340820312E+02
  1.3283610534667969E+02
  1.3284770202636719E+02
  1.3285929870605469E+02
  1.3287091064453125E+02
  1.3288250732421875E+02
  1.3289410400390625E+02
  1.3290570068359375E+02
  1.3291729736328125E+02
  1.3292889404296875E+02
  1.3294049072265625E+02
  1.3295210266113281E+02
  1.3297520446777344E+02
  1.3299839782714844E+02
  1.3302160644531250E+02
  1.3304479980468750E+02
  1.3306790161132812E+02
  1.3309109497070312E+02
  1.3311430358886719E+02
  1.3313745117187500E+02
  1.3316059875488281E+02
  1.3318179321289062E+02
  1.3320300292968750E+02
  1.3322415161132812E+02
  1.3324530029296875E+02
  1.3326345825195312E+02
  1.3328160095214844E+02
  1.3330369567871094E+02
  1.3331719970703125E+02
  1.3333399963378906E+02
  1.3335499572753906E+02
  1.3337335205078125E+02
  1.3339169311523438E+02
  1.3341268920898438E+02
  1.3343370056152344E+02
  1.3345469665527344E+02
  1.3347569274902344E+02
  1.3349798583984375E+02
  1.3352029418945312E+02
  1.3354260253906250E+02
  1.3356489562988281E+02
  1.3358720397949219E+02
  1.3360949707031250E+02
  1.3363180541992188E+02
  1.3365409851074219E+02
  1.3367640686035156E+02
  1.3368756103515625E+02
  1.3369869995117188E+02
  1.3370983886718750E+02
  1.3372099304199219E+02
  1.3373214721679688E+02
  1.3374330139160156E+02
  1.3375445556640625E+02
  1.3376559448242188E+02
  1.3377674865722656E+02
  1.3378790283203125E+02
  1.3379904174804688E+02
  1.3381019592285156E+02
  1.3382128906250000E+02
  1.3383239746093750E+02
  1.3384423828125000E+02
  1.3385609436035156E+02
  1.3386788940429688E+02
  1.3387969970703125E+02
  1.3389149475097656E+02
  1.3390328979492188E+02
  1.3391510009765625E+02
  1.3392689514160156E+02
  1.3393869018554688E+02
  1.3395050048828125E+02
  1.3396231079101562E+02
  1.3397410583496094E+02
  1.3398590087890625E+02
  1.3399771118164062E+02
  1.3400950622558594E+02
  1.3402130126953125E+02
  1.3403309631347656E+02
  1.3404489135742188E+02
  1.3405670166015625E+02
  1.3406849670410156E+02
  1.3408029174804688E+02
  1.3409210205078125E+02
  1.3410389709472656E+02
  1.3411569213867188E+02
  1.3413929748535156E+02
  1.3416290283203125E+02
  1.3418649291992188E+02
  1.3421009826660156E+02
  1.3423370361328125E+02
  1.3425732421875000E+02
  1.3428092956542969E+02
  1.3430453491210938E+02
  1.3432814025878906E+02
  1.3435174560546875E+02
  1.3437535095214844E+02
  1.3439895629882812E+02
  1.3442256164550781E+02
  1.3444616699218750E+02
  1.3446977233886719E+02
  1.3449337768554688E+02
  1.3451698303222656E+02
  1.3454058837890625E+02
  1.3456419372558594E+02
  1.3458779907226562E+02
  1.3461140441894531E+02
  1.3463500976562500E+02
  1.3465861511230469E+02
  1.3468222045898438E+02
  1.3470582580566406E+02
  1.3472943115234375E+02
  1.3475303649902344E+02
  1.3477664184570312E+02
  1.3480024719238281E+02
  1.3482385253906250E+02
  1.3484745788574219E+02
  1.3487106323242188E+02
  1.3491827392578125E+02
  1.3496549987792969E+02
  1.3501272583007812E+02
  1.3505993652343750E+02
  1.3508354187011719E+02
  1.3510714721679688E+02
  1.3513075256347656E+02
  1.3515435791015625E+02
  1.3517796325683594E+02
  1.3520156860351562E+02
  1.3522517395019531E+02
  1.3524877929687500E+02
  1.3527238464355469E+02
  1.3529598999023438E+02
  1.3531959533691406E+02
  1.3534320068359375E+02
  1.3536419677734375E+02
  1.3538519287109375E+02
  1.3540618896484375E+02
  1.3542720031738281E+02
  1.3544819641113281E+02
  1.3546919250488281E+02
  1.3549014282226562E+02
  1.3551109313964844E+02
  1.3552359008789062E+02
  1.3553610229492188E+02
  1.3554855346679688E+02
  1.3556100463867188E+02
  1.3557345581054688E+02
  1.3558590698242188E+02
  1.3559835815429688E+02
  1.3561079406738281E+02
  1.3562329101562500E+02
  1.3563580322265625E+02
  1.3566070556640625E+02
  1.3568559265136719E+02
  1.3571049499511719E+02
  1.3573550415039062E+02
  1.3576040649414062E+02
  1.3578529357910156E+02
  1.3581019592285156E+02
  1.3583511352539062E+02
  1.3586004638671875E+02
  1.3588497924804688E+02
  1.3590989685058594E+02
  1.3592630004882812E+02
  1.3594270324707031E+02
  1.3595910644531250E+02
  1.3597549438476562E+02
  1.3598925781250000E+02
  1.3600300598144531E+02
  1.3601759338378906E+02
  1.3602619934082031E+02
  1.3604240417480469E+02
  1.3606590270996094E+02
  1.3608709716796875E+02
  1.3610820007324219E+02
  1.3612759399414062E+02
  1.3614700317382812E+02
  1.3616635131835938E+02
  1.3618569946289062E+02
  1.3620504760742188E+02
  1.3622439575195312E+02
  1.3626310729980469E+02
  1.3629130554199219E+02
  1.3631950378417969E+02
  1.3634770202636719E+02
  1.3637579345703125E+02
  1.3638989257812500E+02
  1.3640400695800781E+02
  1.3641810607910156E+02
  1.3643220520019531E+02
  1.3644630432128906E+02
  1.3646040344238281E+02
  1.3647445678710938E+02
  1.3648849487304688E+02
  1.3650085449218750E+02
  1.3651319885253906E+02
  1.3652549743652344E+02
  1.3653779602050781E+02
  1.3655010986328125E+02
  1.3656243896484375E+02
  1.3657476806640625E+02
  1.3658709716796875E+02
  1.3659942626953125E+02
  1.3661175537109375E+02
  1.3662408447265625E+02
  1.3663639831542969E+02
  1.3666104125976562E+02
  1.3668569946289062E+02
  1.3671035766601562E+02
  1.3673500061035156E+02
  1.3675964355468750E+02
  1.3678430175781250E+02
  1.3680895996093750E+02
  1.3683360290527344E+02
  1.3685824584960938E+02
  1.3688290405273438E+02
  1.3690754699707031E+02
  1.3693218994140625E+02
  1.3695683288574219E+02
  1.3698147583007812E+02
  1.3700611877441406E+02
  1.3703076171875000E+02
  1.3708004760742188E+02
  1.3712933349609375E+02
  1.3717861938476562E+02
  1.3722790527343750E+02
  1.3727720642089844E+02
  1.3732650756835938E+02
  1.3737579345703125E+02
  1.3742507934570312E+02
  1.3747438049316406E+02
  1.3752368164062500E+02
  1.3757296752929688E+02
  1.3762225341796875E+02
  1.3767155456542969E+02
  1.3777014160156250E+02
  1.3786872863769531E+02
  1.3796731567382812E+02
  1.3806590270996094E+02
  1.3826307678222656E+02
  1.3846025085449219E+02
  1.3885459899902344E+02
  1.3924894714355469E+02
  1.3964329528808594E+02
  1.4015034484863281E+02
  1.4040386962890625E+02
  1.4065739440917969E+02
  1.4091094970703125E+02
  1.4116450500488281E+02
  1.4141799926757812E+02
  1.4167149353027344E+02
  1.4192504882812500E+02
  1.4205181884765625E+02
  1.4217860412597656E+02
  1.4230535888671875E+02
  1.4243209838867188E+02
  1.4255883789062500E+02
  1.4268559265136719E+02
  1.4274896240234375E+02
  1.4281234741210938E+02
  1.4287573242187500E+02
  1.4293910217285156E+02
  1.4300247192382812E+02
  1.4303416442871094E+02
  1.4306585693359375E+02
  1.4309753417968750E+02
  1.4312922668457031E+02
  1.4316091918945312E+02
  1.4319259643554688E+02
  1.4322428894042969E+02
  1.4325598144531250E+02
  1.4328765869140625E+02
  1.4331935119628906E+02
  1.4335104370117188E+02
  1.4336688232421875E+02
  1.4338272094726562E+02
  1.4339855957031250E+02
  1.4341441345214844E+02
  1.4343026733398438E+02
  1.4344610595703125E+02
  1.4346195983886719E+02
  1.4347781372070312E+02
  1.4349365234375000E+02
  1.4350950622558594E+02
  1.4352536010742188E+02
  1.4354119873046875E+02
  1.4355705261230469E+02
  1.4357290649414062E+02
  1.4358874511718750E+02
  1.4360458374023438E+02
  1.4362042236328125E+02
  1.4363626098632812E+02
  1.4365209960937500E+02
  1.4366793823242188E+02
  1.4368377685546875E+02
  1.4369960021972656E+02
  1.4371603393554688E+02
  1.4373248291015625E+02
  1.4374891662597656E+02
  1.4376535034179688E+02
  1.4378178405761719E+02
  1.4379821777343750E+02
  1.4381466674804688E+02
  1.4383110046386719E+02
  1.4384753417968750E+02
  1.4386395263671875E+02
  1.4388037109375000E+02
  1.4389678955078125E+02
  1.4391320800781250E+02
  1.4392964172363281E+02
  1.4394607543945312E+02
  1.4396249389648438E+02
  1.4397892761230469E+02
  1.4399536132812500E+02
  1.4401181030273438E+02
  1.4402824401855469E+02
  1.4404467773437500E+02
  1.4406112670898438E+02
  1.4407756042480469E+02
  1.4409399414062500E+02
  1.4411041259765625E+02
  1.4412684631347656E+02
  1.4414328002929688E+02
  1.4415969848632812E+02
  1.4417611694335938E+02
  1.4419255065917969E+02
  1.4420077514648438E+02
  1.4420898437500000E+02
  1.4422540283203125E+02
  1.4423362731933594E+02
  1.4424185180664062E+02
  1.4425830078125000E+02
  1.4426652526855469E+02
  1.4427474975585938E+02
  1.4428297424316406E+02
  1.4429119873046875E+02
  1.4429940795898438E+02
  1.4430761718750000E+02
  1.4431582641601562E+02
  1.4432405090332031E+02
  1.4433227539062500E+02
  1.4434048461914062E+02
  1.4434869384765625E+02
  1.4435690307617188E+02
  1.4436511230468750E+02
  1.4437332153320312E+02
  1.4438153076171875E+02
  1.4438975524902344E+02
  1.4439797973632812E+02
  1.4440618896484375E+02
  1.4441439819335938E+02
  1.4442260742187500E+02
  1.4443081665039062E+02
  1.4443902587890625E+02
  1.4444723510742188E+02
  1.4445544433593750E+02
  1.4446365356445312E+02
  1.4447186279296875E+02
  1.4448007202148438E+02
  1.4448829650878906E+02
  1.4449652099609375E+02
  1.4450474548339844E+02
  1.4451296997070312E+02
  1.4452119445800781E+02
  1.4452941894531250E+02
  1.4453764343261719E+02
  1.4454586791992188E+02
  1.4455409240722656E+02
  1.4456231689453125E+02
  1.4457052612304688E+02
  1.4457873535156250E+02
  1.4458694458007812E+02
  1.4459515380859375E+02
  1.4460336303710938E+02
  1.4461157226562500E+02
  1.4461979675292969E+02
  1.4462802124023438E+02
  1.4463623046875000E+02
  1.4464443969726562E+02
  1.4465264892578125E+02
  1.4466085815429688E+02
  1.4466906738281250E+02
  1.4467727661132812E+02
  1.4468550109863281E+02
  1.4469372558593750E+02
  1.4470193481445312E+02
  1.4471014404296875E+02
  1.4471835327148438E+02
  1.4472656250000000E+02
  1.4473477172851562E+02
  1.4474298095703125E+02
  1.4475120544433594E+02
  1.4475825500488281E+02
  1.4476530456542969E+02
  1.4477235412597656E+02
  1.4477940368652344E+02
  1.4478645324707031E+02
  1.4479350280761719E+02
  1.4480055236816406E+02
  1.4480760192871094E+02
  1.4481465148925781E+02
  1.4482170104980469E+02
  1.4482875061035156E+02
  1.4483580017089844E+02
  1.4484283447265625E+02
  1.4484985351562500E+02
  1.4485687255859375E+02
  1.4486390686035156E+02
  1.4487095642089844E+02
  1.4487800598144531E+02
  1.4488505554199219E+02
  1.4489210510253906E+02
  1.4489915466308594E+02
  1.4490620422363281E+02
  1.4491325378417969E+02
  1.4492030334472656E+02
  1.4492735290527344E+02
  1.4493440246582031E+02
  1.4494145202636719E+02
  1.4494850158691406E+02
  1.4495555114746094E+02
  1.4496260070800781E+02
  1.4496960449218750E+02
  1.4497659301757812E+02
  1.4498364257812500E+02
  1.4499070739746094E+02
  1.4499775695800781E+02
  1.4500480651855469E+02
  1.4501185607910156E+02
  1.4501890563964844E+02
  1.4502595520019531E+02
  1.4503300476074219E+02
  1.4504005432128906E+02
  1.4504710388183594E+02
  1.4505415344238281E+02
  1.4506120300292969E+02
  1.4506825256347656E+02
  1.4507530212402344E+02
  1.4508230590820312E+02
  1.4508929443359375E+02
  1.4509634399414062E+02
  1.4510339355468750E+02
  1.4511044311523438E+02
  1.4511749267578125E+02
  1.4512454223632812E+02
  1.4513160705566406E+02
  1.4513861083984375E+02
  1.4514559936523438E+02
  1.4515264892578125E+02
  1.4515969848632812E+02
  1.4516674804687500E+02
  1.4517379760742188E+02
  1.4518789672851562E+02
  1.4520190429687500E+02
  1.4521490478515625E+02
  1.4522779846191406E+02
  1.4524070739746094E+02
  1.4525360107421875E+02
  1.4526649475097656E+02
  1.4527940368652344E+02
  1.4529229736328125E+02
  1.4530520629882812E+02
  1.4531820678710938E+02
  1.4533110046386719E+02
  1.4534399414062500E+02
  1.4535690307617188E+02
  1.4538270568847656E+02
  1.4540849304199219E+02
  1.4543670654296875E+02
  1.4546479797363281E+02
  1.4549295043945312E+02
  1.4552110290527344E+02
  1.4553755187988281E+02
  1.4555400085449219E+02
  1.4557040405273438E+02
  1.4558680725097656E+02
  1.4560560607910156E+02
  1.4562440490722656E+02
  1.4563150024414062E+02
  1.4564089965820312E+02
  1.4565330505371094E+02
  1.4566490173339844E+02
  1.4567109680175781E+02
  1.4568899536132812E+02
  1.4570135498046875E+02
  1.4571369934082031E+02
  1.4573519897460938E+02
  1.4575669860839844E+02
  1.4577655029296875E+02
  1.4579640197753906E+02
  1.4581619262695312E+02
  1.4583599853515625E+02
  1.4585420227050781E+02
  1.4587240600585938E+02
  1.4590870666503906E+02
  1.4592689514160156E+02
  1.4594509887695312E+02
  1.4596330261230469E+02
  1.4598139953613281E+02
  1.4599879455566406E+02
  1.4601609802246094E+02
  1.4603349304199219E+02
  1.4605079650878906E+02
  1.4606820678710938E+02
  1.4608549499511719E+02
  1.4609420776367188E+02
  1.4610290527343750E+02
  1.4611154174804688E+02
  1.4612019348144531E+02
  1.4612890625000000E+02
  1.4613760375976562E+02
  1.4614630126953125E+02
  1.4615490722656250E+02
  1.4616360473632812E+02
  1.4617230224609375E+02
  1.4618099975585938E+02
  1.4618960571289062E+02
  1.4619830322265625E+02
  1.4620700073242188E+02
  1.4621569824218750E+02
  1.4622430419921875E+02
  1.4623300170898438E+02
  1.4624169921875000E+02
  1.4625035095214844E+02
  1.4625900268554688E+02
  1.4626730346679688E+02
  1.4627560424804688E+02
  1.4628384399414062E+02
  1.4629209899902344E+02
  1.4630035400390625E+02
  1.4630859375000000E+02
  1.4631684875488281E+02
  1.4632510375976562E+02
  1.4633340454101562E+02
  1.4634170532226562E+02
  1.4634994506835938E+02
  1.4635820007324219E+02
  1.4636645507812500E+02
  1.4637469482421875E+02
  1.4638294982910156E+02
  1.4639120483398438E+02
  1.4639947509765625E+02
  1.4640774536132812E+02
  1.4641601562500000E+02
  1.4642430114746094E+02
  1.4643255615234375E+02
  1.4644079589843750E+02
  1.4644905090332031E+02
  1.4645730590820312E+02
  1.4646557617187500E+02
  1.4647384643554688E+02
  1.4648211669921875E+02
  1.4649040222167969E+02
  1.4649865722656250E+02
  1.4650689697265625E+02
  1.4651515197753906E+02
  1.4652340698242188E+02
  1.4653167724609375E+02
  1.4653994750976562E+02
  1.4654821777343750E+02
  1.4655650329589844E+02
  1.4656475830078125E+02
  1.4657299804687500E+02
  1.4658123779296875E+02
  1.4658949279785156E+02
  1.4659774780273438E+02
  1.4660601806640625E+02
  1.4661428833007812E+02
  1.4662254333496094E+02
  1.4663079833984375E+02
  1.4663906860351562E+02
  1.4664733886718750E+02
  1.4665559387207031E+02
  1.4666384887695312E+02
  1.4667211914062500E+02
  1.4668038940429688E+02
  1.4668864440917969E+02
  1.4669689941406250E+02
  1.4670516967773438E+02
  1.4671343994140625E+02
  1.4672169494628906E+02
  1.4672994995117188E+02
  1.4673818969726562E+02
  1.4674644470214844E+02
  1.4675469970703125E+02
  1.4676295471191406E+02
  1.4677120971679688E+02
  1.4677944946289062E+02
  1.4678770446777344E+02
  1.4679885864257812E+02
  1.4681002807617188E+02
  1.4682119750976562E+02
  1.4683235168457031E+02
  1.4684350585937500E+02
  1.4685467529296875E+02
  1.4686584472656250E+02
  1.4687699890136719E+02
  1.4688815307617188E+02
  1.4689929199218750E+02
  1.4691044616699219E+02
  1.4692160034179688E+02
  1.4693275451660156E+02
  1.4694390869140625E+02
  1.4695504760742188E+02
  1.4696620178222656E+02
  1.4697735595703125E+02
  1.4698849487304688E+02
  1.4699964904785156E+02
  1.4701080322265625E+02
  1.4702195739746094E+02
  1.4703311157226562E+02
  1.4704425048828125E+02
  1.4705540466308594E+02
  1.4706655883789062E+02
  1.4707769775390625E+02
  1.4708885192871094E+02
  1.4710000610351562E+02
  1.4711116027832031E+02
  1.4712231445312500E+02
  1.4713345336914062E+02
  1.4714460754394531E+02
  1.4715576171875000E+02
  1.4716693115234375E+02
  1.4717810058593750E+02
  1.4718925476074219E+02
  1.4720040893554688E+02
  1.4721157836914062E+02
  1.4722274780273438E+02
  1.4723390197753906E+02
  1.4724505615234375E+02
  1.4725619506835938E+02
  1.4726734924316406E+02
  1.4727850341796875E+02
  1.4728965759277344E+02
  1.4730081176757812E+02
  1.4731195068359375E+02
  1.4732310485839844E+02
  1.4733425903320312E+02
  1.4734539794921875E+02
  1.4735655212402344E+02
  1.4736770629882812E+02
  1.4737884521484375E+02
  1.4738999938964844E+02
  1.4740115356445312E+02
  1.4741229248046875E+02
  1.4742344665527344E+02
  1.4743460083007812E+02
  1.4744573974609375E+02
  1.4745689392089844E+02
  1.4746804809570312E+02
  1.4747918701171875E+02
  1.4749034118652344E+02
  1.4750149536132812E+02
  1.4751264953613281E+02
  1.4752380371093750E+02
  1.4753495788574219E+02
  1.4754611206054688E+02
  1.4755726623535156E+02
  1.4756842041015625E+02
  1.4757958984375000E+02
  1.4759074401855469E+02
  1.4760189819335938E+02
  1.4761306762695312E+02
  1.4762422180175781E+02
  1.4763537597656250E+02
  1.4764653015136719E+02
  1.4765768432617188E+02
  1.4766883850097656E+02
  1.4767999267578125E+02
  1.4769114685058594E+02
  1.4770230102539062E+02
  1.4772459411621094E+02
  1.4774688720703125E+02
  1.4775804138183594E+02
  1.4776919555664062E+02
  1.4779150390625000E+02
  1.4781379699707031E+02
  1.4783609008789062E+02
  1.4785839843750000E+02
  1.4788070678710938E+02
  1.4790299987792969E+02
  1.4792529296875000E+02
  1.4794760131835938E+02
  1.4796990966796875E+02
  1.4799220275878906E+02
  1.4801449584960938E+02
  1.4803680419921875E+02
  1.4805911254882812E+02
  1.4808140563964844E+02
  1.4810369873046875E+02
  1.4812600708007812E+02
  1.4814830017089844E+02
  1.4817059326171875E+02
  1.4819290161132812E+02
  1.4821519470214844E+02
  1.4824824523925781E+02
  1.4828129577636719E+02
  1.4831434631347656E+02
  1.4834739685058594E+02
  1.4838044738769531E+02
  1.4841349792480469E+02
  1.4844654846191406E+02
  1.4847959899902344E+02
  1.4854570007324219E+02
  1.4861180114746094E+02
  1.4867790222167969E+02
  1.4874400329589844E+02
  1.4887620544433594E+02
  1.4900840759277344E+02
  1.4914056396484375E+02
  1.4927270507812500E+02
  1.4940487670898438E+02
  1.4953704833984375E+02
  1.4966921997070312E+02
  1.4980140686035156E+02
  1.4993357849121094E+02
  1.5006575012207031E+02
  1.5019792175292969E+02
  1.5033009338378906E+02
  1.5050195312500000E+02
  1.5058787536621094E+02
  1.5067379760742188E+02
  1.5075971984863281E+02
  1.5084564208984375E+02
  1.5093157958984375E+02
  1.5101750183105469E+02
  1.5110345458984375E+02
  1.5114642333984375E+02
  1.5118940734863281E+02
  1.5123236083984375E+02
  1.5127529907226562E+02
  1.5131825256347656E+02
  1.5136120605468750E+02
  1.5140414428710938E+02
  1.5142562866210938E+02
  1.5144709777832031E+02
  1.5146856689453125E+02
  1.5149005126953125E+02
  1.5151153564453125E+02
  1.5153300476074219E+02
  1.5155447387695312E+02
  1.5157595825195312E+02
  1.5159742736816406E+02
  1.5161889648437500E+02
  1.5164039611816406E+02
  1.5166189575195312E+02
  1.5168334960937500E+02
  1.5170480346679688E+02
  1.5173289489746094E+02
  1.5176100158691406E+02
