0.000010           185.867691            52.891071           132.975769  
0.000011           177.295746            50.497910           126.797043  
0.000011           177.295746            50.497910           126.797043  
0.000012           169.823395            48.413540           121.409164  
0.000013           163.233475            46.577042           116.655693  
0.000014           157.364777            44.943134           112.420959  
0.000015           152.095825            43.477558           108.617599  
0.000016           147.330383            42.153259           105.176437  
0.000018           139.026535            39.848816            99.177109  
0.000019           135.377670            38.837631            96.539505  
0.000020           132.006836            37.904396            94.101807  
0.000022           125.973328            36.236229            89.736595  
0.000024           120.714333            34.784943            85.928925  
0.000026           116.077866            33.507851            82.569489  
0.000028           111.952164            32.373463            79.578140  
0.000029           110.051643            31.851704            78.199471  
0.000031           106.532791            30.886946            75.645409  
0.000033           103.341812            30.013668            73.327682  
0.000035           100.430656            29.218454            71.211769  
0.000039            95.300430            27.820976            67.479050  
0.000043            90.911369            26.629732            64.281189  
0.000046            88.006248            25.843830            62.161991  
0.000050            84.550827            24.912090            59.638348  
0.000053            82.223274            24.286516            57.936340  
0.000056            80.087761            23.714119            56.373283  
0.000059            78.119087            23.187920            54.930798  
0.000063            75.719543            22.548571            53.170647  
0.000069            72.525208            21.701277            50.823635  
0.000075            69.727448            20.963247            48.763905  
0.000081            67.251404            20.313658            46.937450  
0.000088            64.694359            19.646723            45.047318  
0.000094            62.737911            19.139454            43.598183  
0.000100            60.963539            18.681854            42.281403  
0.000106            59.345139            18.266706            41.078167  
0.000113            57.625153            17.828066            39.796833  
0.000119            56.275967            17.485966            38.789761  
0.000125            55.027145            17.170990            37.855938  
0.000138            52.612347            16.566936            36.045216  
0.000150            50.674820            16.087496            34.587101  
0.000163            48.827713            15.635340            33.192154  
0.000175            47.313274            15.268570            32.044529  
0.000188            45.843197            14.916280            30.926722  
0.000200            44.619164            14.625998            29.992981  
0.000219            42.896481            14.222621            28.673672  
0.000238            41.390476            13.875387            27.514917  
0.000256            40.126011            13.588137            26.537716  
0.000275            38.932575            13.320930            25.611486  
0.000294            37.860420            13.084384            24.775885  
0.000313            36.890873            12.873530            24.017191  
0.000331            36.052807            12.693783            23.358879  
0.000350            35.242161            12.522246            22.719770  
0.000388            33.809460            12.225120            21.584196  
0.000425            32.610432            11.982872            20.627447  
0.000463            31.537657            11.771509            19.766027  
0.000500            30.617170            11.594512            19.022537  
0.000531            29.924856            11.464205            18.460533  
0.000563            29.273369            11.343904            17.929358  
0.000594            28.695454            11.239161            17.456186  
0.000625            28.162901            11.144335            17.018452  
0.000688            27.198357            10.976938            16.221317  
0.000750            26.375984            10.838853            15.537034  
0.000813            25.643013            10.719569            14.923348  
0.000875            25.003695            10.618566            14.385041  
0.000938            24.423027            10.529360            13.893584  
0.001000            23.908817            10.452475            13.456262  
0.001063            23.434839            10.383369            13.051388  
0.001125            23.010311            10.323002            12.687229  
0.001187            22.619616            10.268629            12.350905  
0.001250            22.255489            10.219156            12.036261  
0.001375            21.610159            10.134059            11.476028  
0.001500            21.051208            10.063226            10.987906  
0.001625            20.559917            10.003137            10.556712  
0.001750            20.124651             9.951693            10.172893  
0.001875            19.735687             9.907178             9.828449  
0.002000            19.384668             9.868138             9.516468  
0.002188            18.915728             9.817659             9.098012  
0.002375            18.509169             9.775689             8.733427  
0.002563            18.146702             9.739490             8.407162  
0.002750            17.825018             9.708418             8.116552  
0.002938            17.534039             9.681161             7.852832  
0.003125            17.271757             9.657282             7.614425  
0.003312            17.032728             9.636114             7.396567  
0.003500            16.812519             9.617103             7.195375  
0.003875            16.423452             9.584689             6.838720  
0.004250            16.088383             9.557985             6.530355  
0.004625            15.795936             9.535604             6.260291  
0.005000            15.537835             9.516574             6.021228  
0.005313            15.344189             9.502735             5.841411  
0.005625            15.167859             9.490475             5.677349  
0.005938            15.005446             9.479464             5.525946  
0.006250            14.856123             9.469583             5.386506  
0.006875            14.588789             9.452474             5.136283  
0.007500            14.356212             9.438200             4.917981  
0.008125            14.151463             9.426109             4.725327  
0.008750            13.969446             9.415726             4.553691  
0.009375            13.806302             9.406721             4.399553  
0.010000            13.659032             9.398831             4.260178  
0.010625            13.525264             9.391859             4.133379  
0.011250            13.403061             9.385656             4.017386  
0.011875            13.290855             9.380097             3.910735  
0.012500            13.187321             9.375086             3.812214  
0.013750            13.002101             9.366403             3.635675  
0.015000            12.840687             9.359138             3.481529  
0.016250            12.698379             9.352958             3.345399  
0.017500            12.571743             9.347637             3.224088  
0.018750            12.458161             9.342999             3.115139  
0.020000            12.355564             9.338925             3.016620  
0.021325            12.256981             9.335104             2.921862  
0.022650            12.167354             9.331709             2.835630  
0.023975            12.085440             9.328668             2.756755  
0.025300            12.010229             9.325928             2.684284  
0.026844            11.929916             9.323056             2.606845  
0.028387            11.856427             9.320476             2.535935  
0.031475            11.725867             9.316003             2.409846  
0.034563            11.612914             9.312247             2.300646  
0.037650            11.514111             9.309039             2.205056  
0.040738            11.426817             9.306249             2.120554  
0.043825            11.349045             9.303792             2.045239  
0.046913            11.279145             9.301602             1.977532  
0.050000            11.215919             9.299630             1.916276  
0.053125            11.157686             9.297815             1.859859  
0.056250            11.104486             9.296154             1.808320  
0.059375            11.055704             9.294622             1.761072  
0.062500            11.010765             9.293201             1.717556  
0.068750            10.930121             9.290624             1.639489  
0.075000            10.859395             9.288327             1.571056  
0.081250            10.796917             9.286247             1.510659  
0.087500            10.741278             9.284341             1.456928  
0.093750            10.691309             9.282567             1.408736  
0.100000            10.646111             9.280907             1.365199  
0.106250            10.604964             9.279336             1.325621  
0.112500            10.567316             9.277843             1.289465  
0.118750            10.532775             9.276413             1.256353  
0.125000            10.501022             9.275037             1.225978  
0.137500            10.443875             9.272418             1.171454  
0.150000            10.393558             9.269934             1.123615  
0.162500            10.349048             9.267558             1.081480  
0.175000            10.309325             9.265265             1.044055  
0.187500            10.273608             9.263035             1.010568  
0.200000            10.241387             9.260859             0.980521  
0.218750            10.198112             9.257673             0.940432  
0.237500            10.159689             9.254558             0.905125  
0.256250            10.125393             9.251496             0.873889  
0.275000            10.094516             9.248478             0.846030  
0.293750            10.066495             9.245491             0.820998  
0.312500            10.040891             9.242528             0.798359  
0.331250            10.017384             9.239584             0.777797  
0.350000             9.995850             9.236654             0.759191  
0.387500             9.957006             9.230827             0.726173  
0.425000             9.922892             9.225024             0.697864  
0.500000             9.865356             9.213432             0.651921  
0.625000             9.790050             9.194028             0.596018  
0.750000             9.730840             9.174373             0.556464  
0.875000             9.681895             9.154366             0.527526  
1.000000             9.639847             9.133938             0.505907  
1.250000             9.568580             9.091678             0.476898  
1.500000             9.508018             9.047247             0.460769  
1.750000             9.454033             9.000239             0.453790  
2.000000             9.404287             8.950244             0.454040  
2.224624             9.362254             8.902085             0.460166  
2.449247             9.321817             8.850784             0.471032  
2.673870             9.282722             8.796120             0.486601  
2.898493             9.244968             8.737301             0.507666  
3.258826             9.187912             8.630677             0.557232  
3.438993             9.161228             8.571380             0.589846  
3.619159             9.136810             8.506165             0.630643  
3.799326             9.114168             8.436840             0.677326  
3.979492             9.096596             8.359055             0.737538  
4.159659             9.089263             8.272556             0.816704  
4.249742             9.102024             8.226168             0.875850  
4.272263             9.121096             8.214100             0.906990  
4.294784             9.165146             8.201797             0.963344  
4.306045             9.202583             8.195555             1.007021  
4.317305             9.253446             8.189259             1.064187  
4.328565             9.318940             8.182899             1.136039  
4.339825             9.398271             8.176490             1.221778  
4.346552             9.450921             8.172631             1.278288  
4.353279             9.506031             8.168756             1.337272  
4.366733             9.616700             8.160946             1.455751  
4.380187             9.714026             8.153057             1.560965  
4.386914             9.752256             8.149079             1.603170  
4.393641             9.780962             8.145087             1.635870  
4.400561             9.799031             8.140959             1.658068  
4.407480             9.804535             8.136810             1.667719  
4.413193             9.799386             8.133365             1.666016  
4.418905             9.785699             8.129909             1.655780  
4.430329             9.735109             8.122952             1.612153  
4.451890             9.581285             8.109655             1.471624  
4.462671             9.493217             8.102924             1.390285  
4.473451             9.408387             8.096137             1.312245  
4.480260             9.359145             8.091823             1.267318  
4.487069             9.314414             8.087482             1.226930  
4.500687             9.240297             8.078731             1.161563  
4.514305             9.186542             8.069883             1.116654  
4.527922             9.150235             8.060938             1.089297  
4.557427             9.111380             8.041202             1.070175  
4.586932             9.099181             8.020967             1.078212  
4.645942             9.097097             7.978748             1.118347  
4.763961             9.114141             7.887587             1.226550  
4.881981             9.145807             7.787447             1.358357  
5.000000             9.194812             7.675715             1.519094  
5.103829             9.257676             7.565271             1.692404  
5.207657             9.345816             7.440908             1.904904  
5.311485             9.468040             7.299954             2.168084  
5.415313             9.637427             7.138770             2.498653  
5.519141             9.868998             6.953975             2.915017  
5.571055            10.017586             6.850549             3.167032  
5.622969            10.198404             6.737203             3.461197  
5.674883            10.417080             6.613192             3.803884  
5.726797            10.682274             6.477205             4.205065  
5.778711            11.006102             6.327427             4.678667  
5.830625            11.404838             6.161633             5.243196  
5.879295            11.866834             5.989144             5.877687  
5.927964            12.440111             5.797252             6.642855  
5.976634            13.158339             5.582708             7.575626  
6.025303            14.067626             5.341652             8.725963  
6.073973            15.237168             5.068982            10.168191  
6.098308            15.954098             4.918448            11.035647  
6.122642            16.785139             4.756879            12.028255  
6.146977            17.754429             4.583102            13.171322  
6.171312            18.891718             4.395925            14.495784  
6.195647            20.235548             4.194022            16.041525  
6.219981            21.836714             3.975890            17.860842  
6.245938            23.904861             3.723494            20.181381  
6.271895            26.455042             3.448761            23.006283  
6.297852            29.646091             3.149864            26.496208  
6.323809            33.713905             2.825600            30.888269  
6.349766            39.029758             2.476505            36.553211  
6.362745            42.333931             2.293981            40.039913  
6.375723            46.211544             2.108081            44.103432  
6.388702            50.821083             1.921862            48.899223  
6.401680            56.389465             1.741055            54.648346  
6.414659            63.261810             1.576185            61.685608  
6.427637            71.977913             1.446904            70.530960  
6.437574            80.427368             1.393636            79.033653  
6.447511            91.063522             1.409057            89.654465  
6.457448           104.764168             1.535425           103.228859  
6.467384           122.803024             1.837221           120.965904  
6.472353           133.992554             2.082414           131.910278  
6.477321           146.994965             2.410451           144.584274  
6.482290           162.151505             2.840127           159.311279  
6.487258           179.851334             3.393478           176.457840  
6.492227           200.554764             4.096699           196.458176  
6.494711           212.189331             4.513675           207.675644  
6.497195           224.769257             4.979562           219.789673  
6.499679           238.381851             5.499320           232.882858  
6.502163           253.100037             6.077370           247.022644  
6.504647           268.993317             6.718316           262.275116  
6.507131           286.182709             7.428790           278.754272  
6.510376           310.708618             8.469572           302.239777  
6.513621           337.787292             9.650681           328.135925  
6.516866           367.656616            10.986783           356.670868  
6.520110           400.539886            12.492191           388.048187  
6.523355           436.708984            14.183908           422.526825  
6.526599           476.397919            16.077280           460.321136  
6.529844           519.889771            18.190565           501.700165  
6.533088           567.416931            20.539848           546.876526  
6.535319           602.615295            22.303324           580.309875  
6.537550           639.924927            24.192162           615.732117  
6.539781           679.457703            26.213943           653.244995  
6.542011           721.249390            28.371498           692.877563  
6.544242           765.476990            30.676132           734.801758  
6.546472           812.104797            33.127499           778.979614  
6.548703           861.286133            35.735035           825.550049  
6.550933           913.041809            38.501774           874.541626  
6.552961           962.431641            41.161621           921.266846  
6.554989          1014.050659            43.961658           970.091492  
6.557017          1067.990723            46.907429          1021.082581  
6.559045          1124.210815            49.997696          1074.213867  
6.561073          1182.806396            53.239216          1129.571289  
6.563101          1243.779663            56.633492          1187.148560  
6.565129          1307.121094            60.181602          1246.944092  
6.567156          1372.846680            63.885231          1308.964478  
6.569184          1440.995361            67.747620          1373.250244  
6.571212          1511.590698            71.772324          1439.821533  
6.573240          1584.502563            75.952370          1508.555786  
6.575268          1659.842407            80.295197          1579.548218  
6.579324          1817.427490            89.455772          1727.969360  
6.583379          1983.900024            99.238060          1884.670898  
6.587841          2176.867432           110.703461          2066.159424  
6.592302          2378.927246           122.850212          2256.074951  
6.596764          2589.148682           135.634964          2453.503174  
6.601225          2805.797119           148.966568          2656.824707  
6.605687          3027.359619           162.767975          2864.598145  
6.610148          3251.743652           176.921310          3074.820312  
6.614610          3476.925781           191.313095          3285.613281  
6.619071          3700.359375           205.796188          3494.560791  
6.629616          4207.211914           239.538361          3967.673340  
6.640161          4656.028809           270.860016          4385.174805  
6.649084          4965.311035           293.857178          4671.446777  
6.658006          5190.941895           312.349335          4878.585938  
6.665748          5308.450684           323.974884          4984.491211  
6.673490          5347.568359           331.007324          5016.555664  
6.675020          5345.797363           331.827026          5013.964844  
6.680086          5317.636719           333.182861          4984.464355  
6.685152          5255.824707           332.451324          4923.364258  
6.690218          5161.587891           329.671448          4831.921387  
6.695283          5036.931152           324.925049          4712.008301  
6.705789          4692.644531           309.356476          4383.281250  
6.716295          4256.728516           287.336365          3969.392334  
6.726802          3761.913330           260.711334          3501.201660  
6.732056          3503.039307           246.297272          3256.742676  
6.737309          3242.020996           231.486481          3010.533691  
6.742563          2982.420654           216.504562          2765.906494  
6.747816          2727.730713           201.575531          2526.142090  
6.753069          2480.788818           186.889740          2293.894531  
6.758322          2244.072021           172.616806          2071.452393  
6.762859          2049.414551           160.733490          1888.681396  
6.767396          1864.835571           149.338608          1715.496338  
6.771933          1691.104248           138.492188          1552.608398  
6.776470          1528.712646           128.241699          1400.468750  
6.781007          1377.906616           118.615181          1259.286499  
6.785544          1238.679688           109.627319          1129.047729  
6.790081          1110.962036           101.286652          1009.674866  
6.794617           994.540527            93.592430           900.942505  
6.799154           888.892517            86.524445           802.365601  
6.803691           793.548950            80.064117           713.483704  
6.808228           707.935730            74.185799           633.751160  
6.812765           631.401123            68.856880           562.545288  
6.817302           563.278625            64.044174           499.232758  
6.821839           502.896881            59.711941           443.184509  
6.826376           449.527374            55.820351           393.707275  
6.830912           402.561737            52.336292           350.225586  
6.838076           339.792603            47.569714           292.223206  
6.845239           288.935730            43.584965           245.351028  
6.852403           247.869553            40.256081           207.612808  
6.859566           214.767334            37.472572           177.295105  
6.866730           188.061722            35.137112           152.924789  
6.873893           166.446548            33.167068           133.279099  
6.888220           134.447769            30.062063           104.385620  
6.902547           112.567024            27.746445            84.820557  
6.916874            96.957893            25.953783            71.003967  
6.931201            85.315102            24.516478            60.798645  
6.945528            76.271553            23.329222            52.942307  
6.966541            66.086861            21.906908            44.179932  
6.987554            58.331310            20.754709            37.576656  
7.008567            52.218498            19.797531            32.420986  
7.029580            47.282948            18.987635            28.295328  
7.050593            43.224854            18.292593            24.932249  
7.071606            39.839790            17.689270            22.150526  
7.092619            36.980801            17.160320            19.820461  
7.113632            34.540501            16.692656            17.847815  
7.134645            32.438141            16.276121            16.161999  
7.155658            30.611891            15.902662            14.709222  
7.176671            29.013672            15.565841            13.447826  
7.197684            27.605368            15.260397            12.344985  
7.239710            25.240381            14.726723            10.513655  
7.281736            23.336061            14.275056             9.060986  
7.323762            21.778017            13.887964             7.890046  
7.365788            20.486881            13.552794             6.934079  
7.407814            19.404207            13.259851             6.144356  
7.449840            18.486971            13.001696             5.485270  
7.501418            17.540108            12.723617             4.816490  
7.552995            16.751862            12.480083             4.271767  
7.604572            16.093233            12.264577             3.828664  
7.656149            15.529387            12.072583             3.456803  
7.675290            15.335938            12.006717             3.329219  
7.730944            14.809590            11.829773             2.979818  
7.786597            14.344350            11.671253             2.673099  
7.842251            13.945249            11.527855             2.417395  
7.897904            13.600230            11.397376             2.202859  
7.953558            13.296925            11.278327             2.018602  
8.009211            13.028912            11.169733             1.859185  
8.120518            12.569534            10.976209             1.593327  
8.201842            12.285378            10.851359             1.434018  
8.283166            12.039021            10.739087             1.299931  
8.364490            11.823173            10.637324             1.185844  
8.445813            11.632847            10.544615             1.088226  
8.527137            11.462218            10.459074             1.003137  
8.608461            11.309515            10.380262             0.929246  
8.771108            11.044709            10.238245             0.806461  
8.933756            10.822723            10.113264             0.709455  
9.096403            10.634710            10.002269             0.632441  
9.259051            10.473127             9.902467             0.570664  
9.421698            10.332453             9.811661             0.520789  
9.548202            10.235269             9.746236             0.489029  
9.674706            10.148138             9.684772             0.463364  
9.801210            10.070979             9.626493             0.444484  
9.864462            10.037473             9.598375             0.439095  
9.927713            10.011304             9.570994             0.440309  
9.963857            10.004478             9.555654             0.448823  
10.000000            10.016070             9.540524             0.475544  
10.021370            10.043728             9.531672             0.512054  
10.042740            10.102291             9.522892             0.579402  
10.053430            10.149210             9.518521             0.630690  
10.064110            10.211832             9.514171             0.697653  
10.074790            10.293451             9.509842             0.783604  
10.085470            10.397364             9.505530             0.891834  
10.091260            10.464045             9.503200             0.960849  
10.097050            10.538591             9.500870             1.037717  
10.102840            10.621261             9.498553             1.122712  
10.108620            10.712079             9.496237             1.215850  
10.114410            10.811463             9.493921             1.317534  
10.120200            10.919167             9.491615             1.427548  
10.125990            11.034936             9.489312             1.545626  
10.131770            11.158192             9.487016             1.671174  
10.137560            11.288658             9.484725             1.803945  
10.143350            11.425391             9.482431             1.942958  
10.149140            11.567259             9.480148             2.087118  
10.154920            11.712687             9.477872             2.234831  
10.160710            11.860849             9.475593             2.385254  
10.166490            12.009604             9.473325             2.536274  
10.178060            12.302617             9.468798             2.833812  
10.194080            12.672869             9.462549             3.210309  
10.210100            12.963578             9.456331             3.507247  
10.219720            13.084291             9.452612             3.631676  
10.229340            13.157037             9.448900             3.708139  
10.239400            13.177810             9.445026             3.732785  
10.249260            13.142106             9.441234             3.700869  
10.259120            13.052577             9.437457             3.615128  
10.271440            12.871905             9.432748             3.439160  
10.283760            12.627522             9.428057             3.199468  
10.298140            12.285016             9.422592             2.862426  
10.305330            12.099528             9.419869             2.679670  
10.312510            11.909980             9.417158             2.492825  
10.319700            11.719232             9.414444             2.304790  
10.326890            11.530918             9.411737             2.119183  
10.334080            11.347932             9.409037             1.938902  
10.341260            11.172777             9.406343             1.766437  
10.345880            11.065140             9.404615             1.660525  
10.350500            10.961830             9.402887             1.558946  
10.355120            10.863215             9.401163             1.462048  
10.359740            10.769553             9.399442             1.370113  
10.364360            10.681026             9.397722             1.283309  
10.368980            10.597734             9.396004             1.201737  
10.373600            10.519690             9.394292             1.125405  
10.378220            10.446870             9.392575             1.054296  
10.387460            10.316546             9.389157             0.927390  
10.396700            10.205670             9.385748             0.819924  
10.405940            10.112576             9.382346             0.730228  
10.415180            10.035336             9.378955             0.656381  
10.434690             9.915033             9.371821             0.543215  
10.454200             9.837566             9.364724             0.472844  
10.493210             9.754292             9.350636             0.403655  
10.532220             9.712254             9.336688             0.375566  
10.571230             9.683803             9.322870             0.360932  
10.649260             9.639576             9.295597             0.343979  
10.727280             9.602033             9.268787             0.333245  
10.883330             9.535732             9.216259             0.319474  
11.039380             9.481155             9.164992             0.316167  
11.105090             9.481170             9.143741             0.337430  
11.137940             9.508267             9.133201             0.375064  
11.154370             9.535067             9.127948             0.407114  
11.170790             9.573295             9.122713             0.450576  
11.183110             9.610205             9.118793             0.491413  
11.195430             9.654198             9.114879             0.539313  
11.201590             9.678671             9.112925             0.565748  
11.207750             9.704653             9.110972             0.593675  
11.213910             9.731911             9.109022             0.622883  
11.220070             9.760245             9.107073             0.653165  
11.232390             9.818981             9.103179             0.715796  
11.244710             9.878101             9.099289             0.778810  
11.269350             9.984462             9.091532             0.892931  
11.282700            10.027645             9.087331             0.940306  
11.296050            10.055705             9.083143             0.972558  
11.304880            10.064592             9.080374             0.984214  
11.313700            10.065232             9.077613             0.987614  
11.323450            10.056194             9.074564             0.981636  
11.333200            10.037209             9.071515             0.965695  
11.341200            10.014685             9.069016             0.945669  
11.349200             9.986520             9.066519             0.920002  
11.365190             9.916394             9.061535             0.854858  
11.387180             9.801133             9.054693             0.746440  
11.398170             9.740752             9.051279             0.689473  
11.409160             9.681429             9.047867             0.633559  
11.420160             9.624912             9.044458             0.580452  
11.431150             9.572598             9.041055             0.531541  
11.442140             9.525360             9.037657             0.487703  
11.453130             9.483610             9.034259             0.449349  
11.467130             9.438501             9.029939             0.408560  
11.481120             9.401939             9.025628             0.376311  
11.509100             9.350095             9.017022             0.333074  
11.565070             9.297686             8.999866             0.297820  
11.677000             9.249204             8.965779             0.283423  
11.900860             9.173616             8.898226             0.275389  
12.348580             9.033091             8.764073             0.269017  
12.892250             8.870086             8.600070             0.270013  
13.435920             8.709330             8.430837             0.278493  
13.979590             8.546390             8.252092             0.294296  
14.523260             8.377522             8.059215             0.318306  
15.066930             8.199414             7.847206             0.352209  
15.338770             8.106343             7.733111             0.373232  
15.610600             8.009446             7.611203             0.398241  
15.882440             7.907932             7.479613             0.428317  
16.154270             7.801643             7.337492             0.464150  
16.426100             7.690139             7.183077             0.507060  
16.697929             7.572999             7.014147             0.558848  
16.953779             7.457304             6.839353             0.617948  
17.209620             7.336251             6.646214             0.690035  
17.465469             7.210160             6.431067             0.779089  
17.721310             7.080019             6.189325             0.890689  
17.977160             6.947837             5.916831             1.031001  
18.105080             6.882199             5.766653             1.115540  
18.233000             6.817981             5.603908             1.214069  
18.360920             6.756467             5.428163             1.328300  
18.488840             6.699445             5.237949             1.461490  
18.616760             6.649429             5.031357             1.618064  
18.744680             6.609741             4.806467             1.803267  
18.836630             6.590559             4.631872             1.958676  
18.928570             6.582461             4.444867             2.137588  
19.020510             6.589139             4.244364             2.344766  
19.112450             6.616456             4.029134             2.587318  
19.204399             6.680371             3.797965             2.882399  
19.296341             6.860366             3.549559             3.310799  
19.342310             7.062421             3.418088             3.644324  
19.365299             7.204723             3.350335             3.854381  
19.388281             7.373835             3.281213             4.092615  
19.411270             7.563730             3.210650             4.353072  
19.434250             7.763017             3.138664             4.624346  
19.480221             8.126925             2.990223             5.136693  
19.499090             8.238738             2.927572             5.311162  
19.517950             8.318651             2.863920             5.454720  
19.523701             8.336205             2.844291             5.491899  
19.536720             8.364016             2.799513             5.564487  
19.549730             8.375887             2.754284             5.621590  
19.593300             8.324207             2.599108             5.725081  
19.618719             8.259750             2.505949             5.753789  
19.644140             8.199368             2.410819             5.788533  
19.669559             8.163255             2.313786             5.849453  
19.694981             8.164809             2.214824             5.949966  
19.745819             8.300256             2.011375             6.288861  
19.796650             8.601377             1.801050             6.800305  
19.847490             9.042583             1.584744             7.457821  
19.898331             9.616236             1.364045             8.252167  
19.949169            10.337827             1.141590             9.196219  
20.000000            11.241488             0.921499            10.319959  
20.056780            12.532296             0.686580            11.845663  
20.085171            13.321277             0.577767            12.743482  
20.113560            14.230456             0.478236            13.752156  
20.141951            15.283924             0.391671            14.892223  
20.156151            15.874028             0.354712            15.519271  
20.170340            16.511452             0.322967            16.188437  
20.184540            17.202042             0.297260            16.904737  
20.198730            17.950851             0.278625            17.672192  
20.212919            18.764170             0.268225            18.495893  
20.220020            19.197643             0.266527            18.931057  
20.227110            19.649689             0.267423            19.382202  
20.235880            20.236776             0.272421            19.964312  
20.244650            20.856274             0.282122            20.574106  
20.253420            21.511463             0.297020            21.214363  
20.262180            22.203808             0.317618            21.886126  
20.268450            22.723833             0.336184            22.387589  
20.274710            23.265285             0.358191            22.907038  
20.281811            23.907707             0.387672            23.519955  
20.288900            24.580915             0.422304            24.158543  
20.296000            25.288712             0.462617            24.826002  
20.303101            26.033590             0.509143            25.524340  
20.310200            26.816833             0.562376            26.254358  
20.317289            27.640495             0.622868            27.017536  
20.324390            28.510895             0.691568            27.819229  
20.331490            29.429394             0.769113            28.660154  
20.338591            30.399494             0.856373            29.543060  
20.345680            31.425188             0.954301            30.470741  
20.352779            32.513912             1.064325            31.449469  
20.359880            33.669563             1.187625            32.481850  
20.366980            34.898502             1.325737            33.572693  
20.374069            36.205505             1.480147            34.725227  
20.384090            38.206768             1.730807            36.475918  
20.394110            40.410549             2.025505            38.384964  
20.404131            42.854076             2.373506            40.480473  
20.414150            45.576794             2.785647            42.791077  
20.424170            48.633286             3.276423            45.356857  
20.434191            52.088909             3.863822            48.224934  
20.444210            56.029751             4.571547            51.458107  
20.454220            60.554043             5.427903            55.126106  
20.463409            65.340149             6.378185            58.961979  
20.472589            70.857857             7.522156            63.335865  
20.481779            77.276794             8.907825            68.368813  
20.490959            84.784035            10.590704            74.193581  
20.500151            93.630455            12.643098            80.987183  
20.509331           104.091530            15.147637            88.944199  
20.518520           116.538788            18.213120            98.325745  
20.527700           131.376892            21.961239           109.416069  
20.536890           149.137833            26.549799           122.587944  
20.546070           170.384872            32.149914           138.235397  
20.555260           195.835052            38.976875           156.858032  
20.564440           226.266266            47.267029           178.998856  
20.573629           262.643799            57.313908           205.330063  
20.582809           305.929230            69.412811           236.516708  
20.591999           357.372467            83.945038           273.427368  
20.601179           418.073517           101.254341           316.816925  
20.607031           462.271851           113.943520           348.326935  
20.612869           511.062195           128.021713           383.043243  
20.618719           565.034912           143.664352           421.369812  
20.624559           624.377563           160.937912           463.435089  
20.630409           689.679626           180.021317           509.656403  
20.636250           761.060242           200.963287           560.098938  
20.642099           839.195618           223.964249           615.229553  
20.647940           924.173584           249.062866           675.106995  
20.653790          1016.637817           276.461212           740.174072  
20.659630          1116.517944           306.146210           810.372375  
20.665480          1224.530273           338.335480           886.187927  
20.671320          1340.527832           373.000763           967.514221  
20.677170          1465.078369           410.327484          1054.752319  
20.683010          1597.923950           450.234039          1147.695923  
20.688850          1739.324463           492.810181          1246.501709  
20.694691          1889.344360           538.092407          1351.238892  
20.699289          2013.419434           575.624817          1437.783203  
20.703880          2142.538330           614.752258          1527.772705  
20.708469          2276.633057           655.462585          1621.168701  
20.713060          2415.821777           697.784119          1718.019409  
20.717661          2559.886475           741.671753          1818.202515  
20.722250          2708.192871           786.922913          1921.242798  
20.726839          2860.698242           833.551208          2027.140381  
20.731430          3017.331055           881.507507          2135.783203  
20.740620          3341.323730           980.997437          2360.295654  
20.749800          3676.047363          1084.144043          2591.866699  
20.758989          4018.517090          1190.086914          2828.407471  
20.768169          4363.420410          1297.211060          3066.215820  
20.779030          4768.554199          1423.645630          3344.895508  
20.789881          5161.551270          1547.004272          3614.522949  
20.811590          5875.468262          1773.580811          4101.868164  
20.827459          6301.889160          1911.416748          4390.444824  
20.843321          6618.911133          2016.732056          4602.169922  
20.854321          6764.047852          2067.293945          4696.720215  
20.865320          6842.773438          2097.731689          4745.030762  
20.871500          6856.969727          2105.665283          4751.293457  
20.882980          6825.322754          2102.638916          4722.696289  
20.894461          6719.845215          2076.830566          4643.024414  
20.910589          6454.267578          2004.102417          4450.161621  
20.926720          6068.108398          1893.523560          4174.566406  
20.952530          5262.593750          1656.608521          3605.999512  
20.965429          4805.073730          1520.050781          3285.032959  
20.978331          4331.536133          1377.679932          2953.873291  
20.989620          3915.442871          1251.846558          2663.611816  
21.000910          3506.596436          1127.590210          2379.026367  
21.006559          3307.015381          1066.723633          2240.278320  
21.012199          3112.410156          1007.246521          2105.156250  
21.017851          2922.537598           949.096436          1973.454346  
21.023491          2738.944336           892.744324          1846.215454  
21.029140          2561.468750           838.153442          1723.330444  
21.034781          2391.003662           785.606384          1605.383789  
21.040430          2227.416260           735.082825          1492.331177  
21.046070          2071.580566           686.850281          1384.732666  
21.051720          1923.113770           640.799011          1282.313232  
21.057360          1782.525879           597.098938          1185.423828  
21.063009          1649.609131           555.694153          1093.917480  
21.068649          1524.523560           516.643921          1007.884827  
21.073490          1423.303955           484.975586           938.334229  
21.078329          1327.654053           454.984222           872.664551  
21.083170          1237.474609           426.655304           810.813904  
21.088011          1152.480957           399.901459           752.581482  
21.097691           998.052551           351.126251           646.921875  
21.107361           863.030273           308.284241           554.742737  
21.117041           745.619751           270.840759           474.773346  
21.126720           644.277039           238.348724           405.925293  
21.136400           557.419006           210.334579           347.081909  
21.146070           483.475189           186.331177           297.142517  
21.155750           420.661530           165.795807           254.863205  
21.165430           367.582214           148.308182           219.273300  
21.175110           322.896851           133.458542           189.437408  
21.184780           285.375244           120.873116           164.501083  
21.204140           227.431244           101.137085           126.293259  
21.223490           186.565155            86.881065            99.683762  
21.241240           159.467941            77.179749            82.287941  
21.258980           139.272461            69.753983            69.518242  
21.276720           123.871796            63.934940            59.936821  
21.294460           111.824387            59.260296            52.564125  
21.312201           102.152985            55.413456            46.739456  
21.329941            94.195229            52.176598            42.018665  
21.365419            81.775299            46.981434            34.793468  
21.400909            72.417374            42.942738            29.474585  
21.436390            65.059525            39.684696            25.374664  
21.471870            59.105576            36.989143            22.116348  
21.507351            54.190140            34.718639            19.471512  
21.539610            50.415730            32.943687            17.472050  
21.571871            47.166119            31.390890            15.775279  
21.604130            44.343128            30.021235            14.321892  
21.636391            41.870445            28.804090            13.066344  
21.668650            39.689026            27.715405            11.973611  
21.700911            37.751682            26.735670            11.015955  
21.765421            34.463211            25.042074             9.421075  
21.829941            31.778980            23.627377             8.151505  
21.894449            29.552895            22.428722             7.124142  
21.958969            27.682642            21.401012             6.281593  
22.023479            26.093658            20.511003             5.582621  
22.081551            24.857126            19.806368             5.050749  
22.139610            23.772745            19.178707             4.594018  
22.197680            22.816254            18.616722             4.199516  
22.255739            21.967363            18.110735             3.856610  
22.371870            20.517965            17.230146             3.287802  
22.487989            19.321758            16.486219             2.835538  
22.604120            18.324133            15.851753             2.472378  
22.720249            17.482044            15.304774             2.177261  
22.836380            16.762453            14.828052             1.934391  
22.952499            16.141874            14.409180             1.732692  
23.100889            15.461129            13.940664             1.520467  
23.249281            14.878998            13.531849             1.347160  
23.397671            14.376775            13.172257             1.204520  
23.546049            13.939841            12.853560             1.086281  
23.694441            13.555629            12.568281             0.987347  
23.842819            13.212912            12.308897             0.904010  
23.991211            12.916540            12.070912             0.845623  
24.028311            12.853911            12.014528             0.839384  
24.065399            12.796419            11.959452             0.836971  
24.139589            12.688575            11.853066             0.835509  
24.165400            12.649482            11.817177             0.832310  
24.199829            12.593329            11.770163             0.823170  
24.202700            12.588402            11.766285             0.822122  
24.205580            12.583422            11.762404             0.821024  
24.213240            12.569984            11.752104             0.817886  
24.220890            12.556296            11.741865             0.814435  
24.236191            12.528146            11.721521             0.806627  
24.290470            12.422128            11.650764             0.771369  
24.344740            12.314042            11.582124             0.731919  
24.399010            12.212625            11.515515             0.697106  
24.453279            12.121079            11.450812             0.670264  
24.670370            11.810714            11.205845             0.604868  
24.887461            11.539184            10.981843             0.557339  
25.104540            11.295411            10.776717             0.518693  
25.321630            11.069573            10.584005             0.485570  
25.538719            10.863215            10.404821             0.458390  
25.972891            10.490850            10.074456             0.416398  
26.412571            10.156131             9.768790             0.387342  
26.632410            10.001017             9.623508             0.377507  
26.742331             9.931013             9.552526             0.378484  
26.797291             9.903144             9.517447             0.385692  
26.852240             9.883995             9.482630             0.401364  
26.874229             9.878985             9.468765             0.410223  
26.896210             9.875200             9.454945             0.420255  
26.918190             9.872143             9.441155             0.430988  
26.940170             9.869145             9.427398             0.441749  
26.962160             9.865403             9.413670             0.451730  
26.993759             9.856989             9.393995             0.462991  
27.025360             9.843038             9.374384             0.468655  
27.039600             9.834555             9.365563             0.468993  
27.065170             9.815762             9.349760             0.466002  
27.086281             9.797000             9.336734             0.460267  
27.107380             9.775810             9.323743             0.452068  
27.141380             9.738200             9.302852             0.435351  
27.175369             9.699054             9.282026             0.417029  
27.209370             9.661075             9.261250             0.399826  
27.243361             9.626052             9.240524             0.385526  
27.311350             9.566561             9.199224             0.367335  
27.379330             9.517683             9.158106             0.359574  
27.651270             9.348929             8.994631             0.354297  
28.213930             9.015527             8.658331             0.357197  
28.776590             8.687596             8.317407             0.370190  
29.339251             8.357049             7.963218             0.393830  
29.901911             8.016870             7.587586             0.429286  
30.183241             7.841941             7.390456             0.451485  
30.464569             7.661016             7.182295             0.478720  
30.745899             7.473866             6.962821             0.511046  
31.027229             7.279726             6.730507             0.549219  
31.308559             7.077707             6.483321             0.594386  
31.589890             6.866965             6.218926             0.648037  
31.871220             6.646767             5.934631             0.712135  
32.152538             6.416653             5.627450             0.789203  
32.415119             6.192763             5.316731             0.876029  
32.677689             5.960574             4.979269             0.981302  
32.940269             5.721668             4.612001             1.109667  
33.202839             5.479137             4.212243             1.266895  
33.465420             5.237904             3.773222             1.464681  
33.596710             5.120839             3.537908             1.582927  
33.727989             5.008948             3.290250             1.718695  
33.859280             4.904865             3.030584             1.874283  
33.990559             4.812312             2.758833             2.053478  
34.121849             4.736310             2.475051             2.261260  
34.253132             4.683627             2.179850             2.503770  
34.365669             4.664403             1.918589             2.745811  
34.478199             4.677975             1.651239             3.026728  
34.590729             4.735160             1.380212             3.354939  
34.703259             4.850000             1.109245             3.740750  
34.815800             5.040955             0.843738             4.197214  
34.928329             5.334811             0.592272             4.742540  
34.984600             5.533290             0.475932             5.057351  
35.040859             5.775506             0.369072             5.406430  
35.069000             5.915710             0.320106             5.595604  
35.097130             6.070108             0.274739             5.795360  
35.125259             6.239974             0.233476             6.006496  
35.153389             6.426848             0.196851             6.229988  
35.168629             6.535695             0.179180             6.356512  
35.183868             6.650257             0.163173             6.487080  
35.199108             6.770841             0.148941             6.621896  
35.214352             6.897727             0.136622             6.761096  
35.229591             7.031227             0.126349             6.904873  
35.244831             7.171698             0.118263             7.053432  
35.260071             7.319481             0.112524             7.206958  
35.267689             7.396293             0.110583             7.285706  
35.275299             7.474985             0.109293             7.365694  
35.284679             7.574757             0.108629             7.466127  
35.294060             7.677673             0.109026             7.568646  
35.303440             7.783991             0.110532             7.673456  
35.312809             7.893494             0.113189             7.780311  
35.319851             7.978168             0.115976             7.862190  
35.326881             8.064692             0.119456             7.945237  
35.333912             8.153290             0.123658             8.029633  
35.340939             8.244054             0.128605             8.115449  
35.349152             8.352789             0.135357             8.217427  
35.357361             8.464659             0.143201             8.321454  
35.365570             8.579700             0.152174             8.427527  
35.373772             8.697815             0.162303             8.535505  
35.383739             8.845988             0.176263             8.669736  
35.393700             8.999142             0.192083             8.807059  
35.403660             9.157639             0.209863             8.947787  
35.413620             9.321755             0.229706             9.092042  
35.423592             9.491780             0.251721             9.240049  
35.433552             9.667631             0.275973             9.391670  
35.443508             9.849595             0.302563             9.547032  
35.453468            10.038198             0.331652             9.706550  
35.464031            10.245520             0.365325             9.880195  
35.474579            10.460318             0.401986            10.058334  
35.485130            10.683451             0.441876            10.241580  
35.495682            10.915276             0.485161            10.430109  
35.516781            11.405733             0.582484            10.823249  
35.537880            11.935324             0.695530            11.239772  
35.558979            12.507496             0.825971            11.681537  
35.580078            13.126397             0.975749            12.150680  
35.601181            13.796358             1.146949            12.649445  
35.622280            14.522452             1.341993            13.180455  
35.648071            15.494548             1.616830            13.877737  
35.673859            16.570732             1.937160            14.633632  
35.699650            17.764721             2.309673            15.455086  
35.725430            19.092339             2.742290            16.350103  
35.751221            20.572815             3.244502            17.328365  
35.777012            22.228109             3.827443            18.400711  
35.802799            24.084850             4.504597            19.580315  
35.828579            26.173067             5.291523            20.881668  
35.854370            28.533312             6.208727            22.324560  
35.880161            31.210815             7.280153            23.930748  
35.905949            34.262962             8.535643            25.727362  
35.931740            37.761822            10.013433            27.748379  
35.957531            41.798412            11.762132            30.036236  
35.983318            46.491867            13.845995            32.645916  
36.009109            52.003216            16.352501            35.650616  
36.034889            58.545292            19.399565            39.145710  
36.060680            66.440460            23.165684            43.274776  
36.086472            76.145943            27.908279            48.237465  
36.112259            88.344200            34.015808            54.328163  
36.138039           104.090485            42.092350            61.998001  
36.163830           125.004417            53.072269            71.932144  
36.189621           153.524551            68.372452            85.152122  
36.202518           171.724106            78.276871            93.447327  
36.215408           193.302933            90.125275           103.177345  
36.228298           219.002075           104.352051           114.649117  
36.241192           249.686432           121.466171           128.218826  
36.252918           282.748962           140.026718           142.721161  
36.264641           321.641632           161.980743           159.658752  
36.276360           367.335388           187.906158           179.426086  
36.288078           420.964203           218.473969           202.488937  
36.299809           483.876556           254.480148           229.395248  
36.311531           557.347717           296.686798           260.655182  
36.323250           642.852051           345.972534           296.874817  
36.334969           742.027161           403.316681           338.711853  
36.346699           856.636597           469.765411           386.866577  
36.358421           988.209351           546.254578           441.967407  
36.370140          1138.561768           633.843506           504.713257  
36.381859          1309.349121           733.556335           575.775574  
36.393581          1502.172119           846.373169           655.796143  
36.405300          1718.353638           973.081055           745.269775  
36.417019          1959.136475          1114.468384           844.679321  
36.422878          2089.015625          1190.799927           898.195312  
36.428741          2225.409424          1271.046265           954.341492  
36.435188          2382.975830          1363.838379          1019.130554  
36.441639          2548.481445          1461.383179          1087.094971  
36.448090          2721.666016          1563.534424          1158.144531  
36.454529          2902.374512          1670.212891          1232.159180  
36.460979          3091.080566          1781.695923          1309.372437  
36.467430          3287.135254          1897.635864          1389.517090  
36.473881          3490.294434          2017.852539          1472.480347  
36.480320          3700.052490          2142.078857          1557.994629  
36.493221          4139.248047          2402.496826          1736.768555  
36.506111          4599.708496          2675.962646          1923.781738  
36.519009          5077.606934          2960.270508          2117.382568  
36.531898          5566.164551          3251.402588          2314.796387  
36.549492          6238.556641          3652.986572          2585.587402  
36.567070          6898.129883          4048.056641          2850.087646  
36.602230          8093.986328          4768.353027          3325.709473  
36.628021          8783.900391          5188.045898          3595.870117  
36.640911          9046.738281          5349.837402          3696.968262  
36.653801          9247.033203          5474.819824          3772.265869  
36.667950          9389.202148          5566.161621          3823.094971  
36.682098          9446.483398          5607.303223          3839.255127  
36.692402          9433.783203          5604.997070          3828.879395  
36.702690          9375.694336          5575.693359          3800.089111  
36.723270          9127.681641          5438.536133          3689.235596  
36.745789          8671.889648          5178.140625          3493.816162  
36.768311          8054.659668          4820.690430          3234.050537  
36.803699          6860.430664          4122.486328          2737.932861  
36.821388          6207.765625          3738.833740          2468.956055  
36.839081          5546.618164          3349.054443          2197.599854  
36.847931          5218.805176          3155.414795          2063.427979  
36.856781          4895.955078          2964.462158          1931.505615  
36.865631          4579.723633          2777.242920          1802.527710  
36.874470          4272.663574          2595.209961          1677.477661  
36.883320          3975.016357          2418.578857          1556.465820  
36.892159          3688.989746          2248.677979          1440.349243  
36.901009          3414.739258          2085.569580          1329.196777  
36.909851          3153.948486          1930.294678          1223.660034  
36.918701          2906.253906          1782.690674          1123.584473  
36.927540          2673.044678          1643.562134          1029.508911  
36.936390          2453.688965          1512.518433           941.162170  
36.945229          2248.851318          1390.049805           858.815002  
36.954079          2057.860107          1275.712524           782.148071  
36.962921          1880.871460          1169.641235           711.233765  
36.971771          1717.284180          1071.470459           645.811401  
36.980610          1566.793335           981.060913           585.739807  
36.988251          1446.696289           908.814636           537.898438  
36.995892          1335.573975           841.884827           493.699738  
37.011169          1138.409912           722.911804           415.497314  
37.026451           971.529480           621.952148           349.589172  
37.041729           831.557739           537.007446           294.550812  
37.057011           714.734314           465.889740           248.846710  
37.072289           617.884338           406.717865           211.170486  
37.087570           537.792969           357.589600           180.204300  
37.102840           471.803772           316.938232           154.867630  
37.118118           417.368073           283.243774           134.125153  
37.133400           372.420258           255.278748           117.141273  
37.163952           304.299927           212.551605            91.748222  
37.194511           256.562195           182.246048            74.317230  
37.225060           222.051407           160.061935            61.989544  
37.250801           199.793381           145.593887            54.199631  
37.276531           181.858795           133.826691            48.032635  
37.302269           167.047348           124.025505            43.021904  
37.327999           154.578186           115.711334            38.866364  
37.353741           143.893311           108.539268            35.353996  
37.379471           134.622864           102.278221            32.344719  
37.430931           119.281021            91.832130            27.448748  
37.482399           107.081932            83.443489            23.638487  
37.533859            97.145821            76.549400            20.596498  
37.585331            88.904839            70.783783            18.121164  
37.636791            81.972145            65.895569            16.076771  
37.707561            74.072594            60.277245            13.795447  
37.778320            67.612633            55.638969            11.973657  
37.849091            62.242382            51.748817            10.493567  
37.919849            57.719818            48.445080             9.274663  
37.990620            53.865829            45.607368             8.258455  
38.061378            50.549736            43.147110             7.402552  
38.132149            47.670792            40.995934             6.674932  
38.202911            45.153042            39.101589             6.051523  
38.270458            43.031841            37.495251             5.536624  
38.338009            41.141876            36.055405             5.086526  
38.473110            37.908703            33.572010             4.336709  
38.608212            35.239117            31.500679             3.738442  
38.743301            33.010052            29.754490             3.255594  
38.878399            31.126835            28.265772             2.861076  
39.013489            29.517090            26.982462             2.534650  
39.148590            28.127369            25.865726             2.261636  
39.283680            26.919497            24.887787             2.031688  
39.476681            25.439713            23.679806             1.759908  
39.669670            24.186117            22.647327             1.538784  
39.862671            23.115921            21.758430             1.357485  
40.055660            22.193743            20.986403             1.207337  
40.248661            21.387856            20.306902             1.080955  
40.441650            20.677057            19.703613             0.973444  
40.634651            20.046671            19.165220             0.881459  
40.827641            19.486824            18.684122             0.802703  
41.136429            18.704733            18.007347             0.697385  
41.445221            18.032953            17.421497             0.611452  
41.657520            17.627460            17.065533             0.561921  
41.869808            17.261435            16.742550             0.518896  
42.082111            16.922760            16.442509             0.480257  
42.294399            16.613079            16.166887             0.446192  
42.506699            16.326727            15.910914             0.415802  
42.718990            16.063143            15.673911             0.389224  
42.931290            15.822862            15.450710             0.372147  
42.984371            15.772017            15.397184             0.374829  
43.037441            15.728766            15.344707             0.384051  
43.063980            15.710482            15.318870             0.391608  
43.090511            15.694430            15.293291             0.401137  
43.117050            15.680349            15.267960             0.412394  
43.143581            15.667749            15.242870             0.424874  
43.182178            15.650451            15.206791             0.443659  
43.220779            15.631658            15.171189             0.460471  
43.254559            15.611412            15.140396             0.471017  
43.288330            15.585659            15.109943             0.475710  
43.308041            15.567594            15.092329             0.475266  
43.309471            15.566189            15.091058             0.475138  
43.314602            15.561055            15.086487             0.474571  
43.319729            15.555769            15.081932             0.473839  
43.329990            15.544716            15.072843             0.471879  
43.361519            15.506998            15.045089             0.461907  
43.393051            15.464388            15.017611             0.446774  
43.407459            15.443688            15.005157             0.438534  
43.451611            15.377525            14.967303             0.410223  
43.473679            15.344052            14.948587             0.395464  
43.495750            15.311028            14.929998             0.381027  
43.517818            15.278894            14.911545             0.367350  
43.539890            15.247946            14.893202             0.354741  
43.584030            15.190382            14.856933             0.333449  
43.672321            15.092088            14.785934             0.306154  
43.760601            15.009396            14.717035             0.292361  
44.113731            14.721322            14.455740             0.265576  
44.466869            14.459205            14.213879             0.245331  
44.643440            14.337273            14.099012             0.238266  
44.731720            14.284266            14.043436             0.240833  
44.820000            14.250669            13.989185             0.261483  
44.848831            14.247880            13.971751             0.276130  
44.877659            14.250819            13.954470             0.296347  
44.906490            14.260270            13.937315             0.322948  
44.920898            14.267570            13.928786             0.338780  
44.935310            14.276581            13.920298             0.356283  
44.949730            14.287254            13.911833             0.375421  
44.964142            14.299460            13.903395             0.396062  
44.978561            14.313019            13.894992             0.418025  
44.992970            14.327693            13.886616             0.441071  
45.007389            14.343183            13.878269             0.464913  
45.021801            14.359115            13.869954             0.489156  
45.050621            14.390671            13.853407             0.537257  
45.093868            14.430147            13.828787             0.601361  
45.115490            14.442829            13.816561             0.626264  
45.137112            14.448871            13.804396             0.644470  
45.160530            14.446693            13.791286             0.655406  
45.177429            14.439030            13.781861             0.657170  
45.195572            14.424999            13.771790             0.653215  
45.218811            14.398480            13.758938             0.639546  
45.234581            14.375408            13.750252             0.625166  
45.250351            14.348702            13.741594             0.607113  
45.281891            14.286504            13.724375             0.562134  
45.295170            14.257730            13.717159             0.540573  
45.316750            14.209064            13.705480             0.503586  
45.338329            14.159405            13.693854             0.465557  
45.359909            14.110216            13.682272             0.427943  
45.381489            14.062797            13.670762             0.392038  
45.403069            14.018037            13.659299             0.358737  
45.424648            13.976661            13.647906             0.328760  
45.446232            13.938965            13.636555             0.302410  
45.467812            13.905102            13.625271             0.279831  
45.489391            13.874939            13.614045             0.260893  
45.510971            13.848214            13.602878             0.245335  
45.554131            13.803533            13.580724             0.222810  
45.640450            13.737714            13.537105             0.200608  
45.985729            13.549562            13.368656             0.180906  
46.331009            13.379471            13.209312             0.170157  
46.503651            13.300874            13.132566             0.168309  
46.589970            13.267868            13.095120             0.172746  
46.633129            13.254352            13.076630             0.177716  
46.676289            13.243079            13.058292             0.184788  
46.702850            13.237138            13.047081             0.190052  
46.729408            13.231711            13.035930             0.195784  
46.755970            13.226516            13.024819             0.201692  
46.782532            13.221175            13.013772             0.207402  
46.829010            13.210236            12.994558             0.215678  
46.852249            13.203451            12.985008             0.218442  
46.875488            13.195492            12.975490             0.220000  
46.897388            13.186812            12.966564             0.220246  
46.900261            13.185582            12.965394             0.220188  
46.906460            13.182864            12.962874             0.219987  
46.912659            13.180045            12.960353             0.219687  
46.925060            13.174123            12.955323             0.218797  
46.960949            13.154972            12.940829             0.214141  
46.996841            13.133320            12.926415             0.206903  
47.032742            13.110064            12.912082             0.197978  
47.068630            13.086239            12.897846             0.188392  
47.104530            13.062756            12.883690             0.179063  
47.140419            13.040311            12.869623             0.170690  
47.176319            13.019298            12.855639             0.163658  
47.212212            12.999818            12.841741             0.158078  
47.283989            12.964924            12.814206             0.150719  
47.571129            12.848098            12.706925             0.141174  
48.145420            12.635086            12.503734             0.131348  
48.719711            12.436687            12.313051             0.123632  
49.006859            12.341916            12.221055             0.120865  
49.150429            12.298444            12.176292             0.122155  
49.222221            12.281487            12.154211             0.127282  
49.293999            12.273434            12.132308             0.141128  
49.336540            12.275611            12.119404             0.156212  
49.357811            12.279164            12.112966             0.166194  
49.379082            12.284461            12.106553             0.177907  
49.400349            12.291485            12.100154             0.191332  
49.421619            12.300131            12.093766             0.206368  
49.442890            12.310163            12.087396             0.222769  
49.464161            12.321218            12.081029             0.240191  
49.480122            12.329897            12.076267             0.253629  
49.496071            12.338629            12.071520             0.267114  
49.527969            12.355189            12.062029             0.293158  
49.559879            12.368552            12.052573             0.315980  
49.591782            12.376406            12.043144             0.333259  
49.607738            12.377649            12.038443             0.339209  
49.623692            12.376856            12.033745             0.343109  
49.640072            12.373806            12.028930             0.344872  
49.645821            12.372179            12.027243             0.344941  
49.662682            12.365773            12.022295             0.343476  
49.686779            12.352427            12.015235             0.337193  
49.703510            12.340466            12.010343             0.330119  
49.720242            12.326511            12.005454             0.321056  
49.753700            12.293821            11.995711             0.298109  
49.791180            12.252280            11.984819             0.267455  
49.809921            12.230724            11.979389             0.251330  
49.828659            12.209235            11.973972             0.235259  
49.850079            12.185246            11.967789             0.217458  
49.871498            12.162314            11.961608             0.200704  
49.892921            12.140807            11.955443             0.185361  
49.914330            12.120966            11.949295             0.171668  
49.935749            12.102846            11.943151             0.159693  
49.957169            12.086488            11.937023             0.149461  
50.000000            12.058649            11.924796             0.133849  
50.047619            12.034019            11.911251             0.122769  
50.095230            12.014092            11.897760             0.116332  
50.190449            11.981674            11.870924             0.110753  
50.380901            11.925491            11.817847             0.107647  
50.761791            11.818628            11.713909             0.104718  
51.523579            11.613463            11.512537             0.100925  
52.285370            11.414306            11.315879             0.098429  
53.047150            11.220493            11.123150             0.097345  
54.292992            10.907826            10.808990             0.098842  
54.915909            10.750410            10.649391             0.101014  
55.538818            10.589392            10.484797             0.104591  
56.161739            10.425381            10.316261             0.109119  
56.784660            10.253870            10.138248             0.115624  
57.407581            10.074074             9.949563             0.124512  
57.719040             9.986374             9.850919             0.135454  
57.796909             9.970840             9.825606             0.145238  
57.835838             9.965542             9.812833             0.152708  
57.874771             9.962078             9.799979             0.162096  
57.913700             9.960264             9.787047             0.173217  
57.952629             9.959558             9.774035             0.185518  
57.991562             9.959018             9.760943             0.198079  
58.030491             9.957449             9.747773             0.209674  
58.069180             9.953563             9.734602             0.218955  
58.088520             9.950387             9.727995             0.222392  
58.107861             9.946238             9.721363             0.224877  
58.128590             9.940627             9.714231             0.226397  
58.137211             9.937929             9.711260             0.226668  
58.153950             9.932068             9.705478             0.226589  
58.172279             9.924727             9.699126             0.225598  
58.190609             9.916472             9.692765             0.223708  
58.232510             9.894571             9.678134             0.216436  
58.274410             9.869592             9.663408             0.206182  
58.305840             9.849795             9.652297             0.197497  
58.337261             9.829824             9.641121             0.188702  
58.368690             9.810263             9.629890             0.180368  
58.400108             9.791518             9.618600             0.172918  
58.426960             9.776346             9.608899             0.167447  
58.453800             9.762044             9.599156             0.162886  
58.507481             9.735967             9.579540             0.156424  
58.614849             9.691442             9.539770             0.151672  
58.829590             9.612957             9.457932             0.155025  
59.259060             9.453628             9.285099             0.168525  
59.688541             9.282839             9.097423             0.185417  
60.118011             9.097708             8.891287             0.206421  
60.547489             8.895085             8.662227             0.232856  
60.976959             8.672118             8.405828             0.266288  
61.191700             8.551754             8.265347             0.286405  
61.406429             8.423732             8.113996             0.309732  
61.621170             8.287885             7.951218             0.336660  
61.835899             8.143613             7.775774             0.367840  
62.027069             8.007456             7.607561             0.399894  
62.218239             7.863494             7.426674             0.436824  
62.409409             7.710617             7.230447             0.480169  
62.600571             7.548187             7.016395             0.531797  
62.791740             7.377151             6.782373             0.594774  
62.982910             7.215103             6.526250             0.688845  
63.078499             7.176426             6.388823             0.787601  
63.126289             7.188021             6.317467             0.870547  
63.174080             7.231859             6.244216             0.987640  
63.197979             7.268179             6.206861             1.061317  
63.221870             7.314796             6.169004             1.145783  
63.245770             7.371633             6.130620             1.241001  
63.269661             7.437990             6.091721             1.346260  
63.293560             7.512478             6.052282             1.460187  
63.317451             7.592938             6.012305             1.580637  
63.341351             7.676533             5.971757             1.704762  
63.365238             7.759719             5.930656             1.829062  
63.420238             7.927572             5.833767             2.093798  
63.447739             7.986708             5.784112             2.202571  
63.475231             8.021596             5.733629             2.287964  
63.480469             8.025106             5.723905             2.301189  
63.492908             8.029148             5.700691             2.328438  
63.505341             8.026959             5.677330             2.349612  
63.521961             8.013976             5.645814             2.368162  
63.523392             8.012313             5.643066             2.369231  
63.529148             8.004786             5.632076             2.372694  
63.532028             8.000490             5.626554             2.373912  
63.540710             7.985425             5.609838             2.375582  
63.549389             7.967277             5.593056             2.374190  
63.563881             7.930164             5.564829             2.365317  
63.585621             7.859350             5.521982             2.337349  
63.607349             7.772116             5.478561             2.293540  
63.650810             7.558712             5.389892             2.168810  
63.689442             7.341842             5.308994             2.032826  
63.716000             7.187498             5.252195             1.935293  
63.742561             7.034972             5.194400             1.840559  
63.769119             6.888644             5.135609             1.753034  
63.795681             6.751723             5.075764             1.675943  
63.822239             6.626410             5.014869             1.611537  
63.848801             6.513827             4.952893             1.560924  
63.901920             6.326668             4.825623             1.501042  
63.955040             6.184037             4.693757             1.490272  
64.008163             6.074754             4.557115             1.517639  
64.114403             5.914856             4.268792             1.646062  
64.220642             5.792860             3.958912             1.833947  
64.326881             5.694024             3.625487             2.068524  
64.433121             5.623214             3.266881             2.356324  
64.539360             5.594974             2.882165             2.712798  
64.621460             5.617351             2.567408             3.049927  
64.703552             5.696393             2.239073             3.457301  
64.785652             5.856677             1.900619             3.956028  
64.867737             6.135050             1.559529             4.575498  
64.949837             6.590580             1.229441             5.361134  
64.990891             6.913362             1.076272             5.837082  
65.031929             7.322305             0.937988             6.384293  
65.072983             7.843096             0.822867             7.020224  
65.114029             8.512220             0.743946             7.768255  
65.134560             8.918954             0.724205             8.194739  
65.155083             9.385648             0.722452             8.663193  
65.175598             9.924239             0.743728             9.180497  
65.196121            10.552242             0.794951             9.757259  
65.215439            11.242637             0.878658            10.363984  
65.225098            11.631339             0.936596            10.694697  
65.234756            12.053424             1.007315            11.046124  
65.244423            12.513544             1.092743            11.420809  
65.254082            13.015732             1.194904            11.820785  
65.263741            13.565044             1.316224            12.248816  
65.273392            14.167424             1.459469            12.707931  
65.284866            14.963140             1.663091            13.299998  
65.296341            15.858100             1.908944            13.949112  
65.303581            16.479591             2.088826            14.390749  
65.316849            17.755325             2.478028            15.277244  
65.331337            19.379332             3.005848            16.373516  
65.345833            21.296200             3.665710            17.630484  
65.353683            22.477852             4.088569            18.389259  
65.361526            23.772020             4.563448            19.208548  
65.369377            25.195051             5.097981            20.096981  
65.377220            26.759760             5.698494            21.061226  
65.385071            28.477846             6.371124            22.106600  
65.392906            30.368631             7.125118            23.243237  
65.408600            34.747314             8.916353            25.830914  
65.421883            39.174950            10.777138            28.397617  
65.435158            44.386086            13.014914            31.370646  
65.448441            50.525467            15.702056            34.823360  
65.461723            57.742844            18.913675            38.829044  
65.474998            66.215553            22.739155            43.475704  
65.488281            76.157600            27.286013            48.871361  
65.501556            87.758034            32.651894            55.105980  
65.514839           101.298668            38.977394            62.320648  
65.528122           117.047638            46.399673            70.646812  
65.541397           135.263687            55.053963            80.210274  
65.554680           156.296127            65.115738            91.181458  
65.561317           167.934723            70.709648            97.226395  
65.567963           180.445602            76.740952           103.705444  
65.574600           193.810547            83.202194           110.609085  
65.581238           208.089523            90.122978           117.965523  
65.587883           223.353226            97.541008           125.810616  
65.594521           239.574112           105.444115           134.129333  
65.601158           256.880920           113.892960           142.982254  
65.607803           275.314056           122.918320           152.400436  
65.614441           294.868011           132.507477           162.360229  
65.621078           315.568176           142.678360           172.888000  
65.627724           337.582825           153.520142           184.063873  
65.634361           360.799194           164.971832           195.826050  
65.640999           385.383667           177.122238           208.260330  
65.647636           411.325165           189.967102           221.361496  
65.654282           438.662415           203.527603           235.143326  
65.660919           467.453613           217.820755           249.628082  
65.667557           497.644379           232.842545           264.804321  
65.674202           529.393433           248.662918           280.736115  
65.680840           562.680298           265.268555           297.403717  
65.687477           597.426941           282.633667           314.794647  
65.694122           633.810059           300.840759           332.971619  
65.700760           671.774414           319.859558           351.910461  
65.707397           711.312195           339.705963           371.617279  
65.714043           752.458801           360.374634           392.083405  
65.720680           795.107788           381.832489           413.284088  
65.727318           839.347351           404.112640           435.237305  
65.733963           885.192993           427.242401           457.960480  
65.740601           932.522766           451.135162           481.387482  
65.753883          1031.797485           501.349091           530.439880  
65.767159          1136.572998           554.491211           582.083374  
65.780441          1246.647827           610.444153           636.202698  
65.793716          1361.267822           668.855042           692.423584  
65.806999          1479.939087           729.470703           750.466431  
65.820282          1601.531006           791.735291           809.802429  
65.833557          1725.262695           855.260437           869.999084  
65.855301          1929.466187           960.487427           968.972595  
65.877029          2130.890869          1064.809326          1066.074707  
65.920486          2502.613037          1259.122192          1243.486694  
65.947052          2692.740967          1359.933105          1332.818481  
65.973602          2842.515625          1440.780884          1401.748657  
65.989304          2908.783691          1477.428589          1431.350830  
66.004990          2956.651611          1504.842163          1451.826538  
66.018097          2982.035400          1520.353027          1461.679565  
66.031197          2993.660889          1528.882690          1464.768555  
66.048668          2987.655762          1529.306641          1458.320923  
66.066139          2957.315918          1517.294067          1440.002197  
66.085800          2895.018311          1489.312866          1405.702148  
66.105461          2805.144043          1447.054321          1358.061157  
66.136353          2614.972900          1355.184937          1259.795898  
66.167236          2378.045898          1238.601440          1139.443970  
66.198128          2110.760742          1105.566895          1005.185364  
66.213577          1970.896484          1035.496826           935.374207  
66.229019          1829.728271           964.522644           865.199219  
66.244469          1689.076660           893.562012           795.504822  
66.259911          1550.756714           823.558655           727.180786  
66.275360          1416.039551           755.180847           660.843811  
66.290802          1286.468994           689.225769           597.221375  
66.305550          1168.364624           628.952820           539.413208  
66.320290          1056.622559           571.775146           484.852631  
66.335037           951.683777           517.928650           433.745636  
66.349777           853.985535           467.676514           386.307373  
66.357162           807.817993           443.881989           363.933197  
66.364532           763.635864           421.073334           342.550232  
66.379272           680.827881           378.252167           302.570221  
66.394012           605.354126           339.110779           266.239655  
66.408752           537.103149           303.608856           233.491516  
66.423500           475.685944           271.561340           204.120239  
66.438240           420.864624           242.867523           177.998978  
66.452980           372.152374           217.276291           154.872910  
66.467720           329.108551           194.580078           134.524384  
66.482468           291.280945           174.555923           116.724960  
66.497208           258.222748           156.982300           101.241653  
66.511948           229.408600           141.588516            87.817444  
66.526688           204.428391           128.179306            76.250053  
66.553368           167.542084           108.220886            59.321793  
66.580048           139.444443            92.841209            46.603653  
66.606728           118.148750            81.026352            37.121326  
66.633400           102.015503            71.938477            30.076653  
66.660080            89.732101            64.899101            24.833359  
66.686760            80.304794            59.393276            20.911293  
66.713440            72.964516            55.020763            17.943514  
66.740112            67.152924            51.488682            15.664027  
66.793472            58.585289            46.134247            12.450970  
66.846817            52.537388            42.225842            10.311414  
66.900177            47.962074            39.191093             8.771012  
66.953529            44.329098            36.732777             7.596382  
67.018120            40.784355            34.292015             6.492348  
67.082710            37.905453            32.277321             5.628164  
67.147301            35.518505            30.582146             4.936356  
67.211884            33.506737            29.133528             4.373257  
67.276466            31.789476            27.880501             3.908958  
67.341057            30.306246            26.785273             3.521004  
67.405647            29.011005            25.819435             3.191594  
67.470230            27.868307            24.961527             2.906801  
67.504189            27.318928            24.547735             2.771192  
67.583557            26.151846            23.666969             2.484903  
67.662918            25.124884            22.889811             2.235100  
67.742279            24.216274            22.198517             2.017752  
67.821640            23.410284            21.579775             1.830481  
67.907692            22.635557            20.978119             1.657442  
67.993736            21.948769            20.438292             1.510473  
68.079788            21.335674            19.951387             1.384271  
68.165840            20.784590            19.510027             1.274575  
68.337936            19.829363            18.737186             1.092212  
68.510033            19.026529            18.080040             0.946489  
68.682129            18.344040            17.515505             0.828541  
68.854218            17.757895            17.025881             0.732002  
69.026321            17.248829            16.596849             0.651987  
69.198410            16.802290            16.217396             0.584904  
69.341827            16.470573            15.933496             0.537079  
69.485237            16.171289            15.675746             0.495544  
69.772057            15.646972            15.220557             0.426413  
70.058891            15.200974            14.829605             0.371372  
70.345711            14.819059            14.491708             0.327346  
70.632538            14.486007            14.194645             0.291361  
70.919357            14.192251            13.930663             0.261585  
71.206192            13.931156            13.694351             0.236805  
71.493011            13.697642            13.481415             0.216230  
71.837196            13.448881            13.250309             0.198571  
72.009300            13.350873            13.142880             0.207990  
72.052330            13.333944            13.116903             0.217048  
72.095352            13.321284            13.091257             0.230027  
72.116859            13.316609            13.078567             0.238045  
72.138367            13.313000            13.065956             0.247045  
72.159882            13.310363            13.053424             0.256940  
72.181389            13.308562            13.040976             0.267586  
72.210083            13.307136            13.024494             0.282641  
72.238762            13.306265            13.008157             0.298105  
72.296120            13.303258            12.975890             0.327370  
72.334358            13.297721            12.954681             0.343039  
72.361847            13.290774            12.939571             0.351203  
72.389328            13.280742            12.924582             0.356158  
72.410843            13.270492            12.912927             0.357566  
72.422340            13.264116            12.906732             0.357388  
72.441948            13.251785            12.896201             0.355586  
72.470329            13.230751            12.881054             0.349698  
72.492630            13.211767            12.869241             0.342528  
72.514923            13.190876            12.857498             0.333381  
72.563553            13.140224            12.832121             0.308102  
72.591927            13.108637            12.817465             0.291176  
72.620300            13.076530            12.802914             0.273619  
72.648666            13.044639            12.788476             0.256163  
72.677040            13.013563            12.774141             0.239424  
72.705421            12.983798            12.759915             0.223886  
72.733788            12.955691            12.745803             0.209890  
72.762161            12.929395            12.731795             0.197599  
72.790527            12.904981            12.717905             0.187075  
72.847282            12.861426            12.690442             0.170987  
72.904022            12.823809            12.663411             0.160398  
73.017509            12.759953            12.610577             0.149373  
73.471474            12.543526            12.409225             0.134298  
73.860580            12.374707            12.249260             0.125448  
74.249687            12.217838            12.099534             0.118303  
74.638802            12.070405            11.957917             0.112485  
75.027901            11.931067            11.823184             0.107884  
75.417007            11.798439            11.693984             0.104450  
75.806122            11.670772            11.568643             0.102123  
76.195229            11.546663            11.445745             0.100917  
76.584328            11.424996            11.323919             0.101078  
77.200417            11.233859            11.129329             0.104532  
77.508469            11.137119            11.028726             0.108397  
77.816513            11.038112            10.923510             0.114600  
78.124557            10.935608            10.811764             0.123848  
78.278580            10.882529            10.752461             0.130072  
78.432602            10.827754            10.689898             0.137856  
78.586617            10.770943            10.623281             0.147663  
78.740639            10.711707            10.551554             0.160159  
78.894661            10.649629            10.473358             0.176276  
79.048683            10.584308            10.386903             0.197405  
79.162170            10.533833            10.316364             0.217469  
79.275658            10.481233            10.238386             0.242845  
79.389153            10.426579            10.151026             0.275554  
79.502640            10.370300            10.051442             0.318856  
79.559387            10.341867             9.995751             0.346121  
79.616127            10.313679             9.935274             0.378404  
79.672882            10.286269             9.869056             0.417211  
79.729622            10.260758             9.796026             0.464723  
79.786369            10.239452             9.714780             0.524677  
79.843109            10.227763             9.623573             0.604184  
79.899857            10.238738             9.520396             0.718330  
79.956596            10.303880             9.403320             0.900556  
80.005241            10.456132             9.291307             1.164817  
80.053879            10.793060             9.170382             1.622681  
80.078201            11.079402             9.108357             1.971016  
80.102524            11.483210             9.047113             2.436094  
80.126839            12.044070             8.988863             3.055205  
80.151161            12.812424             8.936521             3.875936  
80.175484            13.848341             8.894180             4.954174  
80.199799            15.225336             8.866978             6.358385  
80.211960            16.068428             8.861007             7.207528  
80.224121            17.030031             8.861361             8.168806  
80.236282            18.121193             8.869065             9.252364  
80.248444            19.355885             8.885187            10.470767  
80.260597            20.748407             8.910996            11.837420  
80.272758            22.308893             8.947645            13.361504  
80.284920            24.057577             8.996617            15.061099  
80.297081            26.001034             9.059142            16.942122  
80.309242            28.158829             9.136889            19.022108  
80.321404            30.542072             9.231179            21.311188  
80.333557            33.159557             9.343434            23.816198  
80.345711            36.027451             9.475331            26.552582  
80.356857            38.884129             9.614687            29.269794  
80.368011            41.967304             9.772890            32.193851  
80.379158            45.281330             9.951097            35.330391  
80.390297            48.822041            10.149664            38.672951  
80.401451            52.605129            10.370284            42.235615  
80.412590            56.624447            10.613359            46.011116  
80.423737            60.872177            10.879284            49.993443  
80.434883            65.349701            11.168760            54.181870  
80.446030            70.052574            11.482364            58.571400  
80.457176            74.963402            11.819690            63.143833  
80.468330            80.077568            12.181098            67.896400  
80.479469            85.372375            12.565886            72.807129  
80.490623            90.834633            12.973757            77.863380  
80.501762            96.441078            13.403650            83.037697  
80.512909           102.164207            13.854333            88.310936  
80.524048           107.978790            14.324432            93.654533  
80.537231           114.947014            14.904588           100.043076  
80.550400           121.949684            15.506413           106.443718  
80.576752           135.823547            16.760221           119.064651  
80.603104           149.133636            18.053202           131.081985  
80.629440           161.362839            19.344814           142.019196  
80.656799           172.376999            20.637201           151.738556  
80.684158           181.146973            21.828939           159.318634  
80.693283           183.502609            22.196358           161.306274  
80.704422           185.951340            22.619146           163.332489  
80.715569           187.920853            23.013113           164.907318  
80.726707           189.392136            23.374073           166.017639  
80.739548           190.450500            23.746708           166.703613  
80.747437           190.759872            23.951075           166.807724  
80.750603           190.809937            24.027784           166.780640  
80.762093           190.642853            24.279697           166.360443  
80.773567           189.918945            24.488543           165.428757  
80.798286           186.536484            24.788698           161.745255  
80.821892           181.099991            24.883017           156.216003  
80.845490           173.733261            24.793135           148.938858  
80.888199           156.422501            24.202560           132.219437  
80.909554           146.360886            23.729361           122.631310  
80.930901           135.723267            23.160931           112.561516  
80.950012           125.929581            22.587618           103.339722  
80.969109           116.068542            21.968243            94.099022  
80.988220           106.311272            21.317314            84.992081  
80.997772           101.519096            20.984577            80.532982  
81.007317            96.794685            20.648182            76.145332  
81.016876            92.166283            20.310566            71.854858  
81.026428            87.655937            19.973804            67.681923  
81.035980            83.259888            19.638123            63.620388  
81.045532            78.993820            19.305452            59.687122  
81.055092            74.863777            18.976381            55.886219  
81.064636            70.883476            18.652586            52.230675  
81.074188            67.057442            18.334978            48.721901  
81.083740            63.389744            18.024195            45.364990  
81.090492            60.893879            17.809046            43.084057  
81.097229            58.482006            17.598215            40.882534  
81.103973            56.150188            17.391525            38.757812  
81.110710            53.905178            17.189730            36.714344  
81.117462            51.739738            16.992283            34.747337  
81.124199            49.659786            16.799929            32.859879  
81.130943            47.656071            16.611938            31.043629  
81.137680            45.737858            16.429358            29.307909  
81.151169            42.137489            16.079224            26.057905  
81.164650            38.843159            15.749308            23.093744  
81.178139            35.846756            15.440018            20.406401  
81.191620            33.135448            15.151267            17.983624  
81.205109            30.687731            14.882122            15.805551  
81.218590            28.494188            14.632684            13.861431  
81.232079            26.533331            14.401864            12.131430  
81.245560            24.787582            14.188768            10.598565  
81.259048            23.235151            13.991963             9.243088  
81.272530            21.867758            13.811607             8.056125  
81.286018            20.661261            13.645697             7.015501  
81.299500            19.603786            13.493813             6.109943  
81.324226            17.994192            13.247189             4.746967  
81.348953            16.741861            13.037000             3.704833  
81.373680            15.773968            12.857712             2.916264  
81.398399            15.027919            12.704178             2.323753  
81.423126            14.451442            12.571632             1.879772  
81.447853            14.004812            12.456515             1.548289  
81.497299            13.380963            12.266649             1.114312  
81.546753            12.979200            12.115361             0.863832  
81.596199            12.700884            11.990548             0.710334  
81.645653            12.492682            11.884395             0.608284  
81.695091            12.326864            11.792089             0.534768  
81.758034            12.154496            11.689609             0.464886  
81.820961            12.011521            11.600142             0.411377  
81.883888            11.889512            11.520810             0.368700  
81.946823            11.783486            11.449656             0.333832  
82.009758            11.690116            11.385242             0.304880  
82.072693            11.606884            11.326385             0.280500  
82.198547            11.463974            11.222057             0.241913  
82.292953            11.372548            11.153058             0.219495  
82.387352            11.291553            11.090326             0.201221  
82.481750            11.219143            11.032822             0.186327  
82.576149            11.154110            10.979669             0.174440  
82.670547            11.095721            10.930172             0.165551  
82.764954            11.043560            10.883770             0.159793  
82.812149            11.019655            10.861601             0.158052  
82.859352            10.997016            10.840038             0.156979  
82.953743            10.955210            10.798617             0.156593  
82.989700            10.940551            10.783380             0.157173  
83.061623            10.914523            10.753719             0.160805  
83.070251            10.911838            10.750226             0.161606  
83.073120            10.910974            10.749076             0.161896  
83.075996            10.910122            10.747918             0.162201  
83.084091            10.907795            10.744661             0.163132  
83.092178            10.905606            10.741426             0.164179  
83.108353            10.901668            10.734986             0.166672  
83.160507            10.894098            10.714554             0.179537  
83.198463            10.895451            10.699981             0.195474  
83.236397            10.904824            10.685648             0.219178  
83.255379            10.913203            10.678560             0.234642  
83.274353            10.924388            10.671530             0.252854  
83.293320            10.938601            10.664560             0.274042  
83.312286            10.956079            10.657635             0.298440  
83.326523            10.971425            10.652474             0.318951  
83.340752            10.988704            10.647341             0.341363  
83.354980            11.007951            10.642242             0.365721  
83.369209            11.029136            10.637176             0.391965  
83.383438            11.052281            10.632119             0.420168  
83.397667            11.077271            10.627101             0.450175  
83.411903            11.104010            10.622104             0.481915  
83.426132            11.132301            10.617136             0.515177  
83.445099            11.172227            10.610547             0.561683  
83.464073            11.214132            10.603996             0.610135  
83.482452            11.255953            10.597697             0.658254  
83.500832            11.298374            10.591436             0.706952  
83.519211            11.340574            10.585210             0.755365  
83.537590            11.381780            10.579021             0.802770  
83.611107            11.518976            10.554593             0.964385  
83.634827            11.547898            10.546814             1.001080  
83.658546            11.566751            10.539091             1.027674  
83.683449            11.574615            10.531025             1.043596  
83.698936            11.573015            10.526037             1.046984  
83.703247            11.571658            10.524645             1.047009  
83.720161            11.562566            10.519229             1.043336  
83.741722            11.542299            10.512348             1.029960  
83.760590            11.516903            10.506360             1.010545  
83.779457            11.484763            10.500387             0.984385  
83.801033            11.440681            10.493602             0.947074  
83.822594            11.389747            10.486849             0.902890  
83.865723            11.272449            10.473440             0.799011  
83.892677            11.192724            10.465128             0.727595  
83.919632            11.111254            10.456865             0.654385  
83.933113            11.070626            10.452755             0.617872  
83.946587            11.030548            10.448656             0.581885  
83.960068            10.991093            10.444569             0.546527  
83.973541            10.952660            10.440501             0.512154  
83.987701            10.913434            10.436228             0.477211  
84.001846            10.875749            10.431981             0.443764  
84.015999            10.839596            10.427742             0.411846  
84.030151            10.805237            10.423524             0.381710  
84.044312            10.772623            10.419310             0.353313  
84.058456            10.741942            10.415112             0.326831  
84.072609            10.713124            10.410928             0.302196  
84.086761            10.686225            10.406760             0.279465  
84.100922            10.661136            10.402592             0.258538  
84.115067            10.637939            10.398455             0.239482  
84.143372            10.596647            10.390193             0.206450  
84.171669            10.561717            10.381982             0.179732  
84.199966            10.532341            10.373818             0.158519  
84.256577            10.486918            10.357623             0.129287  
84.313179            10.454069            10.341587             0.112480  
84.426392            10.408042            10.309963             0.098072  
84.652817            10.339136            10.248219             0.090918  
84.879242            10.276238            10.188187             0.088055  
85.332092            10.156344            10.071518             0.084826  
85.784943            10.041385             9.957966             0.083418  
86.507347             9.863592             9.779902             0.083688  
87.229752             9.688844             9.602104             0.086740  
87.590958             9.602349             9.512323             0.090028  
87.952164             9.517372             9.421473             0.095901  
88.132759             9.476623             9.375555             0.101065  
88.313362             9.439747             9.329228             0.110518  
88.403664             9.426558             9.305927             0.120629  
88.493958             9.426973             9.282560             0.144413  
88.539108             9.439770             9.270881             0.168882  
88.584259             9.469229             9.259242             0.209983  
88.629410             9.525946             9.247687             0.278254  
88.651993             9.569102             9.241959             0.327138  
88.674561             9.625111             9.236278             0.388833  
88.696129             9.693298             9.230898             0.462386  
88.717690             9.778217             9.225590             0.552617  
88.739258             9.882842             9.220349             0.662485  
88.760818            10.010005             9.215200             0.794786  
88.771606            10.083009             9.212666             0.870339  
88.782387            10.162693             9.210150             0.952543  
88.793167            10.249467             9.207662             1.041786  
88.803947            10.343577             9.205214             1.138359  
88.814743            10.445634             9.202781             1.242835  
88.825523            10.555617             9.200392             1.355188  
88.836304            10.673638             9.198033             1.475608  
88.847076            10.800358             9.195706             1.604579  
88.859894            10.962150             9.192983             1.769163  
88.872688            11.136143             9.190309             1.945723  
88.885498            11.322637             9.187689             2.134916  
88.898300            11.521414             9.185115             2.336269  
88.911110            11.732484             9.182597             2.549907  
88.923912            11.955217             9.180123             2.775071  
88.936707            12.189357             9.177687             3.011595  
88.949509            12.433570             9.175293             3.258225  
88.962318            12.688039             9.172935             3.515007  
88.975121            12.951002             9.170614             3.780349  
88.987923            13.221231             9.168326             4.052794  
89.000717            13.496946             9.166051             4.330863  
89.013527            13.777926             9.163795             4.613988  
89.026329            14.060555             9.161549             4.898960  
89.051933            14.626373             9.157046             5.469189  
89.143578            16.407076             9.139797             7.267119  
89.167839            16.744436             9.134654             7.609745  
89.192101            17.000099             9.129148             7.870879  
89.220398            17.182341             9.122225             8.060122  
89.235222            17.224833             9.118364             8.106398  
89.246773            17.231934             9.115252             8.116592  
89.248222            17.231270             9.114851             8.116346  
89.253113            17.226185             9.113502             8.112576  
89.257988            17.217077             9.112131             8.104846  
89.267754            17.186649             9.109349             8.077245  
89.275284            17.152155             9.107146             8.045017  
89.303528            16.940081             9.098536             7.841540  
89.329903            16.631721             9.090025             7.541650  
89.356262            16.230324             9.081107             7.149129  
89.405220            15.295148             9.063719             6.231419  
89.429703            14.766278             9.054749             5.711400  
89.454178            14.217610             9.045678             5.171847  
89.468307            13.897968             9.040430             4.857573  
89.482430            13.579769             9.035174             4.544520  
89.496559            13.264875             9.029939             4.234923  
89.510681            12.956326             9.024720             3.931600  
89.524811            12.655427             9.019523             3.635841  
89.538933            12.364933             9.014380             3.350549  
89.553047            12.085248             9.009268             3.075973  
89.567169            11.818424             9.004210             2.814184  
89.581299            11.564683             8.999194             2.565469  
89.595421            11.325475             8.994242             2.331230  
89.609543            11.101024             8.989343             2.111663  
89.623657            10.891599             8.984509             1.907090  
89.637787            10.697014             8.979728             1.717281  
89.651909            10.517325             8.975000             1.542349  
89.666031            10.352296             8.970336             1.381951  
89.680153            10.201326             8.965726             1.235583  
89.695221            10.055054             8.960858             1.094191  
89.710281             9.923666             8.956056             0.967606  
89.725349             9.805866             8.951299             0.854562  
89.740410             9.701015             8.946598             0.754412  
89.755478             9.607853             8.941932             0.665910  
89.770538             9.525575             8.937312             0.588272  
89.800667             9.389600             8.928173             0.461426  
89.830803             9.285457             8.919139             0.366319  
89.860931             9.206489             8.910192             0.296301  
89.921188             9.101658             8.892455             0.209199  
89.981453             9.040142             8.874807             0.165335  
90.041710             9.000800             8.857156             0.143644  
90.101967             8.972118             8.839455             0.132664  
90.222488             8.926954             8.803802             0.123151  
90.343010             8.886961             8.767750             0.119210  
90.463531             8.848516             8.731250             0.117265  
90.704567             8.772943             8.656690             0.116251  
91.269508             8.594812             8.474982             0.119831  
91.834450             8.409683             8.282268             0.127413  
92.116920             8.313839             8.181304             0.132535  
92.399391             8.217772             8.076447             0.141326  
92.540627             8.179938             8.022504             0.157438  
92.611252             8.171981             7.995117             0.176865  
92.646561             8.172928             7.981315             0.191617  
92.681862             8.178115             7.967444             0.210673  
92.717171             8.188177             7.953497             0.234681  
92.734833             8.195178             7.946499             0.248687  
92.752480             8.203539             7.939480             0.264061  
92.770142             8.213256             7.932445             0.280819  
92.787788             8.224305             7.925395             0.298914  
92.805450             8.236637             7.918316             0.318325  
92.823097             8.250132             7.911230             0.338907  
92.840759             8.264698             7.904119             0.360580  
92.858414             8.280156             7.896989             0.383171  
92.876068             8.296289             7.889843             0.406449  
92.893723             8.312880             7.882676             0.430209  
92.911377             8.329646             7.875490             0.454159  
92.929031             8.346292             7.868290             0.478009  
92.964333             8.377945             7.853831             0.524121  
93.013298             8.413918             7.833640             0.580290  
93.037781             8.426482             7.823493             0.602987  
93.062263             8.434384             7.813300             0.621083  
93.096161             8.436508             7.799129             0.637380  
93.116417             8.432488             7.790626             0.641861  
93.126480             8.428972             7.786398             0.642576  
93.142761             8.421130             7.779530             0.641601  
93.166634             8.404889             7.769432             0.635462  
93.195282             8.378274             7.757261             0.621018  
93.223923             8.344656             7.745043             0.599613  
93.252563             8.305063             7.732769             0.572296  
93.295532             8.237357             7.714250             0.523112  
93.317009             8.201067             7.704946             0.496122  
93.338493             8.163959             7.695601             0.468359  
93.359978             8.126611             7.686227             0.440389  
93.381462             8.089605             7.676831             0.412782  
93.402939             8.053356             7.667397             0.385965  
93.424423             8.018264             7.657927             0.360341  
93.445908             7.984653             7.648424             0.336231  
93.467392             7.952762             7.638885             0.313876  
93.488869             7.922774             7.629321             0.293455  
93.510353             7.894729             7.619712             0.275018  
93.531830             7.868715             7.610083             0.258634  
93.553307             7.844633             7.600410             0.244222  
93.596268             7.802010             7.580967             0.221044  
93.655952             7.753259             7.553711             0.199550  
93.715622             7.713627             7.526182             0.187447  
93.834969             7.649565             7.470225             0.179339  
94.073662             7.537886             7.354353             0.183537  
94.551041             7.309380             7.107523             0.201860  
95.028419             7.064916             6.840578             0.224340  
95.505798             6.799686             6.547906             0.251777  
95.983177             6.510630             6.225166             0.285459  
96.460564             6.192586             5.864740             0.327841  
96.937943             5.843470             5.462086             0.381384  
97.176628             5.656715             5.242587             0.414123  
97.415321             5.466742             5.008322             0.458424  
97.558540             5.368100             4.860693             0.507415  
97.630150             5.331354             4.784728             0.546624  
97.665947             5.317213             4.746197             0.571019  
97.701752             5.305927             4.707262             0.598662  
97.737556             5.297212             4.667919             0.629290  
97.773361             5.290469             4.628181             0.662284  
97.809158             5.284770             4.588047             0.696719  
97.844963             5.278886             4.547472             0.731417  
97.916573             5.260716             4.465012             0.795706  
97.952370             5.245402             4.423108             0.822292  
97.988167             5.224171             4.380785             0.843389  
98.002502             5.213783             4.363692             0.850093  
98.027802             5.192648             4.333349             0.859293  
98.037857             5.183239             4.321229             0.862005  
98.056976             5.163736             4.298083             0.865647  
98.064598             5.155373             4.288814             0.866560  
98.083649             5.133061             4.265556             0.867507  
98.102699             5.108807             4.242176             0.866628  
98.140800             5.054910             4.194994             0.859917  
98.232239             4.904426             4.079529             0.824899  
98.287491             4.807093             4.008238             0.798849  
98.342728             4.711122             3.935799             0.775325  
98.397972             4.619963             3.862141             0.757817  
98.453209             4.535405             3.787316             0.748093  
98.563698             4.385664             3.633972             0.751691  
98.674179             4.253966             3.475631             0.778318  
98.895149             4.009352             3.143870             0.865478  
99.116119             3.768617             2.791577             0.977040  
99.337090             3.531577             2.418492             1.113087  
99.558060             3.306573             2.026195             1.280382  
99.779030             3.108173             1.618607             1.489575  
99.889519             3.026735             1.411607             1.615134  
100.000000             2.963075             1.204719             1.758360  
100.171700             2.912441             0.889787             2.022662  
100.343399             2.947578             0.596738             2.350840  
100.429298             3.012646             0.466197             2.546443  
100.472198             3.060852             0.407003             2.653856  
100.515099             3.121346             0.352835             2.768514  
100.557999             3.195717             0.304564             2.891155  
100.600899             3.285776             0.263194             3.022573  
100.643799             3.393495             0.229924             3.163574  
100.665298             3.454854             0.216709             3.238136  
100.686699             3.521246             0.206097             3.315154  
100.713699             3.613110             0.196647             3.416458  
100.727203             3.662562             0.193702             3.468860  
100.740700             3.714546             0.192018             3.522528  
100.754204             3.769225             0.191654             3.577568  
100.767700             3.826687             0.192682             3.634007  
100.781197             3.886889             0.195173             3.691702  
100.794701             3.950090             0.199193             3.750893  
100.811897             4.035151             0.206667             3.828469  
100.829002             4.125069             0.216867             3.908194  
100.841301             4.193100             0.226003             3.967096  
100.854797             4.271061             0.237836             4.033214  
100.868896             4.356671             0.252369             4.104289  
100.882896             4.445822             0.269067             4.176739  
100.902603             4.578889             0.296681             4.282191  
100.922203             4.720392             0.329205             4.391170  
100.941803             4.871793             0.367182             4.504595  
100.961403             5.033593             0.411001             4.622586  
100.983498             5.229398             0.467981             4.761408  
101.005600             5.440626             0.533710             4.906900  
101.027702             5.668493             0.608993             5.059493  
101.049698             5.913168             0.694253             5.218879  
101.071800             6.178234             0.791200             5.387014  
101.093803             6.463131             0.900069             5.563025  
101.115898             6.771494             1.022738             5.748753  
101.137901             7.103276             1.159670             5.943618  
101.167397             7.590724             1.368959             6.221783  
101.196800             8.130197             1.610278             6.519902  
101.226196             8.729611             1.888603             6.840963  
101.255600             9.397417             2.209493             7.187891  
101.285103            10.145460             2.580458             7.564974  
101.314499            10.979568             3.006387             7.973153  
101.343903            11.915359             3.497429             8.417863  
101.373299            12.968740             4.064513             8.904215  
101.400299            14.056599             4.663938             9.392686  
101.427299            15.278521             5.351538             9.926920  
101.454300            16.657593             6.143662            10.513895  
101.481201            18.216331             7.056681            11.159577  
101.508202            20.002010             8.122829            11.879154  
101.535202            22.057070             9.372702            12.684300  
101.562202            24.440628            10.849092            13.591578  
101.589104            27.220200            12.601145            14.619130  
101.616096            30.517254            14.714997            15.802227  
101.643097            34.458771            17.283762            17.175060  
101.670097            39.219105            20.434544            18.784601  
101.696999            45.004776            24.320032            20.685106  
101.723999            52.153481            29.185011            22.968744  
101.750999            61.030998            35.300392            25.730904  
101.778000            72.132622            43.031219            29.101833  
101.804901            86.016762            52.792156            33.225014  
101.836800           107.192635            67.816132            39.377098  
101.868698           135.005478            87.712357            47.292469  
101.884697           152.051270            99.972839            52.079399  
101.900597           171.395493           113.930412            57.466503  
101.916603           193.614471           130.009033            63.607567  
101.932503           218.769257           148.259430            70.510735  
101.948502           247.470444           169.135025            78.336884  
101.964401           279.809021           192.707504            87.101112  
101.980400           316.541718           219.541016            97.000504  
101.996300           357.659729           249.635361           108.024010  
102.012299           404.058136           283.656189           120.402809  
102.028198           455.627319           321.527130           134.099777  
102.044098           512.987122           363.714294           149.269928  
102.059998           576.618713           410.579987           166.032440  
102.074699           641.272278           458.266022           183.002640  
102.089401           711.930176           510.442108           201.488434  
102.104103           788.704102           567.186890           221.508331  
102.118797           871.806702           628.685181           243.113220  
102.133499           961.482361           695.106689           266.357574  
102.148201          1057.868164           766.589172           291.278992  
102.162903          1160.782959           842.966980           317.810059  
102.177597          1270.327759           924.343628           345.972626  
102.188103          1352.520142           985.462708           367.058136  
102.198502          1437.036621          1048.332642           388.698547  
102.208900          1524.653198          1113.561279           411.088165  
102.219299          1615.401367          1181.179810           434.242096  
102.240196          1805.715210          1323.052979           482.639740  
102.261002          2005.083374          1471.896851           533.173401  
102.281898          2213.085205          1627.400024           585.680664  
102.302696          2425.756348          1786.578125           639.153931  
102.323502          2641.268066          1948.148560           693.104919  
102.344299          2856.687500          2109.890869           746.776306  
102.398300          3391.079346          2512.462402           878.626282  
102.452202          3839.828125          2852.717773           987.090820  
102.481598          4027.722412          2996.482910          1031.242554  
102.511002          4165.410645          3103.066162          1062.336182  
102.532799          4231.636719          3155.486328          1076.140503  
102.554497          4265.440918          3183.765137          1081.678833  
102.558998          4268.312012          3186.568604          1081.777710  
102.560501          4269.035156          3187.287842          1081.741089  
102.564796          4269.987305          3188.609375          1081.381592  
102.569000          4269.816406          3189.044922          1080.728271  
102.577400          4265.626953          3187.129395          1078.492798  
102.594299          4242.404297          3172.156250          1070.227539  
102.616203          4183.460449          3131.215332          1052.288330  
102.638000          4094.004639          3067.314941          1026.709229  
102.659798          3976.014404          2981.949463           994.052795  
102.681602          3832.483887          2877.358887           955.124878  
102.736198          3383.385498          2547.485596           835.903015  
102.763496          3125.254639          2356.841797           768.409119  
102.790802          2855.504883          2157.129395           698.401001  
102.813904          2623.685547          1985.111206           638.590149  
102.836998          2393.276367          1813.859253           579.425781  
102.860100          2167.757324          1645.983276           521.785645  
102.883202          1950.481323          1483.995972           466.486176  
102.894798          1845.397095          1405.567383           439.819641  
102.906303          1744.059692          1329.891113           414.166748  
102.917900          1645.139771          1255.978760           389.178284  
102.929398          1550.535645          1185.220093           365.319458  
102.941002          1458.665649          1116.466309           342.199982  
102.952499          1371.290771          1051.045532           320.262695  
102.964104          1286.936646           987.819580           299.113068  
102.975601          1207.262939           928.075134           279.189240  
102.987198          1130.712402           870.632568           260.083282  
102.998703          1058.736694           816.583862           242.157455  
103.010300           990.003174           764.920410           225.078110  
103.021797           925.546692           716.456543           209.096802  
103.033401           864.412476           670.430664           193.969559  
103.044899           807.388062           627.498169           179.899734  
103.068001           703.435303           549.095764           154.339035  
103.091103           612.794189           480.625336           132.168427  
103.114197           534.212646           421.149689           113.056992  
103.137299           466.678436           369.947693            96.733429  
103.160400           408.898529           326.037933            82.860016  
103.183502           359.763916           288.616547            71.148483  
103.206596           318.144440           256.832947            61.308506  
103.229698           282.934723           229.876831            53.058987  
103.252800           253.281082           207.104172            46.177177  
103.299004           207.176270           171.527954            35.647560  
103.345200           174.211365           145.907440            28.303923  
103.387199           152.177017           128.651901            23.525551  
103.429199           135.373749           115.394096            19.979788  
103.471199           122.267944           104.977287            17.290438  
103.513199           111.787788            96.590294            15.197922  
103.555199           103.196793            89.670616            13.526073  
103.597198            96.003136            83.844376            12.159060  
103.639198            89.867699            78.849907            11.017926  
103.681198            84.556931            74.507668            10.049467  
103.765198            75.782898            67.292946             8.490227  
103.849197            68.801765            61.513268             7.288571  
103.933197            63.101334            56.766277             6.335512  
104.017097            58.365780            52.800983             5.565105  
104.096901            54.548706            49.588985             4.959829  
104.176697            51.262764            46.811653             4.451180  
104.256500            48.407589            44.388176             4.019477  
104.336304            45.905148            42.255558             3.649608  
104.416100            43.695450            40.365379             3.330234  
104.495903            41.729584            38.677475             3.052150  
104.655403            38.383911            35.790775             2.593173  
104.815002            35.636120            33.405148             2.230948  
104.974503            33.347099            31.406338             1.940690  
105.134102            31.412512            29.707939             1.704532  
105.293602            29.760176            28.249989             1.510208  
105.444801            28.402012            27.045963             1.356061  
105.596001            27.210402            25.985052             1.225347  
105.747200            26.157259            25.043610             1.113663  
105.898399            25.219473            24.202015             1.017458  
106.049599            24.378761            23.444786             0.933993  
106.200798            23.621006            22.759844             0.861170  
106.503098            22.300808            21.560850             0.739969  
106.805496            21.185886            20.542171             0.643705  
107.107803            20.235970            19.669117             0.566824  
107.410202            19.414915            18.910219             0.504655  
107.712502            18.697784            18.243759             0.454032  
108.082100            17.930634            17.526558             0.404086  
108.451599            17.257689            16.893402             0.364284  
108.821098            16.660761            16.328039             0.332713  
109.190598            16.125072            15.817122             0.307955  
109.560204            15.633759            15.345326             0.288444  
109.929703            15.178369            14.904729             0.273651  
110.299202            14.750269            14.486703             0.263581  
110.484001            14.549217            14.284913             0.264313  
110.668701            14.377223            14.087525             0.289701  
110.723297            14.338911            14.029795             0.309115  
110.777901            14.309289            13.972322             0.336969  
110.805199            14.298099            13.943676             0.354425  
110.832497            14.289372            13.915060             0.374313  
110.859802            14.283063            13.886527             0.396544  
110.887100            14.278973            13.858009             0.420959  
110.914398            14.276802            13.829556             0.447243  
110.941704            14.276116            13.801150             0.474969  
110.969002            14.276349            13.772770             0.503584  
110.996300            14.276847            13.744437             0.532417  
111.105499            14.265415            13.631372             0.634038  
111.139099            14.252094            13.596653             0.655448  
111.172699            14.231901            13.561974             0.669929  
111.197899            14.211715            13.535973             0.675741  
111.217697            14.192657            13.515542             0.677124  
111.234802            14.173931            13.497905             0.676020  
111.256798            14.146781            13.475238             0.671538  
111.287102            14.103870            13.443984             0.659884  
111.317398            14.055226            13.412775             0.642450  
111.339500            14.016501            13.389991             0.626509  
111.391899            13.916284            13.335968             0.580321  
111.444199            13.809135            13.282012             0.527122  
111.470398            13.754609            13.254976             0.499637  
111.496498            13.700576            13.228014             0.472569  
111.522697            13.647223            13.200931             0.446294  
111.548798            13.595443            13.173946             0.421499  
111.574997            13.545169            13.146823             0.398340  
111.601097            13.497036            13.119774             0.377257  
111.627296            13.450905            13.092629             0.358274  
111.653397            13.407061            13.065518             0.341538  
111.705704            13.325647            13.011121             0.314527  
111.758003            13.251943            12.956558             0.295380  
111.923302            13.053072            12.782861             0.270202  
112.088501            12.875965            12.606753             0.269208  
112.418900            12.526746            12.244966             0.281773  
112.749298            12.166551            11.864806             0.301745  
113.079697            11.788338            11.458364             0.329970  
113.410202            11.385842            11.017213             0.368625  
113.575401            11.172328            10.778953             0.393371  
113.740601            10.948092            10.525008             0.423088  
113.905800            10.711799            10.253027             0.458772  
114.070999            10.461952             9.960227             0.501735  
114.236198            10.196835             9.643032             0.553797  
114.401398             9.914491             9.297023             0.617463  
114.544601             9.654125             8.969376             0.684757  
114.687798             9.377989             8.611350             0.766638  
114.831001             9.084896             8.217255             0.867622  
114.974197             8.774564             7.780534             0.994017  
115.117401             8.448023             7.292710             1.155311  
115.189003             8.279879             7.026479             1.253370  
115.260597             8.109774             6.743532             1.366237  
115.332199             7.939240             6.441941             1.497291  
115.403801             7.771007             6.120383             1.650614  
115.475403             7.609086             5.777350             1.831725  
115.546898             7.460046             5.412208             2.047829  
115.624001             7.325796             4.992853             2.332928  
115.701103             7.243490             4.550348             2.693125  
115.778198             7.266316             4.099221             3.167093  
115.855301             7.520533             3.686697             3.833826  
115.893898             7.819849             3.531353             4.288496  
115.932404             8.319746             3.450612             4.869133  
115.971001             9.134706             3.497857             5.636880  
116.009499            10.431608             3.756957             6.674710  
116.048103            12.471417             4.357058             8.114326  
116.086601            15.615380             5.484192            10.131099  
116.125099            20.388670             7.408116            12.980307  
116.144402            23.610834             8.784774            14.825684  
116.163597            27.502337            10.499402            17.002745  
116.186401            33.202049            13.081000            20.120834  
116.197800            36.555008            14.627867            21.926462  
116.209099            40.245445            16.349739            23.895760  
116.220497            44.387169            18.301222            26.085508  
116.231903            48.979164            20.484720            28.494184  
116.243301            54.053619            22.917963            31.135679  
116.254601            59.606911            25.600788            34.006031  
116.265999            65.771942            28.600033            37.171478  
116.277397            72.559395            31.922953            40.635845  
116.288803            80.008476            35.591866            44.415924  
116.300102            88.082985            39.590492            48.491173  
116.311501            96.979980            44.018433            52.959255  
116.322800           106.584305            48.822937            57.761166  
116.334198           117.114510            54.112934            63.001564  
116.345497           128.455383            59.833622            68.622139  
116.352798           136.243729            63.773537            72.468719  
116.360001           144.347336            67.884949            76.462448  
116.367203           152.821304            72.193291            80.626785  
116.374397           161.714172            76.722549            84.990211  
116.384003           174.233337            83.119034            91.114502  
116.391602           184.702972            88.479172            96.222816  
116.399200           195.635941            94.086975           101.547310  
116.405800           205.577621            99.200226           106.377769  
116.412300           215.711533           104.416214           111.293159  
116.418800           226.241364           109.849243           116.392723  
116.425301           237.153030           115.485832           121.668175  
116.432602           249.912369           122.086006           127.825760  
116.439796           262.916809           128.826202           134.086670  
116.446999           276.482330           135.867661           140.611084  
116.454201           290.504669           143.160309           147.340500  
116.461502           305.225922           150.832474           154.395691  
116.468697           320.257751           158.670456           161.587265  
116.483101           351.819550           175.173462           176.644958  
116.495499           380.640625           190.281357           190.355850  
116.507896           410.885101           206.173203           204.707153  
116.520302           442.508606           222.835587           219.671387  
116.532700           475.537659           240.278351           235.259415  
116.545097           509.855011           258.442291           251.412125  
116.557503           545.469177           277.334045           268.127991  
116.569901           582.114563           296.826904           285.288269  
116.582199           619.518799           316.768616           302.756592  
116.596001           662.643982           339.807068           322.828949  
116.609802           706.617615           363.372711           343.239502  
116.623596           751.287598           387.380646           363.908783  
116.637299           796.206360           411.579559           384.617889  
116.664803           886.718994           460.574738           426.143005  
116.692299           976.049133           509.242767           466.800903  
116.714401          1045.355225           547.261597           498.088531  
116.730904          1094.756836           574.536011           520.230347  
116.761200          1178.584717           621.204407           557.387451  
116.791496          1250.652100           661.931458           588.714233  
116.816299          1298.960327           689.799133           609.165527  
116.841003          1336.052368           711.814819           624.233521  
116.871498          1365.189453           730.276367           634.916443  
116.892303          1373.955444           736.999878           636.957825  
116.893799          1374.240967           737.293030           636.942810  
116.897202          1374.672241           737.872681           636.798645  
116.900597          1374.896118           738.319336           636.567688  
116.907303          1374.575928           738.808533           635.756958  
116.920799          1370.999756           738.244690           632.759583  
116.941902          1357.787842           733.259583           624.521240  
116.962997          1335.501343           723.385010           612.114380  
116.995796          1284.153076           698.953613           585.202698  
117.028603          1214.778320           664.622375           550.153809  
117.084801          1064.283569           588.081726           476.205566  
117.112900           979.263245           544.137939           435.120850  
117.140999           891.029663           498.170105           392.851868  
117.166801           809.320984           455.326355           353.990784  
117.179703           768.789185           433.985352           334.806885  
117.192596           728.705933           412.809204           315.891907  
117.205498           689.195068           391.893036           297.295776  
117.218399           650.560669           371.386108           279.165070  
117.231300           612.855957           351.324463           261.523102  
117.244102           576.489685           331.931366           244.552307  
117.257004           541.003662           312.960938           228.042435  
117.269897           506.864655           294.669128           212.196289  
117.282799           474.000336           277.013824           196.982285  
117.295601           442.815552           260.230072           182.589523  
117.308502           412.821686           244.038956           168.778458  
117.321404           384.310547           228.620483           155.690628  
117.334297           357.338531           213.992065           143.345718  
117.347099           332.038147           200.240784           131.795151  
117.359398           309.158356           187.774567           121.384949  
117.371696           287.590546           175.991791           111.599930  
117.384003           267.344208           164.903580           102.440552  
117.396301           248.385651           154.495377            93.890167  
117.408600           230.685501           144.751953            85.936783  
117.420898           214.229156           135.664047            78.564842  
117.433197           198.927338           127.191505            71.734276  
117.445503           184.708267           119.295021            65.412811  
117.457802           171.592743           111.988823            59.605324  
117.470100           159.486847           105.220711            54.264591  
117.482399           148.319748            98.958694            49.361771  
117.494698           138.060852            93.182587            44.876438  
117.519302           120.043655            82.983047            37.060638  
117.543800           105.058304            74.426819            30.630671  
117.568398            92.536186            67.211853            25.325077  
117.593002            82.185410            61.183628            21.001108  
117.617599            73.671005            56.168430            17.502741  
117.642197            66.668396            51.990139            14.678114  
117.666801            60.917252            48.510117            12.406961  
117.691399            56.190681            45.605835            10.584543  
117.740501            49.080864            41.129070             7.951513  
117.787399            44.331188            38.030376             6.300826  
117.834198            40.877312            35.695862             5.181489  
117.881104            38.259083            33.866020             4.392976  
117.927902            36.203716            32.387188             3.816464  
117.974800            34.524357            31.149551             3.374781  
118.021599            33.116806            30.092237             3.024546  
118.068398            31.905891            29.168871             2.737010  
118.115196            30.846228            28.350895             2.495263  
118.208900            29.063763            26.955488             2.108269  
118.302597            27.614416            25.802933             1.811456  
118.396301            26.407536            24.830622             1.576968  
118.489899            25.386948            23.998394             1.388554  
118.574203            24.593468            23.343826             1.249708  
118.658501            23.898872            22.762953             1.135929  
118.742798            23.289518            22.243624             1.045905  
118.827103            22.756159            21.775715             0.980433  
118.911400            22.292728            21.351824             0.940923  
118.953598            22.084929            21.154139             0.930781  
118.995697            21.892094            20.965658             0.926432  
119.037903            21.711725            20.784878             0.926840  
119.080002            21.542784            20.612223             0.930559  
119.164200            21.228159            20.287876             0.940284  
119.215797            21.043547            20.101843             0.941713  
119.267303            20.860203            19.925001             0.935203  
119.304703            20.725620            19.801683             0.923933  
119.325500            20.649864            19.734858             0.915004  
119.342598            20.587072            19.680866             0.906206  
119.375999            20.463062            19.577780             0.885286  
119.392601            20.400717            19.527626             0.873099  
119.444702            20.202848            19.374788             0.828046  
119.496803            20.003540            19.228609             0.774943  
119.548897            19.805868            19.088512             0.717363  
119.600998            19.613264            18.954165             0.659114  
119.653099            19.428627            18.825125             0.603503  
119.705200            19.254131            18.701122             0.553019  
119.757301            19.090847            18.581818             0.509038  
119.809303            18.939117            18.467129             0.471999  
119.913498            18.665977            18.249582             0.416378  
120.017700            18.425659            18.046721             0.378923  
120.225998            18.009127            17.678772             0.330342  
120.437202            17.643465            17.348785             0.294650  
120.648300            17.321127            17.055660             0.265464  
120.859398            17.034151            16.793169             0.240973  
121.070503            16.775703            16.555632             0.220071  
121.281601            16.541412            16.339359             0.202059  
121.492699            16.328846            16.142305             0.186537  
121.914902            15.953864            15.792881             0.160984  
122.337196            15.631668            15.490792             0.140879  
122.759399            15.352268            15.227333             0.124935  
123.181602            15.106757            14.994599             0.112149  
123.603798            14.888526            14.786568             0.101964  
123.959396            14.722647            14.627010             0.095638  
124.137199            14.647144            14.551939             0.095195  
124.314903            14.588589            14.479883             0.108703  
124.370499            14.579763            14.457912             0.121855  
124.426102            14.579597            14.436208             0.143391  
124.453903            14.583780            14.425462             0.158321  
124.481697            14.591391            14.414777             0.176617  
124.509499            14.602861            14.404160             0.198705  
124.537201            14.618534            14.393652             0.224883  
124.565002            14.638857            14.383162             0.255693  
124.578903            14.650803            14.377945             0.272863  
124.592796            14.663991            14.372743             0.291252  
124.606697            14.678411            14.367554             0.310859  
124.620598            14.694040            14.362395             0.331646  
124.634499            14.710917            14.357230             0.353691  
124.648300            14.728843            14.352133             0.376710  
124.662201            14.748047            14.347012             0.401037  
124.676102            14.768319            14.341903             0.426421  
124.690002            14.789664            14.336807             0.452861  
124.703903            14.811914            14.331729             0.480190  
124.717796            14.835006            14.326672             0.508339  
124.731697            14.858838            14.321628             0.537203  
124.745598            14.883259            14.316600             0.566660  
124.759399            14.908015            14.311612             0.596415  
124.780296            14.945917            14.304101             0.641825  
124.801102            14.983787            14.296650             0.687136  
124.842796            15.057380            14.281816             0.775571  
124.926102            15.176245            14.252519             0.923708  
124.953903            15.201829            14.242845             0.958995  
124.981598            15.218152            14.233250             0.984893  
125.010803            15.224436            14.223196             1.001248  
125.026001            15.223045            14.217977             1.005072  
125.037498            15.219826            14.214045             1.005772  
125.057098            15.210047            14.207350             1.002688  
125.079300            15.192448            14.199795             0.992657  
125.100502            15.169447            14.192608             0.976828  
125.121696            15.140666            14.185452             0.955201  
125.147903            15.097754            14.176635             0.921107  
125.174103            15.047717            14.167865             0.879862  
125.226501            14.931195            14.150436             0.780742  
125.262802            14.842180            14.138464             0.703727  
125.280998            14.796398            14.132494             0.663889  
125.299103            14.750566            14.126573             0.623993  
125.317299            14.704684            14.120635             0.584053  
125.335403            14.659613            14.114750             0.544858  
125.353500            14.615429            14.108890             0.506550  
125.371597            14.572443            14.103047             0.469394  
125.390503            14.529031            14.096964             0.432070  
125.409401            14.487482            14.090908             0.396578  
125.428299            14.447875            14.084866             0.363006  
125.447197            14.410432            14.078855             0.331582  
125.466103            14.375121            14.072849             0.302270  
125.485001            14.342132            14.066881             0.275246  
125.503899            14.311392            14.060931             0.250464  
125.522797            14.282892            14.055003             0.227885  
125.541702            14.256507            14.049088             0.207421  
125.560600            14.232245            14.043204             0.189046  
125.579498            14.209953            14.037333             0.172620  
125.598396            14.189522            14.031483             0.158036  
125.636200            14.153708            14.019852             0.133851  
125.674004            14.123702            14.008304             0.115404  
125.749603            14.076944            13.985445             0.091498  
125.825203            14.041819            13.962907             0.078913  
125.976402            13.987803            13.918749             0.069055  
126.278801            13.897061            13.833553             0.063510  
126.581100            13.812500            13.752296             0.060211  
127.185898            13.655274            13.600183             0.055092  
127.790604            13.511247            13.460225             0.051021  
128.395401            13.376271            13.328759             0.047506  
129.000107            13.251246            13.206702             0.044543  
130.209503            13.023855            12.984100             0.039758  
131.241592            12.848996            12.812362             0.036638  
131.757706            12.767141            12.731682             0.035461  
132.273697            12.689362            12.654368             0.035004  
132.531693            12.655819            12.616709             0.039111  
132.596207            12.650685            12.607413             0.043276  
132.660706            12.648763            12.598162             0.050602  
132.692993            12.649498            12.593554             0.055945  
132.725204            12.651656            12.588966             0.062696  
132.757507            12.655486            12.584368             0.071119  
132.789703            12.661182            12.579803             0.081379  
132.812897            12.666557            12.576524             0.090037  
132.836105            12.673061            12.573245             0.099816  
132.859299            12.680740            12.569973             0.110764  
132.882507            12.689606            12.566710             0.122897  
132.905701            12.699633            12.563445             0.136181  
132.928894            12.710793            12.560195             0.150599  
132.952103            12.723012            12.556941             0.166068  
132.975204            12.736114            12.553714             0.182398  
132.998398            12.750048            12.550472             0.199570  
133.021606            12.764577            12.547246             0.217331  
133.044800            12.779481            12.544017             0.235466  
133.067902            12.794443            12.540801             0.253636  
133.091095            12.809267            12.537584             0.271682  
133.114304            12.823658            12.534367             0.289279  
133.160599            12.849595            12.527970             0.321620  
133.203003            12.868402            12.522124             0.346281  
133.245300            12.880653            12.516302             0.364349  
133.281601            12.884953            12.511322             0.373626  
133.303696            12.884501            12.508286             0.376209  
133.317200            12.883044            12.506443             0.376604  
133.334000            12.879982            12.504144             0.375841  
133.354996            12.874210            12.501272             0.372934  
133.391693            12.859114            12.496257             0.362857  
133.433701            12.834749            12.490541             0.344210  
133.475693            12.804089            12.484824             0.319262  
133.520294            12.766591            12.478775             0.287803  
133.564896            12.726179            12.472742             0.253434  
133.587204            12.705580            12.469731             0.235846  
133.609497            12.685078            12.466722             0.218355  
133.631805            12.664900            12.463723             0.201175  
133.654099            12.645227            12.460722             0.184509  
133.676407            12.626267            12.457726             0.168537  
133.698700            12.608128            12.454734             0.153395  
133.720993            12.590953            12.451754             0.139200  
133.743301            12.574780            12.448767             0.126009  
133.765594            12.559670            12.445791             0.113879  
133.787903            12.545648            12.442813             0.102834  
133.810196            12.532733            12.439845             0.092883  
133.832397            12.520908            12.436896             0.084012  
133.856094            12.509395            12.433750             0.075645  
133.879700            12.499005            12.430620             0.068381  
133.926895            12.481113            12.424382             0.056729  
133.974106            12.466467            12.418154             0.048310  
134.021301            12.454381            12.411951             0.042427  
134.210098            12.420199            12.387294             0.032904  
134.587799            12.369098            12.338668             0.030429  
134.965500            12.320748            12.290914             0.029830  
135.343201            12.277555            12.243963             0.033590  
135.427200            12.271720            12.233623             0.038093  
135.469193            12.270032            12.228477             0.041558  
135.511093            12.269363            12.223344             0.046019  
135.536102            12.269492            12.220281             0.049213  
135.561005            12.270050            12.217237             0.052806  
135.585907            12.271020            12.214204             0.056821  
135.610794            12.272419            12.211170             0.061249  
135.635803            12.274227            12.208128             0.066098  
135.660706            12.276402            12.205101             0.071307  
135.685593            12.278913            12.202074             0.076832  
135.710495            12.281689            12.199056             0.082627  
135.735504            12.284676            12.196029             0.088648  
135.760406            12.287750            12.193013             0.094740  
135.785294            12.290831            12.190003             0.100822  
135.810196            12.293801            12.186998             0.106801  
135.909897            12.302185            12.174986             0.127199  
135.942703            12.302860            12.171043             0.131813  
135.975494            12.302130            12.167112             0.135015  
136.003006            12.300323            12.163814             0.136511  
136.017593            12.298909            12.162066             0.136840  
136.026199            12.297923            12.161039             0.136884  
136.042404            12.295752            12.159098             0.136655  
136.065903            12.291909            12.156293             0.135617  
136.087097            12.287738            12.153759             0.133981  
136.108200            12.282960            12.151239             0.131723  
136.147003            12.272697            12.146611             0.126084  
136.185699            12.260844            12.142008             0.118833  
136.224396            12.247778            12.137411             0.110368  
136.263107            12.233953            12.132815             0.101138  
136.291306            12.223668            12.129472             0.094200  
136.319504            12.213397            12.126135             0.087258  
136.347702            12.203247            12.122791             0.080456  
136.375793            12.193434            12.119477             0.073957  
136.404007            12.183942            12.116144             0.067797  
136.432205            12.174912            12.112823             0.062093  
136.460403            12.166387            12.109499             0.056886  
136.488495            12.158417            12.106193             0.052225  
136.513199            12.151857            12.103288             0.048567  
136.537796            12.145727            12.100400             0.045327  
136.587097            12.134595            12.094618             0.039977  
136.636398            12.124835            12.088845             0.035990  
136.685699            12.116209            12.083083             0.033126  
136.882904            12.088468            12.060139             0.028328  
137.277206            12.041849            12.014729             0.027118  
138.065903            11.951773            11.925204             0.026572  
139.643295            11.774657            11.748361             0.026297  
140.657394            11.661002            11.634119             0.026884  
141.164505            11.603226            11.575652             0.027568  
141.671494            11.544077            11.515394             0.028685  
142.178604            11.482962            11.452570             0.030391  
142.432098            11.451206            11.419586             0.031623  
142.685593            11.418253            11.384995             0.033260  
142.939102            11.383865            11.348432             0.035430  
143.192596            11.347672            11.309325             0.038347  
143.446106            11.309121            11.266735             0.042386  
143.572906            11.288684            11.243647             0.045037  
143.699600            11.267291            11.219004             0.048285  
143.831100            11.243904            11.191415             0.052486  
143.962494            11.219123            11.161297             0.057827  
144.093994            11.192683            11.127900             0.064783  
144.225403            11.164376            11.090219             0.074153  
144.291199            11.149463            11.069252             0.080204  
144.356903            11.134168            11.046559             0.087606  
144.422607            11.118801            11.021757             0.097045  
144.488297            11.104245            10.994391             0.109853  
144.554092            11.092633            10.963810             0.128820  
144.619797            11.088936            10.929400             0.159542  
144.685501            11.103640            10.890268             0.213375  
144.751205            11.157504            10.845623             0.311882  
144.807602            11.263227            10.802537             0.460690  
144.835800            11.348830            10.779387             0.569446  
144.863907            11.464199            10.755339             0.708861  
144.892105            11.617882            10.730436             0.887466  
144.920303            11.818800            10.705009             1.113779  
144.948502            12.077300            10.679466             1.397832  
144.962601            12.231946            10.666784             1.565176  
144.976593            12.404149            10.654370             1.749778  
144.990707            12.598573            10.642083             1.956481  
145.004807            12.815049            10.630168             2.184901  
145.018906            13.055900            10.618689             2.437221  
145.033005            13.322707            10.607778             2.714966  
145.047104            13.617130            10.597552             3.019533  
145.061203            13.941425            10.588147             3.353275  
145.075302            14.296679            10.579722             3.716981  
145.089294            14.682398            10.572461             4.110018  
145.103394            15.105922            10.566428             4.539598  
145.117493            15.566151            10.561843             5.004375  
145.131607            16.064899            10.558892             5.506024  
145.145599            16.597017            10.557756             6.039253  
145.159698            17.174585            10.558627             6.616101  
145.173798            17.792509            10.561688             7.231026  
145.187897            18.453421            10.567138             7.886291  
145.201904            19.150688            10.575078             8.575709  
145.214905            19.835432            10.584905             9.250504  
145.227798            20.550550            10.597097             9.953635  
145.240707            21.300837            10.611893            10.689159  
145.253601            22.083832            10.629372            11.454380  
145.266495            22.899826            10.649692            12.250223  
145.279404            23.748735            10.672967            13.075830  
145.292297            24.627159            10.699266            13.928299  
145.305206            25.533937            10.728668            14.805339  
145.318207            26.473471            10.761513            15.711895  
145.331100            27.427444            10.797287            16.630209  
145.343994            28.402609            10.836347            17.566422  
145.356903            29.394722            10.878618            18.516165  
145.382706            31.415142            10.972881            20.442083  
145.408493            33.454102            11.079514            22.374466  
145.436707            35.667507            11.209512            24.458204  
145.464798            37.806000            11.351375            26.454542  
145.521103            41.682411            11.663821            30.018658  
145.554001            43.560707            11.856255            31.704681  
145.586807            45.062141            12.049220            33.012615  
145.624405            46.247868            12.264222            33.984066  
145.631500            46.402206            12.303370            34.099072  
145.640900            46.572525            12.354457            34.218319  
145.653305            46.734249            12.419929            34.314140  
145.664902            46.820686            12.479203            34.341961  
145.671097            46.842136            12.510091            34.332134  
145.688995            46.801262            12.595126            34.206043  
145.713699            46.501553            12.702332            33.799011  
145.735199            46.016918            12.784823            33.232227  
145.756699            45.333515            12.856426            32.476944  
145.796402            43.596428            12.957736            30.639162  
145.835999            41.341022            13.017790            28.323439  
145.872406            38.916553            13.037274            25.879522  
145.908707            36.277725            13.024935            23.253159  
145.926895            34.906395            13.007927            21.898451  
145.945099            33.519485            12.984359            20.535215  
145.963303            32.131233            12.954902            19.176182  
145.981400            30.759150            12.920319            17.839142  
145.998795            29.459442            12.882762            16.577032  
146.016098            28.194153            12.841773            15.352634  
146.033493            26.956362            12.797503            14.159035  
146.050797            25.768003            12.751053            13.016911  
146.068207            24.617641            12.702308            11.915308  
146.085495            23.526192            12.652464            10.873812  
146.102905            22.483633            12.601452             9.882348  
146.120193            21.504589            12.550229             8.954278  
146.137604            20.578444            12.498643             8.079778  
146.146301            20.138393            12.472984             7.665494  
146.154907            19.717867            12.447714             7.270259  
146.163605            19.307337            12.422306             6.885087  
146.172302            18.913511            12.397200             6.516278  
146.181000            18.533108            12.372246             6.160830  
146.189606            18.172255            12.347875             5.824522  
146.198303            17.821686            12.323517             5.498180  
146.207001            17.485569            12.299485             5.186122  
146.215698            17.164352            12.275866             4.888530  
146.224304            16.860109            12.252835             4.607299  
146.241699            16.284739            12.207438             4.077345  
146.259003            15.764749            12.164001             3.600695  
146.275604            15.312304            12.124040             3.188247  
146.292099            14.904288            12.085956             2.818335  
146.308594            14.536137            12.049629             2.486480  
146.325104            14.204382            12.014991             2.189361  
146.341705            13.905002            11.981874             1.923141  
146.358200            13.638969            11.950654             1.688314  
146.374695            13.401670            11.921088             1.480607  
146.391205            13.190249            11.893077             1.297176  
146.424301            12.835699            11.841492             0.994210  
146.457306            12.559463            11.795658             0.763797  
146.490402            12.344481            11.754766             0.589707  
146.523407            12.178433            11.718404             0.460029  
146.556503            12.049515            11.685802             0.363713  
146.589493            11.949602            11.656630             0.292971  
146.655594            11.808844            11.606327             0.202519  
146.721695            11.717324            11.564385             0.152944  
146.787704            11.653106            11.528627             0.124482  
146.876999            11.589183            11.487230             0.101953  
146.966202            11.539659            11.451705             0.087955  
147.055405            11.498454            11.420432             0.078021  
147.144608            11.462838            11.392419             0.070420  
147.233902            11.431324            11.366968             0.064359  
147.323105            11.403065            11.343638             0.059425  
147.412292            11.377382            11.322041             0.055339  
147.501495            11.353793            11.301878             0.051912  
147.679993            11.311493            11.264979             0.046510  
147.858398            11.274085            11.231615             0.042470  
148.036804            11.240291            11.200918             0.039368  
148.215195            11.209290            11.172337             0.036947  
148.479599            11.167198            11.132955             0.034242  
148.744003            11.128499            11.096233             0.032268  
149.008408            11.092274            11.061476             0.030797  
149.272705            11.058003            11.028292             0.029708  
149.801407            10.993396            10.965085             0.028308  
150.330093            10.932492            10.904760             0.027723  
150.673798            10.894481            10.866631             0.027843  
151.017502            10.855716            10.827073             0.028639  
151.189407            10.805757            10.776309             0.029445  
151.361206            10.518480            10.488404             0.030075  
151.447098            10.090456            10.060770             0.029683  
151.533005             9.313271             9.285064             0.028206  
151.618896             8.112838             8.087572             0.025265  
151.661896             7.362473             7.339242             0.023230  
151.704803             6.538207             6.517321             0.020885  
151.732895             5.972070             5.952846             0.019223  
151.761002             5.395200             5.377706             0.017494  
