0.000010           245.673828           111.211578           134.461304  
0.000011           234.326569           106.078201           128.247681  
0.000011           234.326569           106.078201           128.247681  
0.000012           224.368439           101.589828           122.777679  
0.000013           215.597321            97.633530           117.962555  
0.000014           207.772461            94.107925           113.664032  
0.000015           200.778015            90.948288           109.828735  
0.000016           194.417297            88.084236           106.332520  
0.000018           183.321045            83.090485           100.230133  
0.000019           178.479401            80.902924            97.575745  
0.000020           173.965500            78.874161            95.090805  
0.000022           165.913681            75.247719            90.665482  
0.000024           158.906937            72.089355            86.816978  
0.000026           152.709396            69.301117            83.407822  
0.000028           147.197220            66.820190            80.376564  
0.000029           144.641373            65.674255            78.966469  
0.000031           139.952927            63.561291            76.391113  
0.000033           135.661896            61.637192            74.024368  
0.000035           131.770966            59.886715            71.883865  
0.000039           124.906105            56.800629            68.104965  
0.000043           119.020432            54.157948            64.862144  
0.000046           115.105927            52.405155            62.700325  
0.000050           110.466423            50.324226            60.141861  
0.000053           107.344604            48.923225            58.421017  
0.000056           104.461182            47.634224            56.826649  
0.000059           101.817368            46.448864            55.368122  
0.000063            98.588791            45.003059            53.585377  
0.000069            94.278740            43.076218            51.202141  
0.000075            90.496094            41.387779            49.108032  
0.000081            87.150307            39.894329            47.255692  
0.000088            83.686584            38.350914            45.335396  
0.000094            81.042694            37.171741            43.870686  
0.000100            78.632797            36.100342            42.532181  
0.000106            76.430893            35.122669            41.307961  
0.000113            74.093582            34.084866            40.008438  
0.000119            72.257736            33.270695            38.986816  
0.000125            70.556587            32.517025            38.039299  
0.000138            67.267479            31.061014            36.206261  
0.000150            64.618652            29.891966            34.726482  
0.000163            62.096893            28.779512            33.317169  
0.000175            60.016254            27.865965            32.150063  
0.000188            58.005199            26.982082            31.022970  
0.000200            56.322292            26.245346            30.076735  
0.000219            53.951843            25.209902            28.741762  
0.000238            51.879135            24.306509            27.572443  
0.000256            50.132278            23.548374            26.583754  
0.000275            48.483673            22.834414            25.649101  
0.000294            47.003441            22.194740            24.808559  
0.000313            45.657917            21.616228            24.041544  
0.000331            44.497223            21.117943            23.379152  
0.000350            43.374374            20.636965            22.737265  
0.000388            41.384808            19.789209            21.595472  
0.000425            39.717667            19.082876            20.634651  
0.000463            38.225834            18.454140            19.771576  
0.000500            36.942467            17.917013            19.025335  
0.000531            35.972992            17.514000            18.458874  
0.000563            35.068882            17.138157            17.930611  
0.000594            34.259861            16.804882            17.454865  
0.000625            33.516151            16.499537            17.016520  
0.000688            32.169651            15.950461            16.219097  
0.000750            31.023212            15.486899            15.536222  
0.000813            29.998569            15.077053            14.921425  
0.000875            29.107443            14.723535            14.383818  
0.000938            28.298599            14.405611            13.892905  
0.001000            27.583183            14.126809            13.456288  
0.001063            26.924126            13.872435            13.051609  
0.001125            26.333241            13.646451            12.686712  
0.001187            25.792021            13.441280            12.350659  
0.001250            25.287333            13.251466            12.035803  
0.001375            24.396263            12.920745            11.475450  
0.001500            23.627565            12.640046            10.987449  
0.001625            22.958229            12.399198            10.558958  
0.001750            22.364006            12.189322            10.174623  
0.001875            21.834194            12.005200             9.828938  
0.002000            21.360653            11.842865             9.517728  
0.002188            20.731821            11.631377             9.100390  
0.002375            20.185513            11.451939             8.733514  
0.002563            19.705671            11.297254             8.408368  
0.002750            19.280222            11.163106             8.117067  
0.002938            18.899010            11.045102             7.853856  
0.003125            18.555948            10.941074             7.614831  
0.003312            18.248102            10.849094             7.398958  
0.003500            17.963081            10.765731             7.197310  
0.003875            17.464462            10.623413             6.841007  
0.004250            17.036446            10.505337             6.531068  
0.004625            16.668562            10.406707             6.261809  
0.005000            16.344681            10.322419             6.022221  
0.005313            16.103205            10.261130             5.842033  
0.005625            15.884481            10.206788             5.677659  
0.005938            15.687007            10.158583             5.528394  
0.006250            15.500964            10.114278             5.386652  
0.006875            15.174429            10.038453             5.135947  
0.007500            14.895859             9.975870             4.919955  
0.008125            14.648482             9.922150             4.726303  
0.008750            14.430388             9.876175             4.554187  
0.009375            14.238545             9.836826             4.401690  
0.010000            14.064617             9.802098             4.262490  
0.010625            13.904157             9.770825             4.133310  
0.011250            13.762317             9.743849             4.018445  
0.011875            13.632975             9.719779             3.913172  
0.012500            13.513108             9.697952             3.815129  
0.013750            13.292515             9.658803             3.633691  
0.015000            13.110181             9.627792             3.482363  
0.016250            12.946396             9.600756             3.345619  
0.017500            12.803286             9.577911             3.225350  
0.018750            12.673789             9.557773             3.115995  
0.020000            12.557817             9.540236             3.017563  
0.021325            12.446877             9.523898             2.922959  
0.022650            12.346189             9.509431             2.836738  
0.023975            12.254376             9.496544             2.757814  
0.025300            12.170207             9.484990             2.685200  
0.026844            12.080449             9.472943             2.607486  
0.028387            11.998471             9.462192             2.536262  
0.031475            11.853588             9.443778             2.409795  
0.034563            11.729260             9.428576             2.300668  
0.037650            11.621093             9.415799             2.205277  
0.040738            11.525833             9.404891             2.120928  
0.043825            11.441190             9.395464             2.045713  
0.046913            11.365304             9.387213             1.978079  
0.050000            11.296837             9.379931             1.916892  
0.053125            11.233912             9.373376             1.860529  
0.056250            11.176491             9.367495             1.808986  
0.059375            11.123808             9.362186             1.761610  
0.062500            11.075239             9.357368             1.717862  
0.068750            10.988457             9.348923             1.639524  
0.075000            10.912942             9.341735             1.571195  
0.081250            10.846440             9.335521             1.510909  
0.087500            10.787303             9.330068             1.457227  
0.093750            10.734292             9.325223             1.409060  
0.100000            10.686434             9.320873             1.365555  
0.106250            10.642966             9.316929             1.326030  
0.112500            10.603266             9.313327             1.289932  
0.118750            10.566808             9.310006             1.256794  
0.125000            10.533161             9.306933             1.226223  
0.137500            10.472898             9.301379             1.171512  
0.150000            10.420251             9.296451             1.123792  
0.162500            10.373734             9.292006             1.081722  
0.175000            10.332285             9.287938             1.044340  
0.187500            10.295071             9.284172             1.010891  
0.200000            10.261397             9.280650             0.980740  
0.218750            10.216305             9.275734             0.940566  
0.237500            10.176483             9.271162             0.905313  
0.256250            10.140957             9.266859             0.874090  
0.275000            10.108998             9.262762             0.846230  
0.293750            10.080045             9.258839             0.821202  
0.312500            10.053651             9.255050             0.798596  
0.331250            10.029473             9.251375             0.778094  
0.350000            10.007203             9.247792             0.759407  
0.387500             9.967257             9.240847             0.726408  
0.425000             9.932408             9.234119             0.698285  
0.500000             9.873778             9.221092             0.652682  
0.625000             9.796837             9.200059             0.596774  
0.750000             9.736331             9.179315             0.557014  
0.875000             9.686481             9.158525             0.527953  
1.000000             9.643937             9.137481             0.506454  
1.250000             9.571872             9.094353             0.477518  
1.500000             9.510633             9.049328             0.461302  
1.750000             9.456178             9.001877             0.454300  
2.000000             9.406099             8.951509             0.454589  
2.224624             9.363800             8.903111             0.460687  
2.449247             9.323191             8.851581             0.471608  
2.673870             9.283964             8.796676             0.487287  
2.898493             9.246190             8.737340             0.508847  
3.258826             9.189011             8.630466             0.558543  
3.438993             9.162360             8.570984             0.591372  
3.619159             9.137817             8.505910             0.631904  
3.799326             9.115606             8.435804             0.679800  
3.979492             9.098812             8.357809             0.741002  
4.159659             9.110988             8.271202             0.839786  
4.249742             9.204763             8.224369             0.980394  
4.272263             9.246993             8.212190             1.034802  
4.294784             9.294512             8.199806             1.094703  
4.306045             9.319160             8.193537             1.125622  
4.317305             9.343642             8.187211             1.156428  
4.328565             9.367304             8.180831             1.186469  
4.339825             9.389483             8.174397             1.215083  
4.346552             9.401742             8.170526             1.231215  
4.353279             9.413092             8.166635             1.246454  
4.366733             9.432541             8.158794             1.273745  
4.380187             9.446916             8.150868             1.296043  
4.386914             9.451968             8.146873             1.305092  
4.393641             9.455520             8.142860             1.312655  
4.400561             9.457555             8.138707             1.318840  
4.407480             9.457924             8.134535             1.323386  
4.413193             9.456981             8.131070             1.325904  
4.418905             9.454915             8.127594             1.327318  
4.430329             9.447520             8.120591             1.326928  
4.451890             9.422779             8.107202             1.315575  
4.462671             9.405943             8.100417             1.305522  
4.473451             9.386803             8.093576             1.293226  
4.480260             9.373787             8.089225             1.284561  
4.487069             9.360223             8.084848             1.275370  
4.500687             9.332024             8.076024             1.255998  
4.514305             9.303336             8.067099             1.236238  
4.527922             9.275177             8.058071             1.217104  
4.557427             9.219751             8.038148             1.181599  
4.586932             9.176073             8.017718             1.158350  
4.645942             9.127205             7.975274             1.151930  
4.763961             9.120971             7.883754             1.237214  
4.881981             9.152885             7.782549             1.370333  
5.000000             9.204518             7.669466             1.535051  
5.103829             9.270722             7.557642             1.713077  
5.207657             9.363533             7.431655             1.931876  
5.311485             9.492519             7.288622             2.203892  
5.415313             9.671184             7.125000             2.546180  
5.519141             9.921079             6.935775             2.985298  
5.571055            10.083813             6.829179             3.254628  
5.622969            10.280416             6.712912             3.567498  
5.674883            10.519574             6.585516             3.934056  
5.726797            10.812571             6.445298             4.367269  
5.778711            11.174516             6.290261             4.884247  
5.830625            11.626225             6.117943             5.508272  
5.879295            12.157246             5.937984             6.219255  
5.927964            12.827872             5.737013             7.090855  
5.976634            13.690088             5.511126             8.178961  
6.025303            14.825747             5.255478             9.570262  
6.073973            16.375990             4.964514            11.411464  
6.098308            17.385008             4.804334            12.580675  
6.122642            18.626225             4.634408            13.991811  
6.146977            20.202278             4.456398            15.745880  
6.171312            22.286911             4.274970            18.011938  
6.195647            25.177584             4.100736            21.076834  
6.219981            29.382349             3.955037            25.427326  
6.245938            36.281750             3.876520            32.405231  
6.271895            47.347286             3.962616            43.384632  
6.297852            65.279343             4.359228            60.920143  
6.323809            94.127502             5.295955            88.831528  
6.349766           139.555130             7.107766           132.447464  
6.362745           170.716873             8.478446           162.238937  
6.375723           208.879425            10.245432           198.633972  
6.388702           255.140289            12.480519           242.660034  
6.401680           310.612701            15.258421           295.354431  
6.414659           376.382019            18.654701           357.726837  
6.427637           453.418854            22.741032           430.677551  
6.437574           520.528259            26.376448           494.153259  
6.447511           594.990051            30.478571           564.512085  
6.457448           676.960815            35.065823           641.896790  
6.467384           766.468262            40.149445           726.319458  
6.472353           814.021729            42.878864           771.144043  
6.477321           863.384888            45.731754           817.655090  
6.482290           914.555298            48.709450           865.849121  
6.487258           967.450806            51.807934           915.642090  
6.492227          1022.006104            55.024921           966.980286  
6.494711          1049.898071            56.677715           993.219604  
6.497195          1078.148682            58.357307          1019.793823  
6.499679          1106.796265            60.066059          1046.730957  
6.502163          1135.813721            61.802475          1074.011230  
6.504647          1165.161743            63.564270          1101.594727  
6.507131          1194.861206            65.353111          1129.507935  
6.510376          1234.126343            67.727104          1166.397827  
6.513621          1273.913208            70.142952          1203.769897  
6.516866          1314.182861            72.598068          1241.583618  
6.520110          1354.866211            75.089821          1279.778687  
6.523355          1395.973633            77.617851          1318.355591  
6.526599          1437.398438            80.177254          1357.223022  
6.529844          1479.163574            82.768433          1396.399780  
6.533088          1521.180176            85.387260          1435.796387  
6.535319          1550.195679            87.202454          1462.991089  
6.537550          1579.312500            89.029663          1490.281982  
6.539781          1608.484131            90.866379          1517.617554  
6.542011          1637.680054            92.710693          1544.973389  
6.544242          1666.925415            94.563759          1572.364258  
6.546472          1696.176270            96.423447          1599.757446  
6.548703          1725.447388            98.290512          1627.155396  
6.550933          1754.678833           100.161049          1654.516479  
6.552961          1781.199829           101.864784          1679.336060  
6.554989          1807.697632           103.572060          1704.131714  
6.557017          1834.121704           105.279251          1728.841309  
6.559045          1860.469238           106.987885          1753.483276  
6.561073          1886.711304           108.695236          1778.015503  
6.563101          1912.862061           110.402084          1802.458130  
6.565129          1938.877319           112.106544          1826.767578  
6.567156          1964.761353           113.808060          1850.949951  
6.569184          1990.472778           115.504372          1874.963379  
6.571212          2016.031006           117.197418          1898.837158  
6.573240          2041.390381           118.883217          1922.512573  
6.575268          2066.553467           120.562576          1945.988892  
6.579324          2116.213379           123.896576          1992.319580  
6.583379          2164.862061           127.190170          2037.669067  
6.587841          2217.093262           130.760117          2086.335449  
6.592302          2267.791992           134.261932          2133.532959  
6.596764          2316.826172           137.686493          2179.134766  
6.601225          2363.973877           141.021027          2222.949707  
6.605687          2409.144043           144.258041          2264.883789  
6.610148          2452.138916           147.385605          2304.754639  
6.614610          2492.828369           150.394485          2342.434814  
6.619071          2531.074707           153.275177          2377.797607  
6.629616          2611.007324           159.522858          2451.479980  
6.640161          2674.969238           164.892227          2510.074463  
6.649084          2715.688721           168.678192          2547.012207  
6.658006          2743.488281           171.718796          2571.765381  
6.665748          2756.844238           173.724869          2583.118896  
6.673490          2760.054688           175.125107          2584.929932  
6.675020          2759.488525           175.328995          2584.154785  
6.680086          2754.767822           175.832291          2578.937744  
6.685152          2745.737793           176.071487          2569.661377  
6.690218          2732.439453           176.044861          2556.387939  
6.695283          2714.938721           175.756699          2539.185303  
6.705789          2665.674805           174.335022          2491.341553  
6.716295          2599.813477           171.842346          2427.969727  
6.726802          2518.734131           168.342728          2350.386475  
6.732056          2472.969238           166.240448          2306.730469  
6.737309          2424.030029           163.917938          2260.113525  
6.742563          2372.172119           161.390182          2210.773682  
6.747816          2317.612061           158.669006          2158.944336  
6.753069          2260.632080           155.769333          2104.860596  
6.758322          2201.455566           152.705200          2048.746094  
6.762859          2148.789795           149.937866          1998.846680  
6.767396          2094.878174           147.069992          1947.808716  
6.771933          2039.877319           144.110535          1895.765503  
6.776470          1983.936646           141.069046          1842.869141  
6.781007          1927.279541           137.958084          1789.322021  
6.785544          1870.012695           134.784866          1735.224365  
6.790081          1812.342041           131.561096          1680.780151  
6.794617          1754.414673           128.297195          1626.119507  
6.799154          1696.370483           125.000282          1571.364746  
6.803691          1638.349609           121.680855          1516.668335  
6.808228          1580.530884           118.349228          1462.180298  
6.812765          1523.002441           115.011337          1407.986328  
6.817302          1465.943115           111.679085          1354.265137  
6.821839          1409.452759           108.358566          1301.095581  
6.826376          1353.645752           105.057335          1248.587036  
6.830912          1298.642944           101.784195          1196.856812  
6.838076          1213.644287            96.687042          1116.957031  
6.845239          1131.232544            91.699356          1039.534302  
6.852403          1051.702759            86.842728           964.859985  
6.859566           975.304260            82.136063           893.168701  
6.866730           902.247070            77.595428           824.650635  
6.873893           832.689087            73.234169           759.454956  
6.888220           704.444519            65.087860           639.355103  
6.902547           590.989197            57.750774           533.237305  
6.916874           492.109863            51.236191           440.872711  
6.931201           407.192902            45.530415           361.662903  
6.945528           335.260468            40.593929           294.667114  
6.966541           250.693283            34.623703           216.069336  
6.987554           187.246246            29.967455           157.278595  
7.008567           140.713531            26.393581           114.319649  
7.029580           107.231606            23.679705            83.551979  
7.050593            83.491920            21.628487            61.863319  
7.071606            66.811806            20.074764            46.736980  
7.092619            55.123230            18.887516            36.235718  
7.113632            46.889454            17.966330            28.923119  
7.134645            41.008492            17.236870            23.771597  
7.155658            36.715813            16.645670            20.070173  
7.176671            33.496712            16.155125            17.341581  
7.197684            30.999388            15.738521            15.260864  
7.239710            27.363712            15.060639            12.303073  
7.281736            24.792654            14.522898            10.269752  
7.323762            22.837395            14.079464             8.757928  
7.365788            21.288218            13.704799             7.583415  
7.407814            20.028456            13.382883             6.645573  
7.449840            18.982025            13.102464             5.879550  
7.501418            17.920664            12.803632             5.117032  
7.552995            17.046604            12.544823             4.501786  
7.604572            16.314598            12.318156             3.996444  
7.656149            15.691703            12.117785             3.573914  
7.675290            15.483251            12.049179             3.434072  
7.730944            14.935205            11.865010             3.070193  
7.786597            14.460363            11.700602             2.759760  
7.842251            14.046473            11.552769             2.493699  
7.897904            13.684398            11.418985             2.265411  
7.953558            13.366261            11.297202             2.069063  
8.009211            13.084995            11.185740             1.899254  
8.120518            12.609491            10.988447             1.621043  
8.201842            12.319303            10.862145             1.457156  
8.283166            12.067140            10.748322             1.318817  
8.364490            11.846395            10.645173             1.201218  
8.445813            11.651627            10.551126             1.100499  
8.527137            11.478369            10.464830             1.013534  
8.608461            11.323005            10.385160             0.937839  
8.771108            11.054798            10.242052             0.812743  
8.933756            10.830733            10.116385             0.714346  
9.096403            10.640986            10.004766             0.636220  
9.259051            10.478137             9.904464             0.573672  
9.421698            10.336731             9.813291             0.523440  
9.548202            10.239528             9.747633             0.491893  
9.674706            10.154743             9.685886             0.468856  
9.801210            10.106112             9.627448             0.478660  
9.864462            10.129716             9.599338             0.530375  
9.927713            10.228458             9.571918             0.656539  
9.963857            10.333730             9.556543             0.777187  
10.000000            10.479718             9.541373             0.938342  
10.021370            10.584395             9.532503             1.051894  
10.042740            10.700582             9.523697             1.176888  
10.053430            10.762111             9.519312             1.242799  
10.064110            10.825244             9.514950             1.310289  
10.074790            10.889456             9.510612             1.378851  
10.085470            10.954145             9.506282             1.447864  
10.091260            10.989189             9.503942             1.485248  
10.097050            11.024066             9.501614             1.522456  
10.102840            11.058667             9.499273             1.559386  
10.108620            11.092810             9.496954             1.595859  
10.114410            11.126496             9.494633             1.631859  
10.120200            11.159529             9.492315             1.667214  
10.125990            11.191821             9.490005             1.701824  
10.131770            11.223182             9.487695             1.735489  
10.137560            11.253587             9.485394             1.768197  
10.143350            11.282880             9.483094             1.799786  
10.149140            11.310917             9.480801             1.830121  
10.154920            11.337565             9.478510             1.859057  
10.160710            11.362802             9.476224             1.886577  
10.166490            11.386417             9.473945             1.912475  
10.178060            11.428578             9.469398             1.959184  
10.194080            11.474518             9.463125             2.011402  
10.210100            11.504568             9.456879             2.047692  
10.219720            11.514462             9.453146             2.061323  
10.229340            11.518041             9.449423             2.068616  
10.239400            11.514905             9.445539             2.069369  
10.249260            11.505023             9.441746             2.063272  
10.259120            11.488449             9.437962             2.050487  
10.271440            11.458586             9.433248             2.025347  
10.283760            11.418993             9.428555             1.990448  
10.298140            11.361320             9.423090             1.938232  
10.305330            11.328228             9.420366             1.907861  
10.312510            11.292593             9.417653             1.874942  
10.319700            11.254503             9.414942             1.839561  
10.326890            11.214211             9.412236             1.801976  
10.334080            11.171926             9.409537             1.762393  
10.341260            11.127942             9.406843             1.721102  
10.345880            11.098819             9.405116             1.693707  
10.350500            11.069103             9.403388             1.665722  
10.355120            11.038890             9.401663             1.637228  
10.359740            11.008210             9.399940             1.608275  
10.364360            10.977134             9.398220             1.578916  
10.368980            10.945733             9.396502             1.549240  
10.373600            10.914051             9.394787             1.519266  
10.378220            10.882146             9.393069             1.489077  
10.387460            10.817922             9.389651             1.428278  
10.396700            10.753494             9.386237             1.367260  
10.405940            10.689291             9.382828             1.306462  
10.415180            10.625708             9.379432             1.246272  
10.434690            10.495014             9.372287             1.122731  
10.454200            10.371495             9.365175             1.006321  
10.493210            10.153769             9.351064             0.802708  
10.532220             9.980906             9.337086             0.643819  
10.571230             9.851903             9.323241             0.528669  
10.649260             9.696028             9.295910             0.400118  
10.727280             9.619488             9.269026             0.350467  
10.883330             9.548759             9.216403             0.332354  
11.039380             9.560467             9.165099             0.395364  
11.105090             9.604823             9.143853             0.460973  
11.137940             9.633791             9.133300             0.500486  
11.154370             9.648933             9.128042             0.520888  
11.170790             9.663939             9.122797             0.541141  
11.183110             9.674840             9.118875             0.555971  
11.195430             9.685205             9.114952             0.570256  
11.201590             9.690124             9.112993             0.577130  
11.207750             9.694828             9.111036             0.583791  
11.213910             9.699298             9.109082             0.590211  
11.220070             9.703494             9.107128             0.596367  
11.232390             9.711009             9.103229             0.607782  
11.244710             9.717186             9.099329             0.617854  
11.269350             9.724857             9.091553             0.633300  
11.282700             9.726096             9.087350             0.638746  
11.296050             9.725132             9.083155             0.641977  
11.304880             9.723245             9.080379             0.642863  
11.313700             9.720348             9.077614             0.642733  
11.323450             9.715973             9.074560             0.641416  
11.333200             9.710376             9.071506             0.638871  
11.341200             9.704897             9.069006             0.635889  
11.349200             9.698621             9.066506             0.632116  
11.365190             9.683839             9.061515             0.622324  
11.387180             9.659046             9.054668             0.604377  
11.398170             9.644962             9.051251             0.593711  
11.409160             9.629926             9.047838             0.582085  
11.420160             9.614043             9.044424             0.569617  
11.431150             9.597502             9.041020             0.556484  
11.442140             9.580424             9.037617             0.542808  
11.453130             9.562954             9.034215             0.528737  
11.467130             9.540364             9.029893             0.510472  
11.481120             9.517660             9.025577             0.492085  
11.509100             9.472908             9.016956             0.455948  
11.565070             9.391438             8.999781             0.391657  
11.677000             9.278169             8.965645             0.312523  
11.900860             9.174846             8.898002             0.276843  
12.348580             9.033300             8.763654             0.269645  
12.892250             8.869902             8.599309             0.270590  
13.435920             8.708798             8.429700             0.279099  
13.979590             8.545537             8.250524             0.295012  
14.523260             8.376338             8.057112             0.319222  
15.066930             8.198218             7.845132             0.353085  
15.338770             8.105066             7.730861             0.374205  
15.610600             8.007957             7.608474             0.399481  
15.882440             7.906355             7.476599             0.429753  
16.154270             7.799915             7.333987             0.465926  
16.426100             7.688258             7.178958             0.509297  
16.697929             7.570992             7.009286             0.561701  
16.953779             7.455220             6.833616             0.621604  
17.209620             7.334185             6.639364             0.694818  
17.465469             7.208273             6.422821             0.785450  
17.721310             7.078600             6.179634             0.898964  
17.977160             6.947494             5.904616             1.042874  
18.105080             6.882796             5.752416             1.130377  
18.233000             6.819932             5.588330             1.231595  
18.360920             6.760336             5.410867             1.349466  
18.488840             6.706053             5.218484             1.487564  
18.616760             6.660038             5.009316             1.650717  
18.744680             6.627062             4.781094             1.845961  
18.836630             6.616373             4.603731             2.012637  
18.928570             6.624338             4.413955             2.210379  
19.020510             6.664388             4.210522             2.453859  
19.112450             6.757155             3.992054             2.765094  
19.204399             6.924168             3.757046             3.167114  
19.296341             7.172276             3.503863             3.668406  
19.342310             7.321273             3.369923             3.951346  
19.365299             7.400082             3.301005             4.099065  
19.388281             7.480843             3.230799             4.250035  
19.411270             7.563004             3.159241             4.403755  
19.434250             7.646009             3.086362             4.559642  
19.480221             7.813478             2.936446             4.877022  
19.499090             7.882703             2.873322             5.009360  
19.517950             7.952378             2.809316             5.143045  
19.523701             7.973773             2.789611             5.184159  
19.536720             8.022577             2.744693             5.277878  
19.549730             8.071948             2.699393             5.372550  
19.593300             8.244842             2.544595             5.700232  
19.618719             8.354109             2.452224             5.901874  
19.644140             8.472877             2.358458             6.114395  
19.669559             8.604344             2.263446             6.340875  
19.694981             8.752192             2.167416             6.584754  
19.745819             9.114285             1.973719             7.140543  
19.796650             9.600721             1.781719             7.818979  
19.847490            10.271030             1.600432             8.670573  
19.898331            11.221689             1.449291             9.772363  
19.949169            12.629245             1.370184            11.259017  
20.000000            14.836630             1.452575            13.384023  
20.056780            19.093945             1.968991            17.124905  
20.085171            22.446999             2.541907            19.905073  
20.113560            27.080931             3.459471            23.621397  
20.141951            33.513668             4.873841            28.639763  
20.156151            37.615208             5.829689            31.785543  
20.170340            42.439716             6.991103            35.448456  
20.184540            48.116043             8.396428            39.719494  
20.198730            54.775696            10.085456            44.690235  
20.212919            62.575722            12.105335            50.470402  
20.220020            66.961517            13.256818            53.704445  
20.227110            71.694656            14.510077            57.184387  
20.235880            78.067551            16.212355            61.854851  
20.244650            85.068649            18.099550            66.968948  
20.253420            92.750000            20.187431            72.562653  
20.262180           101.153450            22.488941            78.664490  
20.268450           107.649689            24.278999            83.370186  
20.274710           114.560997            26.192686            88.368149  
20.281811           122.948654            28.526243            94.421677  
20.288900           131.930054            31.037617           100.892067  
20.296000           141.572937            33.746071           107.827103  
20.303101           151.901382            36.659557           115.241585  
20.310200           162.948547            39.788712           123.159859  
20.317289           174.741776            43.142029           131.599564  
20.324390           187.353058            46.741306           140.611984  
20.331490           200.797668            50.591507           150.206345  
20.338591           215.137772            54.711464           160.425323  
20.345680           230.374725            59.103115           171.270187  
20.352779           246.588852            63.790768           182.797653  
20.359880           263.829468            68.788788           195.039459  
20.366980           282.110260            74.103043           208.006821  
20.374069           301.465485            79.744431           221.721451  
20.384090           330.748352            88.304031           242.443024  
20.394110           362.426941            97.595093           264.829285  
20.404131           396.587677           107.646133           288.940399  
20.414150           433.367004           118.498993           314.868347  
20.424170           472.849792           130.181686           342.665466  
20.434191           515.122986           142.724609           372.396393  
20.444210           560.307800           156.165115           404.141541  
20.454220           608.405701           170.506256           437.895691  
20.463409           655.230408           184.500626           470.728546  
20.472589           704.592896           199.284454           505.310883  
20.481779           756.639038           214.901947           541.735107  
20.490959           811.281677           231.331345           579.948486  
20.500151           868.605469           248.600876           620.004578  
20.509331           928.493286           266.673737           661.812927  
20.518520           991.058044           285.592163           705.464600  
20.527700          1056.154663           305.310822           750.841614  
20.536890          1123.788940           325.834717           797.954590  
20.546070          1193.833740           347.125824           846.705200  
20.555260          1266.250854           369.177612           897.073975  
20.564440          1340.827515           391.924347           948.895630  
20.573629          1417.626953           415.394226          1002.229736  
20.582809          1496.242310           439.459503          1056.780273  
20.591999          1576.775757           464.151489          1112.614136  
20.601179          1658.772827           489.338654          1169.426880  
20.607031          1711.789673           505.649597          1206.136108  
20.612869          1765.194214           522.095032          1243.093994  
20.618719          1819.145020           538.731079          1280.406250  
20.624559          1873.421753           555.485291          1317.929077  
20.630409          1928.054810           572.371155          1355.678101  
20.636250          1982.922852           589.351257          1393.567383  
20.642099          2037.999023           606.416138          1431.576172  
20.647940          2093.128174           623.519287          1469.604736  
20.653790          2148.357422           640.677551          1507.675781  
20.659630          2203.442383           657.811035          1545.633057  
20.665480          2258.491699           674.954163          1583.530884  
20.671320          2313.256836           692.038635          1621.210938  
20.677170          2367.864990           709.095642          1658.764526  
20.683010          2421.941650           726.010925          1695.925659  
20.688850          2475.597900           742.826599          1732.772217  
20.694691          2528.690186           759.484863          1769.202148  
20.699289          2570.057617           772.488770          1797.565796  
20.703880          2610.965332           785.361145          1825.586914  
20.708469          2651.348145           798.094604          1853.251587  
20.713060          2691.218262           810.677246          1880.526611  
20.717661          2730.619385           823.138550          1907.479248  
20.722250          2769.300537           835.390076          1933.918091  
20.726839          2807.379395           847.465088          1959.917725  
20.731430          2844.809570           859.356445          1985.433960  
20.740620          2917.441162           882.502625          2034.929321  
20.749800          2986.739502           904.676147          2082.051270  
20.758989          3052.571777           925.844666          2126.725830  
20.768169          3114.499268           945.852905          2168.636475  
20.779030          3182.363525           967.932800          2214.416748  
20.789881          3243.955811           988.147888          2255.798340  
20.811590          3346.797852          1022.494202          2324.283447  
20.827459          3403.491211          1042.041626          2361.428711  
20.843321          3443.614990          1056.578857          2387.017090  
20.854321          3461.402344          1063.613525          2397.792725  
20.865320          3470.842529          1068.098267          2402.749268  
20.871500          3472.441406          1069.485718          2402.962891  
20.882980          3468.394775          1069.902588          2398.474365  
20.894461          3455.216309          1067.525635          2387.692871  
20.910589          3421.506104          1059.493530          2362.015381  
20.926720          3370.622070          1046.135742          2324.479980  
20.952530          3255.631592          1014.298401          2241.310059  
20.965429          3183.832520           993.900757          2189.939209  
20.978331          3103.468506           970.790527          2132.672607  
20.989620          3026.661621           948.511902          2078.153076  
21.000910          2944.437500           924.496948          2019.940674  
21.006559          2901.465332           911.890503          1989.567871  
21.012199          2857.399170           898.936157          1958.466675  
21.017851          2812.162354           885.593201          1926.568481  
21.023491          2766.054932           871.967346          1894.080444  
21.029140          2718.925537           858.006897          1860.909790  
21.034781          2671.035889           843.802246          1827.239380  
21.040430          2622.386963           829.327454          1793.047119  
21.046070          2573.060059           814.629028          1758.414673  
21.051720          2523.049561           799.709534          1723.334961  
21.057360          2472.619141           784.633972          1687.991699  
21.063009          2421.631592           769.366577          1652.265381  
21.068649          2370.364258           753.989441          1616.372925  
21.073490          2326.136963           740.707336          1585.428345  
21.078329          2281.730713           727.357178          1554.372070  
21.083170          2237.186523           713.940796          1523.240601  
21.088011          2192.541748           700.489746          1492.053467  
21.097691          2103.205078           673.515625          1429.690674  
21.107361          2014.119141           646.560486          1367.550171  
21.117041          1925.412231           619.663269          1305.745117  
21.126720          1837.482788           592.947937          1244.535522  
21.136400          1750.631592           566.508606          1184.124878  
21.146070          1665.229004           540.460266          1124.767334  
21.155750          1581.297119           514.812561          1066.478271  
21.165430          1499.144165           489.664917          1009.479492  
21.175110          1418.976562           465.078827           953.900757  
21.184780          1341.108765           441.155243           899.950928  
21.204140          1192.221191           395.292999           796.931519  
21.223490          1053.632202           352.449768           701.182312  
21.241240           936.017029           315.966187           620.050720  
21.258980           827.841858           282.297485           545.544800  
21.276720           729.020203           251.433792           477.585022  
21.294460           639.507568           223.377075           416.132019  
21.312201           559.020752           198.052887           360.968140  
21.329941           487.145264           175.347427           311.796783  
21.365419           367.267426           137.233246           230.035202  
21.400909           275.387054           107.726875           167.658936  
21.436390           206.657867            85.391037           121.267044  
21.471870           156.314423            68.790611            87.523415  
21.507351           120.088020            56.630184            63.457870  
21.539610            96.359528            48.494816            47.864620  
21.571871            79.116959            42.436993            36.679909  
21.604130            66.612007            37.913540            28.698328  
21.636391            57.515362            34.508320            23.007044  
21.668650            50.834324            31.908598            18.925694  
21.700911            45.847977            29.884638            15.963371  
21.765421            39.069908            26.955452            12.114487  
21.829941            34.698895            24.909557             9.789343  
21.894449            31.581175            23.357347             8.223830  
21.958969            29.184416            22.109999             7.074405  
22.023479            27.251102            21.070805             6.180266  
22.081551            25.793947            20.267952             5.525992  
22.139610            24.542810            19.564270             4.978519  
22.197680            23.453966            18.940758             4.513196  
22.255739            22.497557            18.383917             4.113627  
22.371870            20.895275            17.429684             3.465584  
22.487989            19.605236            16.639666             2.965563  
22.604120            18.543329            15.972918             2.570410  
22.720249            17.654362            15.401875             2.252483  
22.836380            16.899826            14.906856             1.992971  
22.952499            16.251751            14.473231             1.778523  
23.100889            15.545318            13.990675             1.554645  
23.249281            14.946063            13.572357             1.373703  
23.397671            14.431153            13.205523             1.225624  
23.546049            13.984181            12.880522             1.103652  
23.694441            13.593596            12.589564             1.004029  
23.842819            13.252079            12.326533             0.925543  
23.991211            12.952044            12.086891             0.865151  
24.028311            12.882082            12.030266             0.851820  
24.065399            12.813660            11.974892             0.838767  
24.139589            12.680255            11.867668             0.812586  
24.165400            12.634685            11.831435             0.803246  
24.199829            12.574415            11.783934             0.790488  
24.202700            12.569425            11.780016             0.789408  
24.205580            12.564408            11.776088             0.788320  
24.213240            12.551094            11.765681             0.785417  
24.220890            12.537825            11.755326             0.782498  
24.236191            12.511359            11.734757             0.776603  
24.290470            12.418303            11.663166             0.755135  
24.344740            12.326715            11.593659             0.733056  
24.399010            12.236956            11.526104             0.710852  
24.453279            12.149440            11.460361             0.689079  
24.670370            11.827834            11.213445             0.614389  
24.887461            11.549832            10.988355             0.561477  
25.104540            11.302273            10.781118             0.521153  
25.321630            11.076491            10.588496             0.487994  
25.538719            10.868944            10.408493             0.460454  
25.972891            10.495393            10.077222             0.418176  
26.412571            10.160857             9.770044             0.390818  
26.632410            10.016100             9.624392             0.391710  
26.742331             9.952470             9.553275             0.399196  
26.797291             9.922198             9.518109             0.404093  
26.852240             9.892183             9.483186             0.408997  
26.874229             9.880074             9.469276             0.410796  
26.896210             9.867837             9.455408             0.412429  
26.918190             9.855424             9.441574             0.413846  
26.940170             9.842780             9.427774             0.415006  
26.962160             9.829865             9.413996             0.415867  
26.993759             9.810780             9.394266             0.416517  
27.025360             9.790998             9.374584             0.416412  
27.039600             9.781844             9.365735             0.416107  
27.065170             9.765038             9.349882             0.415155  
27.086281             9.750807             9.336821             0.413985  
27.107380             9.736271             9.323788             0.412483  
27.141380             9.712260             9.302837             0.409420  
27.175369             9.687630             9.281952             0.405676  
27.209370             9.662515             9.261111             0.401401  
27.243361             9.637105             9.240330             0.396774  
27.311350             9.586061             9.198903             0.387159  
27.379330             9.535746             9.157648             0.378098  
27.651270             9.351777             8.993803             0.357972  
28.213930             9.014997             8.656669             0.358327  
28.776590             8.686167             8.314744             0.371425  
29.339251             8.354763             7.959472             0.395289  
29.901911             8.014272             7.583578             0.430694  
30.183241             7.838696             7.385342             0.453352  
30.464569             7.657574             7.176867             0.480707  
30.745899             7.470097             6.956750             0.513345  
31.027229             7.275572             6.723590             0.551981  
31.308559             7.073164             6.475409             0.597755  
31.589890             6.862075             6.209873             0.652201  
31.871220             6.641607             5.924267             0.717337  
32.152538             6.411352             5.615498             0.795853  
32.415119             6.187592             5.303104             0.884488  
32.677689             5.956000             4.964047             0.991951  
32.940269             5.718349             4.595082             1.123267  
33.202839             5.478106             4.192331             1.285776  
33.465420             5.241770             3.750854             1.490912  
33.596710             5.128662             3.514021             1.614640  
33.727989             5.021981             3.265793             1.756189  
33.859280             4.925006             3.005857             1.919144  
33.990559             4.842231             2.734334             2.107896  
34.121849             4.779805             2.451690             2.328116  
34.253132             4.746263             2.159080             2.587185  
34.365669             4.749416             1.901954             2.847458  
34.478199             4.792774             1.641482             3.151293  
34.590729             4.890517             1.381399             3.509113  
34.703259             5.062598             1.127746             3.934847  
34.815800             5.338058             0.890056             4.448003  
34.928329             5.759872             0.683982             5.075892  
34.984600             6.045105             0.600231             5.444875  
35.040859             6.394191             0.535240             5.858949  
35.069000             6.597211             0.511637             6.085576  
35.097130             6.821987             0.495231             6.326752  
35.125259             7.071117             0.487171             6.583939  
35.153389             7.347632             0.488827             6.858805  
35.168629             7.510114             0.494353             7.015759  
35.183868             7.682290             0.503514             7.178777  
35.199108             7.865011             0.516660             7.348343  
35.214352             8.058795             0.534155             7.524640  
35.229591             8.264781             0.556448             7.708329  
35.244831             8.483787             0.584011             7.899767  
35.260071             8.717022             0.617408             8.099606  
35.267689             8.839311             0.636479             8.202828  
35.275299             8.965467             0.657227             8.308242  
35.284679             9.126721             0.685258             8.441458  
35.294060             9.294682             0.716189             8.578494  
35.303440             9.469839             0.750236             8.719599  
35.312809             9.652372             0.787573             8.864794  
35.319851             9.794640             0.817933             8.976707  
35.326881             9.941462             0.850371             9.091078  
35.333912            10.093181             0.885039             9.208141  
35.340939            10.250068             0.922059             9.328001  
35.349152            10.440253             0.968477             9.471773  
35.357361            10.638178             1.018508             9.619662  
35.365570            10.844453             1.072431             9.772017  
35.373772            11.059081             1.130389             9.928690  
35.383739            11.332523             1.206818            10.125694  
35.393700            11.620586             1.290321            10.330255  
35.403660            11.924716             1.381610            10.543090  
35.413620            12.245850             1.481276            10.764575  
35.423592            12.586026             1.590296            10.995708  
35.433552            12.945859             1.709239            11.236620  
35.443508            13.327356             1.839116            11.488227  
35.453468            13.732663             1.981086            11.751563  
35.464031            14.190566             2.146057            12.044501  
35.474579            14.679517             2.327154            12.352353  
35.485130            15.202975             2.526224            12.676739  
35.495682            15.764394             2.745205            13.019184  
35.516781            17.014923             3.250881            13.764041  
35.537880            18.465731             3.863776            14.601943  
35.558979            20.157938             4.607461            15.550473  
35.580078            22.141867             5.510784            16.631077  
35.601181            24.478909             6.609102            17.869793  
35.622280            27.241835             7.944584            19.297255  
35.648071            31.327557             9.974509            21.353134  
35.673859            36.379478            12.550186            23.829319  
35.699650            42.640697            15.813581            26.827190  
35.725430            50.401134            19.934298            30.466921  
35.751221            60.027863            25.127087            34.900848  
35.777012            71.946297            31.642038            40.304119  
35.802799            86.652557            39.771942            46.880661  
35.828579           104.741463            49.867619            54.874474  
35.854370           126.915771            62.343109            64.573448  
35.880161           153.937119            77.649483            76.287323  
35.905949           186.683105            96.310234            90.374298  
35.931740           226.129517           118.901566           107.228905  
35.957531           273.308807           146.041458           127.268517  
35.983318           329.375610           178.418594           150.958572  
36.009109           395.460144           216.708496           178.753098  
36.034889           472.728546           261.613129           211.116882  
36.060680           562.436401           313.884827           248.548416  
36.086472           665.618652           374.160522           291.462189  
36.112259           783.300293           443.052765           340.249512  
36.138039           916.258423           521.050598           395.212860  
36.163830          1065.205566           608.588013           456.617920  
36.189621          1230.382935           705.843445           524.541382  
36.202518          1319.055298           758.119812           560.938904  
36.215408          1411.726562           812.797546           598.929138  
36.228298          1508.290649           869.818542           638.471985  
36.241192          1608.744019           929.185608           679.556213  
36.252918          1703.362305           985.156433           718.214355  
36.264641          1800.838501          1042.851318           757.993225  
36.276360          1901.076782          1102.229004           798.864990  
36.288078          2004.086792          1163.290771           840.811401  
36.299809          2109.520996          1225.829346           883.704285  
36.311531          2217.300781          1289.807861           927.502136  
36.323250          2326.987793          1354.963745           972.018005  
36.334969          2438.438965          1421.231201          1017.218384  
36.346699          2551.578613          1488.548096          1063.038330  
36.358421          2665.723633          1556.507690          1109.213135  
36.370140          2780.823975          1625.114014          1155.741211  
36.381859          2896.513428          1694.108276          1202.420898  
36.393581          3012.435059          1763.296875          1249.145508  
36.405300          3128.239502          1832.484741          1295.761597  
36.417019          3243.408691          1901.371582          1342.063354  
36.422878          3300.770752          1935.708984          1365.083496  
36.428741          3357.841797          1969.868164          1387.991211  
36.435188          3420.211426          2007.227661          1412.994751  
36.441639          3482.136963          2044.342285          1437.803833  
36.448090          3543.535645          2081.178711          1462.373413  
36.454529          3604.196289          2117.603760          1486.639648  
36.460979          3664.394043          2153.747803          1510.678589  
36.467430          3723.786133          2189.437500          1534.383667  
36.473881          3782.444336          2224.707275          1557.761963  
36.480320          3840.090332          2259.395996          1580.708618  
36.493221          3952.664307          2327.253662          1625.461182  
36.506111          4060.888672          2392.542969          1668.356445  
36.519009          4164.284180          2455.071289          1709.216431  
36.531898          4262.217773          2514.422119          1747.811035  
36.549492          4386.388184          2589.920654          1796.519409  
36.567070          4498.339844          2658.229248          1840.124878  
36.602230          4681.665527          2771.087402          1910.606567  
36.628021          4778.340332          2831.633789          1946.738525  
36.640911          4813.846680          2854.327881          1959.540161  
36.653801          4840.529785          2871.831543          1968.735352  
36.667950          4859.558105          2884.951904          1974.637695  
36.682098          4867.721191          2891.647705          1976.118286  
36.692402          4866.754395          2892.413818          1974.382202  
36.702690          4860.052734          2889.753418          1970.314941  
36.723270          4829.454102          2874.243652          1955.220825  
36.745789          4770.275879          2842.006348          1928.317383  
36.768311          4685.358398          2794.367920          1891.014282  
36.803699          4503.592285          2690.597168          1813.018799  
36.821388          4392.593750          2626.627686          1765.981934  
36.839081          4269.820312          2555.546631          1714.253906  
36.847931          4204.208984          2517.497803          1686.724976  
36.856781          4136.109375          2477.902588          1658.227539  
36.865631          4065.759766          2436.942871          1628.832520  
36.874470          3993.306152          2394.704590          1598.612061  
36.883320          3918.695068          2351.164795          1567.552002  
36.892159          3842.368164          2306.554443          1535.811890  
36.901009          3764.276367          2260.888428          1503.412964  
36.909851          3684.776611          2214.336670          1470.464478  
36.918701          3603.930664          2166.946777          1437.005127  
36.927540          3522.059082          2118.916504          1403.158325  
36.936390          3439.092529          2070.196777          1368.903809  
36.945229          3355.430420          2021.042480          1334.406982  
36.954079          3271.087891          1971.439331          1299.656250  
36.962921          3186.294678          1921.540649          1264.772705  
36.971771          3101.166992          1871.405273          1229.773438  
36.980610          3015.973389          1821.188843          1194.798828  
36.988251          2942.337891          1777.766846          1164.589355  
36.995892          2868.846436          1734.406494          1134.454712  
37.011169          2722.489502          1647.976196          1074.522217  
37.026451          2577.609619          1562.326660          1015.281006  
37.041729          2434.969238          1477.914795           957.055603  
37.057011          2295.002930          1395.004272           899.989014  
37.072289          2158.359375          1313.995850           844.368103  
37.087570          2025.423340          1235.102051           790.328003  
37.102840          1896.747070          1158.664551           738.080811  
37.118118          1772.555420          1084.823120           687.733582  
37.133400          1653.058472          1013.708008           639.347961  
37.163952          1429.651367           880.575806           549.081726  
37.194511          1227.478638           759.861511           467.617035  
37.225060          1047.108276           651.965088           395.151489  
37.250801           911.799072           570.856567           340.934601  
37.276531           791.222351           498.460510           292.763184  
37.302269           684.644043           434.343079           250.306534  
37.327999           591.222107           378.017822           213.205246  
37.353741           509.825531           328.835480           180.993988  
37.379471           439.544830           286.259796           153.283798  
37.430931           327.681183           218.221008           109.460388  
37.482399           247.066559           168.861221            78.205376  
37.533859           190.050247           133.661545            56.388165  
37.585331           150.217209           108.817200            41.400101  
37.636791           122.536461            91.332497            31.203997  
37.707561            97.533730            75.252663            22.281130  
37.778320            81.811707            64.885544            16.926224  
37.849091            71.389503            57.826237            13.563284  
37.919849            64.021500            52.707573            11.313925  
37.990620            58.470104            48.767864             9.702206  
38.061378            54.071236            45.592953             8.478267  
38.132149            50.449509            42.944595             7.504927  
38.202911            47.394886            40.686726             6.708160  
38.270458            44.883999            38.813969             6.070065  
38.338009            42.688213            37.163155             5.525106  
38.473110            39.018852            34.376484             4.642390  
38.608212            36.072018            32.110626             3.961376  
38.743301            33.653278            30.230049             3.423223  
38.878399            31.632986            28.643345             2.989654  
39.013489            29.921974            27.287012             2.634961  
39.148590            28.455488            26.114487             2.340997  
39.283680            27.185760            25.091131             2.094626  
39.476681            25.641661            23.835550             1.806121  
39.669670            24.346184            22.771896             1.574289  
39.862671            23.244150            21.859062             1.385096  
40.055660            22.295847            21.067135             1.228714  
40.248661            21.470995            20.373121             1.097885  
40.441650            20.746937            19.759653             0.987291  
40.634651            20.106539            19.213537             0.893008  
40.827641            19.536398            18.724354             0.812041  
41.136429            18.742468            18.038233             0.704229  
41.445221            18.064825            17.447809             0.617015  
41.657520            17.654562            17.088017             0.566555  
41.869808            17.282335            16.759928             0.522408  
42.082111            16.942251            16.458742             0.483509  
42.294399            16.630228            16.180878             0.449363  
42.506699            16.344599            15.923504             0.421094  
42.718990            16.087654            15.684231             0.403424  
42.931290            15.862796            15.461136             0.401661  
42.984371            15.810938            15.407731             0.403210  
43.037441            15.760221            15.355258             0.404964  
43.063980            15.735151            15.329376             0.405780  
43.090511            15.710194            15.303720             0.406477  
43.117050            15.685260            15.278275             0.406994  
43.143581            15.660330            15.253058             0.407274  
43.182178            15.623907            15.216774             0.407138  
43.220779            15.587171            15.180943             0.406228  
43.254559            15.554663            15.149965             0.404696  
43.288330            15.521758            15.119345             0.402420  
43.308041            15.502355            15.101624             0.400734  
43.309471            15.500951            15.100346             0.400602  
43.314602            15.495860            15.095749             0.400114  
43.319729            15.490774            15.091171             0.399608  
43.329990            15.480565            15.082023             0.398544  
43.361519            15.448954            15.054125             0.394826  
43.393051            15.416958            15.026499             0.390461  
43.407459            15.402220            15.013966             0.388261  
43.451611            15.356742            14.975931             0.380803  
43.473679            15.333836            14.957121             0.376714  
43.495750            15.310860            14.938439             0.372421  
43.517818            15.287852            14.919891             0.367962  
43.539890            15.264827            14.901461             0.363363  
43.584030            15.218877            14.864985             0.353892  
43.672321            15.128211            14.793456             0.334753  
43.760601            15.040580            14.723756             0.316826  
44.113731            14.731003            14.460575             0.270427  
44.466869            14.483041            14.218058             0.264988  
44.643440            14.395370            14.103723             0.291645  
44.731720            14.364107            14.048309             0.315801  
44.820000            14.339705            13.994044             0.345666  
44.848831            14.332653            13.976565             0.356091  
44.877659            14.325774            13.959210             0.366557  
44.906490            14.318861            13.941985             0.376873  
44.920898            14.315330            13.933417             0.381910  
44.935310            14.311708            13.924883             0.386826  
44.949730            14.307971            13.916364             0.391606  
44.964142            14.304092            13.907887             0.396208  
44.978561            14.300048            13.899432             0.400617  
44.992970            14.295813            13.891013             0.404797  
45.007389            14.291351            13.882617             0.408733  
45.021801            14.286652            13.874257             0.412388  
45.050621            14.276409            13.857623             0.418785  
45.093868            14.258642            13.832870             0.425771  
45.115490            14.248555            13.820587             0.427966  
45.137112            14.237608            13.808377             0.429232  
45.160530            14.224743            13.795210             0.429528  
45.177429            14.214792            13.785758             0.429035  
45.195572            14.203489            13.775647             0.427843  
45.218811            14.188079            13.762760             0.425319  
45.234581            14.177036            13.754058             0.422984  
45.250351            14.165543            13.745382             0.420155  
45.281891            14.141212            13.728122             0.413087  
45.295170            14.130473            13.720889             0.409580  
45.316750            14.112463            13.709193             0.403270  
45.338329            14.093792            13.697546             0.396246  
45.359909            14.074557            13.685958             0.388600  
45.381489            14.054827            13.674423             0.380404  
45.403069            14.034690            13.662944             0.371749  
45.424648            14.014240            13.651517             0.362726  
45.446232            13.993559            13.640138             0.353420  
45.467812            13.972735            13.628811             0.343923  
45.489391            13.951861            13.617542             0.334323  
45.510971            13.931026            13.606324             0.324704  
45.554131            13.889729            13.584034             0.305699  
45.640450            13.810443            13.540030             0.270413  
45.985729            13.562384            13.370917             0.191471  
46.331009            13.389197            13.211332             0.177862  
46.503651            13.315743            13.134853             0.180892  
46.589970            13.280996            13.097439             0.183559  
46.633129            13.263855            13.078938             0.184915  
46.676289            13.246737            13.060583             0.186155  
46.702850            13.236168            13.049351             0.186816  
46.729408            13.225545            13.038170             0.187373  
46.755970            13.214849            13.027041             0.187802  
46.782532            13.204050            13.015964             0.188084  
46.829010            13.184877            12.996704             0.188172  
46.852249            13.175142            12.987137             0.188003  
46.875488            13.165283            12.977599             0.187685  
46.897388            13.155898            12.968650             0.187244  
46.900261            13.154658            12.967483             0.187176  
46.906460            13.151977            12.964956             0.187021  
46.912659            13.149283            12.962426             0.186856  
46.925060            13.143883            12.957391             0.186491  
46.960949            13.128059            12.942865             0.185192  
46.996841            13.111975            12.928425             0.183546  
47.032742            13.095655            12.914076             0.181582  
47.068630            13.079151            12.899810             0.179339  
47.104530            13.062493            12.885630             0.176864  
47.140419            13.045751            12.871539             0.174214  
47.176319            13.028963            12.857524             0.171441  
47.212212            13.012197            12.843592             0.168605  
47.283989            12.978919            12.815969             0.162950  
47.571129            12.853759            12.708444             0.145315  
48.145420            12.636673            12.505015             0.131656  
48.719711            12.440220            12.313773             0.126449  
49.006859            12.361387            12.222068             0.139323  
49.150429            12.334703            12.177262             0.157438  
49.222221            12.324746            12.155129             0.169618  
49.293999            12.316264            12.133166             0.183100  
49.336540            12.311508            12.120230             0.191278  
49.357811            12.309098            12.113785             0.195310  
49.379082            12.306612            12.107356             0.199255  
49.400349            12.304015            12.100942             0.203074  
49.421619            12.301268            12.094539             0.206728  
49.442890            12.298326            12.088150             0.210178  
49.464161            12.295160            12.081772             0.213389  
49.480122            12.292613            12.076998             0.215616  
49.496071            12.289905            12.072233             0.217669  
49.527969            12.283937            12.062727             0.221210  
49.559879            12.277165            12.053254             0.223916  
49.591782            12.269506            12.043799             0.225707  
49.607738            12.265329            12.039085             0.226241  
49.623692            12.260907            12.034381             0.226528  
49.640072            12.256119            12.029556             0.226563  
49.645821            12.254377            12.027862             0.226512  
49.662682            12.249081            12.022907             0.226176  
49.686779            12.241045            12.015835             0.225211  
49.703510            12.235152            12.010938             0.224213  
49.720242            12.228995            12.006042             0.222950  
49.753700            12.215955            11.996279             0.219673  
49.791180            12.200285            11.985382             0.214904  
49.809921            12.192075            11.979944             0.212127  
49.828659            12.183637            11.974518             0.209121  
49.850079            12.173755            11.968324             0.205434  
49.871498            12.163658            11.962142             0.201515  
49.892921            12.153369            11.955968             0.197400  
49.914330            12.142949            11.949814             0.193137  
49.935749            12.132419            11.943664             0.188753  
49.957169            12.121825            11.937527             0.184296  
50.000000            12.100593            11.925285             0.175304  
50.047619            12.077196            11.911732             0.165462  
50.095230            12.054320            11.898225             0.156093  
50.190449            12.011052            11.871376             0.139676  
50.380901            11.936499            11.818271             0.118229  
50.761791            11.819745            11.714284             0.105459  
51.523579            11.613620            11.512564             0.101053  
52.285370            11.414438            11.315862             0.098575  
53.047150            11.220321            11.122755             0.097567  
54.292992            10.907214            10.808177             0.099043  
54.915909            10.749390            10.648154             0.101234  
55.538818            10.588508            10.483766             0.104736  
56.161739            10.423741            10.314302             0.109438  
56.784660            10.252113            10.136072             0.116039  
57.407581            10.077861             9.947201             0.130662  
57.719040            10.000569             9.847982             0.152590  
57.796909             9.982130             9.822533             0.159599  
57.835838             9.972790             9.809702             0.163084  
57.874771             9.963264             9.796799             0.166464  
57.913700             9.953491             9.783821             0.169669  
57.952629             9.943391             9.770764             0.172625  
57.991562             9.932900             9.757628             0.175267  
58.030491             9.921958             9.744420             0.177536  
58.069180             9.910584             9.731206             0.179374  
58.088520             9.904700             9.724575             0.180126  
58.107861             9.898684             9.717917             0.180762  
58.128590             9.892079             9.710767             0.181313  
58.137211             9.889285             9.707784             0.181502  
58.153950             9.883783             9.701981             0.181803  
58.172279             9.877641             9.695606             0.182031  
58.190609             9.871370             9.689218             0.182156  
58.232510             9.856598             9.674535             0.182062  
58.274410             9.841227             9.659751             0.181476  
58.305840             9.829343             9.648598             0.180749  
58.337261             9.817197             9.637384             0.179811  
58.368690             9.804806             9.626110             0.178693  
58.400108             9.792217             9.614781             0.177432  
58.426960             9.781326             9.605055             0.176272  
58.453800             9.770347             9.595285             0.175060  
58.507481             9.748183             9.575613             0.172570  
58.614849             9.703633             9.535726             0.167906  
58.829590             9.616472             9.453698             0.162774  
59.259060             9.449915             9.279971             0.169943  
59.688541             9.277857             9.091138             0.186717  
60.118011             9.091702             8.883574             0.208129  
60.547489             8.888049             8.652954             0.235094  
60.976959             8.663568             8.394143             0.269426  
61.191700             8.542035             8.251765             0.290269  
61.406429             8.413298             8.099029             0.314267  
61.621170             8.276638             7.934572             0.342061  
61.835899             8.131382             7.756906             0.374477  
62.027069             7.994444             7.586143             0.408296  
62.218239             7.850739             7.401752             0.448986  
62.409409             7.704155             7.201753             0.502403  
62.600571             7.567299             6.983836             0.583461  
62.791740             7.465192             6.745291             0.719900  
62.982910             7.422571             6.482882             0.939679  
63.078499             7.422023             6.341486             1.080534  
63.126289             7.424202             6.267987             1.156204  
63.174080             7.426163             6.192514             1.233641  
63.197979             7.426551             6.154009             1.272539  
63.221870             7.426266             6.114991             1.311259  
63.245770             7.425060             6.075409             1.349650  
63.269661             7.422708             6.035307             1.387397  
63.293560             7.418993             5.994620             1.424365  
63.317451             7.413675             5.953381             1.460295  
63.341351             7.406565             5.911537             1.495015  
63.365238             7.397446             5.869113             1.528325  
63.420238             7.367882             5.769109             1.598767  
63.447739             7.348204             5.717855             1.630342  
63.475231             7.325038             5.665745             1.659285  
63.480469             7.320218             5.655705             1.664507  
63.492908             7.308242             5.631759             1.676480  
63.505341             7.295548             5.607638             1.687900  
63.521961             7.277398             5.575092             1.702296  
63.523392             7.275760             5.572270             1.703486  
63.529148             7.269138             5.560919             1.708211  
63.532028             7.265769             5.555237             1.710519  
63.540710             7.255340             5.537980             1.717349  
63.549389             7.244567             5.520667             1.723891  
63.563881             7.225778             5.491521             1.734244  
63.585621             7.195761             5.447304             1.748443  
63.607349             7.163623             5.402501             1.761115  
63.650810             7.093337             5.311026             1.782299  
63.689442             7.024767             5.227560             1.797201  
63.716000             6.974782             5.168987             1.805779  
63.742561             6.922801             5.109396             1.813396  
63.769119             6.869197             5.048779             1.820404  
63.795681             6.814300             4.987107             1.827179  
63.822239             6.758518             4.924387             1.834124  
63.848801             6.702250             4.860600             1.841639  
63.901920             6.589738             4.729713             1.860015  
63.955040             6.479949             4.594403             1.885542  
64.008163             6.375993             4.454631             1.921345  
64.114403             6.198318             4.162533             2.035780  
64.220642             6.086467             3.858299             2.228162  
64.326881             6.091912             3.558854             2.533045  
64.433121             6.331355             3.313066             3.018289  
64.539360             7.083839             3.248201             3.835619  
64.621460             8.399192             3.503380             4.895794  
64.703552            10.951743             4.314446             6.637217  
64.785652            15.703979             6.155425             9.548544  
64.867737            24.205225             9.797935            14.407175  
64.949837            38.794979            16.418690            22.376617  
64.990891            49.359810            21.345362            28.014187  
65.031929            62.753277            27.680658            35.071983  
65.072983            79.536530            35.712757            43.823647  
65.114029           100.307358            45.749035            54.558418  
65.134560           112.397636            51.627003            60.770695  
65.155083           125.719933            58.128002            67.591553  
65.175598           140.347137            65.289871            75.054817  
65.196121           156.380783            73.166962            83.210854  
65.215439           172.813080            81.264038            91.548134  
65.225098           181.536041            85.571251            95.964340  
65.234756           190.609848            90.056633           100.552246  
65.244423           200.042542            94.725677           105.316177  
65.254082           209.833817            99.578537           110.255089  
65.263741           219.999939           104.622185           115.376457  
65.273392           230.516953           109.846657           120.670082  
65.284866           243.516022           116.312500           127.202423  
65.296341           257.072021           123.064651           134.006790  
65.303581           265.905548           127.467926           138.437210  
65.316849           282.659332           135.829071           146.828354  
65.331337           301.826691           145.410294           156.413589  
65.345833           321.909637           155.463547           166.442154  
65.353683           333.155701           161.100601           172.052963  
65.361526           344.673920           166.878784           177.794632  
65.369377           356.457031           172.793381           183.662766  
65.377220           368.497559           178.843491           189.653778  
65.385071           380.814758           185.032639           195.778915  
65.392906           393.387207           191.361023           202.027802  
65.408600           419.343811           204.434402           214.910080  
65.421883           442.120270           215.919617           226.199463  
65.435158           465.618530           227.787201           237.833084  
65.448441           489.854736           240.038040           249.813934  
65.461723           514.775085           252.654770           262.120941  
65.474998           540.379456           265.627869           274.749756  
65.488281           566.639893           278.952698           287.683197  
65.501556           593.494019           292.593475           300.899414  
65.514839           620.953491           306.558350           314.393463  
65.528122           648.974915           320.823730           328.142303  
65.541397           677.476990           335.357727           342.116852  
65.554680           706.454041           350.145599           356.306793  
65.561317           721.111145           357.631775           363.471802  
65.567963           735.849548           365.167664           370.681274  
65.574600           750.689270           372.757172           377.929413  
65.581238           765.591858           380.389832           385.203735  
65.587883           780.614685           388.078766           392.530701  
65.594521           795.668335           395.792450           399.872223  
65.601158           810.821899           403.561462           407.248993  
65.607803           826.003174           411.350220           414.642670  
65.614441           841.229614           419.176147           422.052704  
65.621078           856.494324           427.018524           429.479736  
65.627724           871.817627           434.894348           436.925079  
65.634361           887.132935           442.768646           444.356110  
65.640999           902.471497           450.667389           451.797760  
65.647636           917.815430           458.575409           459.237732  
65.654282           933.166382           466.489410           466.675964  
65.660919           948.488770           474.396393           474.092010  
65.667557           963.804504           482.301208           481.500122  
65.674202           979.106750           490.205872           488.895508  
65.680840           994.349792           498.080750           496.257935  
65.687477          1009.540405           505.950409           503.588623  
65.694122          1024.704712           513.797852           510.898285  
65.700760          1039.735962           521.590149           518.134888  
65.707397          1054.733398           529.370178           525.355713  
65.714043          1069.634644           537.112366           532.521729  
65.720680          1084.431519           544.797974           539.631165  
65.727318          1099.136230           552.443909           546.686584  
65.733963          1113.725098           560.039368           553.680603  
65.740601          1128.189941           567.573303           560.603760  
65.753883          1156.679688           582.439697           574.231506  
65.767159          1184.528442           597.004517           587.519897  
65.780441          1211.687988           611.242004           600.443298  
65.793716          1238.062256           625.097656           612.962524  
65.806999          1263.567505           638.523193           625.030640  
65.820282          1288.135986           651.504639           636.624939  
65.833557          1311.680908           663.982117           647.689819  
65.855301          1347.855713           683.237976           664.609192  
65.877029          1380.778442           700.885803           679.880310  
65.920486          1435.934082           730.854248           705.066345  
65.947052          1461.951050           745.323730           716.615234  
65.973602          1481.693481           756.636597           725.051331  
65.989304          1490.323730           761.789856           728.526978  
66.004990          1496.624390           765.759460           730.861694  
66.018097          1500.103882           768.168579           731.928650  
66.031197          1501.944946           769.749634           732.191406  
66.048668          1501.836548           770.551270           731.281067  
66.066139          1498.812988           769.861572           728.938660  
66.085800          1491.934204           767.304749           724.615173  
66.105461          1481.445923           762.908081           718.534363  
66.136353          1457.888794           752.351624           705.527466  
66.167236          1426.105347           737.546875           688.553101  
66.198128          1386.662476           718.767273           667.886536  
66.213577          1364.303101           707.999634           656.299744  
66.229019          1340.316040           696.378723           643.925049  
66.244469          1314.772461           683.944336           630.819763  
66.259911          1287.850220           670.784851           617.066528  
66.275360          1259.596558           656.906616           602.680542  
66.290802          1230.195068           642.429199           587.763733  
66.305550          1201.102051           628.052551           573.041748  
66.320290          1171.168091           613.225159           557.940247  
66.335037          1140.448730           597.969543           542.477173  
66.349777          1109.120728           582.371338           526.740356  
66.357162          1093.202271           574.436279           518.755920  
66.364532          1077.196411           566.447144           510.743011  
66.379272          1044.877075           550.290344           494.578156  
66.394012          1012.220337           533.941467           478.276337  
66.408752           979.325684           517.435181           461.885254  
66.423500           946.306580           500.838898           445.454773  
66.438240           913.236816           484.200531           429.037567  
66.452980           880.236389           467.560364           412.671997  
66.467720           847.401062           450.977753           396.414764  
66.482468           814.728882           434.459961           380.264862  
66.497208           782.404724           418.088837           364.309692  
66.511948           750.474060           401.900360           348.567688  
66.526688           718.968262           385.905273           333.061340  
66.553368           663.329956           357.599731           305.724579  
66.580048           609.716919           330.260345           279.447662  
66.606728           558.425354           304.049500           254.371124  
66.633400           509.661316           279.070160           230.588043  
66.660080           463.621613           255.430511           208.188400  
66.686760           420.426422           233.200089           187.223373  
66.713440           380.137207           212.417191           167.716919  
66.740112           342.768097           193.094116           149.672958  
66.793472           276.703094           158.800644           117.900322  
66.846817           221.758972           130.125488            91.632721  
66.900177           176.920685           106.580788            70.339088  
66.953529           141.059906            87.618858            53.440250  
67.018120           107.786270            69.868370            37.917046  
67.082710            83.494774            56.755329            26.738977  
67.147301            66.098694            47.226627            18.872105  
67.211884            53.829090            40.382435            13.446565  
67.276466            45.247097            35.486366             9.760637  
67.341057            39.253597            31.972382             7.281156  
67.405647            35.037067            29.419485             5.617597  
67.470230            32.017769            27.524437             4.493296  
67.504189            30.770702            26.718374             4.052333  
67.583557            28.485741            25.193903             3.291814  
67.662918            26.797487            24.019464             2.777988  
67.742279            25.484268            23.073574             2.410695  
67.821640            24.413284            22.281738             2.131531  
67.907692            23.440857            21.547966             1.892888  
67.993736            22.609495            20.910650             1.698831  
68.079788            21.884581            20.348164             1.536417  
68.165840            21.245323            19.846651             1.398673  
68.337936            20.164167            18.986757             1.177402  
68.510033            19.280073            18.272486             1.007578  
68.682129            18.542076            17.668007             0.874061  
68.854218            17.915565            17.148769             0.766796  
69.026321            17.376480            16.697361             0.679126  
69.198410            16.907600            16.301088             0.606512  
69.341827            16.560827            16.005739             0.555095  
69.485237            16.247715            15.737306             0.510411  
69.772057            15.703601            15.266712             0.436884  
70.058891            15.245584            14.866330             0.379250  
70.345711            14.853694            14.520474             0.333219  
70.632538            14.513651            14.217772             0.295882  
70.919357            14.215119            13.949814             0.265300  
71.206192            13.951138            13.710318             0.240824  
71.493011            13.719686            13.494385             0.225297  
71.837196            13.490894            13.260794             0.230100  
72.009300            13.396117            13.152922             0.243197  
72.052330            13.373716            13.126797             0.246915  
72.095352            13.351558            13.101000             0.250554  
72.116859            13.340532            13.088235             0.252299  
72.138367            13.329509            13.075541             0.253967  
72.159882            13.318468            13.062926             0.255543  
72.181389            13.307394            13.050387             0.257004  
72.210083            13.292532            13.033785             0.258745  
72.238762            13.277546            13.017326             0.260212  
72.296120            13.246984            12.984815             0.262171  
72.334358            13.226075            12.963429             0.262648  
72.361847            13.210743            12.948194             0.262546  
72.389328            13.195146            12.933086             0.262055  
72.410843            13.182727            12.921335             0.261389  
72.422340            13.176014            12.915081             0.260932  
72.441948            13.164467            12.904476             0.259990  
72.470329            13.147475            12.889212             0.258264  
72.492630            13.133927            12.877314             0.256611  
72.514923            13.120181            12.865470             0.254707  
72.563553            13.089637            12.839911             0.249724  
72.591927            13.071491            12.825157             0.246334  
72.620300            13.053118            12.810500             0.242619  
72.648666            13.034586            12.795957             0.238626  
72.677040            13.015920            12.781532             0.234388  
72.705421            12.997134            12.767193             0.229941  
72.733788            12.978310            12.752974             0.225338  
72.762161            12.959461            12.738846             0.220614  
72.790527            12.940646            12.724827             0.215815  
72.847282            12.903215            12.697066             0.206146  
72.904022            12.866315            12.669676             0.196635  
73.017509            12.795034            12.615980             0.179051  
73.471474            12.551795            12.413407             0.138383  
73.860580            12.379124            12.252812             0.126313  
74.249687            12.221170            12.102317             0.118854  
74.638802            12.073160            11.960171             0.112985  
75.027901            11.933269            11.824902             0.108368  
75.417007            11.799954            11.695030             0.104921  
75.806122            11.671703            11.569088             0.102617  
76.195229            11.547098            11.445577             0.101520  
76.584328            11.424821            11.323015             0.101805  
77.200417            11.232417            11.126645             0.105772  
77.508469            11.134846            11.024709             0.110136  
77.816513            11.034841            10.917808             0.117032  
78.124557            10.930913            10.803180             0.127733  
78.278580            10.876884            10.741672             0.135211  
78.432602            10.821092            10.676325             0.144770  
78.586617            10.763391            10.606066             0.157317  
78.740639            10.704168            10.529410             0.174771  
78.894661            10.646674            10.444319             0.202359  
79.048683            10.604740            10.348327             0.256421  
79.162170            10.609379            10.269361             0.340012  
79.275658            10.694608            10.183693             0.510923  
79.389153            10.958294            10.094476             0.863811  
79.502640            11.582127            10.010836             1.571274  
79.559387            12.118345             9.976548             2.141757  
79.616127            12.869746             9.951838             2.917871  
79.672882            13.897363             9.941379             3.955969  
79.729622            15.269285             9.950895             5.318418  
79.786369            17.061571             9.987185             7.074367  
79.843109            19.350140            10.057819             9.292298  
79.899857            22.208498            10.170991            12.037494  
79.956596            25.697950            10.334855            15.362860  
80.005241            29.227400            10.521651            18.705540  
80.053879            33.265114            10.755509            22.509464  
80.078201            35.472919            10.891059            24.581734  
80.102524            37.802116            11.039310            26.762836  
80.126839            40.249687            11.200485            29.048948  
80.151161            42.809189            11.374606            31.434601  
80.175484            45.472744            11.561510            33.910919  
80.199799            48.231899            11.761065            36.470364  
80.211960            49.641090            11.865278            37.775925  
80.224121            51.071823            11.972595            39.098984  
80.236282            52.520611            12.082829            40.437378  
80.248444            53.982662            12.195724            41.786335  
80.260597            55.459187            12.311353            43.147713  
80.272758            56.950268            12.429849            44.520271  
80.284920            58.449512            12.550579            45.898586  
80.297081            59.955570            12.673720            47.281292  
80.309242            61.470474            12.799366            48.670956  
80.321404            62.986443            12.926941            50.059010  
80.333557            64.503113            13.056423            51.446152  
80.345711            66.018578            13.187754            52.830662  
80.356857            67.402649            13.309424            54.092533  
80.368011            68.784790            13.432628            55.351803  
80.379158            70.157173            13.556734            56.600063  
80.390297            71.521202            13.681868            57.838593  
80.401451            72.874710            13.807856            59.065712  
80.412590            74.211273            13.934167            60.276432  
80.423737            75.534843            14.061275            61.473057  
80.434883            76.838837            14.188419            62.650364  
80.446030            78.125359            14.315994            63.808987  
80.457176            79.387131            14.443271            64.943832  
80.468330            80.628075            14.570610            66.057297  
80.479469            81.838814            14.697220            67.141258  
80.490623            83.024818            14.823644            68.201088  
80.501762            84.178024            14.948983            69.229462  
80.512909            85.298882            15.073379            70.224579  
80.524048            86.383278            15.196425            71.186096  
80.537231            87.623726            15.340849            72.281967  
80.550400            88.804298            15.482524            73.320847  
80.576752            90.998833            15.758763            75.238907  
80.603104            92.940910            16.022791            76.917282  
80.629440            94.611374            16.272127            78.338692  
80.656799            96.039787            16.513300            79.526283  
80.684158            97.141373            16.734186            80.407257  
80.693283            97.433235            16.802994            80.630531  
80.704422            97.739151            16.883541            80.855453  
80.715569            97.986526            16.960081            81.025543  
80.726707            98.175613            17.032677            81.142464  
80.739548            98.320549            17.111002            81.209312  
80.747437            98.372925            17.156513            81.215851  
80.750603            98.384544            17.174036            81.209618  
80.762093            98.389229            17.234962            81.153755  
80.773567            98.330658            17.291018            81.038902  
80.798286            97.996994            17.395571            80.600952  
80.821892            97.412865            17.474152            79.937889  
80.845490            96.575363            17.531597            79.043213  
80.888199            94.444885            17.581810            76.862518  
80.909554            93.098831            17.580978            75.516808  
80.930901            91.579185            17.563501            74.015076  
80.950012            90.080421            17.533878            72.545952  
80.969109            88.459518            17.491467            70.967453  
80.988220            86.721962            17.436531            69.285011  
80.997772            85.816177            17.404747            68.411301  
81.007317            84.883583            17.370001            67.513741  
81.016876            83.927818            17.332380            66.595451  
81.026428            82.950615            17.292040            65.657928  
81.035980            81.952011            17.249035            64.702515  
81.045532            80.933517            17.203419            63.730034  
81.055092            79.897072            17.155266            62.741280  
81.064636            78.845177            17.104801            61.739964  
81.074188            77.776398            17.051998            60.724083  
81.083740            76.691986            16.996887            59.694447  
81.090492            75.918396            16.956602            58.961353  
81.097229            75.139603            16.915382            58.223866  
81.103973            74.353340            16.873035            57.479725  
81.110710            73.563446            16.829855            56.733761  
81.117462            72.769005            16.785656            55.983376  
81.124199            71.972496            16.740717            55.231052  
81.130943            71.169464            16.694700            54.473804  
81.137680            70.363434            16.647938            53.715412  
81.151169            68.741463            16.551865            52.189251  
81.164650            67.114136            16.453011            50.660988  
81.178139            65.481102            16.351492            49.129509  
81.191620            63.844948            16.247461            47.597572  
81.205109            62.212479            16.141354            46.070812  
81.218590            60.582859            16.033331            44.548985  
81.232079            58.961975            15.923825            43.038071  
81.245560            57.350891            15.812884            41.538162  
81.259048            55.753647            15.700894            40.052223  
81.272530            54.173679            15.588226            38.585377  
81.286018            52.606956            15.474615            37.132565  
81.299500            51.066128            15.361036            35.705193  
81.324226            48.297775            15.152320            33.145298  
81.348953            45.617233            14.944560            30.672932  
81.373680            43.036327            14.738976            28.297245  
81.398399            40.561771            14.536650            26.024981  
81.423126            38.199615            14.338409            23.860897  
81.447853            35.955978            14.145267            21.810553  
81.497299            31.837107            13.776964            18.060064  
81.546753            28.215483            13.436120            14.779278  
81.596199            25.082039            13.125254            11.956643  
81.645653            22.414627            12.845700             9.568872  
81.695091            20.176222            12.597043             7.579194  
81.758034            17.879354            12.323048             5.556270  
81.820961            16.113379            12.092911             4.020424  
81.883888            14.780951            11.901106             2.879843  
81.946823            13.792523            11.741897             2.050602  
82.009758            13.070168            11.609826             1.460322  
82.072693            12.547073            11.499651             1.047427  
82.198547            11.899412            11.328167             0.571237  
82.292953            11.624185            11.229272             0.394906  
82.387352            11.447002            11.147194             0.299810  
82.481750            11.326357            11.076786             0.249572  
82.576149            11.239535            11.014720             0.224819  
82.670547            11.174970            10.958816             0.216162  
82.764954            11.127364            10.907629             0.219739  
82.812149            11.109282            10.883512             0.225780  
82.859352            11.094755            10.860215             0.234543  
82.953743            11.076009            10.815863             0.260144  
82.989700            11.072364            10.799664             0.272698  
83.061623            11.070656            10.768294             0.302360  
83.070251            11.070890            10.764615             0.306272  
83.073120            11.070992            10.763395             0.307597  
83.075996            11.071103            10.762181             0.308926  
83.084091            11.071491            10.758757             0.312740  
83.092178            11.071944            10.755347             0.316597  
83.108353            11.073065            10.748580             0.324485  
83.160507            11.078560            10.727150             0.351409  
83.198463            11.084058            10.711901             0.372157  
83.236397            11.090474            10.696938             0.393539  
83.255379            11.093926            10.689549             0.404367  
83.274353            11.097477            10.682235             0.415243  
83.293320            11.101073            10.674971             0.426104  
83.312286            11.104681            10.667778             0.436906  
83.326523            11.107358            10.662423             0.444939  
83.340752            11.109984            10.657091             0.452893  
83.354980            11.112552            10.651783             0.460760  
83.369209            11.115012            10.646530             0.468487  
83.383438            11.117372            10.641289             0.476075  
83.397667            11.119583            10.636081             0.483503  
83.411903            11.121646            10.630899             0.490742  
83.426132            11.123528            10.625754             0.497775  
83.445099            11.125709            10.618943             0.506772  
83.464073            11.127483            10.612164             0.515318  
83.482452            11.128773            10.605651             0.523115  
83.500832            11.129572            10.599189             0.530387  
83.519211            11.129868            10.592752             0.537117  
83.537590            11.129613            10.586360             0.543245  
83.611107            11.122348            10.561209             0.561143  
83.634827            11.117682            10.553226             0.564459  
83.658546            11.111807            10.545288             0.566517  
83.683449            11.104309            10.537027             0.567279  
83.698936            11.098960            10.531920             0.567036  
83.703247            11.097368            10.530500             0.566860  
83.720161            11.090739            10.524957             0.565784  
83.741722            11.081369            10.517932             0.563438  
83.760590            11.072325            10.511817             0.560509  
83.779457            11.062502            10.505735             0.556771  
83.801033            11.050343            10.498816             0.551529  
83.822594            11.037251            10.491949             0.545300  
83.865723            11.008313            10.478316             0.529992  
83.892677            10.988534            10.469876             0.518652  
83.919632            10.967571            10.461492             0.506078  
83.933113            10.956687            10.457320             0.499363  
83.946587            10.945557            10.453161             0.492394  
83.960068            10.934202            10.449018             0.485182  
83.973541            10.922623            10.444882             0.477731  
83.987701            10.910249            10.440557             0.469689  
84.001846            10.897703            10.436249             0.461444  
84.015999            10.884975            10.431960             0.453013  
84.030151            10.872078            10.427670             0.444402  
84.044312            10.859051            10.423401             0.435644  
84.058456            10.845907            10.419144             0.426758  
84.072609            10.832685            10.414902             0.417779  
84.086761            10.819387            10.410675             0.408716  
84.100922            10.806024            10.406453             0.399565  
84.115067            10.792651            10.402254             0.390396  
84.143372            10.765882            10.393883             0.371998  
84.171669            10.739190            10.385552             0.353632  
84.199966            10.712773            10.377284             0.335489  
84.256577            10.661089            10.360857             0.300231  
84.313179            10.611753            10.344608             0.267143  
84.426392            10.522281            10.312581             0.209696  
84.652817            10.384609            10.250176             0.134430  
84.879242            10.290865            10.189565             0.101299  
85.332092            10.158161            10.072183             0.085973  
85.784943            10.042065             9.958142             0.083924  
86.507347             9.863608             9.779455             0.084153  
87.229752             9.689026             9.601179             0.087849  
87.590958             9.607449             9.511209             0.096233  
87.952164             9.581052             9.420388             0.160663  
88.132759             9.659546             9.374852             0.284690  
88.313362             9.889956             9.329545             0.560396  
88.403664            10.089711             9.307076             0.782625  
88.493958            10.356780             9.284786             1.071982  
88.539108            10.516305             9.273694             1.242622  
88.584259            10.692358             9.262647             1.429706  
88.629410            10.883609             9.251634             1.631956  
88.651993            10.984491             9.246127             1.738342  
88.674561            11.088157             9.240634             1.847546  
88.696129            11.189674             9.235394             1.954267  
88.717690            11.293221             9.230145             2.063067  
88.739258            11.398489             9.224898             2.173604  
88.760818            11.504957             9.219650             2.285286  
88.771606            11.558452             9.217030             2.341389  
88.782387            11.612151             9.214401             2.397724  
88.793167            11.665915             9.211771             2.454096  
88.803947            11.719549             9.209144             2.510380  
88.814743            11.773341             9.206503             2.566824  
88.825523            11.826753             9.203875             2.622931  
88.836304            11.880176             9.201233             2.678901  
88.847076            11.933100             9.198598             2.734532  
88.859894            11.995701             9.195451             2.800268  
88.872688            12.057688             9.192304             2.865368  
88.885498            12.118998             9.189153             2.929801  
88.898300            12.179420             9.185989             2.993406  
88.911110            12.238790             9.182828             3.055977  
88.923912            12.297163             9.179653             3.117494  
88.936707            12.354211             9.176471             3.177764  
88.949509            12.410053             9.173290             3.236702  
88.962318            12.464348             9.170087             3.294282  
88.975121            12.517154             9.166877             3.350293  
88.987923            12.568255             9.163664             3.404566  
89.000717            12.617512             9.160433             3.457021  
89.013527            12.664836             9.157195             3.507629  
89.026329            12.710135             9.153934             3.556205  
89.051933            12.794181             9.147404             3.646758  
89.143578            13.013042             9.123551             3.889453  
89.167839            13.047056             9.117112             3.929914  
89.192101            13.070232             9.110619             3.959537  
89.220398            13.083330             9.102962             3.980320  
89.235222            13.084088             9.098926             3.985121  
89.246773            13.081790             9.095764             3.985988  
89.248222            13.081279             9.095366             3.985857  
89.253113            13.079417             9.094021             3.985367  
89.257988            13.077101             9.092675             3.984412  
89.267754            13.071035             9.089981             3.981043  
89.275284            13.065183             9.087894             3.977193  
89.303528            13.033432             9.080024             3.953376  
89.329903            12.990410             9.072603             3.917790  
89.356262            12.934842             9.065117             3.869743  
89.405220            12.800032             9.051042             3.748972  
89.429703            12.718304             9.043927             3.674348  
89.454178            12.627849             9.036762             3.591033  
89.468307            12.571902             9.032598             3.539281  
89.482430            12.513452             9.028425             3.484972  
89.496559            12.452651             9.024245             3.428408  
89.510681            12.389619             9.020047             3.369530  
89.524811            12.324382             9.015832             3.308549  
89.538933            12.257308             9.011608             3.245691  
89.553047            12.188645             9.007376             3.181206  
89.567169            12.118191             9.003130             3.115049  
89.581299            12.046266             8.998868             3.047387  
89.595421            11.973101             8.994597             2.978497  
89.609543            11.898895             8.990320             2.908556  
89.623657            11.823782             8.986038             2.837721  
89.637787            11.747780             8.981744             2.766024  
89.651909            11.671124             8.977438             2.693686  
89.666031            11.594131             8.973131             2.620981  
89.680153            11.516798             8.968824             2.547983  
89.695221            11.434087             8.964212             2.469858  
89.710281            11.351391             8.959600             2.391832  
89.725349            11.268792             8.954982             2.313831  
89.740410            11.186632             8.950361             2.236269  
89.755478            11.104986             8.945735             2.159229  
89.770538            11.023924             8.941107             2.082772  
89.800667            10.864161             8.931837             1.932313  
89.830803            10.708653             8.922568             1.786068  
89.860931            10.558184             8.913298             1.644895  
89.921188            10.275505             8.894765             1.380739  
89.981453            10.020487             8.876254             1.144222  
90.041710             9.795366             8.857765             0.937589  
90.101967             9.600549             8.839308             0.761250  
90.222488             9.296704             8.802438             0.494263  
90.343010             9.089012             8.765553             0.323460  
90.463531             8.951304             8.728523             0.222781  
90.704567             8.793919             8.653607             0.140313  
91.269508             8.592644             8.471421             0.121225  
91.834450             8.411035             8.278189             0.132850  
92.116920             8.331169             8.176706             0.154465  
92.399391             8.278070             8.071445             0.206626  
92.540627             8.264187             8.017267             0.246924  
92.611252             8.259418             7.989753             0.269664  
92.646561             8.257268             7.975907             0.281363  
92.681862             8.255120             7.961981             0.293137  
92.717171             8.252838             7.947983             0.304855  
92.734833             8.251607             7.940955             0.310652  
92.752480             8.250289             7.933908             0.316381  
92.770142             8.248866             7.926838             0.322031  
92.787788             8.247331             7.919766             0.327562  
92.805450             8.245641             7.912660             0.332986  
92.823097             8.243800             7.905546             0.338257  
92.840759             8.241783             7.898399             0.343386  
92.858414             8.239567             7.891242             0.348330  
92.876068             8.237148             7.884070             0.353076  
92.893723             8.234488             7.876873             0.357616  
92.911377             8.231586             7.869660             0.361926  
92.929031             8.228414             7.862420             0.365999  
92.964333             8.221241             7.847898             0.373345  
93.013298             8.209248             7.827622             0.381626  
93.037781             8.202300             7.817426             0.384877  
93.062263             8.194685             7.807192             0.387493  
93.096161             8.183005             7.792960             0.390054  
93.116417             8.175400             7.784415             0.390983  
93.126480             8.171434             7.780159             0.391275  
93.142761             8.164768             7.773267             0.391511  
93.166634             8.154449             7.763120             0.391335  
93.195282             8.141194             7.750890             0.390301  
93.223923             8.127009             7.738616             0.388395  
93.252563             8.111932             7.726285             0.385649  
93.295532             8.087707             7.707664             0.380044  
93.317009             8.074932             7.698314             0.376620  
93.338493             8.061739             7.688926             0.372815  
93.359978             8.048157             7.679506             0.368656  
93.381462             8.034202             7.670043             0.364162  
93.402939             8.019938             7.660562             0.359380  
93.424423             8.005363             7.651039             0.354328  
93.445908             7.990524             7.641480             0.349045  
93.467392             7.975457             7.631893             0.343566  
93.488869             7.960177             7.622266             0.337915  
93.510353             7.944738             7.612608             0.332130  
93.531830             7.929160             7.602913             0.326249  
93.553307             7.913478             7.593186             0.320296  
93.596268             7.881914             7.573615             0.308299  
93.655952             7.838002             7.546190             0.291814  
93.715622             7.794528             7.518489             0.276044  
93.834969             7.710477             7.462208             0.248273  
94.073662             7.559095             7.346067             0.213031  
94.551041             7.304295             7.098845             0.205451  
95.028419             7.056259             6.829919             0.226339  
95.505798             6.789588             6.535326             0.254263  
95.983177             6.498631             6.209755             0.288877  
96.460564             6.179953             5.847120             0.332831  
96.937943             5.837881             5.441050             0.396828  
97.176628             5.666626             5.219201             0.447424  
97.415321             5.500731             4.982980             0.517750  
97.558540             5.402001             4.833744             0.568256  
97.630150             5.351575             4.756866             0.594707  
97.665947             5.325855             4.717867             0.607988  
97.701752             5.299666             4.678461             0.621205  
97.737556             5.272928             4.638639             0.634288  
97.773361             5.245561             4.598402             0.647154  
97.809158             5.217520             4.557799             0.659716  
97.844963             5.188676             4.516745             0.671927  
97.916573             5.128410             4.433387             0.695025  
97.952370             5.096871             4.391047             0.705821  
97.988167             5.064356             4.348285             0.716072  
98.002502             5.051057             4.331042             0.720014  
98.027802             5.027175             4.300413             0.726760  
98.037857             5.017560             4.288199             0.729358  
98.056976             4.999015             4.264835             0.734184  
98.064598             4.991551             4.255486             0.736063  
98.083649             4.972678             4.232029             0.740647  
98.102699             4.953519             4.208442             0.745080  
98.140800             4.914386             4.160890             0.753497  
98.232239             4.816219             4.044618             0.771603  
98.287491             4.754294             3.972840             0.781455  
98.342728             4.690762             3.899930             0.790830  
98.397972             4.625910             3.825849             0.800061  
98.453209             4.560091             3.750606             0.809489  
98.563698             4.426842             3.596531             0.830312  
98.674179             4.293427             3.437635             0.855796  
98.895149             4.033199             3.105297             0.927905  
99.116119             3.788322             2.753929             1.034392  
99.337090             3.564162             2.385372             1.178795  
99.558060             3.370984             2.004303             1.366689  
99.779030             3.232022             1.621439             1.610586  
99.889519             3.196254             1.435952             1.760303  
100.000000             3.195056             1.260915             1.934141  
100.171700             3.299646             1.031618             2.268031  
100.343399             3.636903             0.919536             2.717369  
100.429298             3.966547             0.956516             3.010030  
100.472198             4.195296             1.014805             3.180490  
100.515099             4.481731             1.110046             3.371684  
100.557999             4.840435             1.252771             3.587661  
100.600899             5.291261             1.457021             3.834242  
100.643799             5.858926             1.740634             4.118300  
100.665298             6.197048             1.919606             4.277450  
100.686699             6.575115             2.126512             4.448598  
100.713699             7.120046             2.434876             4.685167  
100.727203             7.424139             2.611190             4.812912  
100.740700             7.751512             2.803944             4.947593  
100.754204             8.104110             3.014411             5.089694  
100.767700             8.484077             3.244197             5.239853  
100.781197             8.893039             3.494588             5.398442  
100.794701             9.333792             3.767500             5.566260  
100.811897             9.944218             4.150063             5.794095  
100.829002            10.611936             4.573809             6.038129  
100.841301            11.131524             4.906757             6.224781  
100.854797            11.744319             5.302599             6.441689  
100.868896            12.433680             5.751486             6.682133  
100.882896            13.174067             6.237345             6.936669  
100.902603            14.314129             6.991940             7.322159  
100.922203            15.575276             7.834352             7.740889  
100.941803            16.977171             8.778532             8.198578  
100.961403            18.533747             9.834921             8.698782  
100.983498            20.493116            11.174392             9.318598  
101.005600            22.695551            12.690956            10.004659  
101.027702            25.164585            14.401866            10.762956  
101.049698            27.920027            16.322092            11.597942  
101.071800            31.020456            18.494251            12.526222  
101.093803            34.466423            20.919920            13.546456  
101.115898            38.331436            23.652775            14.678913  
101.137901            42.619038            26.696024            15.923037  
101.167397            49.130535            31.337292            17.793030  
101.196800            56.593906            36.680737            19.913519  
101.226196            65.144348            42.824955            22.319176  
101.255600            74.922821            49.876598            25.046597  
101.285103            86.096413            57.958801            28.137989  
101.314499            98.749855            67.136490            31.613573  
101.343903           113.049202            77.533211            35.515236  
101.373299           129.180206            89.290405            39.889874  
101.400299           145.740204           101.383774            44.357288  
101.427299           164.095413           114.810211            49.284603  
101.454300           184.414276           129.699951            54.715687  
101.481201           206.705368           146.055344            60.648327  
101.508202           231.273865           164.111206            67.162766  
101.535202           258.173218           183.904037            74.269051  
101.562202           287.516235           205.520340            81.993935  
101.589104           319.288513           228.959442            90.331894  
101.616096           353.829346           254.457092            99.366272  
101.643097           391.102386           282.013428           109.087845  
101.670097           431.200134           311.680695           119.516624  
101.696999           474.007263           343.390472           130.621445  
101.723999           519.867615           377.379486           142.481796  
101.750999           568.564819           413.515228           155.047348  
101.778000           620.168518           451.843231           168.329712  
101.804901           674.377136           492.127472           182.245468  
101.836800           742.194275           542.576538           199.610016  
101.868698           813.621826           595.770020           217.847397  
101.884697           850.752441           623.442200           227.308090  
101.900597           888.442139           651.543396           236.895828  
101.916603           927.086914           680.375610           246.716309  
101.932503           966.273987           709.614380           256.653717  
101.948502          1006.278625           739.487061           266.789429  
101.964401          1046.675171           769.663513           277.005249  
101.980400          1087.896729           800.478088           287.416473  
101.996300          1129.262085           831.418274           297.850952  
102.012299          1171.353394           862.894653           308.446960  
102.028198          1213.446655           894.419983           319.032410  
102.044098          1255.847290           926.166931           329.672455  
102.059998          1298.374756           958.052917           340.327820  
102.074699          1337.803223           987.610718           350.196960  
102.089401          1377.195679          1017.159790           360.032379  
102.104103          1416.559082          1046.708740           369.844910  
102.118797          1455.774902          1076.156006           379.606506  
102.133499          1494.784302          1105.478271           389.304230  
102.148201          1533.473022          1134.575684           398.894348  
102.162903          1571.861328          1163.453003           408.401611  
102.177597          1609.767212          1192.000854           417.760468  
102.188103          1636.551025          1212.182983           424.368683  
102.198502          1662.746582          1231.927246           430.814911  
102.208900          1688.606445          1251.442261           437.167358  
102.219299          1714.217285          1270.761963           443.453003  
102.240196          1764.394653          1308.663330           455.726379  
102.261002          1812.651001          1345.157837           467.485779  
102.281898          1859.147461          1380.379883           478.771027  
102.302696          1903.352905          1413.908813           489.440613  
102.323502          1945.156982          1445.668457           499.471130  
102.344299          1984.424805          1475.570923           508.833374  
102.398300          2073.032715          1543.379395           529.653442  
102.452202          2140.195068          1595.317139           544.898254  
102.481598          2167.046143          1616.369263           550.681213  
102.511002          2186.588867          1631.994141           554.597717  
102.532799          2196.275879          1640.001221           556.267395  
102.554497          2201.780273          1644.901245           556.880737  
102.558998          2202.393555          1645.526855           556.871948  
102.560501          2202.532715          1645.683105           556.852722  
102.564796          2202.945068          1646.145020           556.798523  
102.569000          2203.117676          1646.425415           556.690918  
102.577400          2203.080811          1646.696533           556.378967  
102.594299          2201.090332          1645.832153           555.259949  
102.616203          2194.755371          1641.895142           552.864319  
102.638000          2184.381104          1634.935669           549.449524  
102.659798          2169.914307          1624.916016           545.013611  
102.681602          2151.476074          1611.903687           539.582397  
102.736198          2088.773193          1566.921143           521.844727  
102.763496          2049.056152          1538.160400           510.905426  
102.790802          2004.254272          1505.526733           498.719391  
102.813904          1962.697632          1475.197632           487.514221  
102.836998          1918.051636          1442.508789           475.555115  
102.860100          1870.477905          1407.594238           462.888367  
102.883202          1820.477539          1370.841553           449.644409  
102.894798          1794.450073          1351.689209           442.774078  
102.906303          1768.200562          1332.348022           435.854309  
102.917900          1741.183472          1312.436401           428.753479  
102.929398          1713.880371          1292.293823           421.589813  
102.941002          1686.040161          1271.747070           414.300476  
102.952499          1658.025513          1251.047852           406.976776  
102.964104          1629.387207          1229.884766           399.501892  
102.975601          1600.703003          1208.679077           392.027466  
102.987198          1571.527710          1187.093750           384.438019  
102.998703          1542.387939          1165.520386           376.865326  
103.010300          1512.794800          1143.607422           369.187927  
103.021797          1483.296997          1121.740845           361.545471  
103.033401          1453.416992          1099.605469           353.819519  
103.044899          1423.683105          1077.560181           346.137909  
103.068001          1363.869019          1033.165405           330.715088  
103.091103          1304.114502           988.759949           315.341187  
103.114197          1244.681030           944.591309           300.091949  
103.137299          1185.717529           900.726624           284.996765  
103.160400          1127.513062           857.394165           270.128754  
103.183502          1070.307861           814.758362           255.542755  
103.206596          1014.277710           772.985840           241.291183  
103.229698           959.461487           732.094238           227.375122  
103.252800           906.136414           692.268433           213.866074  
103.299004           804.387695           616.214172           188.166046  
103.345200           709.713501           545.356201           164.352982  
103.387199           630.328857           485.866211           144.462799  
103.429199           557.444275           431.176605           126.271034  
103.471199           491.201935           381.396942           109.800888  
103.513199           431.426971           336.423828            95.002663  
103.555199           377.975189           296.146698            81.828300  
103.597198           330.527435           260.339966            70.187447  
103.639198           288.753876           228.763763            59.991787  
103.681198           252.187454           201.073105            51.116158  
103.765198           192.976257           156.102753            36.872787  
103.849197           149.271744           122.758575            26.513533  
103.933197           117.624771            98.476799            19.147732  
104.017097            95.045235            81.034073            14.011261  
104.096901            79.689178            69.074608            10.614566  
104.176697            68.605125            60.361069             8.244061  
104.256500            60.532646            53.946274             6.586339  
104.336304            54.560505            49.143963             5.416628  
104.416100            50.034695            45.459320             4.575404  
104.495903            46.509312            42.554089             3.955238  
104.655403            41.349152            38.233967             3.115184  
104.815002            37.664783            35.096249             2.568523  
104.974503            34.829758            32.652885             2.176908  
105.134102            32.541927            30.663862             1.878075  
105.293602            30.645769            29.003601             1.642139  
105.444801            29.118832            27.658829             1.459998  
105.596001            27.797861            26.489534             1.308345  
105.747200            26.643337            25.462667             1.180668  
105.898399            25.625185            24.553091             1.072094  
106.049599            24.719604            23.740707             0.978895  
106.200798            23.908323            23.010077             0.898249  
106.503098            22.512318            21.746088             0.766233  
106.805496            21.349861            20.686466             0.663393  
107.107803            20.364788            19.782917             0.581859  
107.410202            19.517298            19.000944             0.516328  
107.712502            18.779072            18.315916             0.463153  
108.082100            17.992874            17.581861             0.411018  
108.451599            17.307091            16.937246             0.369847  
108.821098            16.699818            16.362535             0.337274  
109.190598            16.154213            15.842545             0.311681  
109.560204            15.657038            15.364502             0.292540  
109.929703            15.202888            14.918668             0.284213  
110.299202            14.801639            14.497249             0.304388  
110.484001            14.626266            14.293652             0.332618  
110.668701            14.465961            14.093925             0.372034  
110.723297            14.420327            14.035493             0.384837  
110.777901            14.374958            13.977301             0.397664  
110.805199            14.352249            13.948264             0.403986  
110.832497            14.329487            13.919320             0.410177  
110.859802            14.306603            13.890408             0.416201  
110.887100            14.283532            13.861517             0.422014  
110.914398            14.260253            13.832694             0.427565  
110.941704            14.236735            13.803920             0.432816  
110.969002            14.212891            13.775165             0.437724  
110.996300            14.188709            13.746470             0.442241  
111.105499            14.087682            13.631917             0.455766  
111.139099            14.054994            13.596726             0.458271  
111.172699            14.021512            13.561588             0.459924  
111.197899            13.995848            13.535255             0.460594  
111.217697            13.975347            13.514566             0.460773  
111.234802            13.957371            13.496686             0.460688  
111.256798            13.933948            13.473706             0.460240  
111.287102            13.901091            13.442064             0.459020  
111.317398            13.867527            13.410418             0.457108  
111.339500            13.842619            13.387328             0.455288  
111.391899            13.782212            13.332584             0.449628  
111.444199            13.720161            13.277905             0.442253  
111.470398            13.688506            13.250511             0.437992  
111.496498            13.656601            13.223192             0.433404  
111.522697            13.624245            13.195745             0.428498  
111.548798            13.591723            13.168376             0.423352  
111.574997            13.558855            13.140892             0.417961  
111.601097            13.525913            13.113497             0.412415  
111.627296            13.492638            13.085938             0.406696  
111.653397            13.459371            13.058473             0.400898  
111.705704            13.392431            13.003307             0.389121  
111.758003            13.325344            12.947965             0.377379  
111.923302            13.115231            12.771837             0.343392  
112.088501            12.911539            12.593281             0.318263  
112.418900            12.525177            12.225594             0.299593  
112.749298            12.149662            11.838068             0.311595  
113.079697            11.762951            11.422196             0.340759  
113.410202            11.350463            10.966067             0.384389  
113.575401            11.131111            10.718158             0.412951  
113.740601            10.901013            10.453575             0.447433  
113.905800            10.658711            10.169303             0.489407  
114.070999            10.402724             9.861591             0.541133  
114.236198            10.132252             9.526207             0.606037  
114.401398             9.849113             9.159030             0.690071  
114.544601             9.601281             8.813604             0.787677  
114.687798             9.375760             8.449027             0.926738  
114.831001             9.240167             8.091701             1.148473  
114.974197             9.367172             7.820011             1.547173  
115.117401            10.158674             7.828852             2.329843  
115.189003            11.042848             8.058553             2.984313  
115.260597            12.461864             8.545427             3.916502  
115.332199            14.643983             9.407554             5.236568  
115.403801            17.888588            10.801408             7.087358  
115.475403            22.573353            12.925979             9.647580  
115.546898            29.150749            16.022263            13.128909  
115.624001            39.000248            20.789545            18.210836  
115.701103            52.467537            27.448566            25.019337  
115.778198            70.379295            36.450520            33.929089  
115.855301            93.546371            48.245724            45.301559  
115.893898           107.355286            55.332439            52.023746  
115.932404           122.708855            63.253300            59.458717  
115.971001           139.719086            72.065506            67.654320  
116.009499           158.345612            81.757614            76.589279  
116.048103           178.723572            92.404488            86.320503  
116.086601           200.678650           103.919228            96.759880  
116.125099           224.263382           116.335266           107.929565  
116.144402           236.654327           122.877998           113.780182  
116.163597           249.367035           129.600113           119.769928  
116.186401           264.914307           137.837204           127.079178  
116.197800           272.860352           142.054153           130.809219  
116.209099           280.837189           146.292725           134.547028  
116.220497           289.000519           150.633423           138.369873  
116.231903           297.286804           155.044052           142.246277  
116.243301           305.645477           159.501038           146.150879  
116.254601           314.026642           163.970520           150.059723  
116.265999           322.568420           168.531570           154.038940  
116.277397           331.192902           173.143204           158.052765  
116.288803           339.891846           177.798523           162.094406  
116.300102           348.578766           182.453735           166.127350  
116.311501           357.399231           187.186981           170.216507  
116.322800           366.203705           191.912979           174.293243  
116.334198           375.127533           196.709595           178.419052  
116.345497           384.010681           201.491974           182.521561  
116.352798           389.763153           204.589447           185.175430  
116.360001           395.455597           207.661179           187.798294  
116.367203           401.149078           210.731339           190.420914  
116.374397           406.841095           213.805481           193.039948  
116.384003           414.468048           217.926132           196.546204  
116.391602           420.486755           221.181732           199.308762  
116.399200           426.518738           224.446136           202.075546  
116.405800           431.730896           227.271027           204.461823  
116.412300           436.880371           230.060394           206.820221  
116.418800           442.017090           232.852829           209.172821  
116.425301           447.144958           235.635880           211.514725  
116.432602           452.903595           238.761017           214.141632  
116.439796           458.567535           241.845963           216.728226  
116.446999           464.201111           244.911346           219.294327  
116.454201           469.823029           247.970993           221.851334  
116.461502           475.514679           251.076477           224.441711  
116.468697           481.062531           254.108459           226.961136  
116.483101           492.143555           260.163147           231.983612  
116.495499           501.573639           265.329559           236.250717  
116.507896           510.921387           270.453491           240.468872  
116.520302           520.134521           275.514771           244.618637  
116.532700           529.215698           280.518372           248.701843  
116.545097           538.155029           285.446625           252.705276  
116.557503           546.933044           290.303162           256.634888  
116.569901           555.547302           295.077789           260.478455  
116.582199           563.914673           299.721954           264.198425  
116.596001           573.089539           304.826996           268.262756  
116.609802           581.986206           309.796967           272.194611  
116.623596           590.622131           314.632416           275.992554  
116.637299           598.911804           319.291412           279.623413  
116.664803           614.633240           328.170868           286.459595  
116.692299           629.016785           336.375061           292.648193  
116.714401           639.555237           342.438934           297.121185  
116.730904           646.778870           346.634644           300.153107  
116.761200           658.564636           353.564240           305.001343  
116.791496           668.320068           359.439056           308.885651  
116.816299           674.749268           363.427673           311.322266  
116.841003           679.693054           366.637085           313.059875  
116.871498           683.762878           369.521790           314.242126  
116.892303           685.234497           370.796478           314.435425  
116.893799           685.298645           370.869446           314.430908  
116.897202           685.420959           371.014984           314.409363  
116.900597           685.524963           371.151031           314.379028  
116.907303           685.624939           371.364960           314.268402  
116.920799           685.514343           371.620178           313.891663  
116.941902           684.436157           371.544159           312.894257  
116.962997           682.252991           370.879181           311.375092  
116.995796           676.738831           368.707733           308.039246  
117.028603           668.700745           365.166962           303.537567  
117.084801           649.360107           356.082733           293.279205  
117.112900           637.223572           350.193329           287.035004  
117.140999           623.597900           343.489105           280.115356  
117.166801           609.845093           336.640167           273.209198  
117.179703           602.569092           332.995605           269.579620  
117.192596           595.042542           329.208313           265.838562  
117.205498           587.267578           325.282745           261.981781  
117.218399           579.262512           321.229889           258.033264  
117.231300           571.022339           317.045502           253.981033  
117.244102           562.678650           312.788452           249.889313  
117.257004           554.068787           308.393188           245.673981  
117.269897           545.268127           303.888733           241.382385  
117.282799           536.314331           299.293823           237.026901  
117.295601           527.304321           294.655548           232.651016  
117.308502           518.070801           289.894226           228.176483  
117.321404           508.718628           285.066284           223.657349  
117.334297           499.274933           280.177826           219.100449  
117.347099           489.801361           275.260956           214.539108  
117.359398           480.616516           270.491852           210.124802  
117.371696           471.383942           265.687286           205.697723  
117.384003           462.094177           260.847290           201.249390  
117.396301           452.779907           255.984268           196.795975  
117.408600           443.433777           251.099014           192.335907  
117.420898           434.063171           246.193375           187.869522  
117.433197           424.692017           241.282120           183.409683  
117.445503           415.328766           236.366852           178.963074  
117.457802           405.982697           231.455627           174.528778  
117.470100           396.663239           226.549316           170.114517  
117.482399           387.375793           221.654663           165.720963  
117.494698           378.158356           216.793930           161.365479  
117.519302           359.839905           207.107986           152.731308  
117.543800           341.879120           197.593063           144.286438  
117.568398           324.192017           188.197800           135.990616  
117.593002           306.908081           179.000000           127.908684  
117.617599           290.076477           170.020325           120.055206  
117.642197           273.733368           161.282684           112.450455  
117.666801           257.910431           152.804886           105.103874  
117.691399           242.669281           144.620850            98.048767  
117.740501           214.004929           129.178589            84.826317  
117.787399           188.938782           115.615501            73.322853  
117.834198           166.244156           103.283440            62.961079  
117.881104           145.790863            92.117805            53.672386  
117.927902           127.632011            82.157639            45.474499  
117.974800           111.594299            73.315964            38.277721  
118.021599            97.599075            65.558945            32.040718  
118.068398            85.467506            58.794453            26.673004  
118.115196            75.039688            52.941761            22.097803  
118.208900            58.591713            43.610462            14.981299  
118.302597            46.933735            36.878105            10.055667  
118.396301            38.856274            32.107834             6.748446  
118.489899            33.350620            28.763052             4.587659  
118.574203            29.929317            26.613213             3.316104  
118.658501            27.512640            25.035707             2.476969  
118.742798            25.784927            23.857679             1.927255  
118.827103            24.521294            22.954945             1.566344  
118.911400            23.569014            22.242277             1.326754  
118.953598            23.175312            21.937777             1.237538  
118.995697            22.824623            21.661285             1.163339  
119.037903            22.507471            21.407000             1.100474  
119.080002            22.220152            21.173111             1.047049  
119.164200            21.712147            20.752609             0.959550  
119.215797            21.435865            20.520781             0.915087  
119.267303            21.180420            20.305191             0.875234  
119.304703            21.005817            20.157398             0.848426  
119.325500            20.911970            20.077991             0.833981  
119.342598            20.837143            20.014433             0.822713  
119.375999            20.694157            19.893372             0.800793  
119.392601            20.625044            19.834866             0.790181  
119.444702            20.415590            19.657875             0.757739  
119.496803            20.216707            19.490242             0.726470  
119.548897            20.027008            19.330957             0.696039  
119.600998            19.845669            19.179317             0.666360  
119.653099            19.672182            19.034769             0.637411  
119.705200            19.505970            18.896740             0.609227  
119.757301            19.346428            18.764633             0.581796  
119.809303            19.193556            18.638262             0.555287  
119.913498            18.905247            18.400187             0.505046  
120.017700            18.639235            18.179998             0.459238  
120.225998            18.167774            17.785173             0.382603  
120.437202            17.760498            17.435722             0.324773  
120.648300            17.410440            17.127512             0.282925  
120.859398            17.104809            16.852867             0.251940  
121.070503            16.833899            16.606094             0.227806  
121.281601            16.590733            16.382685             0.208050  
121.492699            16.370424            16.179108             0.191321  
121.914902            15.984597            15.820337             0.164257  
122.337196            15.655928            15.512606             0.143316  
122.759399            15.371569            15.244726             0.126853  
123.181602            15.123259            15.008541             0.114713  
123.603798            14.913054            14.797893             0.115166  
123.959396            14.790579            14.636830             0.153745  
124.137199            14.761420            14.561213             0.200197  
124.314903            14.757005            14.488618             0.268378  
124.370499            14.760015            14.466511             0.293507  
124.426102            14.764554            14.444645             0.319906  
124.453903            14.767248            14.433805             0.333442  
124.481697            14.770150            14.423045             0.347103  
124.509499            14.773166            14.412341             0.360829  
124.537201            14.776229            14.401752             0.374478  
124.565002            14.779264            14.391165             0.388102  
124.578903            14.780749            14.385900             0.394846  
124.592796            14.782182            14.380659             0.401525  
124.606697            14.783573            14.375422             0.408144  
124.620598            14.784897            14.370204             0.414701  
124.634499            14.786161            14.364989             0.421161  
124.648300            14.787320            14.359844             0.427475  
124.662201            14.788406            14.354663             0.433732  
124.676102            14.789368            14.349516             0.439857  
124.690002            14.790231            14.344372             0.445856  
124.703903            14.790949            14.339247             0.451700  
124.717796            14.791536            14.334133             0.457401  
124.731697            14.791973            14.329028             0.462949  
124.745598            14.792249            14.323949             0.468304  
124.759399            14.792362            14.318913             0.473446  
124.780296            14.792187            14.311313             0.480870  
124.801102            14.791584            14.303789             0.487788  
124.842796            14.788916            14.288792             0.500118  
124.926102            14.777131            14.259210             0.517919  
124.953903            14.771076            14.249437             0.521641  
124.981598            14.763947            14.239765             0.524179  
125.010803            14.755189            14.229617             0.525570  
125.026001            14.750121            14.224364             0.525768  
125.037498            14.746066            14.220394             0.525670  
125.057098            14.738689            14.213655             0.525039  
125.079300            14.729639            14.206052             0.523583  
125.100502            14.720309            14.198815             0.521489  
125.121696            14.710321            14.191617             0.518703  
125.147903            14.697083            14.182755             0.514324  
125.174103            14.682881            14.173942             0.508943  
125.226501            14.651745            14.156439             0.495307  
125.262802            14.628194            14.144414             0.483772  
125.280998            14.615816            14.138414             0.477400  
125.299103            14.603173            14.132472             0.470705  
125.317299            14.590145            14.126514             0.463627  
125.335403            14.576867            14.120609             0.456258  
125.353500            14.563331            14.114728             0.448599  
125.371597            14.549525            14.108859             0.440667  
125.390503            14.534868            14.102761             0.432108  
125.409401            14.519980            14.096680             0.423303  
125.428299            14.504906            14.090626             0.414283  
125.447197            14.489627            14.084579             0.405050  
125.466103            14.474225            14.078562             0.395669  
125.485001            14.458719            14.072564             0.386152  
125.503899            14.443114            14.066588             0.376519  
125.522797            14.427432            14.060633             0.366801  
125.541702            14.411700            14.054690             0.357010  
125.560600            14.395990            14.048779             0.347206  
125.579498            14.380261            14.042880             0.337380  
125.598396            14.364585            14.037005             0.327578  
125.636200            14.333406            14.025309             0.308100  
125.674004            14.302649            14.013695             0.288951  
125.749603            14.242932            13.990703             0.252227  
125.825203            14.186389            13.968009             0.218385  
125.976402            14.085216            13.923500             0.161716  
126.278801            13.931461            13.837807             0.093659  
126.581100            13.823760            13.756176             0.067587  
127.185898            13.658991            13.603438             0.055552  
127.790604            13.513703            13.462511             0.051191  
128.395401            13.378931            13.331263             0.047666  
129.000107            13.253812            13.209129             0.044683  
130.209503            13.026043            12.986172             0.039877  
131.241592            12.850603            12.813706             0.036900  
131.757706            12.771413            12.732841             0.038578  
132.273697            12.717429            12.655313             0.062120  
132.531693            12.711808            12.617664             0.094152  
132.596207            12.712837            12.608359             0.104483  
132.660706            12.714597            12.599099             0.115501  
132.692993            12.715684            12.594479             0.121205  
132.725204            12.716858            12.589883             0.126982  
132.757507            12.718104            12.585279             0.132821  
132.789703            12.719356            12.580704             0.138650  
132.812897            12.720248            12.577417             0.142835  
132.836105            12.721112            12.574130             0.146984  
132.859299            12.721935            12.570846             0.151088  
132.882507            12.722699            12.567572             0.155129  
132.905701            12.723383            12.564302             0.159081  
132.928894            12.723967            12.561040             0.162933  
132.952103            12.724450            12.557779             0.166672  
132.975204            12.724798            12.554537             0.170259  
132.998398            12.725001            12.551288             0.173709  
133.021606            12.725039            12.548046             0.176996  
133.044800            12.724898            12.544805             0.180098  
133.067902            12.724570            12.541584             0.182988  
133.091095            12.724040            12.538358             0.185678  
133.114304            12.723266            12.535127             0.188141  
133.160599            12.721041            12.528707             0.192333  
133.203003            12.718109            12.522841             0.195260  
133.245300            12.714270            12.517009             0.197261  
133.281601            12.710235            12.512013             0.198213  
133.303696            12.707421            12.508981             0.198445  
133.317200            12.705582            12.507121             0.198454  
133.334000            12.703151            12.504827             0.198325  
133.354996            12.699895            12.501948             0.197952  
133.391693            12.693658            12.496930             0.196722  
133.433701            12.685647            12.491205             0.194436  
133.475693            12.676762            12.485504             0.191256  
133.520294            12.666399            12.479448             0.186954  
133.564896            12.655194            12.473415             0.181780  
133.587204            12.649305            12.470399             0.178898  
133.609497            12.643236            12.467398             0.175838  
133.631805            12.636993            12.464395             0.172603  
133.654099            12.630627            12.461400             0.169225  
133.676407            12.624103            12.458403             0.165696  
133.698700            12.617464            12.455408             0.162047  
133.720993            12.610729            12.452424             0.158297  
133.743301            12.603889            12.449443             0.154444  
133.765594            12.596977            12.446466             0.150512  
133.787903            12.590004            12.443488             0.146520  
133.810196            12.583009            12.440516             0.142481  
133.832397            12.575994            12.437559             0.138427  
133.856094            12.568488            12.434416             0.134077  
133.879700            12.561016            12.431276             0.129735  
133.926895            12.546142            12.425029             0.121111  
133.974106            12.531437            12.418797             0.112641  
134.021301            12.517010            12.412576             0.104430  
134.210098            12.463613            12.387859             0.075747  
134.587799            12.383070            12.339161             0.043912  
134.965500            12.331571            12.291351             0.040218  
135.343201            12.298468            12.244375             0.054088  
135.427200            12.292613            12.234036             0.058575  
135.469193            12.289772            12.228885             0.060883  
135.511093            12.286947            12.223756             0.063194  
135.536102            12.285260            12.220694             0.064566  
135.561005            12.283567            12.217650             0.065917  
135.585907            12.281857            12.214607             0.067246  
135.610794            12.280121            12.211573             0.068548  
135.635803            12.278349            12.208529             0.069820  
135.660706            12.276546            12.205500             0.071047  
135.685593            12.274700            12.202473             0.072226  
135.710495            12.272796            12.199446             0.073351  
135.735504            12.270831            12.196411             0.074419  
135.760406            12.268813            12.193396             0.075416  
135.785294            12.266728            12.190382             0.076342  
135.810196            12.264558            12.187367             0.077190  
135.909897            12.255058            12.175345             0.079713  
135.942703            12.251609            12.171400             0.080208  
135.975494            12.247986            12.167463             0.080527  
136.003006            12.244820            12.164164             0.080657  
136.017593            12.243084            12.162412             0.080673  
136.026199            12.242046            12.161382             0.080668  
136.042404            12.240057            12.159435             0.080621  
136.065903            12.237098            12.156624             0.080474  
136.087097            12.234351            12.154090             0.080263  
136.108200            12.231554            12.151571             0.079979  
136.147003            12.226212            12.146941             0.079269  
136.185699            12.220651            12.142331             0.078325  
136.224396            12.214889            12.137728             0.077160  
136.263107            12.208916            12.133127             0.075788  
136.291306            12.204455            12.129787             0.074670  
136.319504            12.199903            12.126443             0.073460  
136.347702            12.195271            12.123108             0.072168  
136.375793            12.190588            12.119783             0.070805  
136.404007            12.185822            12.116449             0.069371  
136.432205            12.181006            12.113126             0.067883  
136.460403            12.176147            12.109799             0.066347  
136.488495            12.171269            12.106489             0.064778  
136.513199            12.166962            12.103585             0.063377  
136.537796            12.162661            12.100693             0.061965  
136.587097            12.154021            12.094907             0.059114  
136.636398            12.145397            12.089128             0.056269  
136.685699            12.136835            12.083364             0.053472  
136.882904            12.103802            12.060394             0.043409  
137.277206            12.046228            12.014899             0.031332  
138.065903            11.951926            11.925220             0.026709  
139.643295            11.774479            11.748074             0.026404  
140.657394            11.660385            11.633343             0.027039  
141.164505            11.602340            11.574553             0.027785  
141.671494            11.542837            11.513829             0.029005  
142.178604            11.480932            11.449927             0.031004  
142.432098            11.448619            11.416130             0.032491  
142.685593            11.415040            11.380528             0.034514  
142.939102            11.379936            11.342454             0.037480  
143.192596            11.343686            11.300886             0.042806  
143.446106            11.310673            11.254135             0.056536  
143.572906            11.300696            11.228085             0.072610  
143.699600            11.302662            11.199834             0.102826  
143.831100            11.330003            11.167883             0.162115  
143.962494            11.405238            11.133263             0.271978  
144.093994            11.564032            11.096491             0.467544  
144.225403            11.857577            11.059207             0.798375  
144.291199            12.075686            11.041233             1.034459  
144.356903            12.353275            11.024436             1.328848  
144.422607            12.700557            11.009451             1.691141  
144.488297            13.127197            10.997091             2.130103  
144.554092            13.642752            10.988223             2.654557  
144.619797            14.253410            10.983870             3.269513  
144.685501            14.964565            10.985012             3.979591  
144.751205            15.778232            10.992693             4.785589  
144.807602            16.556229            11.005229             5.551102  
144.835800            16.971798            11.013745             5.958064  
144.863907            17.402317            11.023789             6.378587  
144.892105            17.850384            11.035490             6.814924  
144.920303            18.312889            11.048858             7.264047  
144.948502            18.788488            11.063919             7.724676  
144.962601            19.030607            11.072093             7.958502  
144.976593            19.273901            11.080623             8.193295  
144.990707            19.521429            11.089657             8.431846  
145.004807            19.771290            11.099139             8.672360  
145.018906            20.023264            11.109050             8.914296  
145.033005            20.276709            11.119370             9.157389  
145.047104            20.531517            11.130113             9.401505  
145.061203            20.787609            11.141288             9.646303  
145.075302            21.045298            11.152905             9.892417  
145.089294            21.301439            11.164840            10.136626  
145.103394            21.559715            11.177262            10.382500  
145.117493            21.817749            11.190080            10.627757  
145.131607            22.076307            11.203327            10.873123  
145.145599            22.331896            11.216825            11.115161  
145.159698            22.588387            11.230809            11.357553  
145.173798            22.843773            11.245164            11.598764  
145.187897            23.097765            11.259881            11.837916  
145.201904            23.348089            11.274850            12.073421  
145.214905            23.577991            11.288982            12.289105  
145.227798            23.804491            11.303346            12.501329  
145.240707            24.028774            11.317935            12.710927  
145.253601            24.249823            11.332760            12.916986  
145.266495            24.467968            11.347821            13.120278  
145.279404            24.682962            11.363103            13.319997  
145.292297            24.894739            11.378607            13.516087  
145.305206            25.102459            11.394288            13.708184  
145.318207            25.307850            11.410275            13.897651  
145.331100            25.507589            11.426325            14.081147  
145.343994            25.701754            11.442467            14.259557  
145.356903            25.891949            11.458797            14.433450  
145.382706            26.256535            11.491714            14.765083  
145.408493            26.598516            11.524955            15.073786  
145.436707            26.945572            11.561557            15.383975  
145.464798            27.259781            11.598032            15.661846  
145.521103            27.788494            11.670528            16.118292  
145.554001            28.030926            11.711997            16.319046  
145.586807            28.220427            11.752342            16.468294  
145.624405            28.371344            11.796968            16.574524  
145.631500            28.391977            11.805159            16.586918  
145.640900            28.415083            11.815889            16.599337  
145.653305            28.438492            11.829852            16.608664  
145.664902            28.453207            11.842633            16.610867  
145.671097            28.458630            11.849355            16.609270  
145.688995            28.462187            11.868423            16.593714  
145.713699            28.439571            11.893682            16.545973  
145.735199            28.394783            11.914584            16.480238  
145.756699            28.326349            11.934452            16.391867  
145.796402            28.138556            11.968229            16.170280  
145.835999            27.875757            11.997846            15.878093  
145.872406            27.570627            12.021341            15.549086  
145.908707            27.209103            12.041022            15.168054  
145.926895            27.007767            12.049448            14.958325  
145.945099            26.793800            12.056933            14.736903  
145.963303            26.567461            12.063443            14.504228  
145.981400            26.331383            12.068970            14.262417  
145.998795            26.094601            12.073355            14.021253  
146.016098            25.849342            12.076864            13.772495  
146.033493            25.594824            12.079522            13.515414  
146.050797            25.333443            12.081292            13.252079  
146.068207            25.062977            12.082246            12.981036  
146.085495            24.787918            12.082343            12.705798  
146.102905            24.504263            12.081629            12.422874  
146.120193            24.218103            12.080124            12.138150  
146.137604            23.924829            12.077829            11.847024  
146.146301            23.776796            12.076380            11.700488  
146.154907            23.628933            12.074772            11.554097  
146.163605            23.479136            12.072968            11.406332  
146.172302            23.327953            12.070960            11.256956  
146.181000            23.176640            12.068792            11.107974  
146.189606            23.026173            12.066460            10.959707  
146.198303            22.873350            12.063948            10.809546  
146.207001            22.720169            12.061251            10.659021  
146.215698            22.566578            12.058380            10.508267  
146.224304            22.414309            12.055391            10.359008  
146.241699            22.105276            12.048847            10.056350  
146.259003            21.797796            12.041749             9.756079  
146.275604            21.502644            12.034385             9.468301  
146.292099            21.209955            12.026564             9.183421  
146.308594            20.918598            12.018265             8.900343  
146.325104            20.627926            12.009513             8.618515  
146.341705            20.337585            12.000274             8.337346  
146.358200            20.051607            11.990706             8.060972  
146.374695            19.768095            11.980760             7.787458  
146.391205            19.487221            11.970458             7.516804  
146.424301            18.934734            11.948880             6.985923  
146.457306            18.399700            11.926294             6.473468  
146.490402            17.881144            11.902779             5.978354  
146.523407            17.384188            11.878669             5.505503  
146.556503            16.906610            11.853982             5.052580  
146.589493            16.453651            11.829115             4.624516  
146.655594            15.615685            11.778934             3.836765  
146.721695            14.874998            11.729353             3.145632  
146.787704            14.231117            11.681320             2.549777  
146.876999            13.505155            11.619889             1.885253  
146.966202            12.931715            11.563581             1.368159  
147.055405            12.488550            11.512745             0.975810  
147.144608            12.153879            11.467481             0.686399  
147.233902            11.905284            11.427378             0.477913  
147.323105            11.723685            11.392015             0.331676  
147.412292            11.592022            11.360731             0.231288  
147.501495            11.496730            11.332920             0.163807  
147.679993            11.375610            11.285392             0.090217  
147.858398            11.305149            11.245651             0.059497  
148.036804            11.257599            11.211059             0.046536  
148.215195            11.220459            11.179959             0.040498  
148.479599            11.174201            11.138206             0.035992  
148.744003            11.133357            11.099999             0.033359  
149.008408            11.095842            11.064268             0.031573  
149.272705            11.060615            11.030328             0.030285  
149.801407            10.992856            10.964134             0.028720  
150.330093            10.880889            10.852772             0.028112  
150.673798            10.626694            10.598855             0.027835  
151.017502             9.886869             9.860209             0.026657  
151.189407             9.206450             9.181169             0.025279  
151.361206             8.281098             8.257913             0.023182  
151.447098             7.731551             7.709693             0.021856  
151.533005             7.133284             7.112919             0.020362  
151.618896             6.497173             6.478446             0.018724  
151.661896             6.168610             6.150748             0.017861  
151.704803             5.836472             5.819493             0.016978  
151.732895             5.617782             5.601389             0.016392  
151.761002             5.398445             5.382646             0.015798  
