0.000010           234.347717            99.918839           134.428162  
0.000011           223.489777            95.306534           128.182617  
0.000011           223.489777            95.306534           128.182617  
0.000012           214.012665            91.283081           122.728394  
0.000013           205.645508            87.733582           117.911240  
0.000014           198.204346            84.574692           113.629257  
0.000015           191.501587            81.734520           109.766342  
0.000016           185.443878            79.166824           106.276245  
0.000018           174.897537            74.694725           100.202057  
0.000019           170.267975            72.730789            97.536392  
0.000020           165.977890            70.914101            95.063164  
0.000022           158.301727            67.663055            90.638260  
0.000024           151.617813            64.831223            86.786095  
0.000026           145.720734            62.334232            83.385971  
0.000028           140.448212            60.107300            80.340256  
0.000029           138.039581            59.085815            78.953239  
0.000031           133.543671            57.187496            76.355713  
0.000033           129.466248            55.466110            73.999634  
0.000035           125.761154            53.898926            71.861862  
0.000039           119.222023            51.135941            68.085617  
0.000043           113.606987            48.768837            64.837784  
0.000046           109.883446            47.201103            62.682014  
0.000050           105.464783            45.339321            60.125061  
0.000053           102.486778            44.085365            58.401054  
0.000056            99.752693            42.934822            56.817501  
0.000059            97.224228            41.873032            55.350880  
0.000063            94.151352            40.580925            53.570045  
0.000069            90.043472            38.858295            51.184830  
0.000075            86.448715            37.351353            49.097076  
0.000081            83.259018            36.016972            47.241753  
0.000088            79.962517            34.639565            45.322670  
0.000094            77.444351            33.587334            43.856712  
0.000100            75.147095            32.631126            42.515694  
0.000106            73.059128            31.761017            41.297832  
0.000113            70.834793            30.836218            39.998322  
0.000119            69.089035            30.111225            38.977543  
0.000125            67.473572            29.440807            38.032509  
0.000138            64.341370            28.144621            36.196518  
0.000150            61.820366            27.104855            34.715282  
0.000163            59.425064            26.117170            33.307659  
0.000175            57.453270            25.307423            32.145645  
0.000188            55.532619            24.521742            31.010710  
0.000200            53.938427            23.869795            30.068445  
0.000219            51.686783            22.953114            28.733513  
0.000238            49.718803            22.154387            27.564243  
0.000256            48.064186            21.485474            26.578547  
0.000275            46.499954            20.855686            25.644106  
0.000294            45.093784            20.291695            24.801918  
0.000313            43.821205            19.783182            24.037861  
0.000331            42.720772            19.345121            23.375513  
0.000350            41.653587            18.922197            22.731236  
0.000388            39.771557            18.179533            21.591883  
0.000425            38.192642            17.561571            20.630936  
0.000463            36.781082            17.012817            19.768137  
0.000500            35.566322            16.544746            19.021460  
0.000531            34.652927            16.194897            18.457888  
0.000563            33.795727            15.868199            17.927414  
0.000594            33.032227            15.579506            17.452625  
0.000625            32.332104            15.315757            17.016245  
0.000688            31.060228            14.841632            16.218506  
0.000750            29.976866            14.442376            15.534393  
0.000813            29.011946            14.090905            14.920944  
0.000875            28.172197            13.788433            14.383669  
0.000938            27.408228            13.516726            13.891414  
0.001000            26.734110            13.279346            13.454678  
0.001063            26.113934            13.063409            13.050444  
0.001125            25.556808            12.871769            12.684964  
0.001187            25.048439            12.698522            12.349826  
0.001250            24.573847            12.538481            12.035295  
0.001375            23.736307            12.260524            11.475700  
0.001500            23.013725            12.025484            10.988175  
0.001625            22.381063            11.823888            10.557106  
0.001750            21.821918            11.649190            10.172668  
0.001875            21.327436            11.497174             9.830207  
0.002000            20.879194            11.362347             9.516790  
0.002188            20.287514            11.187918             9.099544  
0.002375            19.774319            11.040546             8.733719  
0.002563            19.322243            10.913718             8.408472  
0.002750            18.922438            10.804197             8.118196  
0.002938            18.562441            10.707788             7.854603  
0.003125            18.237844            10.622844             7.614952  
0.003312            17.945362            10.547726             7.397590  
0.003500            17.675167            10.479822             7.195304  
0.003875            17.202768            10.364246             6.838485  
0.004250            16.800669            10.269238             6.531392  
0.004625            16.450327            10.189224             6.261066  
0.005000            16.143444            10.121250             6.022161  
0.005313            15.913972            10.071771             5.842167  
0.005625            15.704922            10.027727             5.677158  
0.005938            15.515441             9.988640             5.526763  
0.006250            15.342738             9.953743             5.388962  
0.006875            15.028392             9.892063             5.136295  
0.007500            14.756271             9.840555             4.915690  
0.008125            14.525277             9.798354             4.726893  
0.008750            14.314642             9.760968             4.553645  
0.009375            14.130358             9.729275             4.401059  
0.010000            13.958864             9.700410             4.258428  
0.010625            13.810664             9.676316             4.134319  
0.011250            13.670812             9.653957             4.016832  
0.011875            13.546392             9.634664             3.911707  
0.012500            13.424132             9.615756             3.808352  
0.013750            13.221833             9.586096             3.635715  
0.015000            13.042563             9.560596             3.481949  
0.016250            12.884588             9.538853             3.345716  
0.017500            12.744792             9.520229             3.224543  
0.018750            12.619826             9.504068             3.115741  
0.020000            12.507282             9.489906             3.017352  
0.021325            12.399407             9.476687             2.922698  
0.022650            12.301534             9.464993             2.836521  
0.023975            12.212218             9.454574             2.757627  
0.025300            12.130286             9.445225             2.685042  
0.026844            12.042854             9.435472             2.607360  
0.028387            11.962943             9.426766             2.536163  
0.031475            11.821586             9.411835             2.409735  
0.034563            11.700129             9.399493             2.300617  
0.037650            11.594341             9.389112             2.205211  
0.040738            11.501084             9.380231             2.120837  
0.043825            11.418157             9.372545             2.045598  
0.046913            11.343770             9.365811             1.977947  
0.050000            11.276619             9.359859             1.916751  
0.053125            11.214889             9.354486             1.860391  
0.056250            11.158531             9.349660             1.808862  
0.059375            11.106814             9.345297             1.761508  
0.062500            11.059119             9.341326             1.717782  
0.068750            10.973835             9.334347             1.639477  
0.075000            10.899548             9.328384             1.571151  
0.081250            10.834064             9.323203             1.510852  
0.087500            10.775800             9.318636             1.457155  
0.093750            10.723541             9.314559             1.408977  
0.100000            10.676351             9.310879             1.365461  
0.106250            10.633467             9.307530             1.325931  
0.112500            10.594296             9.304456             1.289835  
0.118750            10.558329             9.301609             1.256712  
0.125000            10.525128             9.298958             1.226162  
0.137500            10.465624             9.294139             1.171479  
0.150000            10.413580             9.289824             1.123750  
0.162500            10.367564             9.285893             1.081662  
0.175000            10.326549             9.282271             1.044270  
0.187500            10.289718             9.278888             1.010823  
0.200000            10.256396             9.275703             0.980686  
0.218750            10.211756             9.271219             0.940527  
0.237500            10.172288             9.267010             0.905269  
0.256250            10.137066             9.263018             0.874041  
0.275000            10.105379             9.259192             0.846180  
0.293750            10.076655             9.255503             0.821148  
0.312500            10.050459             9.251921             0.798534  
0.331250            10.026463             9.248427             0.778032  
0.350000            10.004373             9.245009             0.759360  
0.387500             9.964700             9.238341             0.726355  
0.425000             9.930075             9.231845             0.698225  
0.500000             9.871758             9.219176             0.652577  
0.625000             9.795216             9.198549             0.596663  
0.750000             9.735010             9.178077             0.556931  
0.875000             9.685371             9.157483             0.527885  
1.000000             9.642952             9.136589             0.506360  
1.250000             9.571085             9.093677             0.477407  
1.500000             9.510003             9.048799             0.461202  
1.750000             9.455659             9.001456             0.454201  
2.000000             9.405660             8.951177             0.454480  
2.224624             9.363420             8.902840             0.460580  
2.449247             9.322855             8.851364             0.471488  
2.673870             9.283660             8.796516             0.487143  
2.898493             9.245897             8.737286             0.508609  
3.258826             9.188747             8.630480             0.558266  
3.438993             9.162092             8.571045             0.591045  
3.619159             9.137568             8.505963             0.631604  
3.799326             9.115272             8.436008             0.679263  
3.979492             9.098287             8.358067             0.740215  
4.159659             9.102290             8.271529             0.830757  
4.249742             9.186930             8.224811             0.962118  
4.272263             9.232323             8.212655             1.019663  
4.294784             9.286901             8.200292             1.086605  
4.306045             9.316460             8.194029             1.122426  
4.317305             9.346574             8.187720             1.158853  
4.328565             9.376359             8.181347             1.195010  
4.339825             9.404842             8.174919             1.229920  
4.346552             9.420818             8.171056             1.249762  
4.353279             9.435754             8.167168             1.268579  
4.366733             9.461674             8.159335             1.302333  
4.380187             9.481120             8.151423             1.329693  
4.386914             9.488039             8.147435             1.340600  
4.393641             9.492943             8.143427             1.349512  
4.400561             9.495804             8.139282             1.356522  
4.407480             9.496421             8.135113             1.361303  
4.413193             9.495224             8.131655             1.363566  
4.418905             9.492513             8.128182             1.364328  
4.430329             9.482691             8.121192             1.361495  
4.451890             9.449855             8.107821             1.342025  
4.462671             9.427747             8.101054             1.326687  
4.473451             9.402908             8.094225             1.308677  
4.480260             9.386202             8.089883             1.296313  
4.487069             9.368962             8.085514             1.283444  
4.500687             9.333755             8.076709             1.257043  
4.514305             9.298858             8.067801             1.231053  
4.527922             9.265615             8.058791             1.206820  
4.557427             9.203669             8.038910             1.164756  
4.586932             9.159052             8.018516             1.140534  
4.645942             9.116592             7.976122             1.140469  
4.763961             9.118794             7.884721             1.234071  
4.881981             9.151094             7.783762             1.367330  
5.000000             9.202079             7.671020             1.531056  
5.103829             9.267421             7.559552             1.707867  
5.207657             9.359035             7.433979             1.925054  
5.311485             9.486324             7.291457             2.194867  
5.415313             9.662408             7.128510             2.533894  
5.519141             9.907565             6.940394             2.967165  
5.571055            10.066824             6.834527             3.232291  
5.622969            10.259067             6.719068             3.539999  
5.674883            10.492610             6.592587             3.900018  
5.726797            10.778065             6.453471             4.324588  
5.778711            11.129623             6.299800             4.829824  
5.830625            11.566801             6.129159             5.437631  
5.879295            12.078422             5.951146             6.127268  
5.927964            12.720657             5.752594             6.968057  
5.976634            13.539311             5.529759             8.009539  
6.025303            14.603998             5.277871             9.326116  
6.073973            16.025644             4.990949            11.034687  
6.098308            16.924751             4.832175            12.092576  
6.122642            17.994896             4.662029            13.332845  
6.146977            19.289984             4.479916            14.810028  
6.171312            20.894182             4.286044            16.608120  
6.195647            22.947748             4.082594            18.865149  
6.219981            25.695715             3.876158            21.819538  
6.245938            29.892614             3.670691            26.221928  
6.271895            36.359318             3.521873            32.837418  
6.297852            46.860077             3.514855            43.345184  
6.323809            64.438965             3.808701            60.630272  
6.349766            94.029884             4.676919            89.352997  
6.362745           115.539841             5.454104           110.085899  
6.375723           143.048599             6.550969           136.497543  
6.388702           177.915482             8.050971           169.864822  
6.401680           221.649933            10.049120           211.601395  
6.414659           275.877228            12.650233           263.227112  
6.427637           342.241455            15.964357           326.277283  
6.437574           402.289612            19.054768           383.234802  
6.447511           471.083313            22.678476           448.405945  
6.457448           549.207092            26.880259           522.327759  
6.467384           637.120239            31.699787           605.421204  
6.472353           684.859497            34.351723           650.507385  
6.477321           735.139099            37.168659           697.970398  
6.482290           787.965454            40.152569           747.812744  
6.487258           843.328918            43.304958           800.023193  
6.492227           901.231689            46.627918           854.601196  
6.494711           931.090881            48.351345           882.740051  
6.497195           961.570251            50.117073           911.452148  
6.499679           992.658325            51.924660           940.732727  
6.502163          1024.324707            53.773094           970.552185  
6.504647          1056.588623            55.663315          1000.926392  
6.507131          1089.405884            57.592834          1031.814331  
6.510376          1133.136963            60.174747          1072.961548  
6.513621          1177.772949            62.822849          1114.947998  
6.516866          1223.294800            65.536087          1157.755493  
6.520110          1269.637817            68.311440          1201.323853  
6.523355          1316.792725            71.149010          1245.643799  
6.526599          1364.677979            74.043900          1290.635376  
6.529844          1413.266846            76.994789          1336.270874  
6.533088          1462.502563            79.999603          1382.505981  
6.535319          1496.705078            82.095108          1414.609253  
6.537550          1531.170898            84.213898          1446.956177  
6.539781          1565.863281            86.353729          1479.507324  
6.542011          1600.728638            88.511375          1512.216431  
6.544242          1635.843872            90.692070          1545.155029  
6.546472          1671.084839            92.887291          1578.197998  
6.548703          1706.475952            95.099762          1611.372314  
6.550933          1742.000244            97.328682          1644.669556  
6.552961          1774.386597            99.367332          1675.013916  
6.554989          1806.800903           101.414421          1705.386230  
6.557017          1839.266479           103.471252          1735.797607  
6.559045          1871.761353           105.536636          1766.223511  
6.561073          1904.229126           107.607506          1796.623779  
6.563101          1936.703857           109.686089          1827.015259  
6.565129          1969.114990           111.767487          1857.349243  
6.567156          2001.451782           113.851723          1887.599121  
6.569184          2033.700195           115.937668          1917.765259  
6.571212          2065.862061           118.025024          1947.834106  
6.573240          2097.867676           120.110718          1977.754517  
6.575268          2129.723877           122.194397          2007.526978  
6.579324          2192.874756           126.349449          2066.516602  
6.583379          2255.085205           130.476624          2124.606689  
6.587841          2322.302002           134.976151          2187.324707  
6.592302          2387.896240           139.411575          2248.484375  
6.596764          2451.716797           143.774261          2307.939209  
6.601225          2513.413818           148.041245          2365.366211  
6.605687          2572.821533           152.202438          2420.612549  
6.610148          2629.619629           156.237381          2473.379150  
6.614610          2683.674805           160.136505          2523.538330  
6.619071          2734.663086           163.879471          2570.784180  
6.629616          2841.986572           172.033798          2669.955078  
6.640161          2928.639648           179.067062          2749.569092  
6.649084          2984.257080           184.028290          2800.229736  
6.658006          3022.577393           187.997864          2834.583740  
6.665748          3041.322266           190.593979          2850.729492  
6.673490          3046.313965           192.370483          2853.939941  
6.675020          3045.665283           192.622543          2853.040283  
6.680086          3039.681396           193.225494          2846.459229  
6.685152          3027.844482           193.468170          2834.368164  
6.690218          3010.229248           193.352951          2816.879639  
6.695283          2986.962158           192.882629          2794.079102  
6.705789          2921.296143           190.798431          2730.497559  
6.716295          2833.633789           187.283737          2646.348145  
6.726802          2726.221436           182.448029          2543.773193  
6.732056          2665.891602           179.575592          2486.313477  
6.737309          2601.643066           176.425888          2425.214844  
6.742563          2533.840820           173.020218          2360.816895  
6.747816          2462.851318           169.378693          2293.473633  
6.753069          2389.090820           165.524551          2223.562500  
6.758322          2312.959473           161.481506          2151.472656  
6.762859          2245.608398           157.855927          2087.748779  
6.767396          2176.993408           154.119537          2022.870483  
6.771933          2107.445801           150.290985          1957.150391  
6.776470          2037.156616           146.383286          1890.773682  
6.781007          1966.414429           142.413132          1823.997803  
6.785544          1895.421753           138.393661          1757.020630  
6.790081          1824.405029           134.339249          1690.061401  
6.794617          1753.615845           130.265350          1623.343750  
6.799154          1683.223267           126.183617          1557.040649  
6.803691          1613.426392           122.106270          1491.318726  
6.808228          1544.442139           118.047699          1426.392944  
6.812765          1476.407471           114.016930          1362.386475  
6.817302          1409.496216           110.026604          1299.465698  
6.821839          1343.872192           106.087059          1237.781616  
6.826376          1279.632812           102.205589          1177.428223  
6.830912          1216.940430            98.393532          1118.543579  
6.838076          1121.284180            92.530067          1028.750732  
6.845239          1030.045288            86.882698           943.160522  
6.852403           943.436035            81.469826           861.968872  
6.859566           861.721985            76.312798           785.408569  
6.866730           784.940918            71.419571           713.519531  
6.873893           713.241272            66.804581           646.434143  
6.888220           584.743958            58.408443           526.333069  
6.902547           475.557098            51.120842           424.436462  
6.916874           384.353424            44.892536           339.460388  
6.931201           309.365112            39.641994           269.722107  
6.945528           248.617737            35.269287           213.348099  
6.966541           181.020737            30.213661           150.806961  
6.987554           133.537125            26.464201           107.072426  
7.008567           100.820099            23.706594            77.113510  
7.029580            78.545654            21.677242            56.868336  
7.050593            63.434361            20.169687            43.264587  
7.071606            53.101833            19.028669            34.073128  
7.092619            45.908405            18.143518            27.764885  
7.113632            40.752316            17.436943            23.315353  
7.134645            36.925842            16.856882            20.068947  
7.155658            33.974182            16.368090            17.606087  
7.176671            31.620504            15.947539            15.672969  
7.197684            29.681107            15.579075            14.102031  
7.239710            26.641773            14.958488            11.683281  
7.281736            24.340103            14.451146             9.888957  
7.323762            22.528200            14.026058             8.502140  
7.365788            21.062803            13.663426             7.399365  
7.407814            19.855659            13.349834             6.505827  
7.449840            18.847321            13.075642             5.771683  
7.501418            17.819380            12.782441             5.036929  
7.552995            16.969507            12.527752             4.441754  
7.604572            16.255577            12.304168             3.951408  
7.656149            15.645872            12.106156             3.539715  
7.675290            15.441193            12.038285             3.402910  
7.730944            14.901298            11.855953             3.045343  
7.786597            14.431640            11.693007             2.738636  
7.842251            14.021673            11.546336             2.475337  
7.897904            13.663228            11.413486             2.249743  
7.953558            13.348581            11.292472             2.056111  
8.009211            13.070375            11.181660             1.888722  
8.120518            12.599135            10.985311             1.613823  
8.201842            12.310791            10.859453             1.451335  
8.283166            12.060047            10.746004             1.314042  
8.364490            11.840534            10.643202             1.197329  
8.445813            11.646778            10.549448             1.097326  
8.527137            11.474336            10.463402             1.010928  
8.608461            11.319651            10.383948             0.935698  
8.771108            11.052355            10.241135             0.811214  
8.933756            10.828783            10.115627             0.713152  
9.096403            10.639452            10.004157             0.635292  
9.259051            10.476910             9.903978             0.572931  
9.421698            10.335661             9.812888             0.522769  
9.548202            10.238399             9.747290             0.491106  
9.674706            10.152057             9.685604             0.466456  
9.801210            10.088722             9.627211             0.461507  
9.864462            10.091064             9.599107             0.491958  
9.927713            10.161440             9.571690             0.589748  
9.963857            10.254590             9.556324             0.698261  
10.000000            10.399117             9.541162             0.857951  
10.021370            10.510591             9.532297             0.978300  
10.042740            10.640495             9.523495             1.116995  
10.053430            10.711576             9.519118             1.192458  
10.064110            10.786036             9.514762             1.271275  
10.074790            10.863258             9.510427             1.352842  
10.085470            10.942514             9.506093             1.436419  
10.091260            10.986032             9.503757             1.482268  
10.097050            11.029736             9.501426             1.528312  
10.102840            11.073486             9.499098             1.574393  
10.108620            11.117016             9.496778             1.620237  
10.114410            11.160330             9.494460             1.665872  
10.120200            11.203182             9.492142             1.711039  
10.125990            11.245370             9.489831             1.755541  
10.131770            11.286657             9.487529             1.799135  
10.137560            11.327003             9.485226             1.841777  
10.143350            11.366136             9.482929             1.883209  
10.149140            11.403885             9.480632             1.923247  
10.154920            11.440009             9.478351             1.961662  
10.160710            11.474459             9.476067             1.998395  
10.166490            11.506937             9.473789             2.033152  
10.178060            11.565543             9.469238             2.096306  
10.194080            11.630742             9.462973             2.167760  
10.210100            11.674932             9.456736             2.218206  
10.219720            11.690531             9.453002             2.237520  
10.229340            11.697540             9.449279             2.248260  
10.239400            11.695536             9.445397             2.250134  
10.249260            11.684270             9.441607             2.242658  
10.259120            11.663886             9.437827             2.226061  
10.271440            11.626029             9.433114             2.192911  
10.283760            11.575091             9.428419             2.146666  
10.298140            11.500539             9.422962             2.077577  
10.305330            11.457743             9.420242             2.037501  
10.312510            11.411733             9.417527             1.994201  
10.319700            11.362665             9.414814             1.947848  
10.326890            11.310963             9.412108             1.898848  
10.334080            11.256941             9.409410             1.847529  
10.341260            11.201014             9.406724             1.794299  
10.345880            11.164156             9.404993             1.759165  
10.350500            11.126721             9.403265             1.723450  
10.355120            11.088771             9.401543             1.687236  
10.359740            11.050443             9.399818             1.650623  
10.364360            11.011806             9.398103             1.613705  
10.368980            10.972919             9.396379             1.576539  
10.373600            10.933911             9.394663             1.539249  
10.378220            10.894843             9.392950             1.501894  
10.387460            10.816858             9.389527             1.427325  
10.396700            10.739580             9.386119             1.353461  
10.405940            10.663546             9.382713             1.280831  
10.415180            10.589267             9.379317             1.209952  
10.434690            10.440067             9.372171             1.067898  
10.454200            10.303738             9.365065             0.938673  
10.493210            10.076263             9.350959             0.725307  
10.532220             9.909701             9.336987             0.572715  
10.571230             9.795377             9.323147             0.472230  
10.649260             9.670046             9.295831             0.374216  
10.727280             9.610342             9.268962             0.341377  
10.883330             9.542788             9.216371             0.326418  
11.039380             9.543474             9.165075             0.378399  
11.105090             9.591931             9.143829             0.448103  
11.137940             9.627519             9.133283             0.494237  
11.154370             9.647058             9.128020             0.519033  
11.170790             9.667042             9.122781             0.544259  
11.183110             9.681948             9.118857             0.563090  
11.195430             9.696448             9.114937             0.581512  
11.201590             9.703450             9.112976             0.590474  
11.207750             9.710236             9.111018             0.599214  
11.213910             9.716769             9.109068             0.607699  
11.220070             9.722999             9.107114             0.615882  
11.232390             9.734415             9.103215             0.631200  
11.244710             9.744194             9.099317             0.644871  
11.269350             9.757751             9.091544             0.666203  
11.282700             9.761251             9.087344             0.673903  
11.296050             9.761770             9.083147             0.678621  
11.304880             9.760412             9.080377             0.680035  
11.313700             9.757682             9.077612             0.680068  
11.323450             9.753065             9.074557             0.678503  
11.333200             9.746774             9.071508             0.675266  
11.341200             9.740398             9.069007             0.671393  
11.349200             9.732964             9.066506             0.666455  
11.365190             9.715085             9.061517             0.653565  
11.387180             9.684654             9.054672             0.629979  
11.398170             9.667304             9.051256             0.616046  
11.409160             9.648802             9.047844             0.600955  
11.420160             9.629333             9.044433             0.584900  
11.431150             9.609161             9.041026             0.568132  
11.442140             9.588489             9.037625             0.550861  
11.453130             9.567522             9.034227             0.533292  
11.467130             9.540720             9.029905             0.510812  
11.481120             9.514175             9.025588             0.488586  
11.509100             9.463165             9.016974             0.446192  
11.565070             9.375629             8.999803             0.375825  
11.677000             9.267703             8.965679             0.302021  
11.900860             9.174284             8.898061             0.276224  
12.348580             9.033284             8.763753             0.269529  
12.892250             8.869958             8.599475             0.270483  
13.435920             8.708921             8.429936             0.278984  
13.979590             8.545720             8.250843             0.294875  
14.523260             8.376584             8.057537             0.319045  
15.066930             8.198487             7.845592             0.352895  
15.338770             8.105376             7.731404             0.373971  
15.610600             8.008310             7.609114             0.399193  
15.882440             7.906734             7.477319             0.429412  
16.154270             7.800330             7.334823             0.465505  
16.426100             7.688706             7.179938             0.508766  
16.697929             7.571476             7.010456             0.561017  
16.953779             7.455726             6.835006             0.620718  
17.209620             7.334682             6.641021             0.693658  
17.465469             7.208728             6.424812             0.783911  
17.721310             7.078937             6.181979             0.896953  
17.977160             6.947552             5.907646             1.039900  
18.105080             6.882610             5.755916             1.126687  
18.233000             6.819388             5.592254             1.227128  
18.360920             6.759292             5.415233             1.344052  
18.488840             6.704279             5.223391             1.480883  
18.616760             6.657144             5.014906             1.642232  
18.744680             6.622114             4.787488             1.834621  
18.836630             6.608359             4.610778             1.997573  
18.928570             6.610111             4.421720             2.188382  
19.020510             6.639086             4.219042             2.420038  
19.112450             6.717760             4.001451             2.716301  
19.204399             6.877049             3.767428             3.109616  
19.296341             7.135793             3.515286             3.620500  
19.342310             7.297194             3.381848             3.915334  
19.365299             7.383004             3.313173             4.069817  
19.388281             7.470662             3.243194             4.227456  
19.411270             7.559070             3.171825             4.387229  
19.434250             7.647038             3.099112             4.547915  
19.480221             7.818388             2.949449             4.868928  
19.499090             7.886190             2.886373             4.999805  
19.517950             7.952436             2.822361             5.130054  
19.523701             7.972348             2.802655             5.169679  
19.536720             8.017076             2.757699             5.259361  
19.549730             8.061360             2.712325             5.349025  
19.593300             8.209796             2.557087             5.652689  
19.618719             8.299952             2.464233             5.835710  
19.644140             8.396461             2.369753             6.026688  
19.669559             8.502877             2.273733             6.229129  
19.694981             8.623087             2.176308             6.446760  
19.745819             8.921781             1.977880             6.943892  
19.796650             9.328111             1.776534             7.551559  
19.847490             9.882135             1.575942             8.306165  
19.898331            10.634920             1.383158             9.251735  
19.949169            11.664969             1.212670            10.452257  
20.000000            13.114918             1.095931            12.018933  
20.056780            15.593236             1.118802            14.474405  
20.085171            17.410460             1.253957            16.156443  
20.113560            19.849230             1.536676            18.312506  
20.141951            23.198034             2.048571            21.149435  
20.156151            25.341162             2.426859            22.914251  
20.170340            27.881363             2.911701            24.969589  
20.184540            30.906136             3.528126            27.377977  
20.198730            34.510857             4.304492            30.206354  
20.212919            38.811249             5.274959            33.536240  
20.220020            41.266159             5.845890            35.420250  
20.227110            43.945335             6.480392            37.464779  
20.235880            47.603867             7.363427            40.240414  
20.244650            51.682598             8.366518            43.316017  
20.253420            56.228031             9.503839            46.724110  
20.262180            61.283112            10.788440            50.494514  
20.268450            65.248978            11.808658            53.440300  
20.274710            69.520317            12.917815            56.602440  
20.281811            74.773453            14.294881            60.478588  
20.288900            80.483345            15.805809            64.677567  
20.296000            86.697533            17.464298            69.233032  
20.303101            93.458809            19.283632            74.175011  
20.310200           100.796959            21.272999            79.524200  
20.317289           108.750870            23.444208            85.306473  
20.324390           117.385948            25.817188            91.569000  
20.331490           126.734489            28.401850            98.332489  
20.338591           136.847992            31.214075           105.634125  
20.345680           147.763809            34.265518           113.498505  
20.352779           159.563004            37.580776           121.982315  
20.359880           172.297134            41.175526           131.121704  
20.366980           186.001190            45.061214           140.940582  
20.374069           200.733475            49.255932           151.477493  
20.384090           223.435043            55.750412           167.682800  
20.394110           248.501175            62.958462           185.541397  
20.404131           276.115082            70.937172           205.177917  
20.414150           306.447632            79.739815           226.707245  
20.424170           339.691681            89.427773           250.264999  
20.434191           376.016479           100.052887           275.962006  
20.444210           415.592590           111.671402           303.920685  
20.454220           458.553528           124.326881           334.227661  
20.463409           501.150177           136.912216           364.237091  
20.472589           546.815369           150.442764           396.371826  
20.481779           595.795471           164.993591           430.802826  
20.490959           648.076538           180.563568           467.510223  
20.500151           703.828125           197.208450           506.618469  
20.509331           763.016174           214.921616           548.096191  
20.518520           825.827393           233.759689           592.066711  
20.527700           892.117676           253.683456           638.430420  
20.536890           962.090515           274.761444           687.327942  
20.546070          1035.583008           296.943390           738.634033  
20.555260          1112.645752           320.252991           792.393616  
20.564440          1193.153442           344.651550           848.504395  
20.573629          1277.092163           370.139832           906.953796  
20.582809          1364.253052           396.657562           967.596436  
20.591999          1454.585815           424.192139          1030.388672  
20.601179          1547.782959           452.653564          1095.123779  
20.607031          1608.568726           471.248749          1137.319458  
20.612869          1670.324585           490.163177          1180.158325  
20.618719          1733.107178           509.416443          1223.694336  
20.624559          1796.745239           528.951538          1267.788086  
20.630409          1861.259033           548.787415          1312.477173  
20.636250          1926.454712           568.852112          1357.604126  
20.642099          1992.358765           589.162292          1403.188965  
20.647940          2058.721436           609.638611          1449.072510  
20.653790          2125.669678           630.327942          1495.336426  
20.659630          2192.851318           651.116943          1541.738892  
20.665480          2260.390137           672.044678          1588.343750  
20.671320          2327.930664           692.999207          1634.930420  
20.677170          2395.651123           714.040527          1681.601562  
20.683010          2463.150635           735.053040          1728.103638  
20.688850          2530.448242           756.028625          1774.418335  
20.694691          2597.425537           776.934143          1820.487671  
20.699289          2649.793701           793.307861          1856.486328  
20.703880          2701.744629           809.572571          1892.170532  
20.708469          2753.309326           825.735229          1927.561523  
20.713060          2804.419434           841.780396          1962.635498  
20.717661          2855.053955           857.696899          1997.342285  
20.722250          2904.996826           873.424927          2031.565796  
20.726839          2954.229492           888.955750          2065.276123  
20.731430          3002.813232           904.304871          2098.507080  
20.740620          3097.562256           934.317200          2163.236816  
20.749800          3188.522461           963.246216          2225.281006  
20.758989          3275.403809           990.994324          2284.405273  
20.768169          3357.541260          1017.356201          2340.170166  
20.779030          3448.028564          1046.580078          2401.432373  
20.789881          3530.503906          1073.437134          2457.058838  
20.811590          3669.180420          1119.321411          2549.857910  
20.827459          3746.127930          1145.527222          2600.580078  
20.843321          3800.844238          1165.034790          2635.813965  
20.854321          3825.216309          1174.429688          2650.770264  
20.865320          3838.208740          1180.368774          2657.858154  
20.871500          3840.520752          1182.169189          2658.346924  
20.882980          3835.153320          1182.570068          2652.572021  
20.894461          3817.351562          1179.147583          2638.200928  
20.910589          3771.784668          1167.983521          2603.771973  
20.926720          3703.009521          1149.626831          2553.366699  
20.952530          3548.332031          1106.322876          2442.012451  
20.965429          3452.477539          1078.839600          2373.642090  
20.978331          3345.675049          1047.881470          2297.789551  
20.989620          3244.264893          1018.248413          2226.009277  
21.000910          3136.371338           986.531921          2149.848877  
21.006559          3080.176025           969.934570          2110.230469  
21.012199          3022.827637           952.964233          2069.870605  
21.017851          2964.216309           935.573425          2028.633301  
21.023491          2904.600342           917.852905          1986.744263  
21.029140          2844.023193           899.808533          1944.220703  
21.034781          2782.693604           881.500916          1901.194458  
21.040430          2720.575684           862.920898          1857.652344  
21.046070          2657.998535           844.172852          1813.806274  
21.051720          2594.778076           825.206177          1769.568848  
21.057360          2531.335938           806.133057          1725.192993  
21.063009          2467.509033           786.915405          1680.576782  
21.068649          2403.680420           767.674561          1636.008789  
21.073490          2348.865723           751.122620          1597.735718  
21.078329          2294.052002           734.559204          1559.501099  
21.083170          2239.347168           717.999146          1521.348145  
21.088011          2184.741455           701.450073          1483.287231  
21.097691          2076.396484           668.565369          1407.823242  
21.107361          1969.380371           636.015015          1333.363647  
21.117041          1863.972900           603.880676          1260.088379  
21.126720          1760.618408           572.306335          1188.303589  
21.136400          1659.700073           541.418518          1118.281006  
21.146070          1561.664551           511.349762          1050.304565  
21.155750          1466.424805           482.081482           984.341431  
21.165430          1374.419189           453.750122           920.661560  
21.175110          1285.787842           426.406921           859.377441  
21.184780          1200.824707           400.142914           800.679382  
21.204140          1041.743774           350.821930           690.921692  
21.223490           897.919006           306.048248           591.868408  
21.241240           779.359314           268.991455           510.367737  
21.258980           673.382629           235.733948           437.648407  
21.276720           579.497864           206.143845           373.353302  
21.294460           497.038300           180.034821           317.003723  
21.312201           425.181030           157.169037           268.010437  
21.329941           363.100159           137.308044           225.789490  
21.365419           264.469818           105.471024           158.998383  
21.400909           193.798416            82.324966           111.473320  
21.436390           144.330338            65.827171            78.502945  
21.471870           110.299232            54.215446            56.083496  
21.507351            87.137238            46.082321            41.054741  
21.539610            72.588676            40.798683            31.789898  
21.571871            62.276440            36.910099            25.366253  
21.604130            54.852024            33.990044            20.861958  
21.636391            49.381477            31.740141            17.641302  
21.668650            45.227562            29.954191            15.273397  
21.700911            41.969540            28.494022            13.475565  
21.765421            37.137959            26.214666            10.923301  
21.829941            33.636719            24.472265             9.164455  
21.894449            30.924061            23.069574             7.854488  
21.958969            28.732321            21.902899             6.829419  
22.023479            26.919334            20.913597             6.005724  
22.081551            25.532583            20.141186             5.391391  
22.139610            24.331158            19.459816             4.871337  
22.197680            23.280228            18.853622             4.426589  
22.255739            22.353533            18.310558             4.042973  
22.371870            20.793434            17.376316             3.417119  
22.487989            19.530285            16.599403             2.930888  
22.604120            18.486202            15.941525             2.544675  
22.720249            17.609756            15.376874             2.232882  
22.836380            16.864479            14.886676             1.977803  
22.952499            16.223413            14.456781             1.766636  
23.100889            15.523584            13.977807             1.545780  
23.249281            14.928938            13.562057             1.366889  
23.397671            14.417344            13.197135             1.220206  
23.546049            13.972743            12.873736             1.099014  
23.694441            13.583463            12.584085             0.999383  
23.842819            13.242990            12.321956             0.921038  
23.991211            12.946128            12.082874             0.863252  
24.028311            12.877312            12.026349             0.850958  
24.065399            12.810043            11.971082             0.838956  
24.139589            12.678583            11.864088             0.814497  
24.165400            12.633462            11.827938             0.805522  
24.199829            12.573547            11.780545             0.792998  
24.202700            12.568559            11.776636             0.791923  
24.205580            12.563558            11.772717             0.790839  
24.213240            12.550274            11.762338             0.787937  
24.220890            12.537015            11.752015             0.785003  
24.236191            12.510532            11.731496             0.779036  
24.290470            12.416990            11.660107             0.756887  
24.344740            12.324463            11.590808             0.733660  
24.399010            12.233608            11.523453             0.710157  
24.453279            12.145153            11.457903             0.687252  
24.670370            11.823305            11.211528             0.611777  
24.887461            11.547075            10.986794             0.560282  
25.104540            11.300383            10.779913             0.520469  
25.321630            11.074840            10.587430             0.487411  
25.538719            10.867633            10.407661             0.459975  
25.972891            10.494520            10.076713             0.417814  
26.412571            10.159287             9.769783             0.389508  
26.632410            10.013033             9.624166             0.388867  
26.742331             9.950500             9.553094             0.397408  
26.797291             9.921607             9.517947             0.403658  
26.852240             9.893365             9.483056             0.410307  
26.874229             9.882003             9.469152             0.412849  
26.896210             9.870510             9.455293             0.415211  
26.918190             9.858789             9.441470             0.417320  
26.940170             9.846786             9.427680             0.419104  
26.962160             9.834419             9.413918             0.420500  
26.993759             9.815914             9.394194             0.421717  
27.025360             9.796435             9.374533             0.421900  
27.039600             9.787318             9.365690             0.421626  
27.065170             9.770423             9.349849             0.420573  
27.086281             9.755966             9.336794             0.419172  
27.107380             9.741091             9.323772             0.417317  
27.141380             9.716303             9.302840             0.413462  
27.175369             9.690696             9.281971             0.408724  
27.209370             9.664495             9.261147             0.403347  
27.243361             9.637986             9.240383             0.397603  
27.311350             9.585030             9.198981             0.386046  
27.379330             9.533540             9.157761             0.375780  
27.651270             9.350617             8.994014             0.356604  
28.213930             9.015163             8.657056             0.358105  
28.776590             8.686507             8.315331             0.371179  
29.339251             8.355268             7.960267             0.395001  
29.901911             8.014906             7.584543             0.430360  
30.183241             7.839483             7.386574             0.452905  
30.464569             7.658435             7.178226             0.480209  
30.745899             7.471031             6.958258             0.512773  
31.027229             7.276599             6.725302             0.551295  
31.308559             7.074291             6.477372             0.596917  
31.589890             6.863281             6.212115             0.651165  
31.871220             6.642879             5.926838             0.716039  
32.152538             6.412653             5.618464             0.794190  
32.415119             6.188858             5.306488             0.882371  
32.677689             5.957109             4.967830             0.989280  
32.940269             5.719131             4.599346             1.119786  
33.202839             5.478261             4.197229             1.281029  
33.465420             5.240635             3.756419             1.484213  
33.596710             5.126494             3.519880             1.606617  
33.727989             5.018413             3.271837             1.746576  
33.859280             4.919523             3.011958             1.907568  
33.990559             4.834115             2.740322             2.093791  
34.121849             4.768012             2.457283             2.310730  
34.253132             4.729335             2.163858             2.565475  
34.365669             4.726445             1.905498             2.820945  
34.478199             4.761562             1.642979             3.118578  
34.590729             4.847733             1.379623             3.468109  
34.703259             5.003131             1.120672             3.882460  
34.815800             5.253897             0.874451             4.379447  
34.928329             5.638434             0.654328             4.984103  
34.984600             5.897852             0.560347             5.337501  
35.040859             6.214348             0.481909             5.732438  
35.069000             6.397777             0.449990             5.947778  
35.097130             6.600129             0.423936             6.176191  
35.125259             6.823611             0.404574             6.419031  
35.153389             7.070396             0.392902             6.677495  
35.168629             7.214849             0.390188             6.824658  
35.183868             7.367231             0.390262             6.976961  
35.199108             7.528302             0.393355             7.134935  
35.214352             7.698473             0.399703             7.298773  
35.229591             7.878275             0.409567             7.468707  
35.244831             8.068463             0.423246             7.645205  
35.260071             8.269569             0.441046             7.828521  
35.267689             8.374532             0.451607             7.922923  
35.275299             8.482290             0.463307             8.018969  
35.284679             8.619569             0.479419             8.140150  
35.294060             8.761712             0.497458             8.264250  
35.303440             8.909060             0.517545             8.391514  
35.312809             9.061700             0.539770             8.521920  
35.319851             9.180133             0.557966             8.622164  
35.326881             9.301563             0.577450             8.724114  
35.333912             9.426447             0.598329             8.828115  
35.340939             9.554904             0.620669             8.934240  
35.349152             9.709564             0.648672             9.060880  
35.357361             9.869412             0.678852             9.190564  
35.365570            10.034579             0.711290             9.323291  
35.373772            10.205275             0.746107             9.459162  
35.383739            10.420848             0.791869             9.628972  
35.393700            10.645535             0.841611             9.803924  
35.403660            10.879781             0.895570             9.984215  
35.413620            11.124706             0.954175            10.170520  
35.423592            11.380762             1.017729            10.363031  
35.433552            11.648313             1.086500            10.561794  
35.443508            11.928232             1.160931            10.767298  
35.453468            12.221622             1.241524            10.980097  
35.464031            12.548413             1.334251            11.214144  
35.474579            12.891893             1.434916            11.456977  
35.485130            13.254066             1.544407            11.709659  
35.495682            13.636315             1.663520            11.972800  
35.516781            14.467619             1.934205            12.533419  
35.537880            15.401493             2.255538            13.145967  
35.558979            16.457104             2.638126            13.818973  
35.580078            17.659004             3.095554            14.563483  
35.601181            19.036829             3.644522            15.392323  
35.622280            20.627699             4.306015            16.321693  
35.648071            22.930412             5.306516            17.623909  
35.673859            25.729704             6.576822            19.152931  
35.699650            29.167637             8.198355            20.969309  
35.725430            33.422569            10.274384            23.148193  
35.751221            38.731369            12.941827            25.789572  
35.777012            45.386860            16.371262            29.015631  
35.802799            53.761707            20.779976            32.981827  
35.828579            64.310753            26.434525            37.876266  
35.854370            77.615929            33.675755            43.940517  
35.880161            94.356056            42.903400            51.453342  
35.905949           115.356728            54.603634            60.753704  
35.931740           141.603729            69.358818            72.245598  
35.957531           174.214874            87.830231            86.384682  
35.983318           214.482361           110.786667           103.697716  
36.009109           263.855652           139.086472           124.771309  
36.034889           323.879822           173.653458           150.229919  
36.060680           396.299408           215.526154           180.776031  
36.086472           482.874939           265.762848           217.116669  
36.112259           585.331421           325.399261           259.936096  
36.138039           705.382263           395.470154           309.915680  
36.163830           844.657043           476.966034           367.693512  
36.189621          1004.462646           570.688477           433.778625  
36.202518          1092.382324           622.331543           470.054138  
36.215408          1185.682983           677.199341           508.494049  
36.228298          1284.482666           735.349792           549.141113  
36.241192          1388.829712           796.826660           592.016602  
36.252918          1488.518921           855.609924           632.916687  
36.264641          1592.610840           917.037720           675.574951  
36.276360          1701.040161           981.089355           719.960571  
36.288078          1813.744751          1047.711304           766.037231  
36.299809          1930.635498          1116.878784           813.781616  
36.311531          2051.433838          1188.406128           863.056458  
36.323250          2175.880127          1262.145386           913.758179  
36.334969          2303.756836          1337.976196           965.785645  
36.346699          2434.899414          1415.820435          1019.089050  
36.358421          2568.704346          1495.314941          1073.418823  
36.370140          2705.026611          1576.351074          1128.687256  
36.381859          2843.274902          1658.627930          1184.675049  
36.393581          2983.169434          1741.940552          1241.250610  
36.405300          3124.122559          1825.948242          1298.181396  
36.417019          3265.675293          1910.422241          1355.283569  
36.422878          3336.557373          1952.734863          1383.830078  
36.428741          3407.303955          1995.008057          1412.328247  
36.435188          3485.061035          2041.472778          1443.602295  
36.441639          3562.601074          2087.835449          1474.774170  
36.448090          3639.785156          2134.018066          1505.756958  
36.454529          3716.413574          2179.905029          1536.507202  
36.460979          3792.631104          2225.578369          1567.065430  
36.467430          3868.120361          2270.856445          1597.309570  
36.473881          3942.980713          2315.746826          1627.250977  
36.480320          4016.828613          2360.081787          1656.756226  
36.493221          4161.837891          2447.243896          1714.619873  
36.506111          4302.024902          2531.644287          1770.416626  
36.519009          4436.895020          2612.968018          1823.942505  
36.531898          4565.430176          2690.642334          1874.802368  
36.549492          4729.229980          2789.910156          1939.354126  
36.567070          4877.803711          2880.295166          1997.546509  
36.602230          5123.040039          3030.656250          2092.417725  
36.628021          5253.151855          3111.692383          2141.483398  
36.640911          5301.081055          3142.112793          2158.986084  
36.653801          5337.187988          3165.557129          2171.649658  
36.667950          5362.849609          3183.037842          2179.847412  
36.682098          5373.754395          3191.750732          2182.022217  
36.692402          5372.352539          3192.554932          2179.817871  
36.702690          5363.163574          3188.736084          2174.440674  
36.723270          5321.501465          3167.240479          2154.246826  
36.745789          5241.275879          3123.137451          2118.175049  
36.768311          5126.612305          3058.420898          2068.232422  
36.803699          4883.074219          2918.768555          1964.335815  
36.821388          4735.648926          2833.510254          1902.175415  
36.839081          4573.470703          2739.322510          1834.151489  
36.847931          4487.445312          2689.262207          1798.209595  
36.856781          4398.375000          2637.344727          1761.083984  
36.865631          4306.747070          2583.822998          1722.920776  
36.874470          4212.776367          2528.882324          1683.875732  
36.883320          4116.445801          2472.516357          1643.923462  
36.892159          4018.358154          2415.059570          1603.315430  
36.901009          3918.597656          2356.542480          1562.046753  
36.909851          3817.414307          2297.148926          1520.263550  
36.918701          3715.059814          2237.025391          1478.050293  
36.927540          3612.021973          2176.423828          1435.592529  
36.936390          3508.236572          2115.352783          1392.909180  
36.945229          3404.171875          2054.070068          1350.128662  
36.954079          3299.832275          1992.560303          1307.302368  
36.962921          3195.717041          1931.132080          1264.587524  
36.971771          3091.782715          1869.780640          1222.003784  
36.980610          2988.477539          1808.749146          1179.730103  
36.988251          2899.823242          1756.348755          1143.470947  
36.995892          2811.767334          1704.259399          1107.501221  
37.011169          2638.149902          1601.502930          1036.644653  
37.026451          2468.507812          1500.986694           967.529175  
37.041729          2303.719482          1403.231934           900.495850  
37.057011          2144.231689          1308.532837           835.706177  
37.072289          1990.792480          1217.321289           773.467468  
37.087570          1843.778564          1129.847412           713.932739  
37.102840          1703.741333          1046.438599           657.307739  
37.118118          1570.646240           967.083435           603.570801  
37.133400          1444.827881           891.984802           552.840759  
37.163952          1215.318604           754.776245           460.542664  
37.194511          1015.028320           634.781982           380.257233  
37.225060           842.917786           531.408630           311.512878  
37.250801           718.311462           456.390656           261.921692  
37.276531           610.997070           391.629791           219.368301  
37.302269           519.275879           336.134460           183.143066  
37.327999           441.596161           288.997803           152.597382  
37.353741           376.244324           249.216583           127.025787  
37.379471           321.689148           215.888718           105.799889  
37.430931           238.965363           165.044891            73.920334  
37.482399           182.892532           130.230316            52.662098  
37.533859           145.181046           106.516350            38.664665  
37.585331           119.722084            90.256073            29.465820  
37.636791           102.242020            78.888054            23.353769  
37.707561            86.161018            68.186859            17.974115  
37.778320            75.417595            60.844582            14.573024  
37.849091            67.671318            55.427677            12.243679  
37.919849            61.724270            51.192913            10.531335  
37.990620            56.940006            47.738495             9.201513  
38.061378            52.977760            44.844978             8.132802  
38.132149            49.628254            42.375111             7.253163  
38.202911            46.754555            40.237728             6.516780  
38.270458            44.365269            38.447159             5.918152  
38.338009            42.258614            36.857250             5.401329  
38.473110            38.714760            34.157261             4.557491  
38.608212            35.848473            31.947620             3.900856  
38.743301            33.483395            30.104889             3.378509  
38.878399            31.500425            28.544752             2.955681  
39.013489            29.816629            27.207987             2.608653  
39.148590            28.370768            26.050419             2.320348  
39.283680            27.116879            25.038630             2.078233  
39.476681            25.589352            23.795269             1.794075  
39.669670            24.305302            22.740112             1.565168  
39.862671            23.211630            21.833576             1.378056  
40.055660            22.269743            21.046520             1.223224  
40.248661            21.449711            20.356180             1.093534  
40.441650            20.729221            19.745447             0.983766  
40.634651            20.091604            19.201488             0.890114  
40.827641            19.523939            18.714256             0.809686  
41.136429            18.732979            18.030474             0.702504  
41.445221            18.057013            17.441364             0.615646  
41.657520            17.647882            17.082476             0.565410  
41.869808            17.276777            16.755310             0.521471  
42.082111            16.937431            16.454754             0.482683  
42.294399            16.625734            16.177336             0.448399  
42.506699            16.339552            15.920406             0.419152  
42.718990            16.081108            15.681485             0.399613  
42.931290            15.857561            15.458546             0.399013  
42.984371            15.807094            15.405166             0.401926  
43.037441            15.758146            15.352729             0.405421  
43.063980            15.734050            15.326846             0.407202  
43.090511            15.710088            15.301197             0.408891  
43.117050            15.686172            15.275772             0.410398  
43.143581            15.662209            15.250580             0.411630  
43.182178            15.627072            15.214322             0.412751  
43.220779            15.591387            15.178530             0.412857  
43.254559            15.559536            15.147585             0.411955  
43.288330            15.527022            15.116997             0.410025  
43.308041            15.507696            15.099296             0.408399  
43.309471            15.506280            15.098012             0.408267  
43.314602            15.501204            15.093429             0.407776  
43.319729            15.496115            15.088858             0.407260  
43.329990            15.485873            15.079717             0.406154  
43.361519            15.453983            15.051854             0.402132  
43.393051            15.421481            15.024266             0.397214  
43.407459            15.406447            15.011761             0.394690  
43.451611            15.359768            14.973776             0.385991  
43.473679            15.336180            14.955003             0.381178  
43.495750            15.312465            14.936353             0.376114  
43.517818            15.288677            14.917828             0.370852  
43.539890            15.264884            14.899437             0.365446  
43.584030            15.217423            14.863029             0.354396  
43.672321            15.124315            14.791656             0.332667  
43.760601            15.035407            14.722096             0.313313  
44.113731            14.727603            14.459389             0.268218  
44.466869            14.474648            14.216961             0.257689  
44.643440            14.383274            14.102597             0.280682  
44.731720            14.353293            14.047153             0.306140  
44.820000            14.333770            13.992890             0.340878  
44.848831            14.329093            13.975430             0.353665  
44.877659            14.324897            13.958080             0.366819  
44.906490            14.320931            13.940862             0.380074  
44.920898            14.318941            13.932296             0.386647  
44.935310            14.316892            13.923764             0.393129  
44.949730            14.314750            13.915256             0.399493  
44.964142            14.312456            13.906779             0.405680  
44.978561            14.309993            13.898336             0.411658  
44.992970            14.307304            13.889923             0.417381  
45.007389            14.304350            13.881535             0.422816  
45.021801            14.301102            13.873188             0.427914  
45.050621            14.293526            13.856556             0.436965  
45.093868            14.278988            13.831826             0.447157  
45.115490            14.270081            13.819564             0.450517  
45.137112            14.259982            13.807358             0.452623  
45.160530            14.247633            13.794204             0.453429  
45.177429            14.237802            13.784759             0.453040  
45.195572            14.226364            13.774661             0.451711  
45.218811            14.210423            13.761785             0.448641  
45.234581            14.198792            13.753082             0.445707  
45.250351            14.186518            13.744419             0.442099  
45.281891            14.160174            13.727177             0.432998  
45.295170            14.148417            13.719955             0.428461  
45.316750            14.128550            13.708270             0.420285  
45.338329            14.107841            13.696625             0.411212  
45.359909            14.086419            13.685054             0.401368  
45.381489            14.064407            13.673529             0.390881  
45.403069            14.041954            13.662056             0.379892  
45.424648            14.019183            13.650644             0.368538  
45.446232            13.996227            13.639277             0.356947  
45.467812            13.973231            13.627972             0.345261  
45.489391            13.950310            13.616716             0.333594  
45.510971            13.927569            13.605506             0.322061  
45.554131            13.883053            13.583247             0.299809  
45.640450            13.799874            13.539295             0.260576  
45.985729            13.557050            13.370366             0.186688  
46.331009            13.386714            13.210806             0.175908  
46.503651            13.314059            13.134308             0.179749  
46.589970            13.280332            13.096886             0.183440  
46.633129            13.263827            13.078386             0.185436  
46.676289            13.247387            13.060030             0.187356  
46.702850            13.237234            13.048798             0.188435  
46.729408            13.227017            13.037624             0.189392  
46.755970            13.216694            13.026497             0.190194  
46.782532            13.206233            13.015426             0.190806  
46.829010            13.187514            12.996172             0.191341  
46.852249            13.177924            12.986604             0.191321  
46.875488            13.168164            12.977073             0.191095  
46.897388            13.158816            12.968126             0.190688  
46.900261            13.157576            12.966955             0.190620  
46.906460            13.154895            12.964432             0.190463  
46.912659            13.152201            12.961910             0.190291  
46.925060            13.146777            12.956873             0.189901  
46.960949            13.130793            12.942357             0.188438  
46.996841            13.114427            12.927924             0.186500  
47.032742            13.097715            12.913577             0.184135  
47.068630            13.080737            12.899326             0.181411  
47.104530            13.063551            12.885150             0.178403  
47.140419            13.046258            12.871059             0.175198  
47.176319            13.028936            12.857057             0.171881  
47.212212            13.011666            12.843130             0.168535  
47.283989            12.977576            12.815528             0.162048  
47.571129            12.852128            12.708104             0.144026  
48.145420            12.636353            12.504780             0.131572  
48.719711            12.438613            12.313597             0.125022  
49.006859            12.356067            12.221837             0.134229  
49.150429            12.329154            12.177040             0.152113  
49.222221            12.320522            12.154901             0.165620  
49.293999            12.314533            12.132957             0.181582  
49.336540            12.311729            12.120026             0.191705  
49.357811            12.310394            12.113579             0.196809  
49.379082            12.309024            12.107154             0.201871  
49.400349            12.307577            12.100742             0.206834  
49.421619            12.305985            12.094340             0.211644  
49.442890            12.304188            12.087955             0.216235  
49.464161            12.302134            12.081582             0.220551  
49.480122            12.300385            12.076808             0.223573  
49.496071            12.298434            12.072050             0.226382  
49.527969            12.293828            12.062551             0.231277  
49.559879            12.288155            12.053080             0.235079  
49.591782            12.281288            12.043636             0.237655  
49.607738            12.277376            12.038925             0.238453  
49.623692            12.273127            12.034216             0.238913  
49.640072            12.268423            12.029393             0.239028  
49.645821            12.266681            12.027700             0.238982  
49.662682            12.261341            12.022748             0.238589  
49.686779            12.253047            12.015682             0.237364  
49.703510            12.246850            12.010785             0.236064  
49.720242            12.240299            12.005894             0.234406  
49.753700            12.226214            11.996135             0.230079  
49.791180            12.209020            11.985238             0.223779  
49.809921            12.199936            11.979804             0.220130  
49.828659            12.190575            11.974377             0.216197  
49.850079            12.179588            11.968187             0.211402  
49.871498            12.168353            11.962008             0.206343  
49.892921            12.156917            11.955837             0.201079  
49.914330            12.145365            11.949682             0.195680  
49.935749            12.133727            11.943536             0.190191  
49.957169            12.122072            11.937400             0.184675  
50.000000            12.098934            11.925162             0.173772  
50.047619            12.073818            11.911609             0.162211  
50.095230            12.049724            11.898108             0.151616  
50.190449            12.005458            11.871263             0.134196  
50.380901            11.932608            11.818165             0.114442  
50.761791            11.819293            11.714219             0.105071  
51.523579            11.613614            11.512580             0.101028  
52.285370            11.414441            11.315894             0.098547  
53.047150            11.220380            11.122856             0.097525  
54.292992            10.907367            10.808369             0.099003  
54.915909            10.749616            10.648424             0.101188  
55.538818            10.588727            10.484024             0.104700  
56.161739            10.424102            10.314729             0.109371  
56.784660            10.252480            10.136556             0.115924  
57.407581            10.076571             9.947775             0.128791  
57.719040            10.000109             9.848705             0.151404  
57.796909             9.982860             9.823288             0.159572  
57.835838             9.974231             9.810472             0.163753  
57.874771             9.965459             9.797584             0.167874  
57.913700             9.956447             9.784617             0.171823  
57.952629             9.947073             9.771581             0.175490  
57.991562             9.937226             9.758455             0.178772  
58.030491             9.926829             9.745263             0.181567  
58.069180             9.915847             9.732061             0.183787  
58.088520             9.910099             9.725430             0.184670  
58.107861             9.904174             9.718782             0.185393  
58.128590             9.897627             9.711635             0.185989  
58.137211             9.894840             9.708659             0.186181  
58.153950             9.889318             9.702858             0.186462  
58.172279             9.883121             9.696488             0.186630  
58.190609             9.876761             9.690104             0.186654  
58.232510             9.861625             9.675435             0.186191  
58.274410             9.845731             9.660666             0.185065  
58.305840             9.833361             9.649514             0.183843  
58.337261             9.820670             9.638319             0.182352  
58.368690             9.807695             9.627050             0.180646  
58.400108             9.794522             9.615736             0.178786  
58.426960             9.783123             9.606012             0.177114  
58.453800             9.771655             9.596250             0.175406  
58.507481             9.748609             9.576594             0.172014  
58.614849             9.702810             9.536726             0.166082  
58.829590             9.615432             9.454762             0.160672  
59.259060             9.450674             9.281223             0.169449  
59.688541             9.279074             9.092682             0.186392  
60.118011             9.093173             8.885462             0.207709  
60.547489             8.889771             8.655226             0.234542  
60.976959             8.665694             8.397058             0.268636  
61.191700             8.544417             8.255110             0.289307  
61.406429             8.415915             8.102801             0.313113  
61.621170             8.279467             7.938794             0.340672  
61.835899             8.134447             7.761713             0.372732  
62.027069             7.997558             7.591614             0.405944  
62.218239             7.853048             7.408042             0.445006  
62.409409             7.702591             7.208957             0.493634  
62.600571             7.555641             6.992082             0.563557  
62.791740             7.439521             6.754802             0.684722  
62.982910             7.396329             6.494005             0.902321  
63.078499             7.407995             6.353585             1.054409  
63.126289             7.419858             6.280599             1.139249  
63.174080             7.433516             6.205678             1.227836  
63.197979             7.440351             6.167434             1.272909  
63.221870             7.446747             6.128717             1.318020  
63.245770             7.452396             6.089429             1.362958  
63.269661             7.456938             6.049649             1.407286  
63.293560             7.460028             6.009246             1.450775  
63.317451             7.461304             5.968321             1.492972  
63.341351             7.460431             5.926814             1.533611  
63.365238             7.457085             5.884728             1.572350  
63.420238             7.438377             5.785498             1.652866  
63.447739             7.422524             5.734616             1.687905  
63.475231             7.401975             5.682912             1.719045  
63.480469             7.397514             5.672949             1.724553  
63.492908             7.386181             5.649192             1.736986  
63.505341             7.373837             5.625244             1.748592  
63.521961             7.355755             5.592952             1.762788  
63.523392             7.354129             5.590196             1.763921  
63.529148             7.347359             5.578902             1.768445  
63.532028             7.343924             5.573267             1.770643  
63.540710             7.333151             5.556142             1.777004  
63.549389             7.321924             5.538951             1.782952  
63.563881             7.302060             5.510047             1.791997  
63.585621             7.269718             5.466164             1.803543  
63.607349             7.234472             5.421692             1.812765  
63.650810             7.155800             5.330944             1.824845  
63.689442             7.077625             5.248091             1.829525  
63.716000             7.020099             5.189916             1.830166  
63.742561             6.960058             5.130767             1.829276  
63.769119             6.897946             5.070576             1.827367  
63.795681             6.834337             5.009317             1.825005  
63.822239             6.769794             4.947049             1.822729  
63.848801             6.704699             4.883606             1.821088  
63.901920             6.575296             4.753457             1.821834  
63.955040             6.449913             4.618711             1.831195  
64.008163             6.331751             4.479139             1.852610  
64.114403             6.127554             4.185366             1.942174  
64.220642             5.978913             3.871903             2.107004  
64.326881             5.902611             3.541526             2.361070  
64.433121             5.934436             3.205982             2.728439  
64.539360             6.171622             2.904112             3.267500  
64.621460             6.649913             2.761296             3.888603  
64.703552             7.666759             2.826916             4.839806  
64.785652             9.753382             3.353869             6.399489  
64.867737            13.905447             4.827141             9.078262  
64.949837            21.887581             8.118831            13.768620  
64.990891            28.161049            10.869669            17.291271  
65.031929            36.584431            14.673137            21.911480  
65.072983            47.754704            19.831619            27.922752  
65.114029            62.363407            26.697136            35.665894  
65.134560            71.209633            30.898829            40.309685  
65.155083            81.221077            35.683861            45.535862  
65.175598            92.512451            41.111950            51.399822  
65.196121           105.200020            47.241859            57.957455  
65.215439           118.529366            53.710987            64.817429  
65.225098           125.729698            57.215431            68.511841  
65.234756           133.299667            60.908222            72.389915  
65.244423           141.270828            64.802902            76.465973  
65.254082           149.634415            68.897636            80.735466  
65.263741           158.418457            73.206673            85.211960  
65.273392           167.608490            77.718544            89.886856  
65.284866           179.095230            83.370918            95.722351  
65.296341           191.236786            89.355713           101.877579  
65.303581           199.224899            93.300377           105.923378  
65.316849           214.559860           100.881775           113.675911  
65.331337           232.360931           109.700516           122.657921  
65.345833           251.273315           119.090027           132.182938  
65.353683           262.013153           124.428352           137.583908  
65.361526           273.078064           129.934036           143.140671  
65.369377           284.505859           135.627914           148.879593  
65.377220           296.269806           141.493088           154.776306  
65.385071           308.418213           147.555634           160.860168  
65.392906           320.878876           153.779663           167.095078  
65.408600           346.925415           166.806595           180.114197  
65.421883           370.102600           178.420944           191.677048  
65.435158           394.322662           190.573730           203.743561  
65.448441           419.585388           203.270523           216.309845  
65.461723           445.882141           216.501740           229.374939  
65.474998           473.227448           230.280075           242.938156  
65.488281           501.531036           244.564178           256.961334  
65.501556           530.874634           259.393829           271.479828  
65.514839           561.193970           274.728729           286.451782  
65.528122           592.404480           290.542419           301.852325  
65.541397           624.519653           306.836182           317.676483  
65.554680           657.486389           323.583313           333.897766  
65.561317           674.305664           332.133453           342.168518  
65.567963           691.275085           340.769104           350.501892  
65.574600           708.461609           349.516357           358.935852  
65.581238           725.810669           358.353394           367.446594  
65.587883           743.326904           367.288849           376.034149  
65.594521           760.978455           376.287994           384.680450  
65.601158           778.800476           385.389343           393.406647  
65.607803           796.776794           394.571320           402.201477  
65.614441           814.905212           403.833710           411.054352  
65.621078           833.150818           413.169220           419.969727  
65.627724           851.495422           422.562256           428.928101  
65.634361           869.965637           432.022095           437.935425  
65.640999           888.477051           441.507629           446.958923  
65.647636           907.127380           451.072662           456.039124  
65.654282           925.823120           460.671844           465.137726  
65.660919           944.597595           470.320129           474.268921  
65.667557           963.354980           479.961548           483.387238  
65.674202           982.216858           489.660065           492.539490  
65.680840          1001.087585           499.377686           501.695038  
65.687477          1019.904114           509.074585           510.820007  
65.694122          1038.777466           518.808777           519.961426  
65.700760          1057.597656           528.521729           529.069641  
65.707397          1076.418579           538.237549           538.165894  
65.714043          1095.153442           547.923340           547.218811  
65.720680          1113.861816           557.602417           556.245789  
65.727318          1132.456299           567.235229           565.215271  
65.733963          1150.997437           576.841492           574.142578  
65.740601          1169.391479           586.383484           582.999390  
65.753883          1205.866699           605.333862           600.525452  
65.767159          1241.703491           623.982605           617.705688  
65.780441          1276.852539           642.321838           634.518799  
65.793716          1311.116455           660.228088           650.862366  
65.806999          1344.487061           677.729370           666.745239  
65.820282          1376.716553           694.667175           682.027771  
65.833557          1407.750000           711.025757           696.711731  
65.855301          1455.704346           736.400574           719.270996  
65.877029          1499.554321           759.779297           739.763916  
65.920486          1573.530273           799.697144           773.809692  
65.947052          1608.598267           819.026001           789.539124  
65.973602          1635.253784           834.142395           801.103760  
65.989304          1646.906616           840.994873           805.884644  
66.004990          1655.387085           846.250244           809.112366  
66.018097          1660.019897           849.400146           810.604492  
66.031197          1662.431030           851.411804           810.997681  
66.048668          1662.143555           852.313477           809.801880  
66.066139          1657.849854           851.186279           806.655823  
66.085800          1648.326416           847.499817           800.815552  
66.105461          1633.889648           841.293701           792.575439  
66.136353          1601.678345           826.643372           775.022461  
66.167236          1558.494629           806.306824           752.170837  
66.198128          1505.321045           780.779968           724.524475  
66.213577          1475.331909           766.239136           709.083069  
66.229019          1443.328735           750.628723           692.684937  
66.244469          1409.426880           734.021729           675.392212  
66.259911          1373.885132           716.541504           657.328308  
66.275360          1336.771240           698.220581           638.537659  
66.290802          1298.339600           679.192932           619.138489  
66.305550          1260.630981           660.458984           600.156799  
66.320290          1221.995972           641.226379           580.758789  
66.335037          1182.657593           621.583862           561.046753  
66.349777          1142.737183           601.623108           541.098816  
66.357162          1122.615845           591.546936           531.054993  
66.364532          1102.443726           581.429016           521.000610  
66.379272          1061.901489           561.078430           500.825439  
66.394012          1021.234741           540.609375           480.609894  
66.408752           980.642639           520.157471           460.473480  
66.423500           940.213684           499.745636           440.455322  
66.438240           900.087158           479.453949           420.615204  
66.452980           860.383240           459.349854           401.024017  
66.467720           821.253479           439.505463           381.744324  
66.482468           782.722717           419.931396           362.784302  
66.497208           744.931763           400.705261           344.216614  
66.511948           707.990723           381.888763           326.098511  
66.526688           671.966797           363.505493           308.451752  
66.553368           609.228088           331.437134           277.785828  
66.580048           550.037659           301.099884           248.930481  
66.606728           494.597473           272.615448           221.976288  
66.633400           443.089508           246.082413           197.002701  
66.660080           395.527924           221.515839           174.009720  
66.686760           351.994751           198.967438           153.025116  
66.713440           312.365723           178.382172           133.981293  
66.740112           276.570496           159.732620           116.834610  
66.793472           215.700974           127.868233            87.831261  
66.846817           167.775360           102.597351            65.176292  
66.900177           130.838272            82.955872            47.881832  
66.953529           102.953804            67.977623            34.974812  
67.018120            78.654816            54.749535            23.904730  
67.082710            62.041412            45.535927            16.505354  
67.147301            50.822357            39.165947            11.656313  
67.211884            43.258972            34.745064             8.513843  
67.276466            38.109844            31.629509             6.480278  
67.341057            34.518665            29.371140             5.147510  
67.405647            31.927691            27.675688             4.251999  
67.470230            29.977999            26.351265             3.626746  
67.504189            29.129484            25.759996             3.369470  
67.583557            27.478218            24.581903             2.896314  
67.662918            26.150457            23.609537             2.540916  
67.742279            25.042183            22.782343             2.259842  
67.821640            24.091871            22.063211             2.028676  
67.907692            23.199194            21.379475             1.819735  
67.993736            22.419485            20.775879             1.643605  
68.079788            21.730907            20.237638             1.493292  
68.165840            21.117796            19.754026             1.363768  
68.337936            20.072140            18.918829             1.153300  
68.510033            19.211691            18.221060             0.990637  
68.682129            18.489584            17.627859             0.861732  
68.854218            17.874189            17.116682             0.757518  
69.026321            17.343245            16.671282             0.671962  
69.198410            16.880426            16.279562             0.600869  
69.341827            16.537767            15.987333             0.550437  
69.485237            16.227999            15.721464             0.506538  
69.772057            15.688929            15.254782             0.434147  
70.058891            15.234298            14.857055             0.377242  
70.345711            14.844851            14.513142             0.331709  
70.632538            14.506595            14.211872             0.294717  
70.919357            14.209272            13.944971             0.264303  
71.206192            13.945759            13.706317             0.239448  
71.493011            13.713138            13.491102             0.222035  
71.837196            13.483536            13.258107             0.225424  
72.009300            13.392340            13.150420             0.241923  
72.052330            13.371357            13.124344             0.247016  
72.095352            13.350757            13.098594             0.252168  
72.116859            13.340537            13.085842             0.254699  
72.138367            13.330331            13.073170             0.257164  
72.159882            13.320108            13.060575             0.259534  
72.181389            13.309837            13.048059             0.261781  
72.210083            13.296017            13.031484             0.264532  
72.238762            13.282002            13.015055             0.266947  
72.296120            13.253108            12.982594             0.270520  
72.334358            13.233037            12.961241             0.271797  
72.361847            13.218142            12.946038             0.272108  
72.389328            13.202834            12.930951             0.271879  
72.410843            13.190543            12.919227             0.271313  
72.422340            13.183863            12.912991             0.270870  
72.441948            13.172293            12.902402             0.269887  
72.470329            13.155135            12.887167             0.267962  
72.492630            13.141321            12.875278             0.266041  
72.514923            13.127259            12.863478             0.263776  
72.563553            13.095674            12.837969             0.257703  
72.591927            13.076753            12.823236             0.253515  
72.620300            13.057544            12.808627             0.248918  
72.648666            13.038091            12.794121             0.243966  
72.677040            13.018434            12.779715             0.238718  
72.705421            12.998664            12.765421             0.233246  
72.733788            12.978849            12.751230             0.227613  
72.762161            12.959019            12.737136             0.221879  
72.790527            12.939272            12.723151             0.216115  
72.847282            12.900170            12.695464             0.204705  
72.904022            12.861961            12.668161             0.193797  
73.017509            12.789202            12.614599             0.174598  
73.471474            12.548974            12.412382             0.136590  
73.860580            12.377954            12.251940             0.126010  
74.249687            12.220323            12.101614             0.118710  
74.638802            12.072480            11.959619             0.112859  
75.027901            11.932724            11.824474             0.108248  
75.417007            11.799579            11.694778             0.104803  
75.806122            11.671467            11.568975             0.102491  
76.195229            11.546994            11.445625             0.101369  
76.584328            11.424870            11.323242             0.101630  
77.200417            11.232780            11.127318             0.105463  
77.508469            11.135423            11.025736             0.109689  
77.816513            11.035685            10.919313             0.116374  
78.124557            10.932124            10.805465             0.126660  
78.278580            10.878318            10.744540             0.133781  
78.432602            10.822752            10.679967             0.142791  
78.586617            10.765113            10.610747             0.154367  
78.740639            10.705126            10.535522             0.169602  
78.894661            10.643015            10.452405             0.190616  
79.048683            10.581739            10.358705             0.223039  
79.162170            10.544873            10.280834             0.264040  
79.275658            10.535112            10.193810             0.341301  
79.389153            10.602008            10.097117             0.504884  
79.502640            10.860225             9.993630             0.866595  
79.559387            11.128241             9.942211             1.186022  
79.616127            11.545955             9.894166             1.651783  
79.672882            12.173614             9.853287             2.320338  
79.729622            13.086639             9.824885             3.261733  
79.786369            14.377174             9.815934             4.561216  
79.843109            16.150173             9.835253             6.314917  
79.899857            18.521221             9.893381             8.627823  
79.956596            21.605722            10.002156            11.603416  
80.005241            24.900501            10.145292            14.755179  
80.053879            28.851013            10.342655            18.508398  
80.078201            31.084181            10.463892            20.620426  
80.102524            33.492039            10.601251            22.890596  
80.126839            36.075066            10.755419            25.319769  
80.151161            38.828918            10.926723            27.902250  
80.175484            41.749714            11.115664            30.634121  
80.199799            44.827679            11.322175            33.505753  
80.211960            46.423683            11.432128            34.991756  
80.224121            48.057655            11.546578            36.510944  
80.236282            49.723763            11.665288            38.058327  
80.248444            51.420315            11.788220            39.632145  
80.260597            53.145927            11.915212            41.230412  
80.272758            54.903641            12.046800            42.856884  
80.284920            56.682140            12.182010            44.500309  
80.297081            58.485512            12.321246            46.164078  
80.309242            60.308468            12.464331            47.843998  
80.321404            62.148735            12.611027            49.537441  
80.333557            63.999348            12.760868            51.238323  
80.345711            65.862175            12.914156            52.947830  
80.356857            67.576141            13.057332            54.518559  
80.368011            69.293205            13.202911            56.089993  
80.379158            71.011383            13.350773            57.660526  
80.390297            72.724228            13.500428            59.223633  
80.401451            74.432564            13.652060            60.781006  
80.412590            76.132721            13.805197            62.327682  
80.423737            77.821663            13.959844            63.861977  
80.434883            79.496452            14.115767            65.381989  
80.446030            81.150993            14.272343            66.878807  
80.457176            82.785095            14.429671            68.355804  
80.468330            84.394073            14.587281            69.806526  
80.479469            85.974632            14.745073            71.229973  
80.490623            87.526985            14.902959            72.624077  
80.501762            89.040520            15.060058            73.980652  
80.512909            90.519402            15.216877            75.303535  
80.524048            91.955856            15.372314            76.583260  
80.537231            93.599220            15.554951            78.045212  
80.550400            95.176910            15.735258            79.441879  
80.576752            98.111855            16.087393            82.025055  
80.603104           100.723305            16.424994            84.298950  
80.629440           102.980873            16.744579            86.236725  
80.656799           104.917702            17.053841            87.864082  
80.684158           106.412010            17.336300            89.075630  
80.693283           106.808228            17.423967            89.384972  
80.704422           107.221748            17.526297            89.695778  
80.715569           107.555840            17.623419            89.933365  
80.726707           107.811302            17.714937            90.096512  
80.739548           108.005455            17.813223            90.192192  
80.747437           108.071861            17.869923            90.202667  
80.750603           108.086899            17.891727            90.195213  
80.762093           108.087936            17.966991            90.121300  
80.773567           108.004402            18.035915            89.968948  
80.798286           107.532768            18.161444            89.372421  
80.821892           106.721054            18.252018            88.470207  
80.845490           105.565590            18.313583            87.253143  
80.888199           102.647491            18.351080            84.296478  
80.909554           100.813560            18.334721            82.478691  
80.930901            98.755638            18.295723            80.459938  
80.950012            96.735329            18.242247            78.493889  
80.969109            94.559967            18.171808            76.389008  
80.988220            92.249252            18.085443            74.163429  
80.997772            91.044350            18.036440            73.008026  
81.007317            89.813820            17.983942            71.830009  
81.016876            88.552818            17.927677            70.625938  
81.026428            87.270622            17.868198            69.403130  
81.035980            85.960121            17.805027            68.155602  
81.045532            84.634613            17.739075            66.896065  
81.055092            83.285522            17.669880            65.616562  
81.064636            81.923622            17.598032            64.325951  
81.074188            80.544662            17.523283            63.021255  
81.083740            79.150787            17.445900            61.705444  
81.090492            78.161095            17.389814            60.771580  
81.097229            77.167984            17.332657            59.835686  
81.103973            76.168922            17.274210            58.894909  
81.110710            75.165764            17.214783            57.951496  
81.117462            74.160812            17.154305            57.006531  
81.124199            73.155167            17.092995            56.062611  
81.130943            72.145012            17.030602            55.114590  
81.137680            71.137024            16.967550            54.169811  
81.151169            69.118446            16.838921            52.279800  
81.164650            67.103195            16.707447            50.396038  
81.178139            65.096649            16.573622            48.523026  
81.191620            63.104404            16.437944            46.666599  
81.205109            61.124565            16.300352            44.824951  
81.218590            59.170635            16.161880            43.008900  
81.232079            57.239380            16.022404            41.216770  
81.245560            55.337086            15.882586            39.455055  
81.259048            53.465443            15.742567            37.723461  
81.272530            51.629887            15.602824            36.027576  
81.286018            49.831367            15.463608            34.368038  
81.299500            48.070747            15.325057            32.745831  
81.324226            44.957226            15.074436            29.882889  
81.348953            41.993015            14.828818            27.164635  
81.373680            39.192360            14.590013            24.602549  
81.398399            36.558102            14.359023            22.199135  
81.423126            34.092583            14.136660            19.956064  
81.447853            31.799019            13.923820            17.875111  
81.497299            27.721750            13.528996            14.192839  
81.546753            24.291878            13.176442            11.115435  
81.596199            21.462780            12.866652             8.596100  
81.645653            19.168249            12.597642             6.570610  
81.695091            17.338598            12.366529             4.972058  
81.758034            15.568024            12.120960             3.447093  
81.820961            14.293439            11.921761             2.371695  
81.883888            13.392590            11.760406             1.632186  
81.946823            12.763321            11.628964             1.134374  
82.009758            12.326604            11.520816             0.805791  
82.072693            12.022212            11.430438             0.591781  
82.198547            11.651367            11.287049             0.364319  
82.292953            11.486136            11.201276             0.284876  
82.387352            11.368740            11.127617             0.241126  
82.481750            11.278481            11.062582             0.215889  
82.576149            11.205721            11.003992             0.201730  
82.670547            11.146441            10.950409             0.196035  
82.764954            11.099634            10.900830             0.198808  
82.812149            11.081113            10.877322             0.203788  
82.859352            11.066070            10.854581             0.211483  
82.953743            11.046988            10.811130             0.235861  
82.989700            11.043773            10.795212             0.248553  
83.061623            11.044168            10.764351             0.279818  
83.070251            11.044813            10.760730             0.284085  
83.073120            11.045059            10.759530             0.285537  
83.075996            11.045319            10.758322             0.286998  
83.084091            11.046122            10.754951             0.291172  
83.092178            11.047042            10.751592             0.295443  
83.108353            11.049188            10.744924             0.304260  
83.160507            11.058852            10.723769             0.335084  
83.198463            11.068270            10.708715             0.359557  
83.236397            11.079318            10.693935             0.385378  
83.255379            11.085343            10.686637             0.398709  
83.274353            11.091615            10.679392             0.412219  
83.293320            11.098074            10.672214             0.425868  
83.312286            11.104670            10.665092             0.439573  
83.326523            11.109651            10.659782             0.449868  
83.340752            11.114630            10.654514             0.460122  
83.354980            11.119593            10.649263             0.470326  
83.369209            11.124478            10.644051             0.480437  
83.383438            11.129275            10.638871             0.490406  
83.397667            11.133943            10.633707             0.500235  
83.411903            11.138463            10.628579             0.509883  
83.426132            11.142768            10.623477             0.519298  
83.445099            11.148165            10.616718             0.531448  
83.464073            11.153065            10.610008             0.543054  
83.482452            11.157280            10.603545             0.553748  
83.500832            11.160913            10.597127             0.563790  
83.519211            11.163879            10.590754             0.573126  
83.537590            11.166118            10.584416             0.581699  
83.611107            11.166736            10.559443             0.607295  
83.634827            11.163752            10.551502             0.612249  
83.658546            11.159104            10.543629             0.615472  
83.683449            11.152357            10.535416             0.616940  
83.698936            11.147189            10.530345             0.616849  
83.703247            11.145625            10.528934             0.616685  
83.720161            11.138901            10.523423             0.615471  
83.741722            11.129027            10.516435             0.612598  
83.760590            11.119228            10.510355             0.608871  
83.779457            11.108354            10.504308             0.604039  
83.801033            11.094622            10.497432             0.597190  
83.822594            11.079590            10.490595             0.588997  
83.865723            11.045855            10.477033             0.568817  
83.892677            11.022511            10.468634             0.553878  
83.919632            10.997652            10.460286             0.537363  
83.933113            10.984723            10.456134             0.528587  
83.946587            10.971480            10.451992             0.519485  
83.960068            10.957963            10.447865             0.510091  
83.973541            10.944193            10.443752             0.500436  
83.987701            10.929491            10.439442             0.490051  
84.001846            10.914594            10.435156             0.479439  
84.015999            10.899511            10.430876             0.468639  
84.030151            10.884278            10.426612             0.457669  
84.044312            10.868920            10.422357             0.446562  
84.058456            10.853482            10.418118             0.435364  
84.072609            10.837996            10.413889             0.424101  
84.086761            10.822489            10.409679             0.412807  
84.100922            10.806958            10.405475             0.401479  
84.115067            10.791493            10.401289             0.390203  
84.143372            10.760725            10.392941             0.367779  
84.171669            10.730427            10.384652             0.345769  
84.199966            10.700716            10.376396             0.324317  
84.256577            10.643767            10.360033             0.283732  
84.313179            10.590871            10.343840             0.247028  
84.426392            10.499045            10.311904             0.187136  
84.652817            10.368502            10.249677             0.118825  
84.879242            10.283909            10.189202             0.094704  
85.332092            10.157457            10.072014             0.085441  
85.784943            10.041895             9.958099             0.083796  
86.507347             9.863613             9.779567             0.084047  
87.229752             9.688847             9.601403             0.087445  
87.590958             9.603839             9.511477             0.092357  
87.952164             9.544997             9.420586             0.124417  
88.132759             9.576082             9.374872             0.201208  
88.313362             9.740394             9.329308             0.411089  
88.403664             9.911366             9.306739             0.604632  
88.493958            10.163925             9.284382             0.879535  
88.539108            10.324638             9.273314             1.051328  
88.584259            10.509186             9.262307             1.246891  
88.629410            10.717155             9.251372             1.465773  
88.651993            10.829636             9.245916             1.583709  
88.674561            10.947210             9.240492             1.706727  
88.696129            11.064209             9.235313             1.828906  
88.717690            11.185092             9.230141             1.954963  
88.739258            11.309818             9.224977             2.084885  
88.760818            11.437586             9.219829             2.217778  
88.771606            11.502521             9.217247             2.285253  
88.782387            11.567973             9.214672             2.353263  
88.793167            11.633863             9.212094             2.421734  
88.803947            11.700198             9.209521             2.490661  
88.814743            11.766898             9.206944             2.559943  
88.825523            11.833768             9.204362             2.629383  
88.836304            11.900846             9.201782             2.699094  
88.847076            11.967746             9.199206             2.768530  
88.859894            12.047267             9.196136             2.851137  
88.872688            12.126431             9.193059             2.933335  
88.885498            12.205321             9.189984             3.015318  
88.898300            12.283388             9.186903             3.096490  
88.911110            12.360824             9.183811             3.177039  
88.923912            12.437092             9.180717             3.256439  
88.936707            12.512177             9.177618             3.334550  
88.949509            12.586109             9.174503             3.411600  
88.962318            12.658281             9.171379             3.486936  
88.975121            12.728771             9.168248             3.560525  
88.987923            12.797344             9.165104             3.632265  
89.000717            12.863719             9.161953             3.701824  
89.013527            12.927946             9.158784             3.769153  
89.026329            12.989543             9.155602             3.833997  
89.051933            13.104805             9.149206             3.955647  
89.143578            13.411035             9.125733             4.285333  
89.167839            13.460198             9.119364             4.340870  
89.192101            13.494685             9.112915             4.381763  
89.220398            13.515792             9.105293             4.410509  
89.235222            13.518575             9.101272             4.417320  
89.246773            13.516654             9.098112             4.418592  
89.248222            13.516176             9.097713             4.418489  
89.253113            13.514114             9.096368             4.417756  
89.257988            13.511432             9.095026             4.416426  
89.267754            13.504173             9.092323             4.411864  
89.275284            13.496932             9.090236             4.406716  
89.303528            13.456503             9.082335             4.374200  
89.329903            13.400526             9.074864             4.325653  
89.356262            13.327346             9.067312             4.260066  
89.405220            13.149362             9.053064             4.096249  
89.429703            13.041419             9.045843             3.995610  
89.454178            12.922290             9.038555             3.883758  
89.468307            12.848849             9.034330             3.814529  
89.482430            12.772382             9.030083             3.742312  
89.496559            12.692970             9.025822             3.667138  
89.510681            12.611013             9.021548             3.589435  
89.524811            12.526485             9.017256             3.509217  
89.538933            12.439836             9.012948             3.426895  
89.553047            12.351429             9.008636             3.342795  
89.567169            12.261218             9.004308             3.256935  
89.581299            12.169774             8.999973             3.169816  
89.595421            12.077016             8.995624             3.081391  
89.609543            11.983384             8.991265             2.992157  
89.623657            11.889194             8.986904             2.902287  
89.637787            11.794477             8.982534             2.811934  
89.651909            11.699670             8.978164             2.721523  
89.666031            11.604764             8.973783             2.631000  
89.680153            11.510114             8.969396             2.540735  
89.695221            11.409623             8.964715             2.444907  
89.710281            11.309973             8.960035             2.349954  
89.725349            11.211281             8.955355             2.255917  
89.740410            11.113792             8.950675             2.163102  
89.755478            11.017628             8.945990             2.071625  
89.770538            10.923063             8.941310             1.981744  
89.800667            10.739196             8.931950             1.807253  
89.830803            10.563429             8.922601             1.640826  
89.860931            10.396739             8.913270             1.483483  
89.921188            10.092916             8.894656             1.198263  
89.981453             9.830702             8.876127             0.954576  
90.041710             9.609879             8.857673             0.752210  
90.101967             9.428019             8.839283             0.588740  
90.222488             9.164124             8.802608             0.361519  
90.343010             8.999830             8.765922             0.233908  
90.463531             8.897802             8.729059             0.168743  
90.704567             8.779787             8.654335             0.125453  
91.269508             8.592968             8.472265             0.120698  
91.834450             8.409297             8.279201             0.130095  
92.116920             8.324279             8.177847             0.146429  
92.399391             8.267456             8.072697             0.194758  
92.540627             8.256679             8.018571             0.238108  
92.611252             8.255337             7.991097             0.264241  
92.646561             8.255356             7.977257             0.278100  
92.681862             8.255642             7.963345             0.292296  
92.717171             8.256018             7.949358             0.306660  
92.734833             8.256184             7.942337             0.313850  
92.752480             8.256299             7.935308             0.320991  
92.770142             8.256338             7.928245             0.328096  
92.787788             8.256272             7.921179             0.335095  
92.805450             8.256071             7.914075             0.341997  
92.823097             8.255713             7.906974             0.348746  
92.840759             8.255173             7.899838             0.355330  
92.858414             8.254401             7.892686             0.361718  
92.876068             8.253398             7.885519             0.367881  
92.893723             8.252116             7.878330             0.373791  
92.911377             8.250543             7.871123             0.379420  
92.929031             8.248641             7.863900             0.384746  
92.964333             8.243769             7.849389             0.394386  
93.013298             8.234372             7.829135             0.405241  
93.037781             8.228419             7.818958             0.409468  
93.062263             8.221573             7.808729             0.412847  
93.096161             8.210571             7.794516             0.416056  
93.116417             8.203128             7.785981             0.417148  
93.126480             8.199190             7.781735             0.417458  
93.142761             8.192481             7.774847             0.417634  
93.166634             8.181882             7.764715             0.417169  
93.195282             8.167983             7.752501             0.415487  
93.223923             8.152848             7.740238             0.412610  
93.252563             8.136510             7.727921             0.408590  
93.295532             8.109906             7.709326             0.400583  
93.317009             8.095740             7.699986             0.395758  
93.338493             8.081053             7.690607             0.390451  
93.359978             8.065885             7.681198             0.384689  
93.381462             8.050289             7.671758             0.378529  
93.402939             8.034307             7.662285             0.372024  
93.424423             8.017976             7.652774             0.365205  
93.445908             8.001363             7.643230             0.358138  
93.467392             7.984521             7.633650             0.350871  
93.488869             7.967503             7.624042             0.343457  
93.510353             7.950325             7.614393             0.335929  
93.531830             7.933060             7.604705             0.328353  
93.553307             7.915759             7.594989             0.320768  
93.596268             7.881193             7.575449             0.305745  
93.655952             7.833748             7.548059             0.285687  
93.715622             7.787576             7.520387             0.267191  
93.834969             7.700791             7.464159             0.236635  
94.073662             7.551670             7.348099             0.203570  
94.551041             7.304832             7.101052             0.203781  
95.028419             7.058352             6.832542             0.225810  
95.505798             6.792120             6.538487             0.253631  
95.983177             6.501561             6.213536             0.288022  
96.460564             6.182852             5.851512             0.331341  
96.937943             5.837772             5.446316             0.391459  
97.176628             5.663998             5.225018             0.438982  
97.415321             5.499352             4.989402             0.509951  
97.558540             5.404933             4.840562             0.564374  
97.630150             5.357584             4.763895             0.593692  
97.665947             5.333537             4.724992             0.608545  
97.701752             5.309062             4.685684             0.623381  
97.737556             5.284047             4.645966             0.638082  
97.773361             5.258372             4.605860             0.652515  
97.809158             5.231902             4.565329             0.666572  
97.844963             5.204516             4.524387             0.680130  
97.916573             5.146576             4.441226             0.705355  
97.952370             5.115848             4.398995             0.716856  
97.988167             5.083869             4.356338             0.727531  
98.002502             5.070693             4.339124             0.731567  
98.027802             5.046934             4.308584             0.738346  
98.037857             5.037292             4.296369             0.740926  
98.056976             5.018692             4.273061             0.745631  
98.064598             5.011178             4.263731             0.747443  
98.083649             4.992127             4.240335             0.751792  
98.102699             4.972706             4.216801             0.755907  
98.140800             4.932783             4.169334             0.763450  
98.232239             4.831579             4.053277             0.778300  
98.287491             4.767210             3.981625             0.785583  
98.342728             4.700970             3.908838             0.792131  
98.397972             4.633294             3.834851             0.798446  
98.453209             4.564712             3.759703             0.805014  
98.563698             4.426612             3.605799             0.820808  
98.674179             4.289715             3.447026             0.842687  
98.895149             4.026510             3.114665             0.911841  
99.116119             3.780528             2.762756             1.017775  
99.337090             3.552670             2.392494             1.160177  
99.558060             3.350255             2.007505             1.342748  
99.779030             3.192866             1.616013             1.576850  
99.889519             3.142018             1.422778             1.719239  
100.000000             3.118989             1.235772             1.883222  
100.171700             3.164335             0.971361             2.192976  
100.343399             3.368562             0.773411             2.595149  
100.429298             3.567127             0.721805             2.845325  
100.472198             3.701251             0.714866             2.986383  
100.515099             3.865031             0.724703             3.140337  
100.557999             4.065066             0.755737             3.309340  
100.600899             4.309668             0.813703             3.495963  
100.643799             4.609899             0.906269             3.703630  
100.665298             4.785646             0.968709             3.816935  
100.686699             4.980114             1.043484             3.936630  
100.713699             5.257335             1.158615             4.098720  
100.727203             5.410944             1.226063             4.184876  
100.740700             5.575637             1.300884             4.274750  
100.754204             5.752330             1.383729             4.368606  
100.767700             5.941700             1.475152             4.466552  
100.781197             6.145412             1.576203             4.569194  
100.794701             6.364090             1.687474             4.676622  
100.811897             6.667139             1.845836             4.821271  
100.829002             6.997849             2.023528             4.974312  
100.841301             7.255463             2.164963             5.090495  
100.854797             7.559040             2.334641             5.224397  
100.868896             7.901649             2.529570             5.372059  
100.882896             8.269501             2.742468             5.527018  
100.902603             8.839175             3.078487             5.760722  
100.922203             9.472935             3.459838             6.013084  
100.941803            10.181070             3.893805             6.287211  
100.961403            10.974184             4.388041             6.586124  
100.983498            11.981614             5.025879             6.955660  
101.005600            13.127613             5.762656             7.364864  
101.027702            14.429409             6.611206             7.818173  
101.049698            15.901157             7.582339             8.318750  
101.071800            17.580662             8.702911             8.877728  
101.093803            19.478949             9.982109             9.496765  
101.115898            21.644157            11.454304            10.189793  
101.137901            24.088329            13.129397            10.958591  
101.167397            27.882582            15.752258            12.130131  
101.196800            32.343559            18.862268            13.481373  
101.226196            37.590885            22.546776            15.043538  
101.255600            43.750687            26.900881            16.849533  
101.285103            50.990063            32.046379            18.942667  
101.314499            59.412655            38.063644            21.348417  
101.343903            69.205177            45.089916            24.114632  
101.373299            80.562439            53.270988            27.290562  
101.400299            92.543892            61.930408            30.612555  
101.427299           106.163666            71.802551            34.360722  
101.454300           121.627930            83.038712            38.586636  
101.481201           139.023163            95.709373            43.311428  
101.508202           158.681915           110.058762            48.620094  
101.535202           180.730591           126.185280            54.542400  
101.562202           205.394592           144.258148            61.135670  
101.589104           232.721420           164.312866            68.406464  
101.616096           263.139282           186.669235            76.466026  
101.643097           296.739777           211.401642            85.333076  
101.670097           333.668762           238.622437            95.041756  
101.696999           373.986725           268.374329           105.604858  
101.723999           418.073029           300.946960           117.116402  
101.750999           465.933167           336.350739           129.574127  
101.778000           517.649475           374.652802           142.996063  
101.804901           573.048462           415.710297           157.326996  
101.836800           643.826660           468.231567           175.585144  
101.868698           719.987610           524.814392           195.164963  
101.884697           760.163879           554.687500           205.469269  
101.900597           801.375427           585.338013           216.020401  
101.916603           844.134766           617.171875           226.954849  
101.932503           887.793884           649.690979           238.099823  
101.948502           932.896423           683.294373           249.590317  
101.964401           978.790161           717.504395           261.270111  
101.980400          1026.039185           752.756470           273.274719  
101.996300          1073.881836           788.459167           285.411438  
102.012299          1122.992920           825.132019           297.844147  
102.028198          1172.573120           862.173645           310.378082  
102.044098          1222.805786           899.736267           323.060364  
102.059998          1273.688599           937.788513           335.881165  
102.074699          1321.157593           973.335815           347.827209  
102.089401          1368.953979          1009.110168           359.827179  
102.104103          1416.958984          1045.071289           371.862610  
102.118797          1465.118408          1081.176270           383.914825  
102.133499          1513.306030          1117.320557           395.953339  
102.148201          1561.469727          1153.477905           407.968109  
102.162903          1609.387085          1189.471436           419.895325  
102.177597          1657.022339          1225.280151           431.729980  
102.188103          1690.832031          1250.707153           440.113739  
102.198502          1724.044189          1275.691040           448.336609  
102.208900          1756.978882          1300.482422           456.477539  
102.219299          1789.591919          1325.064697           464.532654  
102.240196          1853.992432          1373.594849           480.378235  
102.261002          1916.318604          1420.643188           495.665314  
102.281898          1976.680908          1466.270142           510.402863  
102.302696          2034.338989          1509.905640           524.420959  
102.323502          2089.162354          1551.471924           537.669983  
102.344299          2140.873047          1590.755005           550.101379  
102.398300          2258.400146          1680.416626           577.955811  
102.452202          2348.039551          1749.478882           598.537231  
102.481598          2383.886475          1777.472656           606.389526  
102.511002          2409.926270          1798.189209           611.729126  
102.532799          2422.789062          1808.726318           614.029907  
102.554497          2429.976318          1815.055420           614.889526  
102.558998          2430.741455          1815.835938           614.888733  
102.560501          2430.947266          1816.061035           614.871948  
102.564796          2431.382568          1816.570068           614.792297  
102.569000          2431.614258          1816.916626           614.662048  
102.577400          2431.443115          1817.176514           614.245422  
102.594299          2428.492920          1815.724121           612.751709  
102.616203          2419.667236          1810.108276           609.548645  
102.638000          2405.253418          1800.288696           604.938904  
102.659798          2385.386719          1786.406738           598.964111  
102.681602          2360.231934          1768.552856           591.671021  
102.736198          2275.283203          1707.331787           567.929443  
102.763496          2221.967529          1668.572632           553.381287  
102.790802          2162.145996          1624.890747           537.241272  
102.813904          2106.948730          1584.465820           522.473938  
102.836998          2048.024414          1541.202759           506.805878  
102.860100          1985.780396          1495.426147           490.348907  
102.883202          1920.610840          1447.404175           473.191559  
102.894798          1886.955322          1422.581665           464.367950  
102.906303          1853.013672          1397.525024           455.480133  
102.917900          1818.310303          1371.890015           446.417969  
102.929398          1783.437866          1346.104126           437.321259  
102.941002          1747.872559          1319.799683           428.058350  
102.952499          1712.309204          1293.475098           418.815613  
102.964104          1676.129395          1266.687988           409.428802  
102.975601          1640.132446          1240.023193           400.098602  
102.987198          1603.545898          1212.907837           390.636383  
102.998703          1567.189697          1185.931885           381.244293  
103.010300          1530.488647          1158.693970           371.775452  
103.021797          1494.060669          1131.659424           362.394623  
103.033401          1457.382935          1104.414795           352.958801  
103.044899          1421.040283          1077.411621           343.623444  
103.068001          1348.531494          1023.489014           325.029938  
103.091103          1276.849854           970.136475           306.691193  
103.114197          1206.388306           917.659241           288.715668  
103.137299          1137.329712           866.188049           271.135193  
103.160400          1070.030273           815.984497           254.046982  
103.183502          1004.626770           767.140198           237.472427  
103.206596           941.428101           719.928589           221.492004  
103.229698           880.498840           674.366943           206.122940  
103.252800           821.997314           630.595703           191.399231  
103.299004           712.734863           548.738953           163.989868  
103.345200           614.157654           474.777039           139.378372  
103.387199           533.930725           414.491577           119.438927  
103.429199           462.503082           360.731171           101.769249  
103.471199           399.486176           313.226898            86.257614  
103.513199           344.455444           271.670654            72.783569  
103.555199           296.807983           235.621323            61.184547  
103.597198           255.867447           204.585770            51.282925  
103.639198           220.984589           178.080521            42.904533  
103.681198           191.449280           155.581818            35.866467  
103.765198           145.817413           120.679733            25.137489  
103.849197           114.112320            96.264404            17.848255  
103.933197            92.319237            79.339012            12.979840  
104.017097            77.356323            67.600121             9.756336  
104.096901            67.374763            59.677414             7.697381  
104.176697            60.158154            53.877888             6.280313  
104.256500            54.781418            49.501537             5.279959  
104.336304            50.634987            46.085396             4.549794  
104.416100            47.328850            43.331303             3.997622  
104.495903            44.606544            41.042343             3.564280  
104.655403            40.318115            37.398033             2.920154  
104.815002            37.029011            34.571968             2.457088  
104.974503            34.394756            32.289726             2.105057  
105.134102            32.224247            30.396227             1.828025  
105.293602            30.401917            28.796907             1.605035  
105.444801            28.924229            27.492996             1.431217  
105.596001            27.640221            26.354528             1.285677  
105.747200            26.513990            25.351440             1.162557  
105.898399            25.517914            24.460459             1.057440  
106.049599            24.629904            23.662968             0.966917  
106.200798            23.832561            22.944187             0.888354  
106.503098            22.456909            21.697603             0.759281  
106.805496            21.307648            20.649357             0.658284  
107.107803            20.331774            19.753790             0.577981  
107.410202            19.491179            18.977842             0.513334  
107.712502            18.758295            18.297495             0.460809  
108.082100            17.976963            17.567736             0.409236  
108.451599            17.294622            16.926191             0.368435  
108.821098            16.690016            16.353899             0.336126  
109.190598            16.146681            15.835998             0.310686  
109.560204            15.650769            15.359653             0.291120  
109.929703            15.194838            14.915084             0.279748  
110.299202            14.788658            14.494665             0.293999  
110.484001            14.613874            14.291571             0.322301  
110.668701            14.459795            14.092374             0.367420  
110.723297            14.417170            14.034103             0.383064  
110.777901            14.375203            13.976075             0.399134  
110.805199            14.354322            13.947138             0.407188  
110.832497            14.333437            13.918284             0.415163  
110.859802            14.312451            13.889461             0.422989  
110.887100            14.291290            13.860676             0.430619  
110.914398            14.269909            13.831943             0.437965  
110.941704            14.248213            13.803237             0.444967  
110.969002            14.226131            13.774578             0.451550  
110.996300            14.203613            13.745958             0.457651  
111.105499            14.107856            13.631761             0.476097  
111.139099            14.076263            13.596741             0.479524  
111.172699            14.043473            13.561695             0.481782  
111.197899            14.018126            13.535433             0.482695  
111.217697            13.997745            13.514823             0.482922  
111.234802            13.979797            13.497011             0.482782  
111.256798            13.956240            13.474093             0.482138  
111.287102            13.922965            13.442561             0.480404  
111.317398            13.888731            13.411008             0.477719  
111.339500            13.863212            13.388024             0.475184  
111.391899            13.800788            13.333453             0.467330  
111.444199            13.736156            13.278955             0.457206  
111.470398            13.703049            13.251651             0.451390  
111.496498            13.669596            13.224410             0.445185  
111.522697            13.635640            13.197039             0.438588  
111.548798            13.601517            13.169789             0.431727  
111.574997            13.566990            13.142393             0.424597  
111.601097            13.532402            13.115089             0.417317  
111.627296            13.497513            13.087622             0.409882  
111.653397            13.462664            13.060245             0.402421  
111.705704            13.392789            13.005272             0.387511  
111.758003            13.323153            12.950147             0.372999  
111.923302            13.107939            12.774625             0.333308  
112.088501            12.903851            12.596728             0.307119  
112.418900            12.523526            12.230548             0.292973  
112.749298            12.153265            11.844962             0.308301  
113.079697            11.769422            11.431670             0.337741  
113.410202            11.359467            10.979313             0.380148  
113.575401            11.141494            10.733802             0.407691  
113.740601            10.912869            10.472063             0.440802  
113.905800            10.672027            10.191117             0.480899  
114.070999            10.417313             9.887417             0.529901  
114.236198            10.147222             9.556705             0.590504  
114.401398             9.860594             9.193869             0.666734  
114.544601             9.599212             8.848760             0.750454  
114.687798             9.330392             8.471820             0.858573  
114.831001             9.071502             8.064335             1.007153  
114.974197             8.878930             7.644807             1.234120  
115.117401             8.917833             7.283949             1.633881  
115.189003             9.142539             7.181149             1.961379  
115.260597             9.625127             7.189481             2.435634  
115.332199            10.516154             7.384461             3.131683  
115.403801            12.035410             7.878112             4.157243  
115.475403            14.493056             8.830649             5.662335  
115.546898            18.306795            10.460227             7.846609  
115.624001            24.579664            13.312842            11.266728  
115.701103            33.959461            17.761869            16.197706  
115.778198            47.503677            24.374329            23.129421  
115.855301            66.425316            33.807976            32.617970  
115.893898            78.311081            39.805405            38.505569  
115.932404            91.973907            46.748844            45.225285  
115.971001           107.648087            54.765366            52.883648  
116.009499           125.349998            63.870052            61.480366  
116.048103           145.289505            74.179832            71.109451  
116.086601           167.430603            85.684143            81.747765  
116.125099           191.865326            98.437828            93.429955  
116.144402           204.965164           105.296501            99.669685  
116.163597           218.560715           112.429718           106.130585  
116.186401           235.421478           121.297752           114.124367  
116.197800           244.141098           125.892212           118.248825  
116.209099           252.972855           130.551239           122.424202  
116.220497           262.045959           135.343781           126.704697  
116.231903           271.311340           140.243301           131.070175  
116.243301           280.741821           145.234055           135.508591  
116.254601           290.235413           150.264236           139.971863  
116.265999           299.999268           155.446808           144.553528  
116.277397           309.909485           160.712143           149.201202  
116.288803           319.967041           166.061722           153.907654  
116.300102           330.074097           171.442093           158.635284  
116.311501           340.403778           176.949158           163.457520  
116.322800           350.763855           182.479523           168.286987  
116.334198           361.329254           188.125305           173.208267  
116.345497           371.907654           193.782928           178.127182  
116.352798           378.799011           197.472473           181.326813  
116.360001           385.609009           201.123093           184.486694  
116.367203           392.483185           204.812256           187.675171  
116.374397           399.368896           208.505325           190.863235  
116.384003           408.607544           213.471451           195.138458  
116.391602           415.935455           217.412552           198.526352  
116.399200           423.277954           221.360855           201.916412  
116.405800           429.705017           224.822998           204.881012  
116.412300           436.033264           228.235580           207.800049  
116.418800           442.350922           231.644058           210.709213  
116.425301           448.698151           235.070511           213.627869  
116.432602           455.815979           238.917313           216.901108  
116.439796           462.841614           242.719955           220.129257  
116.446999           469.867432           246.516586           223.349243  
116.454201           476.885834           250.323105           226.568726  
116.461502           484.013916           254.186584           229.829315  
116.468697           491.018158           257.988495           233.030777  
116.483101           504.998383           265.583954           239.415329  
116.495499           516.949524           272.094574           244.862091  
116.507896           528.838989           278.577148           250.265579  
116.520302           540.616028           285.010101           255.607834  
116.532700           552.263000           291.385712           260.882935  
116.545097           563.802551           297.715790           266.093018  
116.557503           575.167847           303.954193           271.211945  
116.569901           586.345032           310.110901           276.234589  
116.582199           597.263123           316.140533           281.126007  
116.596001           609.215820           322.752930           286.467377  
116.609802           620.900269           329.235779           291.669525  
116.623596           632.273865           335.558258           296.714020  
116.637299           643.208923           341.662933           301.548920  
116.664803           664.025696           353.342712           310.685394  
116.692299           683.212646           364.195557           319.019806  
116.714401           697.289734           372.229431           325.057892  
116.730904           706.978943           377.810059           329.178558  
116.761200           722.800598           387.019073           335.774475  
116.791496           735.914551           394.833160           341.082642  
116.816299           744.540222           400.120850           344.425476  
116.841003           751.166809           404.354553           346.817322  
116.871498           756.581177           408.121246           348.463165  
116.892303           758.482605           409.744934           348.742859  
116.893799           758.557922           409.829773           348.736786  
116.897202           758.718689           410.012024           348.709564  
116.900597           758.830078           410.174286           348.664062  
116.907303           758.937866           410.427948           348.519531  
116.920799           758.711914           410.700165           348.014954  
116.941902           757.112000           410.461243           346.651093  
116.962997           754.027466           409.423431           344.604584  
116.995796           746.327209           406.257629           340.067108  
117.028603           735.203064           401.237762           333.963989  
117.084801           708.718750           388.603455           320.116089  
117.112900           692.251343           380.518097           311.739349  
117.140999           673.868896           371.367340           302.505554  
117.166801           655.457886           362.124084           293.344391  
117.179703           645.755005           357.215698           288.544281  
117.192596           635.760437           352.143402           283.619934  
117.205498           625.460083           346.904510           278.558960  
117.218399           614.921570           341.522430           273.401947  
117.231300           604.110718           335.991608           268.128265  
117.244102           593.182678           330.381622           262.808899  
117.257004           581.951782           324.600891           257.353729  
117.269897           570.534363           318.714233           251.825165  
117.282799           558.967346           312.733765           246.236893  
117.295601           547.389038           306.735016           240.653503  
117.308502           535.550293           300.591064           234.960007  
117.321404           523.641174           294.392975           229.243713  
117.334297           511.657959           288.153351           223.504074  
117.347099           499.685303           281.901703           217.782288  
117.359398           488.173279           275.882660           212.287262  
117.371696           476.652069           269.854279           206.802872  
117.384003           465.090729           263.789520           201.304260  
117.396301           453.567169           257.737305           195.832993  
117.408600           442.069672           251.689529           190.381042  
117.420898           430.618622           245.657928           184.962845  
117.433197           419.234589           239.653336           179.585983  
117.445503           407.895599           233.664368           174.235184  
117.457802           396.680481           227.730270           168.950867  
117.470100           385.537689           221.830124           163.709122  
117.482399           374.512421           215.981232           158.530579  
117.494698           363.603607           210.191635           153.414703  
117.519302           342.178864           198.794724           143.388641  
117.543800           321.484253           187.755493           133.729324  
117.568398           301.364502           177.000839           124.364899  
117.593002           281.955139           166.598892           115.358208  
117.617599           263.339539           156.599289           106.742508  
117.642197           245.530487           147.008362            98.522957  
117.666801           228.567642           137.850159            90.716873  
117.691399           212.458069           129.132416            83.326164  
117.740501           182.925339           113.091377            69.836075  
117.787399           157.945145            99.450935            58.494770  
117.834198           136.079544            87.447731            48.629917  
117.881104           117.068054            76.953133            40.114105  
117.927902           100.787254            67.910202            32.876907  
117.974800            86.923447            60.156681            26.766956  
118.021599            75.294174            53.604088            21.690542  
118.068398            65.586395            48.087551            17.498829  
118.115196            57.558266            43.482243            14.076297  
118.208900            45.573635            36.494667             9.078909  
118.302597            37.669140            31.756989             5.912163  
118.396301            32.515976            28.556952             3.959081  
118.489899            29.152906            26.374262             2.778692  
118.574203            27.098011            24.972935             2.125060  
118.658501            25.631485            23.921228             1.710260  
118.742798            24.543961            23.101309             1.442638  
118.827103            23.701563            22.437000             1.264564  
118.911400            23.021355            21.880266             1.141092  
118.953598            22.724844            21.632086             1.092754  
118.995697            22.451412            21.400705             1.050702  
119.037903            22.196432            21.183014             1.013413  
119.080002            21.958796            20.978640             0.980128  
119.164200            21.523132            20.602005             0.921114  
119.215797            21.277699            20.389496             0.888201  
119.267303            21.046001            20.189255             0.856747  
119.304703            20.885363            20.050802             0.834553  
119.325500            20.798494            19.976162             0.822330  
119.342598            20.728516            19.916048             0.812457  
119.375999            20.594141            19.801271             0.792882  
119.392601            20.529070            19.745754             0.783316  
119.444702            20.330210            19.577074             0.753127  
119.496803            20.139421            19.416494             0.722923  
119.548897            19.956127            19.263407             0.692701  
119.600998            19.779669            19.117142             0.662539  
119.653099            19.609919            18.977303             0.632611  
119.705200            19.446421            18.843336             0.603081  
119.757301            19.289110            18.714916             0.574188  
119.809303            19.138153            18.591936             0.546212  
119.913498            18.853054            18.359571             0.493479  
120.017700            18.590431            18.144220             0.446213  
120.225998            18.126966            17.756931             0.370029  
120.437202            17.728380            17.412954             0.315419  
120.648300            17.385862            17.108864             0.276997  
120.859398            17.085733            16.837362             0.248363  
121.070503            16.818563            16.593052             0.225518  
121.281601            16.578066            16.371649             0.206421  
121.492699            16.359735            16.169676             0.190059  
121.914902            15.976698            15.813294             0.163405  
122.337196            15.649802            15.507107             0.142693  
122.759399            15.366679            15.240333             0.126332  
123.181602            15.118594            15.005020             0.113576  
123.603798            14.903609            14.795010             0.108600  
123.959396            14.769709            14.634334             0.135352  
124.137199            14.736645            14.558881             0.177757  
124.314903            14.735728            14.486444             0.249277  
124.370499            14.742027            14.464364             0.277657  
124.426102            14.750970            14.442550             0.308417  
124.453903            14.756283            14.431741             0.324543  
124.481697            14.762041            14.420985             0.341046  
124.509499            14.768175            14.410312             0.357857  
124.537201            14.774523            14.399736             0.374781  
124.565002            14.781043            14.389180             0.391868  
124.578903            14.784331            14.383923             0.400412  
124.592796            14.787614            14.378682             0.408927  
124.606697            14.790860            14.373462             0.417407  
124.620598            14.794073            14.368261             0.425813  
124.634499            14.797227            14.363067             0.434166  
124.648300            14.800309            14.357924             0.442381  
124.662201            14.803299            14.352772             0.450527  
124.676102            14.806196            14.347612             0.458584  
124.690002            14.808964            14.342483             0.466480  
124.703903            14.811595            14.337364             0.474235  
124.717796            14.814076            14.332267             0.481806  
124.731697            14.816369            14.327183             0.489192  
124.745598            14.818481            14.322095             0.496389  
124.759399            14.820391            14.317079             0.503310  
124.780296            14.822837            14.309498             0.513328  
124.801102            14.824718            14.301985             0.522741  
124.842796            14.826646            14.287024             0.539631  
124.926102            14.821861            14.257495             0.564369  
124.953903            14.817385            14.247751             0.569635  
124.981598            14.811391            14.238088             0.573300  
125.010803            14.803353            14.227963             0.575389  
125.026001            14.798472            14.222715             0.575760  
125.037498            14.794454            14.218759             0.575705  
125.057098            14.786977            14.212027             0.574947  
125.079300            14.777521            14.204432             0.573087  
125.100502            14.767541            14.197214             0.570330  
125.121696            14.756656            14.190029             0.566633  
125.147903            14.741966            14.181177             0.560786  
125.174103            14.725958            14.172381             0.553581  
125.226501            14.690228            14.154905             0.535317  
125.262802            14.662823            14.142899             0.519933  
125.280998            14.648368            14.136913             0.511459  
125.299103            14.633568            14.130982             0.502588  
125.317299            14.618258            14.125031             0.493235  
125.335403            14.602663            14.119131             0.483532  
125.353500            14.586724            14.113251             0.473476  
125.371597            14.570525            14.107404             0.463128  
125.390503            14.553308            14.101302             0.452006  
125.409401            14.535871            14.095239             0.440633  
125.428299            14.518210            14.089183             0.429029  
125.447197            14.500380            14.083146             0.417238  
125.466103            14.482448            14.077135             0.405314  
125.485001            14.464442            14.071148             0.393295  
125.503899            14.446413            14.065186             0.381231  
125.522797            14.428372            14.059239             0.369141  
125.541702            14.410349            14.053306             0.357047  
125.560600            14.392419            14.047398             0.345024  
125.579498            14.374585            14.041509             0.333083  
125.598396            14.356900            14.035642             0.321262  
125.636200            14.322037            14.023962             0.298078  
125.674004            14.288073            14.012368             0.275708  
125.749603            14.223465            13.989399             0.234062  
125.825203            14.164072            13.966740             0.197331  
125.976402            14.062394            13.922300             0.140094  
126.278801            13.918066            13.836732             0.081338  
126.581100            13.818707            13.755213             0.063496  
127.185898            13.658023            13.602670             0.055355  
127.790604            13.513052            13.461904             0.051144  
128.395401            13.378288            13.330662             0.047627  
129.000107            13.253261            13.208612             0.044652  
130.209503            13.025631            12.985785             0.039854  
131.241592            12.850170            12.813407             0.036765  
131.757706            12.769423            12.732554             0.036865  
132.273697            12.709662            12.655071             0.054597  
132.531693            12.703968            12.617436             0.086538  
132.596207            12.706058            12.608130             0.097930  
132.660706            12.709405            12.598869             0.110534  
132.692993            12.711475            12.594255             0.117224  
132.725204            12.713765            12.589660             0.124108  
132.757507            12.716237            12.585064             0.131177  
132.789703            12.718822            12.580489             0.138333  
132.812897            12.720735            12.577206             0.143530  
132.836105            12.722658            12.573911             0.148745  
132.859299            12.724570            12.570637             0.153931  
132.882507            12.726447            12.567359             0.159086  
132.905701            12.728264            12.564095             0.164171  
132.928894            12.730000            12.560833             0.169166  
132.952103            12.731621            12.557570             0.174048  
132.975204            12.733107            12.554335             0.178769  
132.998398            12.734425            12.551086             0.183338  
133.021606            12.735560            12.547845             0.187715  
133.044800            12.736476            12.544603             0.191871  
133.067902            12.737148            12.541384             0.195764  
133.091095            12.737558            12.538157             0.199403  
133.114304            12.737694            12.534927             0.202758  
133.160599            12.737012            12.528515             0.208494  
133.203003            12.735193            12.522657             0.212536  
133.245300            12.732142            12.516822             0.215318  
133.281601            12.728496            12.511834             0.216667  
133.303696            12.725803            12.508796             0.217004  
133.317200            12.723978            12.506944             0.217033  
133.334000            12.721510            12.504641             0.216874  
133.354996            12.718144            12.501772             0.216376  
133.391693            12.711480            12.496758             0.214722  
133.433701            12.702664            12.491032             0.211631  
133.475693            12.692642            12.485322             0.207324  
133.520294            12.680802            12.479273             0.201527  
133.564896            12.667844            12.473248             0.194595  
133.587204            12.660984            12.470234             0.190748  
133.609497            12.653909            12.467228             0.186679  
133.631805            12.646633            12.464226             0.182404  
133.654099            12.639190            12.461234             0.177957  
133.676407            12.631587            12.458239             0.173351  
133.698700            12.623859            12.455247             0.168608  
133.720993            12.616020            12.452256             0.163758  
133.743301            12.608102            12.449276             0.158823  
133.765594            12.600121            12.446297             0.153825  
133.787903            12.592105            12.443326             0.148777  
133.810196            12.584076            12.440355             0.143717  
133.832397            12.576081            12.437399             0.138675  
133.856094            12.567577            12.434254             0.133318  
133.879700            12.559162            12.431126             0.128030  
133.926895            12.542542            12.424875             0.117668  
133.974106            12.526358            12.418640             0.107715  
134.021301            12.510717            12.412419             0.098294  
134.210098            12.455116            12.387721             0.067402  
134.587799            12.377352            12.339029             0.038314  
134.965500            12.327932            12.291243             0.036686  
135.343201            12.296457            12.244277             0.052177  
135.427200            12.291489            12.233941             0.057549  
135.469193            12.289166            12.228780             0.060385  
135.511093            12.286920            12.223650             0.063269  
135.536102            12.285591            12.220588             0.065003  
135.561005            12.284273            12.217548             0.066724  
135.585907            12.282945            12.214512             0.068432  
135.610794            12.281595            12.211475             0.070119  
135.635803            12.280213            12.208428             0.071783  
135.660706            12.278801            12.205400             0.073397  
135.685593            12.277334            12.202379             0.074958  
135.710495            12.275808            12.199353             0.076458  
135.735504            12.274213            12.196318             0.077894  
135.760406            12.272549            12.193303             0.079241  
135.785294            12.270788            12.190289             0.080497  
135.810196            12.268931            12.187278             0.081657  
135.909897            12.260403            12.175256             0.085144  
135.942703            12.257154            12.171308             0.085844  
135.975494            12.253675            12.167373             0.086302  
136.003006            12.250569            12.164071             0.086494  
136.017593            12.248850            12.162326             0.086527  
136.026199            12.247815            12.161288             0.086524  
136.042404            12.245819            12.159350             0.086468  
136.065903            12.242816            12.156538             0.086279  
136.087097            12.240011            12.154008             0.086001  
136.108200            12.237107            12.151486             0.085621  
136.147003            12.231524            12.146855             0.084666  
136.185699            12.225646            12.142250             0.083398  
136.224396            12.219480            12.137647             0.081833  
136.263107            12.213049            12.133048             0.079998  
136.291306            12.208216            12.129706             0.078510  
136.319504            12.203274            12.126363             0.076906  
136.347702            12.198228            12.123027             0.075203  
136.375793            12.193124            12.119704             0.073418  
136.404007            12.187928            12.116374             0.071554  
136.432205            12.182684            12.113050             0.069635  
136.460403            12.177395            12.109726             0.067669  
136.488495            12.172101            12.106416             0.065682  
136.513199            12.167437            12.103514             0.063922  
136.537796            12.162787            12.100622             0.062166  
136.587097            12.153503            12.094835             0.058667  
136.636398            12.144308            12.089061             0.055248  
136.685699            12.135255            12.083291             0.051961  
136.882904            12.101198            12.060332             0.040864  
137.277206            12.044574            12.014858             0.029713  
138.065903            11.951863            11.925222             0.026643  
139.643295            11.774532            11.748143             0.026382  
140.657394            11.660536            11.633534             0.027001  
141.164505            11.602559            11.574830             0.027729  
141.671494            11.543168            11.514251             0.028917  
142.178604            11.481454            11.450621             0.030838  
142.432098            11.449287            11.417039             0.032250  
142.685593            11.415874            11.381742             0.034138  
142.939102            11.380867            11.344128             0.036738  
143.192596            11.343886            11.303309             0.040583  
143.446106            11.305411            11.257806             0.047606  
143.572906            11.287047            11.232552             0.054498  
143.699600            11.272248            11.205100             0.067150  
143.831100            11.267015            11.173742             0.093280  
143.962494            11.285740            11.138931             0.146807  
144.093994            11.354767            11.100349             0.254429  
144.225403            11.519678            11.058518             0.461166  
144.291199            11.659474            11.036850             0.622623  
144.356903            11.851995            11.015271             0.836728  
144.422607            12.110657            10.994371             1.116290  
144.488297            12.449481            10.974955             1.474501  
144.554092            12.884546            10.958006             1.926561  
144.619797            13.429338            10.944768             2.484602  
144.685501            14.097722            10.936636             3.161151  
144.751205            14.899870            10.935113             3.964723  
144.807602            15.700280            10.940281             4.759999  
144.835800            16.138931            10.945431             5.193543  
144.863907            16.601530            10.952410             5.649210  
144.892105            17.090761            10.961388             6.129470  
144.920303            17.604143            10.972442             6.631682  
144.948502            18.140575            10.985667             7.155048  
144.962601            18.417223            10.993121             7.424066  
144.976593            18.696028            11.001066             7.694952  
144.990707            18.982792            11.009669             7.973197  
145.004807            19.273247            11.018824             8.254532  
145.018906            19.568798            11.028583             8.540258  
145.033005            19.868031            11.038915             8.829220  
145.047104            20.171061            11.049856             9.121213  
145.061203            20.477736            11.061386             9.416417  
145.075302            20.787491            11.073524             9.714025  
145.089294            21.097033            11.086130            10.010916  
145.103394            21.411364            11.099423            10.311957  
145.117493            21.728180            11.113338            10.614898  
145.131607            22.046362            11.127810            10.918607  
145.145599            22.362885            11.142724            11.220212  
145.159698            22.682747            11.158365            11.524433  
145.173798            23.002192            11.174520            11.827749  
145.187897            23.321209            11.191205            12.130094  
145.201904            23.637680            11.208344            12.429466  
145.214905            23.929819            11.224685            12.705338  
145.227798            24.218559            11.241309            12.977390  
145.240707            24.505329            11.258367            13.247182  
145.253601            24.790205            11.275834            13.514534  
145.266495            25.071037            11.293612            13.777671  
145.279404            25.349911            11.311799            14.038036  
145.292297            25.624643            11.330315            14.294472  
145.305206            25.895964            11.349162            14.546797  
145.318207            26.164478            11.368474            14.796310  
145.331100            26.425591            11.387842            15.037634  
145.343994            26.682362            11.407542            15.274551  
145.356903            26.933401            11.427506            15.505849  
145.382706            27.417175            11.468065            15.949126  
145.408493            27.873091            11.509186            16.363731  
145.436707            28.336590            11.554737            16.781952  
145.464798            28.759159            11.600413            17.158676  
145.521103            29.473227            11.691682            17.781729  
145.554001            29.801102            11.744116            18.057199  
145.586807            30.057436            11.795131            18.262274  
145.624405            30.261471            11.851565            18.410000  
145.631500            30.288599            11.861933            18.427099  
145.640900            30.319590            11.875452            18.444315  
145.653305            30.351105            11.892986            18.457787  
145.664902            30.370365            11.909093            18.461292  
145.671097            30.376301            11.917542            18.458937  
145.688995            30.379658            11.941436            18.438217  
145.713699            30.346275            11.972944            18.373508  
145.735199            30.282370            11.998888            18.283455  
145.756699            30.185930            12.023351            18.162687  
145.796402            29.925451            12.064414            17.860950  
145.835999            29.562696            12.099706            17.462898  
145.872406            29.144253            12.126843            17.017296  
145.908707            28.652288            12.148681            16.503742  
145.926895            28.379807            12.157661            16.222364  
145.945099            28.091270            12.165309            15.925905  
145.963303            27.787153            12.171622            15.615751  
145.981400            27.471294            12.176574            15.294707  
145.998795            27.155560            12.180110            14.975392  
146.016098            26.830925            12.182457            14.648458  
146.033493            26.494410            12.183677            14.310712  
146.050797            26.150589            12.183717            13.967040  
146.068207            25.797409            12.182672            13.614939  
146.085495            25.439632            12.180533            13.259007  
146.102905            25.072706            12.177320            12.895257  
146.120193            24.703972            12.173106            12.530989  
146.137604            24.328239            12.167876            12.160480  
146.146301            24.139362            12.164902            11.974545  
146.154907            23.952049            12.161728            11.790544  
146.163605            23.761751            12.158284            11.603513  
146.172302            23.571848            12.154636            11.417390  
146.181000            23.380808            12.150759            11.230082  
146.189606            23.191896            12.146707            11.045261  
146.198303            23.000677            12.142406            10.858155  
146.207001            22.810013            12.137915            10.672162  
146.215698            22.618874            12.133218            10.485733  
146.224304            22.430271            12.128388            10.301941  
146.241699            22.049866            12.118063             9.931917  
146.259003            21.673479            12.107097             9.566391  
146.275604            21.315195            12.095992             9.219194  
146.292099            20.962666            12.084425             8.878253  
146.308594            20.613472            12.072333             8.541171  
146.325104            20.268465            12.059778             8.208780  
146.341705            19.926378            12.046723             7.879664  
146.358200            19.592100            12.033389             7.558695  
146.374695            19.262686            12.019688             7.242975  
146.391205            18.939756            12.005694             6.934095  
146.424301            18.312191            11.976863             6.335233  
146.457306            17.714636            11.947347             5.767294  
146.490402            17.145960            11.917246             5.228809  
146.523407            16.611225            11.887017             4.724192  
146.556503            16.107718            11.856677             4.251036  
146.589493            15.639214            11.826666             3.812537  
146.655594            14.800078            11.767846             3.032237  
146.721695            14.089367            11.711730             2.377621  
146.787704            13.499826            11.659257             1.840564  
146.876999            12.871362            11.594673             1.276680  
146.966202            12.407053            11.537828             0.869229  
147.055405            12.071952            11.488329             0.583631  
147.144608            11.834995            11.445485             0.389511  
147.233902            11.669374            11.408328             0.261050  
147.323105            11.554375            11.375994             0.178382  
147.412292            11.473791            11.347556             0.126236  
147.501495            11.416067            11.322231             0.093836  
147.679993            11.339952            11.278478             0.061469  
147.858398            11.289666            11.241123             0.048541  
148.036804            11.250417            11.207970             0.042446  
148.215195            11.216600            11.177741             0.038856  
148.479599            11.172135            11.136740             0.035395  
148.744003            11.132021            11.098973             0.033046  
149.008408            11.094888            11.063529             0.031357  
149.272705            11.059940            11.029814             0.030126  
149.801407            10.994225            10.965616             0.028609  
150.330093            10.914193            10.886131             0.028062  
150.673798            10.750304            10.722272             0.028030  
151.017502            10.154885            10.127534             0.027351  
151.189407             9.518444             9.492253             0.026187  
151.361206             8.577403             8.553261             0.024140  
151.447098             7.991805             7.969052             0.022751  
151.533005             7.339019             7.317888             0.021131  
151.618896             6.632877             6.613566             0.019311  
151.661896             6.264764             6.246425             0.018339  
151.704803             5.891514             5.874175             0.017338  
151.732895             5.645061             5.628389             0.016671  
151.761002             5.397727             5.381732             0.015995  