Uranium
1
238
0.004
3
2508
1 2 102
0.000010           211.746216            77.498184           134.247116  
0.000011           201.938202            73.937027           128.000443  
0.000011           201.938202            73.937027           128.000443  
0.000012           193.385223            70.832520           122.551849  
0.000013           185.841156            68.095383           117.744888  
0.000014           179.112137            65.656548           113.454964  
0.000015           173.079651            63.469154           109.609581  
0.000016           167.618317            61.490601           106.127090  
0.000018           158.106827            58.045013           100.061249  
0.000019           153.924805            56.531208            97.392883  
0.000020           150.059570            55.132908            94.926041  
0.000022           143.145325            52.631763            90.512993  
0.000024           137.112534            50.451897            86.660103  
0.000026           131.790344            48.530624            83.259201  
0.000028           127.056458            46.822197            80.233765  
0.000029           124.872643            46.035103            78.836975  
0.000031           120.835487            44.579620            76.255432  
0.000033           117.168671            43.259312            73.908920  
0.000035           113.821907            42.055260            71.766190  
0.000039           107.924057            39.935467            67.988144  
0.000043           102.872787            38.122986            64.749420  
0.000046            99.527382            36.924236            62.602768  
0.000050            95.549927            35.500500            60.049026  
0.000053            92.866760            34.541756            58.324612  
0.000056            90.408333            33.663628            56.744339  
0.000059            88.134857            32.853508            55.280998  
0.000063            85.366547            31.867702            53.498512  
0.000069            81.679100            30.556938            51.121834  
0.000075            78.446075            29.410625            49.035152  
0.000081            75.582634            28.397717            47.184612  
0.000088            72.625023            27.353878            45.270885  
0.000094            70.362312            26.556990            43.805016  
0.000100            68.304817            25.834694            42.469841  
0.000106            66.430161            25.177574            41.252361  
0.000113            64.435913            24.480484            39.955215  
0.000119            62.870434            23.934624            38.935570  
0.000125            61.421379            23.430445            37.990696  
0.000138            58.617130            22.458279            36.158653  
0.000150            56.366486            21.681454            34.684830  
0.000163            54.217419            20.943520            33.273701  
0.000175            52.456093            20.341309            32.114605  
0.000188            50.746021            19.759287            30.986547  
0.000200            49.320122            19.276402            30.043531  
0.000219            47.313194            18.600521            28.712475  
0.000238            45.557564            18.013428            27.543968  
0.000256            44.085201            17.524073            26.560955  
0.000275            42.693424            17.064846            25.628401  
0.000294            41.442425            16.654980            24.787271  
0.000313            40.310909            16.286764            24.023983  
0.000331            39.333935            15.970837            23.362951  
0.000350            38.388565            15.667118            22.721312  
0.000388            36.717323            15.135589            21.581600  
0.000425            35.319481            14.696710            20.622644  
0.000463            34.069237            14.309184            19.759928  
0.000500            32.997784            13.981243            19.016415  
0.000531            32.191231            13.737234            18.453882  
0.000563            31.433058            13.510213            17.922729  
0.000594            30.760571            13.310929            17.449543  
0.000625            30.141146            13.129200            17.011843  
0.000688            29.021530            12.805447            16.215984  
0.000750            28.067198            12.534864            15.532238  
0.000813            27.218048            12.298623            14.919341  
0.000875            26.478029            12.096572            14.381370  
0.000938            25.808214            11.916881            13.891251  
0.001000            25.214790            11.760528            13.454183  
0.001063            24.668484            11.619074            13.049335  
0.001125            24.180899            11.494818            12.685991  
0.001187            23.732832            11.382571            12.350185  
0.001250            23.314440            11.279406            12.034955  
0.001375            22.578236            11.101914            11.476251  
0.001500            21.940418            10.952700            10.987649  
0.001625            21.382500            10.825807            10.556623  
0.001750            20.889557            10.716660            10.172833  
0.001875            20.450127            10.621832             9.828239  
0.002000            20.054604            10.538537             9.516000  
0.002188            19.530146            10.431231             9.098859  
0.002375            19.075285            10.341173             8.734050  
0.002563            18.671247            10.263605             8.407578  
0.002750            18.313601            10.196910             8.116643  
0.002938            17.991503            10.138471             7.852985  
0.003125            17.701113            10.087107             7.613955  
0.003312            17.439064            10.041923             7.397103  
0.003500            17.196606            10.001038             7.195523  
0.003875            16.770597             9.931520             6.839034  
0.004250            16.405783             9.874377             6.531371  
0.004625            16.085819             9.825972             6.259809  
0.005000            15.805813             9.785120             6.020658  
0.005313            15.597995             9.755772             5.842185  
0.005625            15.407809             9.729512             5.678260  
0.005938            15.230677             9.705499             5.525140  
0.006250            15.070898             9.684490             5.386374  
0.006875            14.785563             9.648138             5.137392  
0.007500            14.535461             9.617326             4.918100  
0.008125            14.317187             9.591477             4.725685  
0.008750            14.123378             9.569258             4.554089  
0.009375            13.950159             9.550024             4.400106  
0.010000            13.793944             9.533165             4.260751  
0.010625            13.652226             9.518284             4.133919  
0.011250            13.522904             9.505046             4.017832  
0.011875            13.404271             9.493196             3.911050  
0.012500            13.294932             9.482521             3.812390  
0.013750            13.099730             9.464056             3.635650  
0.015000            12.930135             9.448641             3.481475  
0.016250            12.781021             9.435570             3.345433  
0.017500            12.648602             9.424340             3.224239  
0.018750            12.530001             9.414586             3.115397  
0.020000            12.423014             9.406028             3.016965  
0.021325            12.320336             9.398031             2.922287  
0.022650            12.227077             9.390946             2.836112  
0.023975            12.141896             9.384627             2.757251  
0.025300            12.063693             9.378952             2.684725  
0.026844            11.980164             9.373020             2.607128  
0.028387            11.903748             9.367714             2.536016  
0.031475            11.768309             9.358595             2.409699  
0.034563            11.651629             9.351025             2.300590  
0.037650            11.549771             9.344626             2.205130  
0.040738            11.459838             9.339128             2.120692  
0.043825            11.379766             9.334350             2.045401  
0.046913            11.307862             9.330140             1.977710  
0.050000            11.242895             9.326397             1.916487  
0.053125            11.183133             9.323002             1.860121  
0.056250            11.128560             9.319934             1.808616  
0.059375            11.078468             9.317145             1.761314  
0.062500            11.032254             9.314590             1.717653  
0.068750            10.949497             9.310057             1.639433  
0.075000            10.877236             9.306130             1.571096  
0.081250            10.813435             9.302671             1.510755  
0.087500            10.756624             9.299582             1.457033  
0.093750            10.705634             9.296787             1.408840  
0.100000            10.659541             9.294227             1.365307  
0.106250            10.617630             9.291867             1.325754  
0.112500            10.579328             9.289670             1.289649  
0.118750            10.544173             9.287611             1.256553  
0.125000            10.511738             9.285670             1.226062  
0.137500            10.453524             9.282071             1.171445  
0.150000            10.402462             9.278775             1.123681  
0.162500            10.357276             9.275708             1.081561  
0.175000            10.316978             9.272822             1.044148  
0.187500            10.280784             9.270082             1.010696  
0.200000            10.248061             9.267458             0.980598  
0.218750            10.204174             9.263694             0.940474  
0.237500            10.165294             9.260094             0.905194  
0.256250            10.130581             9.256618             0.873958  
0.275000            10.099345             9.253239             0.846098  
0.293750            10.071009             9.249939             0.821064  
0.312500            10.045137             9.246701             0.798433  
0.331250            10.021430             9.243515             0.777912  
0.350000             9.999653             9.240368             0.759282  
0.387500             9.960443             9.234166             0.726273  
0.425000             9.926146             9.228054             0.698088  
0.500000             9.868308             9.215983             0.652319  
0.625000             9.792438             9.196035             0.596399  
0.750000             9.732758             9.176017             0.556738  
0.875000             9.683486             9.155749             0.527734  
1.000000             9.641273             9.135111             0.506160  
1.250000             9.569736             9.092557             0.477177  
1.500000             9.508929             9.047926             0.461002  
1.750000             9.454776             9.000766             0.454007  
2.000000             9.404913             8.950641             0.454270  
2.224624             9.362782             8.902402             0.460378  
2.449247             9.322287             8.851020             0.471264  
2.673870             9.283149             8.796269             0.486877  
2.898493             9.245397             8.737239             0.508155  
3.258826             9.188298             8.630537             0.557759  
3.438993             9.161632             8.571178             0.590453  
3.619159             9.137158             8.506050             0.631106  
3.799326             9.114699             8.436391             0.678307  
3.979492             9.097425             8.358535             0.738887  
4.159659             9.092165             8.272076             0.820090  
4.249742             9.141744             8.225556             0.916184  
4.272263             9.184660             8.213440             0.971213  
4.294784             9.248529             8.201115             1.047409  
4.306045             9.288276             8.194868             1.093405  
4.317305             9.332305             8.188568             1.143733  
4.328565             9.379249             8.182207             1.197039  
4.339825             9.427219             8.175796             1.251426  
4.346552             9.455435             8.171935             1.283497  
4.353279             9.482647             8.168056             1.314589  
4.366733             9.531837             8.160237             1.371596  
4.380187             9.570471             8.152337             1.418127  
4.386914             9.584646             8.148357             1.436282  
4.393641             9.594910             8.144359             1.450548  
4.400561             9.601117             8.140223             1.460890  
4.407480             9.602760             8.136063             1.466693  
4.413193             9.600656             8.132613             1.468035  
4.418905             9.595460             8.129152             1.466302  
4.430329             9.576271             8.122181             1.454088  
4.451890             9.513296             8.108849             1.404441  
4.462671             9.472590             8.102101             1.370485  
4.473451             9.428685             8.095296             1.333385  
4.480260             9.400297             8.090966             1.309325  
4.487069             9.372009             8.086616             1.285388  
4.500687             9.317492             8.077837             1.239650  
4.514305             9.268020             8.068967             1.199050  
4.527922             9.225375             8.059992             1.165380  
4.557427             9.158768             8.040188             1.118577  
4.586932             9.122832             8.019864             1.102966  
4.645942             9.102296             7.977548             1.124747  
4.763961             9.116070             7.886300             1.229767  
4.881981             9.148192             7.785769             1.362421  
5.000000             9.198070             7.673599             1.524467  
5.103829             9.262004             7.562714             1.699287  
5.207657             9.351670             7.437818             1.913851  
5.311485             9.476179             7.296151             2.180023  
5.415313             9.648384             7.134223             2.514155  
5.519141             9.885827             6.947978             2.937843  
5.571055            10.039330             6.843373             3.195952  
5.622969            10.224763             6.729208             3.495553  
5.674883            10.449670             6.604160             3.845507  
5.726797            10.723483             6.466806             4.256675  
5.778711            11.059065             6.315326             4.743737  
5.830625            11.474100             6.147407             5.326690  
5.879295            11.956940             5.972499             5.984432  
5.927964            12.558363             5.777762             6.780597  
5.976634            13.316371             5.559740             7.756623  
6.025303            14.286549             5.314074             8.972465  
6.073973            15.555028             5.034995            10.520023  
6.098308            16.341028             4.880663            11.460354  
6.122642            17.258270             4.715047            12.543207  
6.146977            18.337385             4.536948            13.800414  
6.171312            19.618200             4.345113            15.273076  
6.195647            21.154356             4.138258            17.016087  
6.219981            23.020500             3.915164            19.105320  
6.245938            25.499008             3.658454            21.840527  
6.271895            28.692600             3.383263            25.309296  
6.297852            32.987190             3.096053            29.891127  
6.323809            39.147308             2.818951            36.328293  
6.349766            48.777794             2.614400            46.163330  
6.362745            55.841530             2.582161            53.259338  
6.375723            65.255722             2.638722            62.617020  
6.388702            77.988884             2.834644            75.154297  
6.401680            95.368317             3.241982            92.126205  
6.414659           119.160515             3.960003           115.200401  
6.427637           151.650986             5.120975           146.530212  
6.437574           184.161835             6.413592           177.748444  
6.447511           224.940308             8.156692           216.783554  
6.457448           275.665375            10.455252           265.210297  
6.467384           338.162567            13.426099           324.736633  
6.472353           374.439026            15.203553           359.235413  
6.477321           414.361725            17.196016           397.164795  
6.482290           458.191040            19.421001           438.770050  
6.487258           506.147949            21.894207           484.253357  
6.492227           558.464966            24.632242           533.832947  
6.494711           586.302246            26.104332           560.198364  
6.497195           615.308533            27.648273           587.658386  
6.499679           645.504639            29.266176           616.238403  
6.502163           676.900024            30.958944           645.941895  
6.504647           709.531006            32.729008           676.801819  
6.507131           743.391357            34.576828           708.815002  
6.510376           789.520142            37.110916           752.407898  
6.513621           837.817383            39.783661           798.034241  
6.516866           888.301147            42.597424           845.703308  
6.520110           940.972961            45.553776           895.421387  
6.523355           995.868408            48.655628           947.212830  
6.526599          1052.945312            51.901978          1001.043945  
6.529844          1112.217529            55.295120          1056.919434  
6.533088          1173.639893            58.833813          1114.802734  
6.535319          1217.114624            61.351757          1155.760010  
6.537550          1261.563232            63.937580          1197.628906  
6.539781          1307.004761            66.591660          1240.413452  
6.542011          1353.371094            69.310989          1284.060059  
6.544242          1400.684692            72.098061          1328.587402  
6.546472          1448.902832            74.949738          1373.950317  
6.548703          1497.992798            77.865280          1420.133057  
6.550933          1547.911499            80.842033          1467.068848  
6.552961          1594.017822            83.601852          1510.417114  
6.554989          1640.783081            86.412292          1554.370972  
6.557017          1688.150391            89.269028          1598.877197  
6.559045          1736.108765            92.172401          1643.938110  
6.561073          1784.598511            95.118813          1689.473145  
6.563101          1833.647461            98.111000          1735.541504  
6.565129          1883.135376           101.140594          1781.999268  
6.567156          1933.082764           104.210129          1828.871094  
6.569184          1983.417725           107.316017          1876.106812  
6.571212          2034.134277           110.456604          1923.677856  
6.573240          2085.158447           113.628792          1971.526001  
6.575268          2136.465576           116.831886          2019.631958  
6.579324          2239.678955           123.313187          2116.362793  
6.583379          2343.364258           129.878479          2213.485352  
6.587841          2457.533447           137.171432          2320.360107  
6.592302          2571.200439           144.504761          2426.699707  
6.596764          2683.773438           151.842041          2531.937256  
6.601225          2794.601074           159.144180          2635.455566  
6.605687          2903.044189           166.374603          2736.669922  
6.610148          3008.430420           173.489243          2834.941895  
6.614610          3110.168213           180.453491          2929.710693  
6.619071          3207.539062           187.220688          3020.312744  
6.629616          3416.711426           202.203232          3214.509766  
6.640161          3590.184570           215.345825          3374.844482  
6.649084          3704.006104           224.679520          3479.318848  
6.658006          3784.048828           232.113495          3551.937744  
6.665748          3824.354004           236.877304          3587.474609  
6.673490          3836.642822           239.983231          3596.661377  
6.675020          3835.723145           240.395645          3595.337158  
6.680086          3824.819092           241.282211          3583.545898  
6.685152          3801.976807           241.432724          3560.540527  
6.690218          3767.398193           240.851410          3526.547852  
6.695283          3721.464600           239.550385          3481.905518  
6.705789          3592.060791           234.647491          3357.407959  
6.716295          3421.234131           226.990326          3194.235352  
6.726802          3215.792725           216.932465          2998.853271  
6.732056          3102.484375           211.134659          2891.345703  
6.737309          2983.520264           204.903000          2778.615723  
6.742563          2859.896973           198.295990          2661.601807  
6.747816          2732.728271           191.377548          2541.351074  
6.753069          2602.993896           184.209335          2418.781250  
6.758322          2471.707275           176.851837          2294.855957  
6.762859          2357.817627           170.391266          2187.428467  
6.767396          2244.063721           163.870193          2080.195068  
6.771933          2131.041016           157.326752          1973.714355  
6.776470          2019.228516           150.792358          1868.434937  
6.781007          1909.146240           144.300583          1764.843384  
6.785544          1801.217773           137.880783          1663.332886  
6.790081          1695.834351           131.558884          1564.271118  
6.794617          1593.359131           125.361153          1467.998413  
6.799154          1494.085327           119.308464          1374.776489  
6.803691          1398.249756           113.418747          1284.834839  
6.808228          1306.111694           107.711777          1198.396606  
6.812765          1217.776978           102.197357          1115.579346  
6.817302          1133.434204            96.891006          1036.542603  
6.821839          1053.160645            91.800491           961.354736  
6.826376           976.972351            86.931152           890.042297  
6.830912           904.953064            82.290962           822.660095  
6.838076           799.537903            75.428215           724.107910  
6.845239           704.184692            69.137764           635.044312  
6.852403           618.506592            63.407593           555.098328  
6.859566           542.060913            58.220879           483.838409  
6.866730           474.278137            53.551849           420.725281  
6.873893           414.556305            49.371609           365.184998  
6.888220           316.605042            42.337940           274.266785  
6.902547           242.889481            36.834072           206.055298  
6.916874           188.362473            32.574905           155.787308  
6.931201           148.533676            29.297060           119.236443  
6.945528           119.666420            26.774311            92.891800  
6.966541            91.093269            24.061203            67.031853  
6.987554            73.053383            22.144377            50.909023  
7.008567            61.263393            20.735596            40.527771  
7.029580            53.161819            19.653666            33.508137  
7.050593            47.279663            18.788433            28.491295  
7.071606            42.785908            18.072891            24.713058  
7.092619            39.211742            17.466131            21.745619  
7.113632            36.282410            16.941896            19.340542  
7.134645            33.828579            16.482656            17.345949  
7.155658            31.740931            16.076035            15.664912  
7.176671            29.942345            15.712842            14.229487  
7.197684            28.376987            15.386081            12.990901  
7.239710            25.788752            14.820867            10.967875  
7.281736            23.741579            14.348098             9.393476  
7.323762            22.087080            13.946106             8.140983  
7.365788            20.727350            13.599874             7.127476  
7.407814            19.594482            13.298429             6.296046  
7.449840            18.639883            13.033494             5.606389  
7.501418            17.660389            12.748928             4.911458  
7.552995            16.847483            12.500606             4.346877  
7.604572            16.163273            12.281742             3.881531  
7.656149            15.575812            12.087344             3.488468  
7.675290            15.377166            12.020631             3.356539  
7.730944            14.848426            11.841240             3.007188  
7.786597            14.384516            11.680696             2.703823  
7.842251            13.979944            11.535891             2.444055  
7.897904            13.627891            11.404470             2.223422  
7.953558            13.319627            11.284678             2.034954  
8.009211            13.046906            11.174987             1.871921  
8.120518            12.582469            10.980206             1.602262  
8.201842            12.296731            10.854984             1.441744  
8.283166            12.048301            10.742147             1.306148  
8.364490            11.830887            10.639945             1.190939  
8.445813            11.638855            10.546700             1.092149  
8.527137            11.467635            10.461019             1.006612  
8.608461            11.314127            10.381944             0.932176  
8.771108            11.048311            10.239612             0.808695  
8.933756            10.825536            10.114367             0.711167  
9.096403            10.636905            10.003148             0.633758  
9.259051            10.474880             9.903173             0.571710  
9.421698            10.333899             9.812222             0.521677  
9.548202            10.236638             9.746711             0.489930  
9.674706            10.149608             9.685141             0.464465  
9.801210            10.074284             9.626801             0.447475  
9.864462            10.047423             9.598702             0.448719  
9.927713            10.052034             9.571310             0.480725  
9.963857            10.093610             9.555954             0.537656  
10.000000            10.192615             9.540806             0.651808  
10.021370            10.290458             9.531950             0.758507  
10.042740            10.424517             9.523163             0.901358  
10.053430            10.506298             9.518789             0.987507  
10.064110            10.597980             9.514440             1.083538  
10.074790            10.699366             9.510106             1.189261  
10.085470            10.809874             9.505789             1.304089  
10.091260            10.873284             9.503453             1.369833  
10.097050            10.938882             9.501124             1.437758  
10.102840            11.006440             9.498798             1.507639  
10.108620            11.075532             9.496485             1.579062  
10.114410            11.146134             9.494167             1.651969  
10.120200            11.217785             9.491857             1.725929  
10.125990            11.290090             9.489547             1.800547  
10.131770            11.362520             9.487247             1.875272  
10.137560            11.434913             9.484952             1.949969  
10.143350            11.506669             9.482656             2.024028  
10.149140            11.577396             9.480363             2.097029  
10.154920            11.646394             9.478086             2.168319  
10.160710            11.713499             9.475804             2.237709  
10.166490            11.777968             9.473530             2.304446  
10.178060            11.897549             9.468987             2.428557  
10.194080            12.036375             9.462727             2.573656  
10.210100            12.136359             9.456501             2.679863  
10.219720            12.174824             9.452775             2.722058  
10.229340            12.195858             9.449058             2.746811  
10.239400            12.198552             9.445176             2.753382  
10.249260            12.181907             9.441387             2.740530  
10.259120            12.146476             9.437612             2.708868  
10.271440            12.077005             9.432900             2.644125  
10.283760            11.981877             9.428209             2.553672  
10.298140            11.842834             9.422753             2.420085  
10.305330            11.763853             9.420029             2.343823  
10.312510            11.679849             9.417318             2.262532  
10.319700            11.591451             9.414611             2.176846  
10.326890            11.499774             9.411905             2.087868  
10.334080            11.405652             9.409204             1.996447  
10.341260            11.310142             9.406515             1.903628  
10.345880            11.248289             9.404788             1.843509  
10.350500            11.186382             9.403061             1.783324  
10.355120            11.124673             9.401336             1.723337  
10.359740            11.063269             9.399614             1.663658  
10.364360            11.002405             9.397897             1.604514  
10.368980            10.942271             9.396178             1.546101  
10.373600            10.883040             9.394462             1.488584  
10.378220            10.824854             9.392748             1.432107  
10.387460            10.712090             9.389330             1.322760  
10.396700            10.604933             9.385919             1.219021  
10.405940            10.504108             9.382516             1.121595  
10.415180            10.410108             9.379120             1.030991  
10.434690            10.235228             9.371980             0.863248  
10.454200            10.092304             9.364876             0.727430  
10.493210             9.891725             9.350780             0.540944  
10.532220             9.776015             9.336822             0.439193  
10.571230             9.710926             9.322992             0.387931  
10.649260             9.644776             9.295704             0.349073  
10.727280             9.603803             9.268867             0.334938  
10.883330             9.537205             9.216312             0.320893  
11.039380             9.505799             9.165027             0.340767  
11.105090             9.546707             9.143786             0.402923  
11.137940             9.591885             9.133239             0.458643  
11.154370             9.620835             9.127985             0.492851  
11.170790             9.653293             9.122748             0.530546  
11.183110             9.679364             9.118825             0.560538  
11.195430             9.706297             9.114907             0.591385  
11.201590             9.719874             9.112949             0.606924  
11.207750             9.733414             9.110994             0.622417  
11.213910             9.746812             9.109041             0.637768  
11.220070             9.759966             9.107092             0.652874  
11.232390             9.785146             9.103195             0.681949  
11.244710             9.808110             9.099302             0.708805  
11.269350             9.844157             9.091534             0.752624  
11.282700             9.856570             9.087337             0.769233  
11.296050             9.863060             9.083140             0.779918  
11.304880             9.863879             9.080373             0.783504  
11.313700             9.861843             9.077608             0.784230  
11.323450             9.856253             9.074556             0.781694  
11.333200             9.847211             9.071508             0.775702  
11.341200             9.837305             9.069009             0.768293  
11.349200             9.825257             9.066513             0.758743  
11.365190             9.795341             9.061528             0.733814  
11.387180             9.743720             9.054682             0.689040  
11.398170             9.714591             9.051268             0.663322  
11.409160             9.683996             9.047856             0.636139  
11.420160             9.652504             9.044447             0.608056  
11.431150             9.620718             9.041042             0.579674  
11.442140             9.589136             9.037643             0.551495  
11.453130             9.558212             9.034247             0.523965  
11.467130             9.520385             9.029926             0.490457  
11.481120             9.484912             9.025612             0.459300  
11.509100             9.422581             9.017000             0.405580  
11.565070             9.334270             8.999838             0.334431  
11.677000             9.253296             8.965736             0.287558  
11.900860             9.173879             8.898158             0.275721  
12.348580             9.033221             8.763927             0.269296  
12.892250             8.870042             8.599773             0.270267  
13.435920             8.709134             8.430380             0.278756  
13.979590             8.546054             8.251451             0.294605  
14.523260             8.377043             8.058344             0.318699  
15.066930             8.198961             7.846407             0.352555  
15.338770             8.105892             7.732307             0.373584  
15.610600             8.008904             7.610199             0.398703  
15.882440             7.907367             7.478525             0.428841  
16.154270             7.801024             7.336222             0.464799  
16.426100             7.689462             7.181582             0.507877  
16.697929             7.572285             7.012408             0.559874  
16.953779             7.456568             6.837320             0.619247  
17.209620             7.335522             6.643788             0.691731  
17.465469             7.209493             6.428141             0.781350  
17.721310             7.079518             6.185874             0.893640  
17.977160             6.947690             5.912674             1.035013  
18.105080             6.882354             5.761818             1.120530  
18.233000             6.818567             5.598771             1.219792  
18.360920             6.757668             5.422451             1.335211  
18.488840             6.701516             5.231499             1.470008  
18.616760             6.652699             5.024108             1.628583  
18.744680             6.614958             4.798071             1.816882  
18.836630             6.597818             4.622494             1.975317  
18.928570             6.592611             4.434596             2.158010  
19.020510             6.605225             4.233150             2.372068  
19.112450             6.651227             4.016937             2.634282  
19.204399             6.772091             3.784558             2.987524  
19.296341             7.035636             3.534348             3.501280  
19.342310             7.231574             3.401881             3.829677  
19.365299             7.342054             3.333679             4.008367  
19.388281             7.457397             3.264146             4.193242  
19.411270             7.574296             3.193209             4.381082  
19.434250             7.688976             3.120878             4.568090  
19.480221             7.897507             2.971847             4.925650  
19.499090             7.970834             2.908958             5.061865  
19.517950             8.035557             2.845107             5.190439  
19.523701             8.053567             2.825439             5.228108  
19.536720             8.091370             2.780539             5.310817  
19.549730             8.125230             2.735204             5.390021  
19.593300             8.215660             2.579821             5.635827  
19.618719             8.259013             2.486647             5.772351  
19.644140             8.302931             2.391642             5.911275  
19.669559             8.354202             2.294845             6.059351  
19.694981             8.419487             2.196283             6.223191  
19.745819             8.615406             1.994265             6.621115  
19.796650             8.928266             1.786538             7.141705  
19.847490             9.383224             1.574652             7.808551  
19.898331            10.001307             1.361266             8.640010  
19.949169            10.810472             1.150785             9.659670  
20.000000            11.856923             0.950363            10.906541  
20.056780            13.401392             0.753670            12.647699  
20.085171            14.373163             0.674889            13.698247  
20.113560            15.520882             0.617450            14.903411  
20.141951            16.894831             0.591662            16.303129  
20.156151            17.688183             0.595474            17.092676  
20.170340            18.567780             0.614103            17.953646  
20.184540            19.550039             0.651370            18.898596  
20.198730            20.653889             0.712198            19.941624  
20.212919            21.904402             0.803036            21.101307  
20.220020            22.595280             0.862339            21.732899  
20.227110            23.334124             0.932374            22.401672  
20.235880            24.324656             1.036247            23.288366  
20.244650            25.411461             1.162283            24.249121  
20.253420            26.607149             1.314149            25.292923  
20.262180            27.927412             1.496254            26.431089  
20.268450            28.959738             1.648127            27.311567  
20.274710            30.071278             1.820031            28.251179  
20.281811            31.442024             2.042865            29.399105  
20.288900            32.940670             2.298734            30.641863  
20.296000            34.586441             2.592776            31.993586  
20.303101            36.397072             2.930142            33.466785  
20.310200            38.390774             3.316317            35.074348  
20.317289            40.588902             3.757594            36.831207  
20.324390            43.021679             4.262362            38.759140  
20.331490            45.715527             4.838590            40.876934  
20.338591            48.700859             5.495201            43.205509  
20.345680            52.008327             6.241662            45.766640  
20.352779            55.686665             7.091562            48.595024  
20.359880            59.777340             8.057538            51.719658  
20.366980            64.320961             9.151986            55.168831  
20.374069            69.367653            10.389956            58.977463  
20.384090            77.478600            12.420046            65.058556  
20.394110            86.904518            14.828926            72.075043  
20.404131            97.844345            17.676908            80.167168  
20.414150           110.533218            21.034891            89.497978  
20.424170           125.215622            24.977165           100.237938  
20.434191           142.187653            29.593601           112.593590  
20.444210           161.751266            34.976654           126.774635  
20.454220           184.235138            41.226650           143.007492  
20.463409           207.761841            47.824570           159.935852  
20.472589           234.341461            55.336071           179.004868  
20.481779           264.344025            63.873596           200.468658  
20.490959           298.041138            73.523277           224.516464  
20.500151           335.876282            84.421394           251.454773  
20.509331           378.086182            96.643158           281.441223  
20.518520           425.162384           110.341537           314.818909  
20.527700           477.324921           125.588173           351.735443  
20.536890           535.094543           142.545639           392.549377  
20.546070           598.645081           161.271790           437.373657  
20.555260           668.474609           181.923019           486.547699  
20.564440           744.744263           204.556671           540.183105  
20.573629           827.907837           229.316635           598.586548  
20.582809           917.958618           256.210144           661.741577  
20.591999          1015.322754           285.372040           729.945557  
20.601179          1119.873779           316.774994           803.086426  
20.607031          1190.401245           338.009033           852.387817  
20.612869          1263.733154           360.123169           903.608582  
20.618719          1340.189819           383.214600           956.975220  
20.624559          1419.490845           407.204254          1012.275085  
20.630409          1501.814453           432.149902          1069.654419  
20.636250          1586.844360           457.960388          1128.877808  
20.642099          1674.761353           484.683350          1190.072021  
20.647940          1765.264893           512.238708          1253.024414  
20.653790          1858.409912           540.638794          1317.764038  
20.659630          1953.902954           569.803955          1384.091797  
20.665480          2051.907715           599.785950          1452.118774  
20.671320          2151.804199           630.389282          1521.409180  
20.677170          2253.858887           661.704102          1592.149658  
20.683010          2357.535156           693.568726          1663.958618  
20.688850          2462.694824           725.938904          1736.754639  
20.694691          2569.219482           758.782471          1810.430542  
20.699289          2653.841553           784.915527          1868.914185  
20.703880          2738.861084           811.205444          1927.648438  
20.708469          2824.210449           837.631226          1986.571899  
20.713060          2909.890381           864.199158          2045.678223  
20.717661          2995.868164           890.896179          2104.957520  
20.722250          3081.593506           917.557739          2164.025391  
20.726839          3167.149658           944.201843          2222.938232  
20.731430          3252.393555           970.789551          2281.592285  
20.740620          3421.339844          1023.622131          2397.703613  
20.749800          3586.814697          1075.550659          2511.258789  
20.758989          3747.774902          1126.256348          2621.515869  
20.768169          3902.543945          1175.225830          2727.303955  
20.779030          4076.047119          1230.412354          2845.617676  
20.789881          4236.841309          1281.911865          2954.902344  
20.811590          4512.951172          1371.529907          3141.389893  
20.827459          4669.226562          1423.486328          3245.752686  
20.843321          4781.833984          1462.307739          3319.532227  
20.854321          4832.463379          1480.920166          3351.541016  
20.865320          4859.777832          1492.434814          3367.326660  
20.871500          4864.682617          1495.722412          3368.963623  
20.882980          4853.895508          1495.722290          3358.172607  
20.894461          4817.454102          1487.822998          3329.626709  
20.910589          4724.232910          1463.724609          3260.489746  
20.926720          4584.714844          1425.228516          3159.498535  
20.952530          4276.899414          1337.028931          2939.862793  
20.965429          4090.342529          1282.554932          2807.799561  
20.978331          3886.589111          1222.513550          2664.078369  
20.989620          3696.993652          1166.276001          2530.725830  
21.000910          3499.541504          1107.376465          2392.150879  
21.006559          3398.491943          1077.136230          2321.351318  
21.012199          3296.561768          1046.555542          2250.002686  
21.017851          3193.689697          1015.637695          2178.062256  
21.023491          3090.515625           984.554504          2105.951904  
21.029140          2986.961914           953.309143          2033.652710  
21.034781          2883.701660           922.088440          1961.622681  
21.040430          2780.541504           890.846863          1889.711548  
21.046070          2678.179688           859.788147          1818.383667  
21.051720          2576.479248           828.881836          1747.593750  
21.057360          2476.020996           798.303528          1677.721802  
21.063009          2376.617188           768.000183          1608.619019  
21.068649          2278.899658           738.164734          1540.743408  
21.073490          2196.213867           712.881836          1483.340454  
21.078329          2114.950195           688.001831          1426.953613  
21.083170          2035.087280           663.516968          1371.573364  
21.088011          1956.677856           639.453125          1317.226929  
21.097691          1804.668701           592.702271          1211.968018  
21.107361          1659.716919           548.016846          1111.705444  
21.117041          1521.872192           505.411896          1016.466858  
21.126720          1391.662476           465.066864           926.598572  
21.136400          1269.244019           427.037170           842.207214  
21.146070          1154.822266           391.400055           763.420715  
21.155750          1048.157104           358.088715           690.064270  
21.165430           949.296997           327.130859           622.165466  
21.175110           858.059143           298.480225           559.582886  
21.184780           774.321960           272.101532           502.218384  
21.204140           627.674927           225.694427           401.980652  
21.223490           506.881317           187.202118           319.677277  
21.241240           416.063354           158.046661           258.017303  
21.258980           341.895630           134.043579           207.851624  
21.276720           281.902222           114.449806           167.451920  
21.294460           233.801086            98.574829           135.225616  
21.312201           195.503296            85.783127           109.719635  
21.329941           165.201004            75.521996            89.678970  
21.365419           122.471306            60.706097            61.765018  
21.400909            95.866096            51.106110            44.760036  
21.436390            78.959366            44.708088            34.251244  
21.471870            67.758438            40.244164            27.514214  
21.507351            59.915504            36.956997            22.958462  
21.539610            54.565231            34.616695            19.948540  
21.571871            50.307991            32.690922            17.617067  
21.604130            46.805630            31.062302            15.743340  
21.636391            43.851391            29.656788            14.194620  
21.668650            41.312679            28.425312            12.887360  
21.700911            39.101360            27.334137            11.767230  
21.765421            35.428635            25.480925             9.947705  
21.829941            32.496304            23.960878             8.535423  
21.894449            30.102386            22.689436             7.412917  
21.958969            28.112890            21.609079             6.503795  
22.023479            26.436794            20.679947             5.756830  
22.081551            25.140972            19.948273             5.192683  
22.139610            24.009567            19.298845             4.710714  
22.197680            23.013845            18.718309             4.295536  
22.255739            22.131327            18.196091             3.935219  
22.371870            20.634754            17.292446             3.342315  
22.487989            19.411871            16.535320             2.876548  
22.604120            18.394686            15.890952             2.503729  
22.720249            17.537716            15.336297             2.201417  
22.836380            16.807148            14.853801             1.953337  
22.952499            16.177490            14.430025             1.747470  
23.100889            15.488351            13.956889             1.531470  
23.249281            14.900958            13.545150             1.355812  
23.397671            14.394695            13.183280             1.211421  
23.546049            13.954294            12.862519             1.091774  
23.694441            13.567222            12.575152             0.992061  
23.842819            13.226351            12.314552             0.911790  
23.991211            12.934128            12.076224             0.857903  
24.028311            12.868321            12.019837             0.848482  
24.065399            12.804504            11.964705             0.839795  
24.139589            12.679422            11.858034             0.821389  
24.165400            12.635755            11.822013             0.813739  
24.199829            12.576824            11.774815             0.802008  
24.202700            12.571868            11.770925             0.800945  
24.205580            12.566892            11.767025             0.799865  
24.213240            12.553614            11.756683             0.796926  
24.220890            12.540304            11.746405             0.793899  
24.236191            12.513556            11.725987             0.787569  
24.290470            12.417481            11.654955             0.762524  
24.344740            12.320985            11.586039             0.734947  
24.399010            12.226317            11.519076             0.707241  
24.453279            12.135373            11.453901             0.681470  
24.670370            11.815727            11.208387             0.607342  
24.887461            11.542747            10.984157             0.558592  
25.104540            11.297441            10.778016             0.519421  
25.321630            11.072012            10.585595             0.486417  
25.538719            10.865368            10.406218             0.459152  
25.972891            10.492887            10.075734             0.417154  
26.412571            10.157309             9.769327             0.387981  
26.632410            10.006074             9.623779             0.382297  
26.742331             9.943296             9.552787             0.390510  
26.797291             9.917082             9.517682             0.399402  
26.852240             9.893677             9.482825             0.410850  
26.874229             9.884691             9.468942             0.415749  
26.896210             9.875683             9.455104             0.420578  
26.918190             9.866446             9.441295             0.425147  
26.940170             9.856775             9.427522             0.429253  
26.962160             9.846483             9.413780             0.432704  
26.993759             9.830248             9.394080             0.436167  
27.025360             9.811959             9.374444             0.437513  
27.039600             9.802986             9.365620             0.437366  
27.065170             9.785696             9.349792             0.435904  
27.086281             9.770332             9.336756             0.433574  
27.107380             9.754066             9.323750             0.430314  
27.141380             9.726257             9.302844             0.423408  
27.175369             9.697031             9.282000             0.415031  
27.209370             9.667108             9.261205             0.405901  
27.243361             9.637188             9.240467             0.396721  
27.311350             9.579497             9.199125             0.380373  
27.379330             9.526525             9.157949             0.368576  
27.651270             9.349300             8.994366             0.354937  
28.213930             9.015412             8.657728             0.357683  
28.776590             8.687090             8.316374             0.370717  
29.339251             8.356169             7.961717             0.394453  
29.901911             8.015961             7.586163             0.429797  
30.183241             7.840816             7.388671             0.452143  
30.464569             7.659858             7.180468             0.479388  
30.745899             7.472586             6.960757             0.511828  
31.027229             7.278314             6.728158             0.550158  
31.308559             7.076165             6.480633             0.595529  
31.589890             6.865296             6.215846             0.649450  
31.871220             6.645008             5.931109             0.713896  
32.152538             6.414845             5.623405             0.791440  
32.415119             6.190999             5.312131             0.878867  
32.677689             5.958999             4.974116             0.984883  
32.940269             5.720504             4.606403             1.114103  
33.202839             5.478676             4.205417             1.273261  
33.465420             5.239003             3.765721             1.473283  
33.596710             5.123213             3.529758             1.593455  
33.727989             5.012934             3.282039             1.730891  
33.859280             4.911071             3.022266             1.888801  
33.990559             4.821554             2.750498             2.071052  
34.121849             4.749733             2.466983             2.282744  
34.253132             4.703052             2.172472             2.530579  
34.365669             4.690838             1.912349             2.778488  
34.478199             4.713507             1.646958             3.066546  
34.590729             4.782649             1.379011             3.403636  
34.703259             4.913803             1.112742             3.801057  
34.815800             5.128850             0.854762             4.274081  
34.928329             5.460016             0.615661             4.844356  
34.984600             5.683463             0.508094             5.175367  
35.040859             5.955520             0.412287             5.543229  
35.069000             6.112857             0.369875             5.742981  
35.097130             6.286091             0.331891             5.954198  
35.125259             6.476824             0.298931             6.177894  
35.153389             6.686850             0.271698             6.415150  
35.168629             6.809362             0.259615             6.549744  
35.183868             6.938424             0.249587             6.688833  
35.199108             7.074362             0.241767             6.832596  
35.214352             7.217625             0.236312             6.981308  
35.229591             7.368597             0.233398             7.135192  
35.244831             7.527669             0.233210             7.294450  
35.260071             7.695240             0.235947             7.459296  
35.267689             7.782396             0.238477             7.543918  
35.275299             7.871882             0.241821             7.630054  
35.284679             7.985309             0.247098             7.738209  
35.294060             8.102601             0.253712             7.848883  
35.303440             8.223736             0.261717             7.962014  
35.312809             8.348874             0.271177             8.077697  
35.319851             8.445524             0.279273             8.166244  
35.326881             8.544552             0.288250             8.256300  
35.333912             8.646059             0.298146             8.347913  
35.340939             8.750038             0.308976             8.441051  
35.349152             8.874743             0.322859             8.551870  
35.357361             9.003309             0.338153             8.665160  
35.365570             9.135640             0.354880             8.780748  
35.373772             9.271744             0.373090             8.898647  
35.383739             9.442632             0.397324             9.045306  
35.393700             9.619661             0.423961             9.195690  
35.403660             9.803247             0.453141             9.350099  
35.413620             9.993628             0.484988             9.508642  
35.423592            10.191092             0.519640             9.671452  
35.433552            10.396008             0.557247             9.838752  
35.443508            10.608465             0.597924            10.010542  
35.453468            10.828834             0.641825            10.186996  
35.464031            11.072035             0.692201            10.379845  
35.474579            11.324601             0.746529            10.578083  
35.485130            11.587597             0.805162            10.782442  
35.495682            11.861439             0.868326            10.993108  
35.516781            12.443819             1.009296            11.434529  
35.537880            13.076801             1.171849            11.904942  
35.558979            13.765424             1.358560            12.406871  
35.580078            14.516350             1.572621            12.943725  
35.601181            15.336657             1.817663            13.519001  
35.622280            16.234905             2.097963            14.136913  
35.648071            17.453333             2.496037            14.957282  
35.673859            18.825752             2.966176            15.859590  
35.699650            20.379816             3.522961            16.856844  
35.725430            22.151575             4.185651            17.965895  
35.751221            24.189821             4.980435            19.209385  
35.777012            26.557224             5.941666            20.615582  
35.802799            29.339525             7.116835            22.222679  
35.828579            32.653496             8.571391            24.082087  
35.854370            36.663612            10.397938            26.265709  
35.880161            41.593048            12.723677            28.869329  
35.905949            47.749760            15.725477            32.024414  
35.931740            55.564636            19.651224            35.913506  
35.957531            65.614647            24.835764            40.778942  
35.983318            78.683876            31.735603            46.948452  
36.009109            95.811958            40.957893            54.854031  
36.034889           118.337280            53.288223            65.048805  
36.060680           148.040817            69.772942            78.267769  
36.086472           187.096710            91.694115            95.402763  
36.112259           238.153687           120.619072           117.534859  
36.138039           304.409149           158.443954           145.966843  
36.163830           389.623535           207.401978           182.222900  
36.189621           497.921326           269.954407           227.969482  
36.202518           562.120117           307.161163           254.963821  
36.215408           633.756409           348.764679           284.993500  
36.228298           713.451172           395.140381           318.315796  
36.241192           801.694214           446.578613           355.118530  
36.252918           889.926331           498.092529           391.832275  
36.264641           986.015808           554.288391           431.743469  
36.276360          1090.421997           615.414734           475.013458  
36.288078          1203.378418           681.632324           521.744995  
36.299809          1325.386841           753.250916           572.131104  
36.311531          1456.292725           830.188538           626.104431  
36.323250          1596.326782           912.590027           683.747742  
36.334969          1745.677490          1000.560425           745.117554  
36.346699          1904.463013          1094.192017           810.270874  
36.358421          2072.159912          1193.184204           878.982239  
36.370140          2248.614746          1297.468140           951.169739  
36.381859          2433.736572          1406.972778          1026.784302  
36.393581          2626.902100          1521.350342          1105.567383  
36.405300          2827.537842          1640.289551          1187.285522  
36.417019          3034.999268          1763.382080          1271.639526  
36.422878          3140.968262          1826.299561          1314.677490  
36.428741          3248.320801          1890.092407          1358.252563  
36.435188          3367.897217          1961.150513          1406.738159  
36.441639          3488.932617          2033.169922          1455.786621  
36.448090          3610.910156          2105.757812          1505.157471  
36.454529          3733.920166          2179.026855          1554.928833  
36.460979          3857.831543          2252.872559          1604.996826  
36.467430          3982.106445          2326.957520          1655.154785  
36.473881          4106.916992          2401.441162          1705.496826  
36.480320          4231.541016          2475.865967          1755.714966  
36.493221          4480.525879          2624.658447          1855.859619  
36.506111          4726.511719          2771.933105          1954.610596  
36.519009          4968.147461          2916.797852          2051.359375  
36.531898          5202.903320          3057.821289          2145.102783  
36.549492          5508.091309          3241.582031          2266.520264  
36.567070          5791.102051          3412.551758          2378.576416  
36.602230          6269.617676          3703.603271          2566.071045  
36.628021          6529.166016          3863.483398          2665.724854  
36.640911          6625.631348          3923.828125          2701.830811  
36.653801          6698.373535          3970.171143          2728.216797  
36.667950          6750.042969          4004.415039          2745.655518  
36.682098          6771.556641          4020.773438          2750.789062  
36.692402          6768.119629          4021.362793          2746.751953  
36.702690          6748.621094          4012.433350          2736.213135  
36.723270          6662.337402          3966.379395          2695.952393  
36.745789          6498.631836          3874.691650          2623.976074  
36.768311          6268.193848          3743.011475          2525.188477  
36.803699          5790.820801          3466.821777          2324.003906  
36.821388          5509.888184          3303.130859          2206.732910  
36.839081          5207.407715          3126.315430          2081.099121  
36.847931          5049.896973          3034.049561          2015.850342  
36.856781          4889.101562          2939.702637          1949.383789  
36.865631          4725.685547          2843.750977          1881.962280  
36.874470          4560.616699          2746.684570          1813.950806  
36.883320          4394.180176          2648.702637          1745.448608  
36.892159          4227.236328          2550.345215          1676.883301  
36.901009          4060.057861          2451.760742          1608.294678  
36.909851          3893.718750          2353.554932          1540.146118  
36.918701          3728.186768          2255.776611          1472.407959  
36.927540          3564.607666          2159.059570          1405.548950  
36.936390          3402.875732          2063.347656          1339.540649  
36.945229          3243.975098          1969.232666          1274.750732  
36.954079          3087.832031          1876.664917          1211.155151  
36.962921          2935.212158          1786.141968          1149.064331  
36.971771          2786.170654          1697.659302          1088.513794  
36.980610          2641.268066          1611.579468          1029.694092  
36.988251          2519.571533          1539.220337           980.344849  
36.995892          2400.970703          1468.670288           932.315979  
37.011169          2174.519287          1333.818115           840.703613  
37.026451          1962.438721          1207.358887           755.072632  
37.041729          1765.345215          1089.689331           675.661804  
37.057011          1583.289062           980.828247           602.452942  
37.072289          1416.146362           880.766968           535.382629  
37.087570          1263.658203           789.337341           474.325195  
37.102840          1125.558960           706.407959           419.156555  
37.118118          1000.851196           631.397522           369.456146  
37.133400           889.024536           564.020630           325.004089  
37.163952           700.634033           450.204193           250.428268  
37.194511           553.220276           360.772095           192.446045  
37.225060           439.738403           291.595001           148.144699  
37.250801           365.524902           246.117584           119.409050  
37.276531           307.047974           210.084305            96.963417  
37.302269           261.122223           181.607849            79.514656  
37.327999           225.167343           159.154160            66.013710  
37.353741           196.925827           141.374634            55.551353  
37.379471           174.664627           127.235573            47.429516  
37.430931           142.758087           106.682129            36.075741  
37.482399           121.617928            92.781822            28.836126  
37.533859           106.753616            82.812881            23.940655  
37.585331            95.665474            75.247452            20.417978  
37.636791            86.976463            69.234589            17.741983  
37.707561            77.585571            62.648853            14.936742  
37.778320            70.198959            57.402222            12.796793  
37.849091            64.210716            53.102352            11.108452  
37.919849            59.254444            49.508865             9.745670  
37.990620            55.085320            46.458965             8.626387  
38.061378            51.534977            43.840008             7.694910  
38.132149            48.476868            41.566582             6.910310  
38.202911            45.819733            39.576534             6.243169  
38.270458            43.590439            37.895504             5.694936  
38.338009            41.610603            36.393074             5.217514  
38.473110            38.248459            33.819401             4.429079  
38.608212            35.500248            31.692654             3.807595  
38.743301            33.214638            29.906195             3.308439  
38.878399            31.288706            28.386843             2.901872  
39.013489            29.647306            27.080656             2.566674  
39.148590            28.233862            25.946674             2.287220  
39.283680            27.005568            24.953667             2.051913  
39.476681            25.504753            23.730036             1.774709  
39.669670            24.238569            22.688213             1.550367  
39.862671            23.158186            21.791641             1.366546  
40.055660            22.227018            21.012743             1.214275  
40.248661            21.414989            20.328533             1.086459  
40.441650            20.700026            19.722046             0.977980  
40.634651            20.066715            19.181402             0.885310  
40.827641            19.503418            18.697599             0.805817  
41.136429            18.717505            18.017813             0.699696  
41.445221            18.043852            17.430506             0.613347  
41.657520            17.636702            17.073202             0.563495  
41.869808            17.267824            16.747852             0.519966  
42.082111            16.929483            16.448122             0.481361  
42.294399            16.618528            16.171425             0.447096  
42.506699            16.332109            15.915260             0.416841  
42.718990            16.069653            15.677060             0.392589  
42.931290            15.843336            15.454247             0.389083  
42.984371            15.795290            15.400854             0.394433  
43.037441            15.750649            15.348423             0.402230  
43.063980            15.729340            15.322550             0.406788  
43.090511            15.708491            15.296928             0.411563  
43.117050            15.687887            15.271533             0.416354  
43.143581            15.667300            15.246371             0.420929  
43.182178            15.636872            15.210175             0.426692  
43.220779            15.605189            15.174457             0.430734  
43.254559            15.575918            15.143574             0.432344  
43.288330            15.544861            15.113055             0.431811  
43.308041            15.525827            15.095392             0.430432  
43.309471            15.524414            15.094116             0.430301  
43.314602            15.519332            15.089536             0.429795  
43.319729            15.514212            15.084979             0.429236  
43.329990            15.503811            15.075857             0.427951  
43.361519            15.470739            15.048057             0.422683  
43.393051            15.436082            15.020538             0.415545  
43.407459            15.419784            15.008058             0.411729  
43.451611            15.368444            14.970172             0.398273  
43.473679            15.342223            14.951436             0.390791  
43.495750            15.315816            14.932830             0.382989  
43.517818            15.289366            14.914355             0.375011  
43.539890            15.263001            14.896010             0.366989  
43.584030            15.210995            14.859707             0.351288  
43.672321            15.112288            14.788589             0.323702  
43.760601            15.022571            14.719329             0.303240  
44.113731            14.723636            14.457454             0.266175  
44.466869            14.463028            14.215205             0.247829  
44.643440            14.356063            14.100653             0.255412  
44.731720            14.321316            14.045163             0.276158  
44.820000            14.307009            13.990905             0.316107  
44.848831            14.307107            13.973447             0.333664  
44.877659            14.309313            13.956119             0.353191  
44.906490            14.313254            13.938925             0.374327  
44.920898            14.315716            13.930378             0.385340  
44.935310            14.318410            13.921858             0.396550  
44.949730            14.321246            13.913368             0.407874  
44.964142            14.324130            13.904910             0.419217  
44.978561            14.326956            13.896481             0.430475  
44.992970            14.329621            13.888088             0.441532  
45.007389            14.332018            13.879719             0.452302  
45.021801            14.334028            13.871376             0.462650  
45.050621            14.336442            13.854788             0.481658  
45.093868            14.334483            13.830107             0.504374  
45.115490            14.330288            13.817860             0.512426  
45.137112            14.323618            13.805675             0.517941  
45.160530            14.313393            13.792547             0.520848  
45.177429            14.304007            13.783112             0.520896  
45.195572            14.292042            13.773029             0.519014  
45.218811            14.273892            13.760166             0.513727  
45.234581            14.259842            13.751483             0.508359  
45.250351            14.244455            13.742827             0.501632  
45.281891            14.210073            13.725604             0.484467  
45.295170            14.194320            13.718391             0.475927  
45.316750            14.167363            13.706708             0.460652  
45.338329            14.139071            13.695090             0.443980  
45.359909            14.109792            13.683522             0.426265  
45.381489            14.079901            13.672013             0.407885  
45.403069            14.049769            13.660561             0.389206  
45.424648            14.019706            13.649159             0.370546  
45.446232            13.990059            13.637818             0.352239  
45.467812            13.961062            13.626530             0.334532  
45.489391            13.932948            13.615296             0.317657  
45.510971            13.905888            13.604110             0.301776  
45.554131            13.855390            13.581905             0.273484  
45.640450            13.769715            13.538085             0.231632  
45.985729            13.551253            13.369463             0.181788  
46.331009            13.382227            13.209956             0.172268  
46.503651            13.308874            13.133378             0.175500  
46.589970            13.277097            13.095936             0.181162  
46.633129            13.262314            13.077443             0.184870  
46.676289            13.247960            13.059084             0.188876  
46.702850            13.239202            13.047859             0.191345  
46.729408            13.230398            13.036688             0.193710  
46.755970            13.221447            13.025573             0.195873  
46.782532            13.212253            13.014508             0.197742  
46.829010            13.195305            12.995270             0.200033  
46.852249            13.186319            12.985710             0.200609  
46.875488            13.176948            12.976188             0.200756  
46.897388            13.167737            12.967250             0.200484  
46.900261            13.166500            12.966084             0.200418  
46.906460            13.163812            12.963555             0.200252  
46.912659            13.161095            12.961039             0.200054  
46.925060            13.155567            12.956003             0.199560  
46.960949            13.138927            12.941499             0.197423  
46.996841            13.121405            12.927084             0.194317  
47.032742            13.103151            12.912747             0.190402  
47.068630            13.084397            12.898505             0.185890  
47.104530            13.065352            12.884344             0.181007  
47.140419            13.046256            12.870272             0.175987  
47.176319            13.027317            12.856275             0.171041  
47.212212            13.008705            12.842361             0.166341  
47.283989            12.972930            12.814783             0.158147  
47.571129            12.849454            12.707515             0.141941  
48.145420            12.635787            12.504320             0.131462  
48.719711            12.437146            12.313305             0.123833  
49.006859            12.346303            12.221428             0.124874  
49.150429            12.313697            12.176635             0.137062  
49.222221            12.305155            12.154521             0.150633  
49.293999            12.303222            12.132593             0.170631  
49.336540            12.305017            12.119675             0.185341  
49.357811            12.306568            12.113239             0.193324  
49.379082            12.308423            12.106820             0.201604  
49.400349            12.310489            12.100410             0.210076  
49.421619            12.312630            12.094022             0.218610  
49.442890            12.314693            12.087643             0.227053  
49.464161            12.316542            12.081273             0.235264  
49.480122            12.317678            12.076510             0.241167  
49.496071            12.318533            12.071748             0.246779  
49.527969            12.319112            12.062261             0.256852  
49.559879            12.317777            12.052794             0.264977  
49.591782            12.314084            12.043362             0.270726  
49.607738            12.311254            12.038655             0.272602  
49.623692            12.307725            12.033952             0.273775  
49.640072            12.303360            12.029131             0.274226  
49.645821            12.301643            12.027440             0.274199  
49.662682            12.296075            12.022491             0.273584  
49.686779            12.286731            12.015428             0.271301  
49.703510            12.279316            12.010536             0.268780  
49.720242            12.271176            12.005647             0.265528  
49.753700            12.252927            11.995893             0.257034  
49.791180            12.229877            11.985005             0.244869  
49.809921            12.217542            11.979573             0.237971  
49.828659            12.204828            11.974149             0.230678  
49.850079            12.189962            11.967962             0.221999  
49.871498            12.174888            11.961783             0.213103  
49.892921            12.159765            11.955616             0.204146  
49.914330            12.144745            11.949466             0.195279  
49.935749            12.129946            11.943325             0.186621  
49.957169            12.115467            11.937187             0.178276  
50.000000            12.087854            11.924957             0.162897  
50.047619            12.059693            11.911407             0.148284  
50.095230            12.034428            11.897912             0.136514  
50.190449            11.991881            11.871073             0.120808  
50.380901            11.927065            11.817990             0.109074  
50.761791            11.818907            11.714087             0.104818  
51.523579            11.613578            11.512595             0.100981  
52.285370            11.414412            11.315920             0.098492  
53.047150            11.220465            11.123022             0.097443  
54.292992            10.907618            10.808695             0.098927  
54.915909            10.750019            10.648910             0.101105  
55.538818            10.589085            10.484435             0.104644  
56.161739            10.424742            10.315490             0.109250  
56.784660            10.253173            10.137400             0.115772  
57.407581            10.074426             9.948741             0.125684  
57.719040             9.995999             9.849927             0.146068  
57.796909             9.981279             9.824561             0.156715  
57.835838             9.974561             9.811770             0.162790  
57.874771             9.968053             9.798903             0.169151  
57.913700             9.961529             9.785962             0.175566  
57.952629             9.954698             9.772941             0.181757  
57.991562             9.947268             9.759840             0.187429  
58.030491             9.938944             9.746661             0.192284  
58.069180             9.929526             9.733477             0.196047  
58.088520             9.924327             9.726859             0.197467  
58.107861             9.918776             9.720220             0.198554  
58.128590             9.912422             9.713083             0.199336  
58.137211             9.909654             9.710110             0.199545  
58.153950             9.904066             9.704318             0.199747  
58.172279             9.897633             9.697960             0.199672  
58.190609             9.890880             9.691581             0.199293  
58.232510             9.874294             9.676938             0.197355  
58.274410             9.856314             9.662189             0.194121  
58.305840             9.842090             9.651058             0.191030  
58.337261             9.827409             9.639869             0.187537  
58.368690             9.812424             9.628622             0.183800  
58.400108             9.797296             9.617319             0.179973  
58.426960             9.784350             9.607615             0.176738  
58.453800             9.771481             9.597864             0.173618  
58.507481             9.746197             9.578227             0.167969  
58.614849             9.698433             9.538417             0.160015  
58.829590             9.613321             9.456504             0.156816  
59.259060             9.452205             9.283313             0.168890  
59.688541             9.281109             9.095245             0.185862  
60.118011             9.095624             8.888606             0.207012  
60.547489             8.892622             8.658980             0.233638  
60.976959             8.669225             8.401883             0.267339  
61.191700             8.548447             8.260743             0.287705  
61.406429             8.420268             8.109050             0.311217  
61.621170             8.284158             7.945745             0.338416  
61.835899             8.139555             7.769586             0.369968  
62.027069             8.003069             7.600581             0.402480  
62.218239             7.858591             7.418412             0.440180  
62.409409             7.705534             7.220890             0.484643  
62.600571             7.545302             7.005642             0.539658  
62.791740             7.392932             6.770325             0.622608  
62.982910             7.311202             6.512158             0.799039  
63.078499             7.331839             6.373349             0.958485  
63.126289             7.361599             6.301255             1.060338  
63.174080             7.403061             6.227254             1.175803  
63.197979             7.427285             6.189506             1.237774  
63.221870             7.453158             6.151245             1.301910  
63.245770             7.479955             6.112485             1.367472  
63.269661             7.506954             6.073187             1.433760  
63.293560             7.533287             6.033335             1.499945  
63.317451             7.558033             5.992929             1.565099  
63.341351             7.580234             5.951950             1.628272  
63.365238             7.598919             5.910403             1.688500  
63.420238             7.623566             5.812456             1.811096  
63.447739             7.623840             5.762248             1.861578  
63.475231             7.614752             5.711206             1.903526  
63.480469             7.611889             5.701413             1.910469  
63.492908             7.603631             5.677960             1.925660  
63.505341             7.593232             5.654322             1.938905  
63.521961             7.576000             5.622467             1.953529  
63.523392             7.574347             5.619708             1.954622  
63.529148             7.567361             5.608583             1.958768  
63.532028             7.563683             5.602992             1.960680  
63.540710             7.551945             5.586120             1.965811  
63.549389             7.539166             5.569164             1.969988  
63.563881             7.515528             5.540618             1.974892  
63.585621             7.474800             5.497323             1.977476  
63.607349             7.428105             5.453442             1.974649  
63.650810             7.318503             5.363849             1.954645  
63.689442             7.205994             5.282076             1.923919  
63.716000             7.122525             5.224684             1.897838  
63.742561             7.035541             5.166287             1.869245  
63.769119             6.946387             5.106853             1.839524  
63.795681             6.856388             5.046376             1.810005  
63.822239             6.766768             4.984838             1.781924  
63.848801             6.678648             4.922246             1.756391  
63.901920             6.510342             4.793659             1.716674  
63.955040             6.357098             4.660480             1.696602  
64.008163             6.221683             4.522427             1.699256  
64.114403             6.005905             4.231153             1.774743  
64.220642             5.854463             3.918365             1.936098  
64.326881             5.755836             3.582730             2.173095  
64.433121             5.709059             3.223848             2.485190  
64.539360             5.729625             2.843319             2.886288  
64.621460             5.814869             2.538406             3.276450  
64.703552             5.997088             2.233114             3.763959  
64.785652             6.344376             1.949485             4.394873  
64.867737             7.006267             1.746132             5.260115  
64.949837             8.337439             1.777338             6.560063  
64.990891             9.485299             1.987554             7.497707  
65.031929            11.181603             2.435446             8.746108  
65.072983            13.707386             3.256536            10.450798  
65.114029            17.468699             4.650029            12.818567  
65.134560            19.988516             5.648073            14.340383  
65.155083            23.050575             6.904829            16.145649  
65.175598            26.761789             8.473761            18.287745  
65.196121            31.252935            10.419909            20.832767  
65.215439            36.319523            12.660467            23.658773  
65.225098            39.203972            13.952292            25.251438  
65.234756            42.343956            15.369380            26.974075  
65.244423            45.765343            16.924946            28.840242  
65.254082            49.474770            18.622232            30.851967  
65.263741            53.508595            20.480265            33.028427  
65.273392            57.881893            22.505320            35.376141  
65.284866            63.554123            25.148409            38.405914  
65.296341            69.789619            28.070290            41.719097  
65.303581            74.039795            30.071318            43.968235  
65.316849            82.478546            34.061966            48.415840  
65.331337            92.748627            38.946957            53.801006  
65.345833           104.229782            44.437721            59.791664  
65.353683           110.981392            47.679642            63.302288  
65.361526           118.128227            51.118885            67.008080  
65.369377           125.705345            54.775776            70.928909  
65.377220           133.709839            58.647133            75.062355  
65.385071           142.155914            62.740231            79.412880  
65.392906           151.075348            67.074821            83.999931  
65.408600           170.426773            76.505585            93.921852  
65.421883           188.416275            85.302299           103.112747  
65.435158           207.992950            94.906052           113.088028  
65.448441           229.281708           105.378479           123.902374  
65.461723           252.294662           116.727722           135.564743  
65.474998           277.149506           129.020004           148.129822  
65.488281           303.933990           142.294739           161.634521  
65.501556           332.669495           156.570343           176.095444  
65.514839           363.476990           171.908112           191.565414  
65.528122           396.322937           188.297653           208.022781  
65.541397           431.311249           205.787277           225.517807  
65.554680           468.471619           224.401749           244.065292  
65.561317           487.832916           234.114212           253.715805  
65.567963           507.767822           244.125565           263.643372  
65.574600           528.242493           254.409485           273.825287  
65.581238           549.201355           264.953857           284.246704  
65.587883           570.809998           275.835175           294.973907  
65.594521           592.867615           286.945190           305.915497  
65.601158           615.471558           298.348999           317.124664  
65.607803           638.612976           310.029510           328.579132  
65.614441           662.240662           321.964539           340.271454  
65.621078           686.398254           334.177948           352.214813  
65.627724           711.067993           346.665161           364.400909  
65.634361           736.213135           359.397156           376.814270  
65.640999           761.799194           372.369415           389.426514  
65.647636           787.873779           385.596802           402.275208  
65.654282           814.449219           399.089630           415.356842  
65.660919           841.342407           412.757202           428.583466  
65.667557           868.711487           426.676300           442.032745  
65.674202           896.516846           440.827271           455.681458  
65.680840           924.679626           455.177612           469.496429  
65.687477           953.126831           469.675659           483.440948  
65.694122           981.941833           484.389557           497.548004  
65.700760          1011.106812           499.281250           511.820312  
65.707397          1040.537964           514.326538           526.207092  
65.714043          1070.280640           529.540527           540.719177  
65.720680          1100.114014           544.826050           555.280640  
65.727318          1130.190918           560.243835           569.944519  
65.733963          1160.534302           575.803284           584.718323  
65.740601          1190.916138           591.405762           599.502380  
65.753883          1252.078735           622.856018           629.205811  
65.767159          1313.305786           654.409119           658.896057  
65.780441          1374.502930           686.001892           688.491699  
65.793716          1435.208130           717.408081           717.792297  
65.806999          1495.181885           748.504578           746.657898  
65.820282          1554.227539           779.209290           775.016785  
65.833557          1611.714600           809.172119           802.532898  
65.855301          1702.212891           856.533081           845.677185  
65.877029          1786.680054           900.965820           885.695251  
65.920486          1932.380371           978.480164           953.895630  
65.947052          2002.787720          1016.614685           986.166565  
65.973602          2056.746826          1046.509766          1010.223877  
65.989304          2080.306152          1059.994385          1020.302612  
66.004990          2097.395020          1070.206787          1027.175293  
66.018097          2106.599609          1076.173462          1030.414185  
66.031197          2111.152344          1079.776733          1031.372681  
66.048668          2109.928955          1080.864868          1029.051514  
66.066139          2100.370117          1077.694946          1022.669678  
66.085800          2079.863037          1069.125854          1010.718201  
66.105461          2049.352295          1055.429321           993.921509  
66.136353          1982.393188          1024.054443           958.314087  
66.167236          1894.536987           981.823425           912.706848  
66.198128          1788.895752           930.249329           858.642090  
66.213577          1730.513306           901.513916           828.987244  
66.229019          1669.204102           871.199829           797.991882  
66.244469          1605.268433           839.465149           765.779236  
66.259911          1539.351807           806.638550           732.697693  
66.275360          1471.833496           772.911194           698.903442  
66.290802          1403.303589           738.576904           664.703979  
66.305550          1337.303345           705.436218           631.852539  
66.320290          1271.151611           672.129822           599.001038  
66.335037          1205.249878           638.889221           566.355042  
66.349777          1140.020386           605.914612           534.103088  
66.357162          1107.644165           589.515808           518.121643  
66.364532          1075.587158           573.266052           502.309113  
66.379272          1012.441589           541.216064           471.214417  
66.394012           950.774963           509.854187           440.911743  
66.408752           890.809204           479.304291           411.498901  
66.423500           832.790283           449.686279           383.087708  
66.438240           776.827454           421.074829           355.745605  
66.452980           723.143860           393.572998           329.562714  
66.467720           671.812134           367.231750           304.574280  
66.482468           622.878357           342.073608           280.799225  
66.497208           576.491089           318.180817           258.302307  
66.511948           532.661682           295.562073           237.091324  
66.526688           491.329010           274.191223           217.127396  
66.553368           422.956726           238.747986           184.205307  
66.580048           362.641113           207.360855           155.275970  
66.606728           309.980347           179.848328           130.128616  
66.633400           264.458344           155.963425           108.492447  
66.660080           225.499344           135.425888            90.072449  
66.686760           192.408035           117.890015            74.516243  
66.713440           164.550903           103.043343            61.506603  
66.740112           141.292511            90.568542            50.724045  
66.793472           106.044014            71.455681            34.587482  
66.846817            82.252319            58.319675            23.932074  
66.900177            66.365959            49.346161            17.019758  
66.953529            55.759056            43.184181            12.574706  
67.018120            47.369537            38.131023             9.238485  
67.082710            41.900543            34.689323             7.211178  
67.147301            38.111332            32.200970             5.910300  
67.211884            35.309151            30.292425             5.016665  
67.276466            33.116886            28.755959             4.360888  
67.341057            31.325237            27.473269             3.851956  
67.405647            29.816715            26.375809             3.440878  
67.470230            28.519932            25.420712             3.099172  
67.504189            27.906466            24.965454             2.940968  
67.583557            26.623056            24.006086             2.616960  
67.662918            25.513254            23.169210             2.344044  
67.742279            24.543306            22.431902             2.111381  
67.821640            23.688467            21.776930             1.911528  
67.907692            22.870028            21.144361             1.725653  
67.993736            22.146183            20.579601             1.566584  
68.079788            21.501781            20.071981             1.429794  
68.165840            20.924362            19.612967             1.311401  
68.337936            19.931396            18.814079             1.117316  
68.510033            19.105530            18.140532             0.965018  
68.682129            18.406923            17.564199             0.842723  
68.854218            17.808294            17.065325             0.742969  
69.026321            17.289753            16.629173             0.660585  
69.198410            16.836447            16.244621             0.591837  
69.341827            16.500292            15.957347             0.542945  
69.485237            16.196072            15.695759             0.500322  
69.772057            15.665208            15.235456             0.429758  
70.058891            15.215764            14.841799             0.373967  
70.345711            14.830360            14.501116             0.329250  
70.632538            14.495047            14.202215             0.292830  
70.919357            14.199767            13.936998             0.262771  
71.206192            13.937490            13.699670             0.237818  
71.493011            13.703413            13.485712             0.217706  
71.837196            13.465969            13.253715             0.212251  
72.009300            13.379318            13.146275             0.233040  
72.052330            13.361714            13.120253             0.241461  
72.095352            13.345369            13.094559             0.250810  
72.116859            13.337548            13.081833             0.255712  
72.138367            13.329891            13.069199             0.260689  
72.159882            13.322311            13.056633             0.265674  
72.181389            13.314741            13.044147             0.270596  
72.210083            13.304554            13.027622             0.276930  
72.238762            13.294067            13.011236             0.282829  
72.296120            13.271466            12.978866             0.292594  
72.334358            13.254650            12.957588             0.297060  
72.361847            13.241474            12.942434             0.299038  
72.389328            13.227283            12.927394             0.299888  
72.410843            13.215439            12.915708             0.299727  
72.422340            13.208823            12.909487             0.299338  
72.441948            13.197115            12.898926             0.298187  
72.470329            13.179181            12.883740             0.295442  
72.492630            13.164319            12.871898             0.292420  
72.514923            13.148815            12.860133             0.288682  
72.563553            13.112991            12.834702             0.278287  
72.591927            13.091057            12.820024             0.271035  
72.620300            13.068563            12.805456             0.263105  
72.648666            13.045671            12.790998             0.254676  
72.677040            13.022577            12.776649             0.245926  
72.705421            12.999429            12.762404             0.237025  
72.733788            12.976421            12.748275             0.228149  
72.762161            12.953681            12.734246             0.219435  
72.790527            12.931340            12.720324             0.211014  
72.847282            12.888221            12.692771             0.195447  
72.904022            12.847618            12.665608             0.182009  
73.017509            12.774401            12.612349             0.162048  
73.471474            12.545457            12.410698             0.134756  
73.860580            12.376145            12.250468             0.125677  
74.249687            12.218946            12.100465             0.118483  
74.638802            12.071339            11.958685             0.112653  
75.027901            11.931823            11.823772             0.108048  
75.417007            11.798949            11.694335             0.104607  
75.806122            11.671083            11.568798             0.102285  
76.195229            11.546824            11.445707             0.101117  
76.584328            11.424942            11.323602             0.101340  
77.200417            11.233383            11.128424             0.104959  
77.508469            11.136369            11.027409             0.108964  
77.816513            11.037056            10.921701             0.115354  
78.124557            10.934095            10.809067             0.125029  
78.278580            10.880673            10.749036             0.131635  
78.432602            10.825544            10.685635             0.139913  
78.586617            10.768348            10.617940             0.150412  
78.740639            10.708708            10.544800             0.163909  
78.894661            10.646232            10.464668             0.181566  
79.048683            10.580593            10.375348             0.205242  
79.162170            10.530170            10.301817             0.228355  
79.275658            10.478573            10.219694             0.258887  
79.389153            10.428554            10.126339             0.302207  
79.502640            10.391590            10.018202             0.373384  
79.559387            10.388992             9.957327             0.431668  
79.616127            10.411214             9.891372             0.519837  
79.672882            10.479691             9.820378             0.659314  
79.729622            10.630945             9.745159             0.885788  
79.786369            10.924407             9.667931             1.256473  
79.843109            11.452120             9.593225             1.858901  
79.899857            12.349179             9.528991             2.820232  
79.956596            13.802464             9.487797             4.314646  
80.005241            15.672890             9.484549             6.188377  
80.053879            18.310097             9.526743             8.783382  
80.078201            19.977699             9.570536            10.407098  
80.102524            21.911875             9.632804            12.279164  
80.126839            24.135986             9.716153            14.419641  
80.151161            26.673815             9.823372            16.850281  
80.175484            29.545042             9.957113            19.587873  
80.199799            32.767639            10.120054            22.647459  
80.211960            34.513737            10.213179            24.300505  
80.224121            36.351654            10.314496            26.037064  
80.236282            38.284393            10.424422            27.859701  
80.248444            40.306717            10.542850            29.764341  
80.260597            42.419540            10.670023            31.749172  
80.272758            44.626881            10.806493            33.820602  
80.284920            46.923710            10.952085            35.971489  
80.297081            49.306526            11.106797            38.199619  
80.309242            51.778221            11.271130            40.506657  
80.321404            54.332771            11.444862            42.887592  
80.333557            56.963974            11.627815            45.335190  
80.345711            59.667332            11.819836            47.847160  
80.356857            62.213009            12.004244            50.207844  
80.368011            64.812080            12.196261            52.614326  
80.379158            67.457047            12.395295            55.060909  
80.390297            70.147285            12.601610            57.545238  
80.401451            72.881393            12.815112            60.066208  
80.412590            75.642235            13.034693            62.607410  
80.423737            78.433693            13.260842            65.172386  
80.434883            81.243614            13.492748            67.750450  
80.446030            84.063705            13.729943            70.333504  
80.457176            86.894066            13.972435            72.920700  
80.468330            89.724525            14.219582            75.504883  
80.479469            92.539658            14.470382            78.068649  
80.490623            95.339600            14.724702            80.614235  
80.501762            98.107750            14.981469            83.124985  
80.512909           100.844391            15.240820            85.603355  
80.524048           103.529190            15.500832            88.028000  
80.537231           106.642639            15.810119            90.832115  
80.550400           109.660782            16.118502            93.540855  
80.576752           115.376305            16.730684            98.644966  
80.603104           120.561020            17.327185           103.233727  
80.629440           125.110008            17.897804           107.211639  
80.656799           129.059753            18.452534           110.606316  
80.684158           132.127167            18.957743           113.167328  
80.693283           132.940002            19.113537           113.825874  
80.704422           133.788162            19.294491           114.492569  
80.715569           134.471359            19.464581           115.005615  
80.726707           134.986954            19.623238           115.361816  
80.739548           135.369186            19.791431           115.577431  
80.747437           135.493515            19.886698           115.606010  
80.750603           135.518768            19.923143           115.595909  
80.762093           135.495819            20.046721           115.447380  
80.773567           135.288330            20.156303           115.132759  
80.798286           134.240311            20.343914           113.895477  
80.821892           132.483047            20.460522           112.020164  
80.845490           130.019196            20.515316           109.503159  
80.888199           123.926880            20.460318           103.465347  
80.909554           120.185516            20.361908            99.822762  
80.930901           116.048119            20.219337            95.827240  
80.950012           112.058128            20.057207            92.000740  
80.969109           107.839813            19.864752            87.973717  
80.988220           103.436813            19.645147            83.792130  
80.997772           101.180450            19.526011            81.654549  
81.007317            98.896957            19.401405            79.494659  
81.016876            96.586319            19.271353            77.313911  
81.026428            94.253395            19.136297            75.116447  
81.035980            91.910233            18.996977            72.911942  
81.045532            89.557350            18.853642            70.703934  
81.055092            87.201546            18.706621            68.495735  
81.064636            84.847267            18.556353            66.290367  
81.074188            82.501373            18.403503            64.096855  
81.083740            80.160393            18.247900            61.911976  
81.090492            78.515038            18.136650            60.377171  
81.097229            76.880562            18.024767            58.855412  
81.103973            75.255707            17.912029            57.342861  
81.110710            73.648453            17.799177            55.848450  
81.117462            72.046509            17.685335            54.360416  
81.124199            70.457291            17.570972            52.885788  
81.130943            68.888039            17.456760            51.431187  
81.137680            67.333450            17.342283            49.989906  
81.151169            64.275200            17.113317            47.161308  
81.164650            61.297184            16.885429            44.410931  
81.178139            58.399551            16.658976            41.740120  
81.191620            55.593239            16.435072            39.157722  
81.205109            52.881062            16.214165            36.666515  
81.218590            50.268978            15.997178            34.271042  
81.232079            47.758377            15.784472            31.973408  
81.245560            45.355946            15.576896            29.778585  
81.259048            43.054817            15.374120            27.680573  
81.272530            40.866108            15.177411            25.688026  
81.286018            38.784039            14.986636            23.797173  
81.299500            36.809216            14.802021            22.006828  
81.324226            33.465145            14.480533            18.984327  
81.348953            30.469305            14.181556            16.287537  
81.373680            27.807373            13.905407            13.901626  
81.398399            25.457846            13.651681            11.805902  
81.423126            23.399096            13.419842             9.979089  
81.447853            21.609680            13.209217             8.400367  
81.497299            18.735865            12.846343             5.889489  
81.546753            16.640116            12.552216             4.087854  
81.596199            15.144260            12.315449             2.828785  
81.645653            14.093275            12.124786             1.968443  
81.695091            13.362940            11.970446             1.392490  
81.758034            12.747026            11.813417             0.933598  
81.820961            12.354911            11.688498             0.666409  
81.883888            12.095860            11.586075             0.509778  
81.946823            11.914762            11.499595             0.415162  
82.009758            11.779503            11.424664             0.354843  
82.072693            11.671989            11.358366             0.313627  
82.198547            11.504232            11.244377             0.259853  
82.292953            11.403256            11.170771             0.232489  
82.387352            11.316307            11.104737             0.211573  
82.481750            11.240053            11.044713             0.195340  
82.576149            11.172626            10.989590             0.183041  
82.670547            11.113107            10.938539             0.174572  
82.764954            11.061470            10.890893             0.170575  
82.812149            11.038955            10.868188             0.170767  
82.859352            11.019057            10.846163             0.172892  
82.953743            10.989033            10.803908             0.185118  
82.989700            10.981886            10.788407             0.193481  
83.061623            10.976607            10.758255             0.218355  
83.070251            10.976889            10.754711             0.222172  
83.073120            10.977016            10.753531             0.223488  
83.075996            10.977181            10.752366             0.224825  
83.084091            10.977768            10.749056             0.228713  
83.092178            10.978539            10.745768             0.232770  
83.108353            10.980681            10.739239             0.241441  
83.160507            10.993120            10.718517             0.274603  
83.198463            11.007669            10.703742             0.303927  
83.236397            11.026846            10.689220             0.337622  
83.255379            11.038089            10.682044             0.356045  
83.274353            11.050384            10.674926             0.375457  
83.293320            11.063638            10.667871             0.395764  
83.312286            11.077748            10.660867             0.416878  
83.326523            11.088858            10.655644             0.433217  
83.340752            11.100350            10.650455             0.449911  
83.354980            11.112161            10.645288             0.466877  
83.369209            11.124220            10.640151             0.484070  
83.383438            11.136481            10.635039             0.501436  
83.397667            11.148836            10.629968             0.518866  
83.411903            11.161250            10.624900             0.536353  
83.426132            11.173610            10.619878             0.553733  
83.445099            11.189867            10.613214             0.576654  
83.464073            11.205697            10.606596             0.599103  
83.482452            11.220420            10.600213             0.620211  
83.500832            11.234336            10.593884             0.640452  
83.519211            11.247264            10.587584             0.659675  
83.537590            11.258984            10.581326             0.677654  
83.611107            11.290451            10.556649             0.733809  
83.634827            11.294260            10.548796             0.745451  
83.658546            11.294518            10.541002             0.753512  
83.683449            11.290799            10.532879             0.757921  
83.698936            11.286387            10.527855             0.758534  
83.703247            11.284858            10.526455             0.758411  
83.720161            11.277691            10.520995             0.756681  
83.741722            11.265734            10.514074             0.751650  
83.760590            11.252734            10.508047             0.744678  
83.779457            11.237448            10.502053             0.735392  
83.801033            11.217294            10.495229             0.722052  
83.822594            11.194460            10.488446             0.706009  
83.865723            11.141686            10.474992             0.666694  
83.892677            11.104629            10.466646             0.637964  
83.919632            11.065123            10.458357             0.606759  
83.933113            11.044630            10.454228             0.590402  
83.946587            11.023787            10.450117             0.573664  
83.960068            11.002633            10.446015             0.556605  
83.973541            10.981238            10.441931             0.539304  
83.987701            10.958604            10.437650             0.520948  
84.001846            10.935890            10.433382             0.502498  
84.015999            10.913145            10.429129             0.484008  
84.030151            10.890484            10.424889             0.465586  
84.044312            10.867962            10.420663             0.447295  
84.058456            10.845662            10.416451             0.429207  
84.072609            10.823609            10.412248             0.411356  
84.086761            10.801914            10.408056             0.393848  
84.100922            10.780566            10.403874             0.376689  
84.115067            10.759701            10.399710             0.359983  
84.143372            10.719397            10.391413             0.327978  
84.171669            10.681303            10.383170             0.298130  
84.199966            10.645564            10.374969             0.270592  
84.256577            10.581535            10.358685             0.222846  
84.313179            10.527421            10.342574             0.184843  
84.426392            10.445167            10.310806             0.134358  
84.652817            10.345534            10.248859             0.096673  
84.879242            10.277548            10.188632             0.088916  
85.332092            10.156795            10.071746             0.085050  
85.784943            10.041632             9.958035             0.083595  
86.507347             9.863618             9.779754             0.083869  
87.229752             9.688822             9.601780             0.087041  
87.590958             9.602511             9.511953             0.090562  
87.952164             9.519629             9.421037             0.098596  
88.132759             9.489076             9.375113             0.113960  
88.313362             9.508512             9.328991             0.179519  
88.403664             9.574700             9.306001             0.268700  
88.493958             9.719446             9.283227             0.436219  
88.539108             9.834948             9.271968             0.562985  
88.584259             9.987181             9.260839             0.726349  
88.629410            10.181804             9.249854             0.931968  
88.651993            10.296576             9.244418             1.052155  
88.674561            10.423562             9.239028             1.184521  
88.696129            10.556569             9.233926             1.322652  
88.717690            10.701165             9.228858             1.472332  
88.739258            10.857296             9.223835             1.633458  
88.760818            11.024703             9.218848             1.805825  
88.771606            11.112502             9.216367             1.896135  
88.782387            11.202884             9.213907             1.988983  
88.793167            11.295877             9.211442             2.084426  
88.803947            11.391254             9.208987             2.182295  
88.814743            11.489263             9.206542             2.282727  
88.825523            11.589329             9.204105             2.385243  
88.836304            11.691472             9.201674             2.489771  
88.847076            11.795436             9.199252             2.596165  
88.859894            11.921444             9.196383             2.725116  
88.872688            12.049452             9.193520             2.855922  
88.885498            12.179444             9.190655             2.988792  
88.898300            12.310769             9.187804             3.122984  
88.911110            12.443293             9.184948             3.258301  
88.923912            12.576327             9.182090             3.394252  
88.936707            12.709570             9.179243             3.530315  
88.949509            12.842930             9.176376             3.666526  
88.962318            12.975426             9.173511             3.801905  
88.975121            13.106814             9.170637             3.936192  
88.987923            13.236385             9.167756             4.068556  
89.000717            13.363902             9.164854             4.199156  
89.013527            13.488768             9.161948             4.326844  
89.026329            13.610554             9.159021             4.451500  
89.051933            13.842138             9.153114             4.689023  
89.143578            14.490517             9.131104             5.359371  
89.167839            14.601132             9.124989             5.476150  
89.192101            14.681932             9.118745             5.563162  
89.220398            14.736153             9.111279             5.624813  
89.235222            14.746939             9.107293             5.639630  
89.246773            14.746840             9.104145             5.642691  
89.248222            14.746326             9.103743             5.642495  
89.253113            14.743593             9.102401             5.641154  
89.257988            14.739683             9.101052             5.638510  
89.267754            14.727698             9.098332             5.629307  
89.275284            14.714731             9.096223             5.618437  
89.303528            14.638686             9.088178             5.550548  
89.329903            14.529641             9.080489             5.449145  
89.356262            14.385766             9.072652             5.313053  
89.405220            14.036766             9.057704             4.979028  
89.429703            13.827916             9.050064             4.777840  
89.454178            13.600689             9.042337             4.558332  
89.468307            13.462506             9.037844             4.424680  
89.482430            13.320097             9.033331             4.286733  
89.496559            13.173781             9.028786             4.144968  
89.510681            13.024896             9.024237             4.000596  
89.524811            12.873522             9.019670             3.853798  
89.538933            12.720563             9.015093             3.705405  
89.553047            12.566975             9.010512             3.556469  
89.567169            12.412955             9.005919             3.406982  
89.581299            12.258883             9.001319             3.257548  
89.595421            12.106078             8.996734             3.109332  
89.609543            11.954493             8.992132             2.962343  
89.623657            11.805003             8.987546             2.817439  
89.637787            11.657609             8.982953             2.674634  
89.651909            11.513139             8.978376             2.534723  
89.666031            11.371912             8.973807             2.398086  
89.680153            11.234330             8.969249             2.265076  
89.695221            11.091731             8.964399             2.127331  
89.710281            10.953900             8.959567             1.994324  
89.725349            10.820955             8.954741             1.866218  
89.740410            10.693272             8.949939             1.743290  
89.755478            10.570884             8.945151             1.625721  
89.770538            10.453953             8.940377             1.513575  
89.800667            10.236968             8.930893             1.306055  
89.830803            10.042112             8.921474             1.120637  
89.860931             9.869158             8.912124             0.957018  
89.921188             9.584653             8.893620             0.691033  
89.981453             9.372067             8.875319             0.496749  
90.041710             9.217781             8.857167             0.360611  
90.101967             9.107933             8.839103             0.268826  
90.222488             8.974696             8.803035             0.171662  
90.343010             8.901933             8.766784             0.135150  
90.463531             8.852805             8.730169             0.122634  
90.704567             8.772985             8.655609             0.117375  
91.269508             8.593908             8.473703             0.120205  
91.834450             8.408741             8.280885             0.127855  
92.116920             8.315093             8.179752             0.135332  
92.399391             8.239714             8.074786             0.164924  
92.540627             8.226665             8.020753             0.205912  
92.611252             8.230035             7.993325             0.236714  
92.646561             8.234286             7.979507             0.254776  
92.681862             8.240098             7.965624             0.274475  
92.717171             8.247265             7.951656             0.295603  
92.734833             8.251258             7.944652             0.306607  
92.752480             8.255468             7.937624             0.317845  
92.770142             8.259848             7.930578             0.329268  
92.787788             8.264330             7.923521             0.340806  
92.805450             8.268863             7.916439             0.352420  
92.823097             8.273363             7.909343             0.364028  
92.840759             8.277782             7.902225             0.375560  
92.858414             8.282039             7.895081             0.386957  
92.876068             8.286052             7.887924             0.398129  
92.893723             8.289753             7.880751             0.409005  
92.911377             8.293062             7.873559             0.419503  
92.929031             8.295898             7.866342             0.429558  
92.964333             8.299870             7.851859             0.448011  
93.013298             8.300729             7.831648             0.469080  
93.037781             8.298758             7.821476             0.477279  
93.062263             8.295016             7.811281             0.483740  
93.096161             8.286734             7.797086             0.489649  
93.116417             8.280001             7.788568             0.491437  
93.126480             8.276149             7.784328             0.491820  
93.142761             8.269205             7.777455             0.491755  
93.166634             8.257456             7.767342             0.490118  
93.195282             8.240935             7.755161             0.485778  
93.223923             8.221882             7.742919             0.478967  
93.252563             8.200484             7.730626             0.469863  
93.295532             8.164478             7.712072             0.452408  
93.317009             8.144977             7.702753             0.442225  
93.338493             8.124643             7.693400             0.431242  
93.359978             8.103599             7.684015             0.419590  
93.381462             8.081990             7.674593             0.407402  
93.402939             8.059970             7.665140             0.394830  
93.424423             8.037650             7.655654             0.382001  
93.445908             8.015168             7.646133             0.369040  
93.467392             7.992654             7.636575             0.356082  
93.488869             7.970231             7.626990             0.343244  
93.510353             7.947994             7.617369             0.330629  
93.531830             7.926047             7.607711             0.318336  
93.553307             7.904469             7.598023             0.306451  
93.596268             7.862690             7.578523             0.284169  
93.655952             7.808361             7.551206             0.257159  
93.715622             7.758795             7.523592             0.235204  
93.834969             7.673475             7.467481             0.206001  
94.073662             7.540021             7.351503             0.188518  
94.551041             7.307070             7.104661             0.202411  
95.028419             7.061919             6.836918             0.225000  
95.505798             6.796296             6.543694             0.252602  
95.983177             6.506494             6.219875             0.286618  
96.460564             6.188100             5.858747             0.329346  
96.937943             5.839326             5.455019             0.384313  
97.176628             5.657619             5.234698             0.422922  
97.415321             5.487281             5.000039             0.487241  
97.558540             5.399641             4.851839             0.547801  
97.630150             5.359996             4.775529             0.584471  
97.665947             5.340776             4.736816             0.603961  
97.701752             5.321632             4.697686             0.623942  
97.737556             5.302300             4.658171             0.644128  
97.773361             5.282452             4.618247             0.664203  
97.809158             5.261754             4.577912             0.683845  
97.844963             5.239858             4.537166             0.702695  
97.916573             5.191131             4.454367             0.736761  
97.952370             5.163714             4.412329             0.751387  
97.988167             5.133951             4.369830             0.764121  
98.002502             5.121347             4.352695             0.768654  
98.027802             5.098098             4.322260             0.775839  
98.037857             5.088509             4.310102             0.778405  
98.056976             5.069692             4.286876             0.782821  
98.064598             5.062006             4.277593             0.784416  
98.083649             5.042262             4.254274             0.787987  
98.102699             5.021808             4.230821             0.790992  
98.140800             4.978875             4.183519             0.795360  
98.232239             4.866190             4.067817             0.798371  
98.287491             4.793071             3.996376             0.796697  
98.342728             4.717699             3.923774             0.793925  
98.397972             4.641306             3.849982             0.791325  
98.453209             4.565035             3.775008             0.790027  
98.563698             4.416070             3.621375             0.794695  
98.674179             4.274810             3.462866             0.811949  
98.895149             4.014347             3.130757             0.883590  
99.116119             3.771288             2.778396             0.992902  
99.337090             3.538817             2.406246             1.132571  
99.558060             3.323134             2.016529             1.306607  
99.779030             3.141171             1.614756             1.526417  
99.889519             3.071481             1.412712             1.658778  
100.000000             3.022778             1.212856             1.809925  
100.171700             3.006534             0.915347             2.091178  
100.343399             3.100331             0.653454             2.446883  
100.429298             3.208606             0.546777             2.661827  
100.472198             3.283010             0.502433             2.780578  
100.515099             3.373463             0.465500             2.907968  
100.557999             3.482218             0.437313             3.044906  
100.600899             3.611955             0.419465             3.192496  
100.643799             3.765650             0.413857             3.351799  
100.665298             3.852831             0.416333             3.436499  
100.686699             3.947066             0.422737             3.524336  
100.713699             4.077410             0.436983             3.640429  
100.727203             4.147762             0.446915             3.700854  
100.740700             4.221713             0.458855             3.762862  
100.754204             4.299514             0.472938             3.826575  
100.767700             4.381343             0.489272             3.892070  
100.781197             4.467489             0.508026             3.959459  
100.794701             4.558066             0.529313             4.028754  
100.811897             4.680366             0.560397             4.119970  
100.829002             4.810180             0.596028             4.214154  
100.841301             4.908901             0.624790             4.284115  
100.854797             5.022609             0.659535             4.363081  
100.868896             5.148030             0.699728             4.448323  
100.882896             5.279374             0.743736             4.535648  
100.902603             5.476965             0.813324             4.663640  
100.922203             5.689519             0.892268             4.797244  
100.941803             5.919347             0.981881             4.937473  
100.961403             6.168624             1.083536             5.085114  
100.983498             6.475060             1.214114             5.260943  
101.005600             6.811834             1.363992             5.447850  
101.027702             7.183271             1.536062             5.647218  
101.049698             7.591479             1.732389             5.859110  
101.071800             8.045922             1.958692             6.087230  
101.093803             8.549225             2.217651             6.331547  
101.115898             9.112196             2.516378             6.595840  
101.137901             9.740455             2.859426             6.881086  
101.167397            10.706498             3.403644             7.302872  
101.196800            11.838506             4.062571             7.775953  
101.226196            13.178373             4.865941             8.312492  
101.255600            14.775072             5.849130             8.925931  
101.285103            16.694258             7.059640             9.634620  
101.314499            18.997757             8.543790            10.453960  
101.343903            21.783884            10.373179            11.410947  
101.373299            25.164457            12.629460            12.534964  
101.400299            28.910244            15.164455            13.745752  
101.427299            33.397575            18.236917            15.160688  
101.454300            38.778885            21.959593            16.819637  
101.481201            45.208298            26.446743            18.761835  
101.508202            52.926247            31.875109            21.050989  
101.535202            62.151215            38.407780            23.742924  
101.562202            73.154884            46.247810            26.907562  
101.589104            86.198959            55.588913            30.610071  
101.616096           101.687996            66.731934            34.955925  
101.643097           119.995262            79.956398            40.038803  
101.670097           141.493576            95.540878            45.953106  
101.696999           166.565262           113.774651            52.793045  
101.723999           195.854385           135.131485            60.723183  
101.750999           229.764526           159.924011            69.842300  
101.778000           268.824585           188.541656            80.280357  
101.804901           313.349792           221.235321            92.113663  
101.836800           374.068390           265.906372           108.158974  
101.868698           444.192566           317.606201           126.589012  
101.884697           483.074707           346.312561           136.766098  
101.900597           524.317688           376.782715           147.535385  
101.916603           568.541260           409.489197           159.054916  
101.932503           615.105774           443.943359           171.157013  
101.948502           664.777100           480.740479           184.035248  
101.964401           716.885071           519.363831           197.519470  
101.980400           772.101257           560.314636           211.774231  
101.996300           829.757568           603.132202           226.634232  
102.012299           890.540283           648.279297           242.261765  
102.028198           953.614441           695.168518           258.443726  
102.044098          1019.337585           744.054077           275.275208  
102.059998          1087.574585           794.858826           292.712311  
102.074699          1152.856445           843.498962           309.365326  
102.089401          1220.091309           893.606018           326.480255  
102.104103          1289.139038           945.110962           344.029053  
102.118797          1359.760254           997.829834           361.945068  
102.133499          1432.095337          1051.828979           380.255798  
102.148201          1505.784424          1106.889526           398.875610  
102.162903          1580.544067          1162.819458           417.734192  
102.177597          1656.275879          1219.480469           436.794800  
102.188103          1710.809326          1260.324341           450.492401  
102.198502          1765.115356          1300.993652           464.115082  
102.208900          1819.639282          1341.870117           477.776398  
102.219299          1874.213013          1382.806274           491.425110  
102.240196          1983.802979          1465.053223           518.765320  
102.261002          2092.064697          1546.398926           545.675110  
102.281898          2199.134277          1626.938965           572.197144  
102.302696          2303.216797          1705.358887           597.862122  
102.323502          2403.948730          1781.353027           622.588745  
102.344299          2500.333984          1854.201782           646.127258  
102.398300          2724.490723          2024.267700           700.237000  
102.452202          2899.622803          2158.189209           741.416016  
102.481598          2970.376465          2212.954346           757.438843  
102.511002          3021.770020          2253.290283           768.462463  
102.532799          3046.691162          2273.423828           773.256531  
102.554497          3060.092041          2284.997559           775.122742  
102.558998          3061.449707          2286.292725           775.140686  
102.560501          3061.782959          2286.668945           775.112915  
102.564796          3062.430664          2287.456787           774.977234  
102.569000          3062.644775          2287.923096           774.735413  
102.577400          3061.745117          2287.836670           773.905701  
102.594299          3054.741211          2283.813965           770.938049  
102.616203          3035.355957          2270.889160           764.473816  
102.638000          3004.758789          2249.559814           755.213684  
102.659798          2963.340576          2220.084229           743.229065  
102.681602          2911.455322          2182.800049           728.652771  
102.736198          2740.535645          2058.510498           682.026245  
102.763496          2635.928955          1981.886719           654.030212  
102.790802          2520.870605          1897.345093           623.524353  
102.813904          2416.709473          1820.615845           596.110840  
102.836998          2307.818359          1740.241577           567.588745  
102.860100          2194.999512          1656.817749           538.188538  
102.883202          2079.679443          1571.420532           508.250763  
102.894798          2021.104614          1528.003662           493.101593  
102.906303          1962.746826          1484.728271           478.030273  
102.917900          1903.961914          1441.079102           462.872650  
102.929398          1845.641357          1397.765259           447.860199  
102.941002          1786.937744          1354.154297           432.787689  
102.952499          1729.046753          1311.114502           417.935577  
102.964104          1670.991821          1267.930176           403.070282  
102.975601          1614.065430          1225.542236           388.514160  
102.987198          1557.185913          1183.188843           373.992035  
102.998703          1501.380127          1141.617554           359.769257  
103.010300          1445.983154          1100.324463           345.670929  
103.021797          1391.977905          1060.035522           331.945923  
103.033401          1338.372070          1020.032288           318.338074  
103.044899          1286.310791           981.157654           305.141449  
103.068001          1184.904297           905.417114           279.503296  
103.091103          1088.315063           833.173401           255.148804  
103.114197           996.811096           764.673157           232.138550  
103.137299           910.591797           700.076843           210.524216  
103.160400           829.841980           639.511475           190.337494  
103.183502           754.653320           583.057922           171.596878  
103.206596           684.931702           530.653320           154.276031  
103.229698           620.581421           482.241302           138.339767  
103.252800           561.578918           437.804565           123.775116  
103.299004           458.599365           360.107269            98.491058  
103.345200           374.117676           296.206268            77.911537  
103.387199           311.430450           248.662338            62.769875  
103.429199           260.384796           209.832611            50.551506  
103.471199           219.182617           178.390320            40.792149  
103.513199           186.199463           153.125458            33.073784  
103.555199           159.944107           132.929962            27.014223  
103.597198           139.103989           116.823326            22.281139  
103.639198           122.570358           103.975807            18.594345  
103.681198           109.427422            93.702972            15.724011  
103.765198            90.444702            78.725380            11.719437  
103.849197            77.838989            68.638458             9.200581  
103.933197            69.014885            61.478813             7.536004  
104.017097            62.482948            56.113476             6.369508  
104.096901            57.615395            52.075012             5.540317  
104.176697            53.635937            48.747566             4.888457  
104.256500            50.294239            45.935188             4.359021  
104.336304            47.435879            43.516533             3.919463  
104.416100            44.955784            41.407719             3.548189  
104.495903            42.779701            39.549221             3.230537  
104.655403            39.136189            36.419483             2.716722  
104.815002            36.198349            33.877899             2.320409  
104.974503            33.779739            31.772253             2.007523  
105.134102            31.752449            29.996870             1.755570  
105.293602            30.031361            28.481539             1.549826  
105.444801            28.624279            27.236551             1.387722  
105.596001            27.394419            26.143471             1.250939  
105.747200            26.310608            25.176128             1.134500  
105.898399            25.348196            24.313644             1.034565  
106.049599            24.487450            23.539341             0.948135  
106.200798            23.712166            22.839394             0.872809  
106.503098            22.368179            21.619967             0.748262  
106.805496            21.239342            20.589245             0.650076  
107.107803            20.277933            19.706213             0.571695  
107.410202            19.448492            18.939997             0.508463  
107.712502            18.724377            18.267359             0.457002  
108.082100            17.950949            17.544621             0.406339  
108.451599            17.274010            16.907883             0.366114  
108.821098            16.673855            16.339617             0.334236  
109.190598            16.134453            15.825326             0.309136  
109.560204            15.641211            15.351697             0.289516  
109.929703            15.184201            14.909214             0.274995  
110.299202            14.764058            14.490319             0.273731  
110.484001            14.581383            14.287993             0.293397  
110.668701            14.433468            14.089705             0.343760  
110.723297            14.397232            14.031735             0.365491  
110.777901            14.363846            13.973987             0.389859  
110.805199            14.348022            13.945226             0.402804  
110.832497            14.332607            13.916514             0.416099  
110.859802            14.317443            13.887822             0.429619  
110.887100            14.302387            13.859183             0.443194  
110.914398            14.287265            13.830613             0.456647  
110.941704            14.271885            13.802079             0.469814  
110.969002            14.256068            13.773571             0.482495  
110.996300            14.239621            13.745121             0.494504  
111.105499            14.163793            13.631558             0.532227  
111.139099            14.136154            13.596678             0.539470  
111.172699            14.106100            13.561845             0.544245  
111.197899            14.081900            13.535732             0.546150  
111.217697            14.061831            13.515221             0.546608  
111.234802            14.043774            13.497508             0.546264  
111.256798            14.019561            13.474735             0.544821  
111.287102            13.984387            13.443363             0.541020  
111.317398            13.947228            13.411997             0.535211  
111.339500            13.918897            13.389112             0.529776  
111.391899            13.848166            13.334866             0.513293  
111.444199            13.773331            13.280675             0.492650  
111.470398            13.734662            13.253519             0.481137  
111.496498            13.695518            13.226421             0.469082  
111.522697            13.655820            13.199229             0.456586  
111.548798            13.616044            13.172126             0.443905  
111.574997            13.575970            13.144879             0.431086  
111.601097            13.536099            13.117709             0.418384  
111.627296            13.496271            13.090420             0.405844  
111.653397            13.456857            13.063185             0.393662  
111.705704            13.379190            13.008535             0.370657  
111.758003            13.303760            12.953720             0.350032  
111.923302            13.082871            12.779205             0.303666  
112.088501            12.885866            12.602381             0.283492  
112.418900            12.523316            12.238647             0.284664  
112.749298            12.160382            11.856071             0.304304  
113.079697            11.780138            11.446890             0.333240  
113.410202            11.374229            11.000671             0.373555  
113.575401            11.158627            10.759100             0.399530  
113.740601            10.932494            10.501866             0.430630  
113.905800            10.694254            10.226190             0.468073  
114.070999            10.442188             9.928746             0.513442  
114.236198            10.174702             9.605872             0.568837  
114.401398             9.889811             9.252531             0.637281  
114.544601             9.627578             8.917145             0.710424  
114.687798             9.350263             8.549651             0.800605  
114.831001             9.057792             8.144004             0.913791  
114.974197             8.752533             7.693415             1.059111  
115.117401             8.443276             7.190958             1.252305  
115.189003             8.295192             6.919438             1.375761  
115.260597             8.162566             6.636715             1.525852  
115.332199             8.063674             6.348706             1.714971  
115.403801             8.034098             6.069471             1.964625  
115.475403             8.141605             5.829124             2.312501  
115.546898             8.510346             5.686268             2.824107  
115.624001             9.458042             5.766795             3.691247  
115.701103            11.449653             6.328497             5.121175  
115.778198            15.292171             7.784157             7.508096  
115.855301            22.252829            10.792230            11.460708  
115.893898            27.461952            13.172174            14.289905  
115.932404            34.186932            16.329565            17.857414  
115.971001            42.783817            20.453398            22.330360  
116.009499            53.595905            25.729778            27.866385  
116.048103            67.081490            32.403839            34.678337  
116.086601            83.581474            40.665932            42.916008  
116.125099           103.555771            50.767277            52.789246  
116.144402           115.011719            56.598309            58.414928  
116.163597           127.412788            62.935120            64.477943  
116.186401           143.543640            71.212234            72.332031  
116.197800           152.163712            75.648697            76.515816  
116.209099           161.123642            80.269333            80.853912  
116.220497           170.563721            85.147537            85.416122  
116.231903           180.408844            90.244888            90.164368  
116.243301           190.657730            95.560432            95.097206  
116.254601           201.225525           101.052994           100.176109  
116.265999           212.334671           106.834381           105.500824  
116.277397           223.833496           112.828835           111.004097  
116.288803           235.735092           119.043846           116.689079  
116.300102           247.985382           125.454163           122.532784  
116.311501           260.768127           132.151031           128.617615  
116.322800           273.788818           138.985703           134.806320  
116.334198           287.394501           146.135330           141.260391  
116.345497           301.265564           153.437195           147.827789  
116.352798           310.428467           158.267288           152.162094  
116.360001           319.597137           163.105316           156.492661  
116.367203           328.935608           168.034470           160.898041  
116.374397           338.421265           173.049637           165.371185  
116.384003           351.301788           179.867630           171.435760  
116.391602           361.677826           185.364288           176.315903  
116.399200           372.212189           190.950684           181.263718  
116.405800           381.455200           195.858612           185.599808  
116.412300           390.710236           200.775421           189.938416  
116.418800           400.050598           205.740921           194.311630  
116.425301           409.443329           210.740005           198.703659  
116.432602           420.187714           216.461395           203.726227  
116.439796           430.850403           222.146576           208.702469  
116.446999           441.610504           227.889954           213.721649  
116.454201           452.452576           233.684601           218.773071  
116.461502           463.580200           239.634979           223.951004  
116.468697           474.619781           245.541672           229.084183  
116.483101           496.938782           257.506531           239.434967  
116.495499           516.394226           267.952637           248.442459  
116.507896           535.956482           278.476776           257.482178  
116.520302           555.698059           289.116486           266.584167  
116.532700           575.451599           299.784302           275.672546  
116.545097           595.286011           310.512024           284.778076  
116.557503           615.044617           321.219055           293.824738  
116.569901           634.793030           331.944794           302.849823  
116.582199           654.239380           342.528717           311.713104  
116.596001           675.862122           354.321808           321.537689  
116.609802           697.193359           365.987579           331.204987  
116.623596           718.174927           377.499115           340.689331  
116.637299           738.628357           388.739563           349.888489  
116.664803           778.126648           410.561768           367.564026  
116.692299           815.111084           431.149048           383.966309  
116.714401           842.643188           446.588928           396.058105  
116.730904           861.751709           457.384796           404.374664  
116.761200           893.270996           475.376221           417.894958  
116.791496           919.600098           490.689270           428.909698  
116.816299           936.944275           501.031372           435.910065  
116.841003           950.221619           509.248199           440.973480  
116.871498           960.851074           516.345581           444.506012  
116.892303           964.364746           519.210815           445.150421  
116.893799           964.488525           519.353088           445.138245  
116.897202           964.730469           519.641418           445.084198  
116.900597           964.897705           519.892395           445.002533  
116.907303           964.969055           520.256104           444.713196  
116.920799           964.149414           520.465454           443.688995  
116.941902           960.299622           519.415039           440.880981  
116.962997           953.321716           516.698975           436.633911  
116.995796           936.558167           509.265656           427.298950  
117.028603           912.877930           498.076599           414.801788  
117.084801           858.107483           471.125183           386.982758  
117.112900           824.985535           454.471375           370.522247  
117.140999           788.758911           436.056793           352.701141  
117.166801           753.181519           417.832245           335.345306  
117.179703           734.778015           408.357788           326.418518  
117.192596           716.005493           398.666412           317.333801  
117.205498           696.867249           388.759308           308.104126  
117.218399           677.539124           378.731598           298.811005  
117.231300           657.993835           368.561829           289.437592  
117.244102           638.436401           358.358826           280.078613  
117.257004           618.694702           348.041260           270.656036  
117.269897           598.891785           337.663727           261.221985  
117.282799           579.098083           327.277618           251.817261  
117.295601           559.486267           316.962921           242.523239  
117.308502           539.892029           306.639923           233.253693  
117.321404           520.421814           296.356781           224.060684  
117.334297           501.145203           286.163483           214.979446  
117.347099           482.268921           276.160645           206.101959  
117.359398           464.309692           266.633972           197.676941  
117.371696           446.733398           257.290375           189.441666  
117.384003           429.352692           248.037933           181.316025  
117.396301           412.363739           238.976959           173.383713  
117.408600           395.692963           230.074951           165.616638  
117.420898           379.394745           221.356262           158.036591  
117.433197           363.509155           212.846130           150.661240  
117.445503           347.999298           204.524261           143.475021  
117.457802           332.881714           196.400177           136.480774  
117.470100           318.224823           188.510162           129.712296  
117.482399           304.003204           180.843460           123.158188  
117.494698           290.261108           173.424988           116.837059  
117.519302           264.048553           159.237335           104.809189  
117.543800           239.804123           146.073135            93.729408  
117.568398           217.299500           133.814636            83.486580  
117.593002           196.571381           122.482506            74.087395  
117.617599           177.635742           112.096260            65.540840  
117.642197           160.374786           102.589767            57.783203  
117.666801           144.746780            93.950737            50.795280  
117.691399           130.667114            86.134895            44.532284  
117.740501           106.774559            72.782738            33.991539  
117.787399            88.608498            62.530701            26.077698  
117.834198            74.284546            54.356445            19.927584  
117.881104            63.089653            47.885765            15.203601  
117.927902            54.454868            42.819435            11.635248  
117.974800            47.821957            38.859467             8.962561  
118.021599            42.762398            35.777107             6.985312  
118.068398            38.895699            33.366554             5.529073  
118.115196            35.929836            31.469324             4.460485  
118.208900            31.830297            28.736525             3.093793  
118.302597            29.228031            26.895020             2.332967  
118.396301            27.439678            25.558586             1.881094  
118.489899            26.112789            24.522635             1.590158  
118.574203            25.158829            23.753216             1.405603  
118.658501            24.360928            23.093159             1.267792  
118.742798            23.679718            22.516117             1.163607  
118.827103            23.089350            22.004398             1.084955  
118.911400            22.571867            21.546083             1.025746  
118.953598            22.335934            21.334160             1.001764  
118.995697            22.113468            21.132851             0.980632  
119.037903            21.901897            20.940371             0.961523  
119.080002            21.701202            20.757303             0.943899  
119.164200            21.325182            20.414936             0.910246  
119.215797            21.108414            20.219389             0.889021  
119.267303            20.900129            20.033863             0.866269  
119.304703            20.753208            19.904808             0.848408  
119.325500            20.672956            19.835035             0.837927  
119.342598            20.607660            19.778671             0.828990  
119.375999            20.481728            19.671032             0.810694  
119.392601            20.419941            19.618752             0.801197  
119.444702            20.229305            19.459612             0.769696  
119.496803            20.043610            19.307676             0.735944  
119.548897            19.862753            19.162296             0.700462  
119.600998            19.687027            19.023067             0.663955  
119.653099            19.516724            18.889547             0.627180  
119.705200            19.352459            18.761511             0.590960  
119.757301            19.194401            18.638445             0.555961  
119.809303            19.043085            18.520264             0.522833  
119.913498            18.760052            18.296492             0.463554  
120.017700            18.503159            18.088331             0.414824  
120.225998            18.058140            17.712315             0.345811  
120.437202            17.678003            17.376686             0.301317  
120.648300            17.348320            17.078917             0.269396  
120.859398            17.056166            16.812328             0.243829  
121.070503            16.794266            16.571917             0.222343  
121.281601            16.557606            16.353640             0.203956  
121.492699            16.342430            16.154358             0.188073  
121.914902            15.963879            15.801840             0.162038  
122.337196            15.639699            15.498022             0.141678  
122.759399            15.358637            15.233090             0.125544  
123.181602            15.111887            14.999226             0.112657  
123.603798            14.893150            14.790278             0.102871  
123.959396            14.735701            14.630238             0.105465  
124.137199            14.682184            14.555023             0.127164  
124.314903            14.669842            14.482797             0.187041  
124.370499            14.678145            14.460795             0.217350  
124.426102            14.693027            14.439059             0.253967  
124.453903            14.702943            14.428282             0.274665  
124.481697            14.714447            14.417567             0.296870  
124.509499            14.727452            14.406920             0.320531  
124.537201            14.741785            14.396386             0.345404  
124.565002            14.757401            14.385875             0.371523  
124.578903            14.765607            14.380645             0.384966  
124.592796            14.774045            14.375431             0.398613  
124.606697            14.782705            14.370220             0.412476  
124.620598            14.791536            14.365024             0.426507  
124.634499            14.800481            14.359863             0.440623  
124.648300            14.809476            14.354734             0.454746  
124.662201            14.818591            14.349586             0.468993  
124.676102            14.827731            14.344466             0.483258  
124.690002            14.836869            14.339346             0.497526  
124.703903            14.845931            14.334248             0.511677  
124.717796            14.854897            14.329167             0.525715  
124.731697            14.863714            14.324101             0.539609  
124.745598            14.872328            14.319053             0.553267  
124.759399            14.880651            14.314040             0.566601  
124.780296            14.892700            14.306492             0.586205  
124.801102            14.903916            14.299009             0.604902  
124.842796            14.923368            14.284099             0.639266  
124.926102            14.946303            14.254686             0.691613  
124.953903            14.948194            14.244966             0.703216  
124.981598            14.946826            14.235341             0.711480  
125.010803            14.941734            14.225248             0.716483  
125.026001            14.937573            14.220019             0.717548  
125.037498            14.933735            14.216076             0.717645  
125.057098            14.925772            14.209370             0.716402  
125.079300            14.914673            14.201797             0.712870  
125.100502            14.902024            14.194604             0.707420  
125.121696            14.887403            14.187433             0.699974  
125.147903            14.866757            14.178604             0.688157  
125.174103            14.843423            14.169827             0.673593  
125.226501            14.789436            14.152388             0.637050  
125.262802            14.747241            14.140414             0.606830  
125.280998            14.724882            14.134439             0.590443  
125.299103            14.701945            14.128513             0.573437  
125.317299            14.678342            14.122577             0.555767  
125.335403            14.654396            14.116693             0.537699  
125.353500            14.630061            14.110826             0.519236  
125.371597            14.605500            14.104984             0.500520  
125.390503            14.579627            14.098892             0.480732  
125.409401            14.553755            14.092840             0.460913  
125.428299            14.527829            14.086792             0.441038  
125.447197            14.502088            14.080776             0.421311  
125.466103            14.476544            14.074780             0.401767  
125.485001            14.451308            14.068803             0.382509  
125.503899            14.426470            14.062851             0.363625  
125.522797            14.402079            14.056911             0.345165  
125.541702            14.378186            14.050996             0.327194  
125.560600            14.354856            14.045092             0.309767  
125.579498            14.332167            14.039219             0.292951  
125.598396            14.310144            14.033364             0.276776  
125.636200            14.268188            14.021717             0.246474  
125.674004            14.229121            14.010137             0.218986  
125.749603            14.160007            13.987231             0.172778  
125.825203            14.102263            13.964627             0.137637  
125.976402            14.014663            13.920307             0.094356  
126.278801            13.901293            13.834948             0.066344  
126.581100            13.814188            13.753627             0.060567  
127.185898            13.656563            13.601368             0.055200  
127.790604            13.512030            13.460956             0.051073  
128.395401            13.377208            13.329644             0.047563  
129.000107            13.252267            13.207673             0.044597  
130.209503            13.024832            12.985029             0.039810  
131.241592            12.849570            12.812890             0.036684  
131.757706            12.767669            12.732069             0.035600  
132.273697            12.695415            12.654675             0.040757  
132.531693            12.680814            12.617043             0.063773  
132.596207            12.682829            12.607744             0.075089  
132.660706            12.687771            12.598495             0.089279  
132.692993            12.691375            12.593879             0.097502  
132.725204            12.695705            12.589290             0.106420  
132.757507            12.700758            12.584692             0.116073  
132.789703            12.706470            12.580119             0.126353  
132.812897            12.710938            12.576830             0.134109  
132.836105            12.715676            12.573554             0.142126  
132.859299            12.720651            12.570278             0.150375  
132.882507            12.725804            12.567007             0.158795  
132.905701            12.731087            12.563742             0.167345  
132.928894            12.736447            12.560484             0.175957  
132.952103            12.741821            12.557227             0.184591  
132.975204            12.747135            12.553989             0.193138  
132.998398            12.752335            12.550750             0.201583  
133.021606            12.757361            12.547506             0.209854  
133.044800            12.762131            12.544277             0.217854  
133.067902            12.766538            12.541060             0.225479  
133.091095            12.770566            12.537836             0.232730  
133.114304            12.774120            12.534617             0.239500  
133.160599            12.779541            12.528201             0.251333  
133.203003            12.782214            12.522345             0.259858  
133.245300            12.782374            12.516521             0.265848  
133.281601            12.780367            12.511533             0.268824  
133.303696            12.778125            12.508501             0.269621  
133.317200            12.776368            12.506654             0.269720  
133.334000            12.773787            12.504345             0.269434  
133.354996            12.769931            12.501483             0.268447  
133.391693            12.761522            12.496469             0.265049  
133.433701            12.749414            12.490745             0.258670  
133.475693            12.734909            12.485043             0.249862  
133.520294            12.717170            12.478991             0.238170  
133.564896            12.697466            12.472962             0.224501  
133.587204            12.687023            12.469950             0.217068  
133.609497            12.676285            12.466949             0.209329  
133.631805            12.665303            12.463946             0.201350  
133.654099            12.654144            12.460957             0.193188  
133.676407            12.642856            12.457957             0.184896  
133.698700            12.631521            12.454971             0.176552  
133.720993            12.620183            12.451985             0.168201  
133.743301            12.608911            12.449001             0.159903  
133.765594            12.597749            12.446028             0.151717  
133.787903            12.586720            12.443056             0.143666  
133.810196            12.575894            12.440084             0.135807  
133.832397            12.565342            12.437130             0.128212  
133.856094            12.554377            12.433984             0.120391  
133.879700            12.543777            12.430853             0.112922  
133.926895            12.523666            12.424606             0.099058  
133.974106            12.505094            12.418375             0.086715  
134.021301            12.488127            12.412168             0.075956  
134.210098            12.434914            12.387479             0.047435  
134.587799            12.370493            12.338831             0.031659  
134.965500            12.322704            12.291054             0.031647  
135.343201            12.289282            12.244098             0.045178  
135.427200            12.285666            12.233768             0.051892  
135.469193            12.284427            12.228618             0.055809  
135.511093            12.283530            12.223482             0.060049  
135.536102            12.283138            12.220426             0.062712  
135.561005            12.282834            12.217380             0.065451  
135.585907            12.282596            12.214347             0.068251  
135.610794            12.282408            12.211312             0.071099  
135.635803            12.282253            12.208266             0.073987  
135.660706            12.282102            12.205236             0.076866  
135.685593            12.281934            12.202214             0.079715  
135.710495            12.281710            12.199190             0.082524  
135.735504            12.281425            12.196163             0.085264  
135.760406            12.281036            12.193147             0.087890  
135.785294            12.280525            12.190130             0.090389  
135.810196            12.279854            12.187118             0.092732  
135.909897            12.275145            12.175103             0.100036  
135.942703            12.272727            12.171160             0.101560  
135.975494            12.269807            12.167221             0.102584  
136.003006            12.266972            12.163929             0.103042  
136.017593            12.265314            12.162177             0.103134  
136.026199            12.264287            12.161147             0.103139  
136.042404            12.262259            12.159210             0.103049  
136.065903            12.259087            12.156402             0.102685  
136.087097            12.255996            12.153868             0.102127  
136.108200            12.252711            12.151353             0.101359  
136.147003            12.246134            12.146718             0.099414  
136.185699            12.238952            12.142115             0.096838  
136.224396            12.231215            12.137509             0.093699  
136.263107            12.222995            12.132915             0.090078  
136.291306            12.216768            12.129573             0.087197  
136.319504            12.210387            12.126235             0.084152  
136.347702            12.203877            12.122898             0.080981  
136.375793            12.197314            12.119576             0.077736  
136.404007            12.190681            12.116246             0.074432  
136.432205            12.184040            12.112921             0.071119  
136.460403            12.177427            12.109598             0.067829  
136.488495            12.170898            12.106291             0.064605  
136.513199            12.165224            12.103385             0.061837  
136.537796            12.159658            12.100498             0.059161  
136.587097            12.148808            12.094715             0.054091  
136.636398            12.138418            12.088942             0.049478  
136.685699            12.128560            12.083179             0.045379  
136.882904            12.094361            12.060227             0.034134  
137.277206            12.042381            12.014791             0.027586  
138.065903            11.951818            11.925219             0.026600  
139.643295            11.774609            11.748263             0.026342  
140.657394            11.660789            11.633847             0.026939  
141.164505            11.602930            11.575287             0.027639  
141.671494            11.543686            11.514904             0.028782  
142.178604            11.482301            11.451719             0.030582  
142.432098            11.450356            11.418468             0.031891  
142.685593            11.417221            11.383602             0.033622  
142.939102            11.382581            11.346633             0.035946  
143.192596            11.346001            11.306855             0.039140  
143.446106            11.306852            11.263129             0.043718  
143.572906            11.286050            11.239223             0.046824  
143.699600            11.264321            11.213522             0.050796  
143.831100            11.240898            11.184428             0.056459  
143.962494            11.217521            11.152156             0.065359  
144.093994            11.197866            11.115585             0.082278  
144.225403            11.193680            11.073373             0.120302  
144.291199            11.205961            11.049630             0.156335  
144.356903            11.236536            11.023963             0.212580  
144.422607            11.295976            10.996310             0.299671  
144.488297            11.399300            10.966792             0.432514  
144.554092            11.567316            10.935747             0.631568  
144.619797            11.826035            10.904088             0.921974  
144.685501            12.208499            10.873056             1.335459  
144.751205            12.752337            10.844650             1.907711  
144.807602            13.379502            10.824343             2.555140  
144.835800            13.756884            10.816291             2.940592  
144.863907            14.178894            10.810066             3.368837  
144.892105            14.652087            10.805900             3.846195  
144.920303            15.177051            10.804172             4.372910  
144.948502            15.754939            10.805225             4.949697  
144.962601            16.064966            10.806892             5.258017  
144.976593            16.385128            10.809350             5.575764  
144.990707            16.722692            10.812714             5.909943  
145.004807            17.073345            10.816953             6.256349  
145.018906            17.437635            10.822156             6.615438  
145.033005            17.815567            10.828328             6.987250  
145.047104            18.206894            10.835526             7.371469  
145.061203            18.612751            10.843809             7.768812  
145.075302            19.029390            10.853138             8.176199  
145.089294            19.456541            10.863542             8.592965  
145.103394            19.899088            10.875178             9.023991  
145.117493            20.352844            10.887981             9.464785  
145.131607            20.818987            10.902036             9.916911  
145.145599            21.290306            10.917141            10.373157  
145.159698            21.774893            10.933587            10.841334  
145.173798            22.269123            10.951325            11.317742  
145.187897            22.770878            10.970308            11.800571  
145.201904            23.275709            10.990378            12.285243  
145.214905            23.751900            11.010199            12.741658  
145.227798            24.226181            11.030844            13.195356  
145.240707            24.705572            11.052599            13.653042  
145.253601            25.187618            11.075367            14.112249  
145.266495            25.670519            11.099120            14.571099  
145.279404            26.154860            11.123930            15.031010  
145.292297            26.637642            11.149615            15.487677  
145.305206            27.120518            11.176369            15.944411  
145.318207            27.604368            11.204210            16.400185  
145.331100            28.080645            11.232715            16.847626  
145.343994            28.553267            11.262103            17.291031  
145.356903            29.018871            11.292260            17.726730  
145.382706            29.930540            11.354843            18.575665  
145.408493            30.806053            11.420117            19.385855  
145.436707            31.711676            11.493989            20.217575  
145.464798            32.547371            11.569427            20.977709  
145.521103            33.984482            11.723602            22.260696  
145.554001            34.652943            11.813626            22.839354  
145.586807            35.177887            11.901743            23.275772  
145.624405            35.591663            11.999056            23.592375  
145.631500            35.646214            12.016722            23.629311  
145.640900            35.707649            12.039968            23.667603  
145.653305            35.767574            12.069984            23.697582  
145.664902            35.803158            12.097398            23.705593  
145.671097            35.813618            12.111769            23.701910  
145.688995            35.811726            12.151996            23.659487  
145.713699            35.728668            12.204288            23.524269  
145.735199            35.582684            12.246604            23.335638  
145.756699            35.368752            12.285556            23.082823  
145.796402            34.803261            12.348286            22.454515  
145.835999            34.032623            12.398101            21.634399  
145.872406            33.161854            12.432194            20.729263  
145.908707            32.160896            12.454901            19.705626  
145.926895            31.615240            12.462057            19.152834  
145.945099            31.045132            12.466480            18.578377  
145.963303            30.452930            12.468220            17.984570  
145.981400            29.845079            12.467330            17.377371  
145.998795            29.247202            12.464129            16.782923  
146.016098            28.640141            12.458745            16.181210  
146.033493            28.020699            12.451204            15.569211  
146.050797            27.398117            12.441674            14.956147  
146.068207            26.768347            12.430183            14.337846  
146.085495            26.141714            12.416969            13.724657  
146.102905            25.511229            12.402024            13.109092  
146.120193            24.888805            12.385630            12.503223  
146.137604            24.267467            12.367701            11.899598  
146.146301            23.959354            12.358264            11.600931  
146.154907            23.656256            12.348591            11.307422  
146.163605            23.352428            12.338523            11.013607  
146.172302            23.051975            12.328237            10.723739  
146.181000            22.753616            12.317644            10.435824  
146.189606            22.461287            12.306943            10.154154  
146.198303            22.169645            12.295930             9.873671  
146.207001            21.880056            12.284646             9.595186  
146.215698            21.594336            12.273194             9.320980  
146.224304            21.316261            12.261723             9.054428  
146.241699            20.762981            12.237963             8.524881  
146.259003            20.230270            12.213835             8.016258  
146.275604            19.734497            12.190297             7.544114  
146.292099            19.257755            12.166605             7.091077  
146.308594            18.797798            12.142718             6.654956  
146.325104            18.354021            12.118689             6.235332  
146.341705            17.926220            12.094529             5.831625  
146.358200            17.518328            12.070545             5.447646  
146.374695            17.128262            12.046682             5.081407  
146.391205            16.755480            12.022971             4.732387  
146.424301            16.061584            11.976246             4.085249  
146.457306            15.438757            11.930993             3.507699  
146.490402            14.880749            11.887280             2.993501  
146.523407            14.388406            11.845662             2.542686  
146.556503            13.953382            11.805977             2.147399  
146.589493            13.574879            11.768645             1.806224  
146.655594            12.961662            11.700566             1.261094  
146.721695            12.510398            11.641231             0.869163  
146.787704            12.185198            11.590010             0.595181  
146.876999            11.890136            11.531808             0.358328  
146.966202            11.706680            11.484007             0.222669  
147.055405            11.591259            11.444114             0.147142  
147.144608            11.515909            11.410172             0.105739  
147.233902            11.463424            11.380621             0.082806  
147.323105            11.424026            11.354415             0.069613  
147.412292            11.392191            11.330737             0.061457  
147.501495            11.364952            11.309014             0.055937  
147.679993            11.318689            11.270002             0.048687  
147.858398            11.279205            11.235330             0.043873  
148.036804            11.244131            11.203778             0.040352  
148.215195            11.212238            11.174577             0.037661  
148.479599            11.169250            11.134544             0.034707  
148.744003            11.129982            11.097396             0.032587  
149.008408            11.093395            11.062362             0.031033  
149.272705            11.058838            11.028951             0.029886  
149.801407            10.993911            10.965467             0.028436  
150.330093            10.932456            10.904571             0.027881  
150.673798            10.880231            10.852158             0.028071  
151.017502            10.639792            10.611301             0.028486  
151.189407            10.217991            10.189838             0.028149  
151.361206             9.361412             9.334772             0.026636  
151.447098             8.724747             8.699507             0.025239  
151.533005             7.946770             7.923400             0.023366  
151.618896             7.047225             7.026175             0.021050  
151.661896             6.561951             6.542199             0.019749  
151.704803             6.062633             6.044250             0.018382  
151.732895             5.730624             5.713166             0.017457  
151.761002             5.396403             5.379887             0.016515  
