0.000010           200.390121            66.406586           133.982773  
0.000011           191.114517            63.368279           127.745369  
0.000011           191.114517            63.368279           127.745369  
0.000012           183.032913            60.721687           122.310608  
0.000013           175.904663            58.388630           117.515312  
0.000014           169.551025            56.310913           113.239403  
0.000015           163.848846            54.446857           109.401344  
0.000016           158.693802            52.762253           105.930840  
0.000018           149.702515            49.827198            99.874657  
0.000019           145.750259            48.538219            97.211395  
0.000020           142.100052            47.348293            94.751160  
0.000022           135.566833            45.219933            90.346458  
0.000024           129.868393            43.365929            86.501801  
0.000026           124.846245            41.733528            83.112175  
0.000028           120.371727            40.281101            80.090134  
0.000029           118.310349            39.612621            78.697250  
0.000031           114.494614            38.375980            76.118149  
0.000033           111.035080            37.255768            73.778816  
0.000035           107.875931            36.234222            71.641235  
0.000039           102.309769            34.437119            67.872284  
0.000043            97.542885            32.901665            64.640854  
0.000046            94.388290            31.887295            62.500637  
0.000050            90.635765            30.683001            59.952396  
0.000053            88.105797            29.872810            58.232620  
0.000056            85.783524            29.130358            56.652798  
0.000059            83.644272            28.447348            55.196541  
0.000063            81.034317            27.615795            53.418179  
0.000069            77.558296            26.511301            51.046726  
0.000075            74.512367            25.546703            48.965389  
0.000081            71.816238            24.695591            47.120335  
0.000088            69.029999            23.819256            45.210480  
0.000094            66.898735            23.151110            43.747314  
0.000100            64.964409            22.546801            42.417339  
0.000106            63.199966            21.997274            41.202423  
0.000113            61.323601            21.415060            39.908287  
0.000119            59.852398            20.960022            38.892139  
0.000125            58.489578            20.539955            37.949390  
0.000138            55.854851            19.731798            36.122833  
0.000150            53.738541            19.087082            34.651222  
0.000163            51.721432            18.476597            33.244629  
0.000175            50.067825            17.979353            32.088234  
0.000188            48.461464            17.499605            30.961641  
0.000200            47.124989            17.102926            30.021887  
0.000219            45.243038            16.548866            28.693998  
0.000238            43.598171            16.069275            27.528713  
0.000256            42.216503            15.670293            26.546047  
0.000275            40.913372            15.297411            25.615808  
0.000294            39.742702            14.965630            24.776932  
0.000313            38.684662            14.668540            24.015970  
0.000331            37.769901            14.414071            23.355675  
0.000350            36.885384            14.170177            22.715059  
0.000388            35.323257            13.745220            21.577898  
0.000425            34.015938            13.395879            20.619911  
0.000463            32.847519            13.089005            19.758398  
0.000500            31.845608            12.830342            19.015148  
0.000531            31.092466            12.638805            18.453550  
0.000563            30.383854            12.461096            17.922657  
0.000594            29.755720            12.305666            17.449951  
0.000625            29.177177            12.164383            17.012699  
0.000688            28.130739            11.913664            16.216976  
0.000750            27.238476            11.705209            15.533174  
0.000813            26.444523            11.524148            14.920286  
0.000875            25.752634            11.370011            14.382533  
0.000938            25.125799            11.233463            13.892241  
0.001000            24.570402            11.115104            13.455216  
0.001063            24.059029            11.008396            13.050542  
0.001125            23.601154            10.914774            12.686309  
0.001187            23.182140            10.830743            12.351321  
0.001250            22.788961            10.753381            12.035504  
0.001375            22.097029            10.620864            11.476098  
0.001500            21.498415            10.510108            10.988239  
0.001625            20.973640            10.416107            10.557468  
0.001750            20.508879            10.335349            10.173459  
0.001875            20.093603            10.265226             9.828317  
0.002000            19.720976            10.204022             9.516897  
0.002188            19.224497            10.125006             9.099439  
0.002375            18.791914            10.058521             8.733337  
0.002563            18.408043            10.001463             8.406530  
0.002750            18.069458             9.952751             8.116652  
0.002938            17.762367             9.909776             7.852545  
0.003125            17.487524             9.872434             7.615042  
0.003312            17.235897             9.839036             7.396811  
0.003500            17.004679             9.809108             7.195534  
0.003875            16.597557             9.758215             6.839303  
0.004250            16.246077             9.715988             6.530048  
0.004625            15.942073             9.681026             6.261011  
0.005000            15.672423             9.650959             6.021430  
0.005313            15.470774             9.629191             5.841547  
0.005625            15.287658             9.609958             5.677665  
0.005938            15.118682             9.592600             5.526045  
0.006250            14.963763             9.577085             5.386639  
0.006875            14.686563             9.550194             5.136337  
0.007500            14.445828             9.527769             4.918029  
0.008125            14.234247             9.508780             4.725438  
0.008750            14.046418             9.492494             4.553896  
0.009375            13.878242             9.478369             4.399844  
0.010000            13.726541             9.465997             4.260515  
0.010625            13.588808             9.455073             4.133711  
0.011250            13.463037             9.445353             4.017658  
0.011875            13.347589             9.436645             3.910918  
0.012500            13.241122             9.428805             3.812299  
0.013750            13.050869             9.415229             3.635618  
0.015000            12.885372             9.403889             3.481460  
0.016250            12.739679             9.394264             3.345396  
0.017500            12.610168             9.385987             3.224158  
0.018750            12.494079             9.378794             3.115267  
0.020000            12.389285             9.372477             3.016793  
0.021325            12.288663             9.366566             2.922081  
0.022650            12.197236             9.361328             2.835891  
0.023975            12.113705             9.356648             2.757039  
0.025300            12.037004             9.352442             2.684547  
0.026844            11.955067             9.348041             2.607012  
0.028387            11.880079             9.344094             2.535967  
0.031475            11.747047             9.337298             2.409734  
0.034563            11.632263             9.331636             2.300609  
0.037650            11.531951             9.326833             2.205101  
0.040738            11.443334             9.322689             2.120629  
0.043825            11.364407             9.319072             2.045321  
0.046913            11.293500             9.315870             1.977616  
0.050000            11.229400             9.313015             1.916376  
0.053125            11.170413             9.310409             1.859992  
0.056250            11.116542             9.308043             1.808487  
0.059375            11.067109             9.305883             1.761215  
0.062500            11.021507             9.303895             1.717605  
0.068750            10.939793             9.300340             1.639443  
0.075000            10.868320             9.297229             1.571079  
0.081250            10.805179             9.294461             1.510710  
0.087500            10.748950             9.291962             1.456981  
0.093750            10.698472             9.289677             1.408788  
0.100000            10.652825             9.287566             1.365251  
0.106250            10.611294             9.285603             1.325684  
0.112500            10.573324             9.283757             1.289560  
0.118750            10.538490             9.282013             1.256470  
0.125000            10.506382             9.280353             1.226021  
0.137500            10.448695             9.277246             1.171447  
0.150000            10.398013             9.274354             1.123651  
0.162500            10.353163             9.271634             1.081521  
0.175000            10.313151             9.269042             1.044100  
0.187500            10.277200             9.266560             1.010636  
0.200000            10.244727             9.264158             0.980562  
0.218750            10.201147             9.260682             0.940456  
0.237500            10.162495             9.257327             0.905162  
0.256250            10.127989             9.254056             0.873925  
0.275000            10.096931             9.250858             0.846065  
0.293750            10.068751             9.247716             0.821031  
0.312500            10.043014             9.244616             0.798395  
0.331250            10.019407             9.241551             0.777856  
0.350000             9.997763             9.238512             0.759246  
0.387500             9.958738             9.232497             0.726237  
0.425000             9.924544             9.226540             0.698002  
0.500000             9.866871             9.214708             0.652159  
0.625000             9.791278             9.195030             0.596243  
0.750000             9.731822             9.175195             0.556625  
0.875000             9.682706             9.155056             0.527647  
1.000000             9.640577             9.134521             0.506052  
1.250000             9.569174             9.092114             0.477057  
1.500000             9.508483             9.047582             0.460900  
1.750000             9.454411             9.000497             0.453911  
2.000000             9.404606             8.950435             0.454167  
2.224624             9.362521             8.902236             0.460282  
2.449247             9.322056             8.850895             0.471159  
2.673870             9.282939             8.796185             0.486751  
2.898493             9.245188             8.737250             0.507935  
3.258826             9.188111             8.630588             0.557521  
3.438993             9.161438             8.571258             0.590178  
3.619159             9.136990             8.506097             0.630891  
3.799326             9.114450             8.436584             0.677864  
3.979492             9.097045             8.358765             0.738279  
4.159659             9.090327             8.272305             0.818021  
4.249742             9.119945             8.225860             0.894082  
4.272263             9.154252             8.213767             0.940482  
4.294784             9.214807             8.201453             1.013352  
4.306045             9.257031             8.195208             1.061818  
4.317305             9.307232             8.188910             1.118320  
4.328565             9.364310             8.182552             1.181752  
4.339825             9.426059             8.176144             1.249914  
4.346552             9.463863             8.172281             1.291574  
4.353279             9.501337             8.168405             1.332924  
4.366733             9.571461             8.160591             1.410864  
4.380187             9.628653             8.152697             1.475950  
4.386914             9.650141             8.148722             1.501413  
4.393641             9.665898             8.144724             1.521172  
4.400561             9.675599             8.140591             1.535003  
4.407480             9.678358             8.136439             1.541916  
4.413193             9.675341             8.132993             1.542345  
4.418905             9.667622             8.129533             1.538087  
4.430329             9.638997             8.122566             1.516427  
4.451890             9.547160             8.109253             1.437901  
4.462671             9.490056             8.102514             1.387539  
4.473451             9.430694             8.095718             1.334974  
4.480260             9.393641             8.091396             1.302243  
4.487069             9.357835             8.087050             1.270782  
4.500687             9.292246             8.078287             1.213958  
4.514305             9.237088             8.069427             1.167660  
4.527922             9.193424             8.060467             1.132953  
4.557427             9.134256             8.040700             1.093553  
4.586932             9.108762             8.020414             1.088346  
4.645942             9.099079             7.978128             1.120946  
4.763961             9.115124             7.886924             1.228196  
4.881981             9.147040             7.786578             1.360459  
5.000000             9.196475             7.674633             1.521841  
5.103829             9.259864             7.563976             1.695886  
5.207657             9.348771             7.439344             1.909424  
5.311485             9.472156             7.298027             2.174128  
5.415313             9.642965             7.136466             2.506497  
5.519141             9.877391             6.950971             2.926413  
5.571055            10.028489             6.846929             3.181554  
5.622969            10.211446             6.733226             3.478214  
5.674883            10.433178             6.608706             3.824470  
5.726797            10.702631             6.472031             4.230597  
5.778711            11.032207             6.321413             4.710789  
5.830625            11.438962             6.154562             5.284395  
5.879295            11.911201             5.980865             5.930326  
5.927964            12.498164             5.787570             6.710583  
5.976634            13.235387             5.571334             7.664041  
6.025303            14.173459             5.328046             8.845409  
6.073973            15.390823             5.052132            10.338689  
6.098308            16.140930             4.899669            11.241251  
6.122642            17.012642             4.736087            12.276546  
6.146977            18.033083             4.560165            13.472919  
6.171312            19.236473             4.370667            14.865819  
6.195647            20.667778             4.166203            16.501585  
6.219981            22.386589             3.945346            18.441240  
6.245938            24.629507             3.690060            20.939444  
6.271895            27.435339             3.412972            24.022329  
6.297852            31.022612             3.113540            27.909025  
6.323809            35.754730             2.794469            32.960258  
6.349766            42.308533             2.468636            39.839867  
6.362745            46.661423             2.314553            44.346840  
6.375723            52.104725             2.180082            49.924648  
6.388702            59.107719             2.084856            57.022873  
6.401680            68.379921             2.061622            66.318390  
6.414659            80.993340             2.163132            78.830276  
6.427637            98.533051             2.471668            96.061470  
6.437574           116.678513             2.922987           113.755638  
6.447511           140.399200             3.643811           136.755417  
6.457448           171.411453             4.733170           166.678360  
6.467384           211.818420             6.315413           205.503082  
6.472353           236.323227             7.338195           228.984940  
6.477321           264.143646             8.543202           255.600388  
6.482290           295.667206             9.954309           285.712524  
6.487258           331.279419            11.596256           319.683319  
6.492227           371.383026            13.494864           357.889191  
6.494711           393.258148            14.549427           378.708679  
6.497195           416.395844            15.677655           400.718658  
6.499679           440.892151            16.885160           424.007050  
6.502163           466.753113            18.173267           448.580627  
6.504647           494.058716            19.546957           474.512390  
6.507131           522.877869            21.010582           501.866974  
6.510376           562.839172            23.061638           539.777649  
6.513621           605.537476            25.277998           580.257507  
6.516866           651.099243            27.668566           623.428833  
6.520110           699.577087            30.238529           669.341858  
6.523355           751.112427            32.997475           718.115295  
6.526599           805.782593            35.951618           769.833496  
6.529844           863.645264            39.106575           824.539368  
6.533088           924.762695            42.467999           882.294983  
6.535319           968.697021            44.901703           923.793457  
6.537550          1014.218079            47.437431           966.781189  
6.539781          1061.332764            50.076408          1011.255737  
6.542011          1110.010742            52.817677          1057.191528  
6.544242          1160.288574            55.663792          1104.623169  
6.546472          1212.128784            58.614071          1153.512451  
6.548703          1265.584106            61.671715          1203.910522  
6.550933          1320.590698            64.834312          1255.756104  
6.552961          1371.931885            67.799850          1304.134644  
6.554989          1424.541382            70.852402          1353.686157  
6.557017          1478.405151            73.991760          1404.410645  
6.559045          1533.485107            77.216095          1456.268311  
6.561073          1589.742798            80.523666          1509.215332  
6.563101          1647.201782            83.916451          1563.281982  
6.565129          1705.710449            87.386604          1618.326294  
6.567156          1765.322388            90.937187          1674.381104  
6.569184          1826.031738            94.568741          1731.458984  
6.571212          1887.707153            98.273720          1789.427246  
6.573240          1950.350220           102.053185          1848.291748  
6.575268          2013.879395           105.903313          1907.978638  
6.579324          2143.361816           113.800583          2029.563354  
6.583379          2275.626465           121.938271          2153.687988  
6.587841          2423.768555           131.139359          2292.632812  
6.592302          2573.752930           140.548492          2433.196777  
6.596764          2724.678711           150.115463          2574.556641  
6.601225          2875.592041           159.786896          2715.799072  
6.605687          3025.354492           169.497772          2855.860840  
6.610148          3172.916992           179.182037          2993.731201  
6.614610          3317.163330           188.775925          3128.388916  
6.619071          3456.889404           198.204269          3258.674561  
6.629616          3762.497559           219.415237          3543.073975  
6.640161          4021.516113           238.347397          3783.153809  
6.649084          4194.291992           251.917969          3942.367920  
6.658006          4317.440430           262.736572          4054.697998  
6.665748          4380.318359           269.603577          4110.711914  
6.673490          4400.375000           273.944458          4126.429199  
6.675020          4399.213867           274.494263          4124.708984  
6.680086          4383.247559           275.576172          4107.664551  
6.685152          4348.971680           275.529053          4073.444336  
6.690218          4296.875977           274.362762          4022.494141  
6.695283          4227.634766           272.103821          3955.525391  
6.705789          4033.605225           264.124207          3769.478516  
6.716295          3780.733154           252.158295          3528.564697  
6.726802          3482.116211           236.912170          3245.208252  
6.732056          3320.242188           228.316879          3091.927734  
6.737309          3152.442627           219.217148          2933.226318  
6.742563          2980.533936           209.722748          2770.816162  
6.747816          2806.394531           199.945648          2606.436035  
6.753069          2631.653809           189.990021          2441.668701  
6.758322          2457.967285           179.958221          2278.000488  
6.762859          2309.930664           171.307037          2138.618896  
6.767396          2164.531250           162.721146          2001.809692  
6.771933          2022.652832           154.259018          1868.390503  
6.776470          1884.927490           145.964813          1738.956055  
6.781007          1751.916138           137.879822          1614.036499  
6.785544          1624.109741           130.038864          1494.062744  
6.790081          1501.906128           122.473289          1379.432251  
6.794617          1385.638550           115.210320          1270.428955  
6.799154          1275.466431           108.264786          1167.197388  
6.803691          1171.581055           101.656754          1069.919678  
6.808228          1073.976318            95.390770           978.585144  
6.812765           982.711975            89.476921           893.232056  
6.817302           897.680786            83.914658           813.764893  
6.821839           818.773560            78.702705           740.070190  
6.826376           745.816345            73.835167           671.979736  
6.830912           678.615479            69.305374           609.307861  
6.838076           583.587219            62.811108           520.774353  
6.845239           501.225739            57.080833           444.144226  
6.852403           430.374634            52.055992           378.318604  
6.859566           369.849884            47.674171           322.175690  
6.866730           318.459045            43.869747           274.588531  
6.873893           275.067413            40.579147           234.487091  
6.888220           208.075943            35.296631           172.779099  
6.902547           161.329651            31.379208           129.950272  
6.916874           128.851913            28.460510           100.391212  
6.931201           106.161606            26.256693            79.904808  
6.945528            90.055000            24.557854            65.497078  
6.966541            73.939995            22.680061            51.259903  
6.987554            63.141888            21.274294            41.867573  
7.008567            55.400234            20.169090            35.231190  
7.029580            49.528400            19.266829            30.261642  
7.050593            44.887985            18.510115            26.377882  
7.071606            41.113369            17.863123            23.250257  
7.092619            37.980286            17.302015            20.678326  
7.113632            35.339127            16.809858            18.529282  
7.134645            33.085556            16.374222            16.711344  
7.155658            31.143013            15.985601            15.157414  
7.176671            29.453636            15.636518            13.817141  
7.197684            27.972687            15.321008            12.651675  
7.239710            25.503338            14.772335            10.730989  
7.281736            23.532291            14.310701             9.221572  
7.323762            21.928696            13.916512             8.012179  
7.365788            20.604496            13.575969             7.028535  
7.407814            19.497496            13.278896             6.218598  
7.449840            18.561985            13.017408             5.544587  
7.501418            17.599464            12.736107             4.863363  
7.552995            16.799915            12.490204             4.309706  
7.604572            16.128153            12.273065             3.855089  
7.656149            15.550910            12.079961             3.470946  
7.675290            15.354711            12.013679             3.341028  
7.730944            14.828701            11.835472             2.993228  
7.786597            14.365170            11.675920             2.689252  
7.842251            13.962735            11.531828             2.430911  
7.897904            13.613846            11.400908             2.212943  
7.953558            13.308273            11.281543             2.026736  
8.009211            13.037873            11.172365             1.865513  
8.120518            12.576006            10.978212             1.597795  
8.201842            12.291077            10.853179             1.437894  
8.283166            12.043634            10.740610             1.303019  
8.364490            11.827053            10.638645             1.188403  
8.445813            11.635784            10.545634             1.090146  
8.527137            11.464936            10.460051             1.004878  
8.608461            11.311898            10.381132             0.930758  
8.771108            11.046648            10.238982             0.807660  
8.933756            10.824216            10.113850             0.710362  
9.096403            10.635869            10.002733             0.633137  
9.259051            10.474060             9.902842             0.571218  
9.421698            10.333200             9.811953             0.521246  
9.548202            10.235953             9.746474             0.489477  
9.674706            10.148862             9.684958             0.463903  
9.801210            10.072295             9.626643             0.445648  
9.864462            10.040575             9.598547             0.442027  
9.927713            10.024076             9.571155             0.452922  
9.963857            10.037128             9.555805             0.481321  
10.000000            10.093671             9.540666             0.553006  
10.021370            10.163979             9.531811             0.632167  
10.042740            10.275081             9.523026             0.752054  
10.053430            10.349449             9.518657             0.830798  
10.064110            10.437929             9.514306             0.923626  
10.074790            10.541337             9.509975             1.031360  
10.085470            10.660054             9.505661             1.154394  
10.091260            10.730785             9.503333             1.227460  
10.097050            10.805845             9.500998             1.304847  
10.102840            10.885118             9.498673             1.386449  
10.108620            10.968097             9.496365             1.471741  
10.114410            11.054893             9.494043             1.560848  
10.120200            11.144868             9.491736             1.653134  
10.125990            11.237583             9.489433             1.748154  
10.131770            11.332355             9.487134             1.845223  
10.137560            11.428894             9.484839             1.944059  
10.143350            11.526344             9.482544             2.043797  
10.149140            11.624019             9.480258             2.143759  
10.154920            11.720956             9.477977             2.242973  
10.160710            11.816671             9.475700             2.340971  
10.166490            11.910002             9.473427             2.436583  
10.178060            12.086620             9.468890             2.617725  
10.194080            12.297802             9.462638             2.835166  
10.210100            12.454917             9.456413             2.998507  
10.219720            12.517422             9.452687             3.064736  
10.229340            12.553369             9.448973             3.104394  
10.239400            12.561198             9.445093             3.116110  
10.249260            12.538999             9.441306             3.097694  
10.259120            12.487818             9.437531             3.050294  
10.271440            12.385614             9.432822             2.952798  
10.283760            12.245598             9.428130             2.817474  
10.298140            12.043172             9.422671             2.620512  
10.305330            11.929772             9.419950             2.509817  
10.312510            11.810643             9.417236             2.393404  
10.319700            11.687063             9.414531             2.272535  
10.326890            11.560814             9.411819             2.148995  
10.334080            11.433472             9.409122             2.024352  
10.341260            11.306686             9.406433             1.900257  
10.345880            11.225930             9.404704             1.821225  
10.350500            11.146203             9.402978             1.743229  
10.355120            11.067825             9.401253             1.666574  
10.359740            10.991005             9.399531             1.591470  
10.364360            10.916059             9.397809             1.518246  
10.368980            10.843164             9.396094             1.447074  
10.373600            10.772552             9.394378             1.378176  
10.378220            10.704361             9.392666             1.311693  
10.387460            10.575665             9.389244             1.186421  
10.396700            10.457823             9.385835             1.071991  
10.405940            10.351182             9.382432             0.968750  
10.415180            10.255696             9.379038             0.876658  
10.434690            10.089114             9.371899             0.717213  
10.454200             9.964893             9.364799             0.600096  
10.493210             9.811372             9.350708             0.460664  
10.532220             9.734200             9.336755             0.397443  
10.571230             9.691953             9.322932             0.369021  
10.649260             9.641324             9.295650             0.345673  
10.727280             9.602811             9.268827             0.333982  
10.883330             9.536336             9.216285             0.320047  
11.039380             9.490849             9.165009             0.325836  
11.105090             9.515993             9.143764             0.372232  
11.137940             9.558765             9.133222             0.425541  
11.154370             9.590151             9.127966             0.462183  
11.170790             9.628187             9.122732             0.505455  
11.183110             9.660656             9.118810             0.541848  
11.195430             9.695829             9.114895             0.580934  
11.201590             9.714163             9.112938             0.601222  
11.207750             9.732834             9.110982             0.621847  
11.213910             9.751676             9.109032             0.642640  
11.220070             9.770542             9.107081             0.663461  
11.232390             9.807670             9.103184             0.704487  
11.244710             9.842759             9.099295             0.743463  
11.269350             9.900860             9.091533             0.809328  
11.282700             9.922439             9.087333             0.835105  
11.296050             9.935222             9.083139             0.852080  
11.304880             9.938354             9.080375             0.857980  
11.313700             9.937078             9.077611             0.859464  
11.323450             9.930485             9.074557             0.855924  
11.333200             9.918556             9.071511             0.847045  
11.341200             9.904963             9.069013             0.835948  
11.349200             9.888143             9.066515             0.821631  
11.365190             9.846065             9.061530             0.784534  
11.387180             9.774108             9.054688             0.719418  
11.398170             9.734316             9.051271             0.683041  
11.409160             9.693360             9.047864             0.645499  
11.420160             9.652194             9.044451             0.607740  
11.431150             9.611780             9.041051             0.570729  
11.442140             9.572814             9.037649             0.535164  
11.453130             9.535918             9.034252             0.501664  
11.467130             9.492599             9.029932             0.462666  
11.481120             9.453937             9.025619             0.428317  
11.509100             9.391025             9.017010             0.374013  
11.565070             9.313963             8.999852             0.314111  
11.677000             9.250422             8.965760             0.284661  
11.900860             9.173763             8.898194             0.275569  
12.348580             9.033172             8.763996             0.269175  
12.892250             8.870070             8.599911             0.270156  
13.435920             8.709227             8.430587             0.278640  
13.979590             8.546208             8.251740             0.294469  
14.523260             8.377260             8.058733             0.318525  
15.066930             8.199171             7.846771             0.352399  
15.338770             8.106106             7.732681             0.373421  
15.610600             8.009158             7.610664             0.398491  
15.882440             7.907632             7.479031             0.428600  
16.154270             7.801315             7.336813             0.464500  
16.426100             7.689779             7.182277             0.507501  
16.697929             7.572622             7.013221             0.559398  
16.953779             7.456917             6.838274             0.618640  
17.209620             7.335867             6.644926             0.690938  
17.465469             7.209813             6.429518             0.780293  
17.721310             7.079758             6.187485             0.892269  
17.977160             6.947759             5.914701             1.033054  
18.105080             6.882271             5.764224             1.118041  
18.233000             6.818266             5.601348             1.216912  
18.360920             6.757058             5.425313             1.331738  
18.488840             6.700468             5.234729             1.465733  
18.616760             6.651032             5.027747             1.623280  
18.744680             6.612307             4.802279             1.810023  
18.836630             6.594128             4.627175             1.966951  
18.928570             6.587339             4.439737             2.147596  
19.020510             6.596256             4.238763             2.357486  
19.112450             6.630389             4.023055             2.607328  
19.204399             6.722634             3.791317             2.931310  
19.296341             6.963614             3.541957             3.421647  
19.342310             7.173617             3.409958             3.763650  
19.365299             7.300759             3.341960             3.958793  
19.388281             7.438549             3.272629             4.165907  
19.411270             7.581883             3.201888             4.379985  
19.434250             7.724293             3.129728             4.594553  
19.480221             7.978547             2.981011             4.997528  
19.499090             8.062078             2.918227             5.143832  
19.517950             8.130080             2.854471             5.275598  
19.523701             8.147623             2.834809             5.312798  
19.536720             8.181772             2.789966             5.391787  
19.549730             8.208477             2.744668             5.463795  
19.593300             8.253523             2.589375             5.664136  
19.618719             8.260610             2.496172             5.764415  
19.644140             8.266569             2.401090             5.865457  
19.669559             8.282233             2.304132             5.978084  
19.694981             8.317170             2.205333             6.111810  
19.745819             8.472292             2.002489             6.469786  
19.796650             8.764873             1.793287             6.971565  
19.847490             9.204283             1.578904             7.625344  
19.898331             9.796397             1.361394             8.434969  
19.949169            10.558677             1.144096             9.414566  
20.000000            11.527857             0.932361            10.595462  
20.056780            12.931823             0.713258            12.218504  
20.085171            13.799517             0.616386            13.183110  
20.113560            14.807879             0.532807            14.275004  
20.141951            15.987625             0.467794            15.519790  
20.156151            16.654261             0.444433            16.209764  
20.170340            17.378941             0.428711            16.950157  
20.184540            18.170172             0.422026            17.748075  
20.198730            19.035583             0.426143            18.609385  
20.212919            19.985775             0.443213            19.542501  
20.220020            20.496689             0.457442            20.039188  
20.227110            21.033190             0.475967            20.557135  
20.235880            21.735497             0.505513            21.229921  
20.244650            22.484764             0.543339            21.941332  
20.253420            23.286682             0.590660            22.695955  
20.262180            24.144926             0.648729            23.496124  
20.268450            24.798492             0.697856            24.100563  
20.274710            25.486574             0.753966            24.732529  
20.281811            26.313957             0.827150            25.486721  
20.288900            27.195705             0.911685            26.283966  
20.296000            28.138824             1.009230            27.129509  
20.303101            29.149570             1.121508            28.027973  
20.310200            30.235891             1.250612            28.985184  
20.317289            31.404205             1.398624            30.005451  
20.324390            32.668716             1.568813            31.099758  
20.331490            34.039867             1.764288            32.275463  
20.338591            35.530777             1.988733            33.542004  
20.345680            37.154491             2.246063            34.908329  
20.352779            38.933495             2.542066            36.391289  
20.359880            40.886383             2.882267            38.004005  
20.366980            43.038437             3.273691            39.764599  
20.374069            45.409988             3.722867            41.686974  
20.384090            49.207130             4.475605            44.731358  
20.394110            53.616074             5.392956            48.223053  
20.404131            58.763401             6.511548            52.251640  
20.414150            64.796112             7.874733            56.921310  
20.424170            71.890839             9.534498            62.356182  
20.434191            80.255745            11.552620            68.702751  
20.444210            90.137756            14.002673            76.134888  
20.454220           101.798592            16.963825            84.834312  
20.463409           114.373070            20.222551            94.150391  
20.472589           129.019791            24.083849           104.935493  
20.481779           146.079300            28.650986           117.427788  
20.490959           165.909988            34.032558           131.876938  
20.500151           188.954956            40.362877           148.591782  
20.509331           215.583679            47.756901           167.826340  
20.518520           246.378021            56.390366           189.986191  
20.527700           281.790985            66.405304           215.384567  
20.536890           322.472321            78.000153           244.471786  
20.546070           368.916321            91.330132           277.584015  
20.555260           421.832672           106.615173           315.216492  
20.564440           481.789124           124.034264           357.755157  
20.573629           549.503967           143.809540           405.690735  
20.582809           625.591492           166.140274           459.450317  
20.591999           710.684143           191.225662           519.457703  
20.601179           805.299377           219.233337           586.063843  
20.607031           870.874512           238.707413           632.166931  
20.612869           940.571777           259.454742           681.115540  
20.618719          1014.677429           281.562439           733.110779  
20.624559          1093.125977           305.020416           788.101807  
20.630409          1176.210449           329.917114           846.293213  
20.636250          1263.768311           356.207672           907.558960  
20.642099          1355.980225           383.949249           972.026489  
20.647940          1452.781494           413.129242          1039.647949  
20.653790          1554.248169           443.774689          1110.466064  
20.659630          1660.129028           475.812073          1184.300537  
20.665480          1770.643188           509.321930          1261.311890  
20.671320          1885.391235           544.168152          1341.209961  
20.677170          2004.442139           580.393494          1424.048828  
20.683010          2127.363770           617.857910          1509.483521  
20.688850          2254.072998           656.553223          1597.503418  
20.694691          2384.406006           696.426025          1687.972900  
20.699289          2489.340088           728.579712          1760.745605  
20.703880          2596.030762           761.320129          1834.713989  
20.708469          2704.325195           794.593140          1909.722168  
20.713060          2814.182617           828.403931          1985.770874  
20.717661          2925.581055           862.740784          2062.837891  
20.722250          3037.890625           897.403320          2140.469238  
20.726839          3150.929443           932.349426          2218.563232  
20.731430          3264.738525           967.591919          2297.125244  
20.740620          3493.345703          1038.550415          2454.780273  
20.749800          3721.388428          1109.581787          2611.797363  
20.758989          3946.805908          1180.062622          2766.733643  
20.768169          4166.789551          1249.123657          2917.664795  
20.779030          4417.138184          1328.107544          3089.021973  
20.789881          4652.648438          1402.885254          3249.759766  
20.811590          5064.499023          1535.247437          3529.226074  
20.827459          5301.874512          1613.178345          3688.680420  
20.843321          5474.593750          1671.749268          3802.823486  
20.854321          5552.710938          1699.778564          3852.901123  
20.865320          5594.926270          1716.910645          3877.998047  
20.871500          5602.551270          1721.620117          3880.928711  
20.882980          5585.924316          1720.926514          3864.996826  
20.894461          5529.619141          1708.029053          3821.578857  
20.910589          5386.208496          1669.968994          3716.210449  
20.926720          5173.594727          1610.305420          3563.259766  
20.952530          4712.925293          1476.769897          3236.137207  
20.965429          4439.467773          1396.154541          3043.324219  
20.978331          4145.969727          1308.911499          2837.052490  
20.989620          3877.882812          1228.731445          2649.144775  
21.000910          3603.805420          1146.352417          2457.473877  
21.006559          3465.743652          1104.701172          2361.036621  
21.012199          3328.025879          1063.078003          2264.945312  
21.017851          3190.478760          1021.410767          2169.058838  
21.023491          3054.117676           980.028320          2074.086426  
21.029140          2919.138428           938.986145          1980.165283  
21.034781          2785.902100           898.391113          1887.508179  
21.040430          2654.828613           858.389526          1796.421387  
21.046070          2526.320312           819.100342          1707.200928  
21.051720          2400.456543           780.552856          1619.888062  
21.057360          2277.719482           742.903259          1534.819702  
21.063009          2158.211914           706.175537          1452.038208  
21.068649          2042.488037           670.548523          1371.925537  
21.073490          1945.889282           640.770508          1305.126953  
21.078329          1852.208740           611.842468          1240.363770  
21.083170          1761.481934           583.784058          1177.689087  
21.088011          1673.573242           556.563965          1117.001465  
21.097691          1506.901611           504.835632          1002.056458  
21.107361          1352.480347           456.769623           895.706299  
21.117041          1210.115234           412.316589           797.794312  
21.126720          1079.824463           371.506073           708.317566  
21.136400           961.147095           334.206085           626.938293  
21.146070           853.963501           300.403412           553.560913  
21.155750           757.318787           269.811218           487.509888  
21.165430           670.787537           242.311264           428.475250  
21.175110           593.704224           217.713150           375.989349  
21.184780           525.409058           195.821915           329.586090  
21.204140           411.948792           159.189713           252.757095  
21.223490           324.952728           130.786621           194.164368  
21.241240           263.780823           110.561859           153.219055  
21.258980           216.784393            94.804016           121.980545  
21.276720           180.852097            82.557930            98.293831  
21.294460           153.425659            73.034126            80.391434  
21.312201           132.437241            65.589516            66.847496  
21.329941           116.295471            59.727821            56.567696  
21.365419            93.846840            51.267521            42.579376  
21.400909            79.432693            45.539322            33.893383  
21.436390            69.482574            41.387241            28.095270  
21.471870            62.122681            38.189487            23.933231  
21.507351            56.380886            35.613434            20.767496  
21.539610            52.118004            33.652657            18.465296  
21.571871            48.523010            31.965525            16.557487  
21.604130            45.444469            30.494684            14.949716  
21.636391            42.776623            29.199135            13.577468  
21.668650            40.443031            28.048384            12.394603  
21.700911            38.384514            27.018658            11.365853  
21.765421            34.921558            25.251787             9.669723  
21.829941            32.122932            23.788136             8.334766  
21.894449            29.818810            22.555454             7.263367  
21.958969            27.891874            21.502562             6.389292  
22.023479            26.261215            20.593763             5.667420  
22.081551            24.996256            19.876123             5.120117  
22.139610            23.889408            19.238060             4.651331  
22.197680            22.913769            18.666996             4.246772  
22.255739            22.047844            18.152727             3.895101  
22.371870            20.575129            17.260708             3.314417  
22.487989            19.366482            16.510614             2.855852  
22.604120            18.359142            15.871228             2.487912  
22.720249            17.509632            15.320401             2.189214  
22.836380            16.784695            14.840891             1.943811  
22.952499            16.159576            14.419548             1.740028  
23.100889            15.474638            13.948717             1.525922  
23.249281            14.889942            13.538476             1.351465  
23.397671            14.385719            13.177762             1.207960  
23.546049            13.947064            12.858044             1.089014  
23.694441            13.561238            12.571676             0.989558  
23.842819            13.219339            12.311691             0.907644  
23.991211            12.927058            12.073576             0.853488  
24.028311            12.863004            12.017214             0.845789  
24.065399            12.801746            11.962118             0.839627  
24.139589            12.682353            11.855569             0.826784  
24.165400            12.640067            11.819608             0.820463  
24.199829            12.581984            11.772490             0.809500  
24.202700            12.577039            11.768599             0.808443  
24.205580            12.572073            11.764711             0.807361  
24.213240            12.558758            11.754394             0.804370  
24.220890            12.545354            11.744129             0.801226  
24.236191            12.518224            11.723749             0.794477  
24.290470            12.419234            11.652863             0.766375  
24.344740            12.318878            11.584105             0.734772  
24.399010            12.221313            11.517329             0.703988  
24.453279            12.129328            11.452353             0.676982  
24.670370            11.813066            11.207149             0.605920  
24.887461            11.541025            10.983047             0.557978  
25.104540            11.296379            10.777336             0.519042  
25.321630            11.070830            10.584829             0.486006  
25.538719            10.864379            10.405580             0.458797  
25.972891            10.492031            10.075203             0.416828  
26.412571            10.156745             9.769106             0.387641  
26.632410            10.003115             9.623634             0.379487  
26.742331             9.937919             9.552665             0.385259  
26.797291             9.912096             9.517569             0.394527  
26.852240             9.891358             9.482732             0.408629  
26.874229             9.884103             9.468855             0.415250  
26.896210             9.877103             9.455025             0.422082  
26.918190             9.870045             9.441225             0.428820  
26.940170             9.862570             9.427463             0.435109  
26.962160             9.854319             9.413722             0.440593  
26.993759             9.840410             9.394039             0.446371  
27.025360             9.823373             9.374413             0.448958  
27.039600             9.814536             9.365590             0.448948  
27.065170             9.796824             9.349774             0.447049  
27.086281             9.780480             9.336743             0.443737  
27.107380             9.762767             9.323745             0.439019  
27.141380             9.731925             9.302847             0.429079  
27.175369             9.699375             9.282014             0.417360  
27.209370             9.666382             9.261226             0.405154  
27.243361             9.634098             9.240499             0.393600  
27.311350             9.574377             9.199178             0.375202  
27.379330             9.522173             9.158031             0.364144  
27.651270             9.349083             8.994504             0.354581  
28.213930             9.015488             8.658017             0.357471  
28.776590             8.687337             8.316849             0.370486  
29.339251             8.356576             7.962394             0.394180  
29.901911             8.016402             7.586843             0.429557  
30.183241             7.841360             7.389531             0.451829  
30.464569             7.660428             7.181366             0.479063  
30.745899             7.473211             6.961762             0.511449  
31.027229             7.279003             6.729298             0.549703  
31.308559             7.076915             6.481943             0.594974  
31.589890             6.866112             6.217347             0.648764  
31.871220             6.645863             5.932821             0.713042  
32.152538             6.415730             5.625386             0.790344  
32.415119             6.191867             5.314397             0.877469  
32.677689             5.959772             4.976640             0.983128  
32.940269             5.721074             4.609182             1.111889  
33.202839             5.478895             4.208732             1.270168  
33.465420             5.238438             3.769450             1.468990  
33.596710             5.121998             3.533779             1.588218  
33.727989             5.010897             3.286156             1.724741  
33.859280             4.907904             3.026405             1.881495  
33.990559             4.816853             2.754654             2.062198  
34.121849             4.742884             2.470984             2.271896  
34.253132             4.693165             2.176103             2.517057  
34.365669             4.677411             1.915392             2.762016  
34.478199             4.695458             1.648993             3.046465  
34.590729             4.758480             1.379452             3.379022  
34.703259             4.881127             1.110716             3.770411  
34.815800             5.083545             0.848771             4.234773  
34.928329             5.395665             0.603220             4.792446  
34.984600             5.606365             0.491096             5.115263  
35.040859             5.863030             0.389505             5.473523  
35.069000             6.011418             0.343667             5.667751  
35.097130             6.174808             0.301796             5.873006  
35.125259             6.354645             0.264450             6.090189  
35.153389             6.552528             0.232257             6.320271  
35.168629             6.667866             0.217218             6.450643  
35.183868             6.789275             0.204029             6.585241  
35.199108             6.917124             0.192814             6.724307  
35.214352             7.051782             0.183716             6.868064  
35.229591             7.193588             0.176893             7.016692  
35.244831             7.342821             0.172510             7.170312  
35.260071             7.500013             0.170735             7.329278  
35.267689             7.581707             0.170886             7.410817  
35.275299             7.665388             0.171759             7.493626  
35.284679             7.771684             0.173869             7.597816  
35.294060             7.881368             0.177162             7.704205  
35.303440             7.994588             0.181696             7.812895  
35.312809             8.111419             0.187513             7.923898  
35.319851             8.201763             0.192773             8.008983  
35.326881             8.294150             0.198805             8.095335  
35.333912             8.388824             0.205649             8.183175  
35.340939             8.485744             0.213323             8.272422  
35.349152             8.601968             0.223379             8.378592  
35.357361             8.721670             0.234670             8.486997  
35.365570             8.844761             0.247224             8.597532  
35.373772             8.971239             0.261078             8.710160  
35.383739             9.129954             0.279770             8.850190  
35.393700             9.294246             0.300567             8.993678  
35.403660             9.464423             0.323586             9.140832  
35.413620             9.640636             0.348922             9.291718  
35.423592             9.823416             0.376729             9.446679  
35.433552            10.012665             0.407074             9.605583  
35.443508            10.208624             0.440071             9.768543  
35.453468            10.411829             0.475898             9.935929  
35.464031            10.635551             0.517128            10.118405  
35.474579            10.867718             0.561804            10.305904  
35.485130            11.108959             0.610132            10.498825  
35.495682            11.359880             0.662354            10.697522  
35.516781            11.892153             0.779252            11.112888  
35.537880            12.468205             0.914289            11.553917  
35.558979            13.092313             1.069512            12.022779  
35.580078            13.769634             1.247346            12.522283  
35.601181            14.505380             1.450385            13.055008  
35.622280            15.305949             1.681721            13.624231  
35.648071            16.382572             2.007948            14.374595  
35.673859            17.581388             2.389124            15.192307  
35.699650            18.920324             2.834188            16.086124  
35.725430            20.420233             3.353853            17.066376  
35.751221            22.108427             3.961910            18.146521  
35.777012            24.015348             4.674397            19.340937  
35.802799            26.181826             5.512633            20.669256  
35.828579            28.657337             6.503093            22.154236  
35.854370            31.512018             7.683030            23.829012  
35.880161            34.833744             9.100551            25.733164  
35.905949            38.743145            10.822444            27.920694  
35.931740            43.414410            12.945327            30.469179  
35.957531            49.087475            15.604685            33.482841  
35.983318            56.109783            18.997808            37.111961  
36.009109            64.984802            23.412895            41.571857  
36.034889            76.415276            29.256081            47.159073  
36.060680            91.438988            37.127769            54.310982  
36.086472           111.472824            47.854534            63.618320  
36.112259           138.482101            62.585930            75.896706  
36.138039           175.129730            82.885818            92.244957  
36.163830           224.923264           110.818207           114.104019  
36.189621           292.332581           149.028259           143.305466  
36.202518           334.306244           172.971771           161.336044  
36.215408           382.842773           200.763794           182.078308  
36.228298           438.738525           232.882584           205.857422  
36.241192           502.984680           269.912567           233.072495  
36.252918           569.429321           308.312225           261.115387  
36.264641           644.256592           351.660919           292.591431  
36.276360           728.248962           400.427399           327.821014  
36.288078           822.145630           455.053345           367.093018  
36.299809           926.798950           516.055115           410.747955  
36.311531          1042.816162           583.793274           459.024445  
36.323250          1170.882812           658.690002           512.189026  
36.334969          1311.677734           741.161743           570.512939  
36.346699          1465.827515           831.594666           634.236267  
36.358421          1633.603149           930.154968           703.462097  
36.370140          1815.250610          1036.996826           778.249084  
36.381859          2011.110107          1152.362183           858.753967  
36.393581          2220.984863          1276.133789           944.860535  
36.405300          2444.786621          1408.265625          1036.529053  
36.417019          2682.086426          1548.544189          1133.537720  
36.422878          2805.471924          1621.568726          1183.930786  
36.428741          2932.230957          1696.609253          1235.643188  
36.435188          3074.913574          1781.111084          1293.802612  
36.441639          3221.151611          1867.790527          1353.349243  
36.448090          3370.450439          1956.366089          1414.090210  
36.454529          3522.645020          2046.687012          1475.943604  
36.460979          3677.729248          2138.812012          1538.927124  
36.467430          3835.400391          2232.511475          1602.878174  
36.473881          3995.104248          2327.510986          1667.606567  
36.480320          4156.447266          2423.526855          1732.924805  
36.493221          4483.705078          2618.502930          1865.189575  
36.506111          4813.552734          2815.339844          1998.239380  
36.519009          5143.183594          3012.356934          2130.847412  
36.531898          5468.811523          3207.292725          2261.537598  
36.549492          5900.361816          3466.229980          2434.131592  
36.567070          6307.642090          3711.392578          2596.286133  
36.602230          7012.325195          4138.127930          2874.214355  
36.628021          7402.130859          4376.931152          3025.201416  
36.640911          7548.160645          4467.625977          3080.544922  
36.653801          7658.614258          4537.376465          3121.282959  
36.667950          7736.950195          4588.556152          3148.396973  
36.682098          7769.188965          4612.482910          3156.726562  
36.692402          7763.308594          4612.487793          3150.843262  
36.702690          7732.765625          4597.794922          3134.944580  
36.723270          7599.466309          4525.497070          3073.935791  
36.745789          7349.298340          4384.124023          2965.205078  
36.768311          7001.589355          4184.261719          2817.384521  
36.803699          6297.678223          3775.105225          2522.584229  
36.821388          5893.274902          3538.544922          2354.685059  
36.839081          5466.371094          3288.105957          2178.250732  
36.847931          5247.740234          3159.579590          2088.159912  
36.856781          5026.931641          3029.605713          1997.332642  
36.865631          4805.401367          2899.050293          1906.344604  
36.874470          4584.463867          2768.714355          1815.744019  
36.883320          4364.442871          2638.783447          1725.637939  
36.892159          4146.958984          2510.222412          1636.739258  
36.901009          3932.225586          2383.167236          1549.056030  
36.909851          3721.677002          2258.481445          1463.208740  
36.918701          3515.655762          2136.352783          1379.311646  
36.927540          3315.146240          2017.364502          1297.774658  
36.936390          3120.246094          1901.625977          1218.601685  
36.945229          2931.918213          1789.691528          1142.216431  
36.954079          2750.091797          1681.531128          1068.560059  
36.962921          2575.658447          1577.672485           997.982605  
36.971771          2408.385010          1478.004883           930.387573  
36.980610          2248.744141          1382.780273           865.967163  
36.988251          2117.086426          1304.180908           812.901001  
36.995892          1991.083374          1228.915161           762.174744  
37.011169          1756.592041          1088.654419           667.938599  
37.026451          1544.725098           961.728882           582.992188  
37.041729          1354.921753           847.822632           507.094116  
37.057011          1186.158447           746.360168           439.791565  
37.072289          1037.133667           656.590454           380.539459  
37.087570           906.389648           577.671387           328.715271  
37.102840           792.535522           508.793243           283.741577  
37.118118           693.714722           448.860901           244.849304  
37.133400           608.492188           397.041931           211.447723  
37.163952           472.716278           314.128510           158.586624  
37.194511           373.888947           253.364059           120.524292  
37.225060           302.486115           209.103012            93.382774  
37.250801           257.961243           181.260498            76.700455  
37.276531           223.944122           159.796616            64.146980  
37.302269           197.686310           143.066605            54.619488  
37.327999           177.142685           129.842392            47.300522  
37.353741           160.780319           119.198959            41.581524  
37.379471           147.510773           110.478638            37.032242  
37.430931           127.283279            97.000984            30.282276  
37.482399           112.458794            86.961052            25.497684  
37.533859           100.996834            79.095245            21.901594  
37.585331            91.787872            72.706390            19.081587  
37.636791            84.200897            67.393074            16.807934  
37.707561            75.691811            61.375408            14.316553  
37.778320            68.828011            56.470470            12.357733  
37.849091            63.178532            52.394413            10.784282  
37.919849            58.455746            48.956486             9.499384  
37.990620            54.454109            46.019009             8.435152  
38.061378            51.027222            43.483589             7.543692  
38.132149            48.063499            41.274391             6.789159  
38.202911            45.479355            39.334419             6.144983  
38.270458            43.305706            37.691738             5.613973  
38.338009            41.371216            36.220810             5.150401  
38.473110            38.074635            33.692963             4.381692  
38.608212            35.368217            31.595648             3.772551  
38.743301            33.111401            29.829716             3.281717  
38.878399            31.206945            28.325739             2.881230  
39.013489            29.581585            27.031122             2.550478  
39.148590            28.180443            25.906078             2.274363  
39.283680            26.962240            24.920519             2.041720  
39.476681            25.471958            23.704729             1.767237  
39.669670            24.212229            22.667688             1.544542  
39.862671            23.137077            21.775080             1.362013  
40.055660            22.210245            20.999468             1.210775  
40.248661            21.401335            20.317656             1.083688  
40.441650            20.688503            19.712805             0.975703  
40.634651            20.056713            19.173325             0.883385  
40.827641            19.495230            18.690950             0.804278  
41.136429            18.711374            18.012787             0.698584  
41.445221            18.038500            17.426086             0.612417  
41.657520            17.632137            17.069424             0.562717  
41.869808            17.264458            16.745056             0.519403  
42.082111            16.926241            16.445412             0.480828  
42.294399            16.615715            16.169085             0.446628  
42.506699            16.329451            15.913168             0.416286  
42.718990            16.065802            15.675403             0.390396  
42.931290            15.834141            15.452511             0.381633  
42.984371            15.786098            15.399076             0.387017  
43.037441            15.743244            15.346623             0.396625  
43.063980            15.723615            15.320761             0.402859  
43.090511            15.704952            15.295151             0.409805  
43.117050            15.686951            15.269764             0.417182  
43.143581            15.669258            15.244631             0.424627  
43.182178            15.643198            15.208483             0.434715  
43.220779            15.615499            15.172809             0.442693  
43.254559            15.588893            15.141972             0.446925  
43.288330            15.559374            15.111487             0.447887  
43.308041            15.540618            15.093846             0.446774  
43.309471            15.539212            15.092566             0.446643  
43.314602            15.534123            15.088000             0.446121  
43.319729            15.528951            15.083442             0.445513  
43.329990            15.518369            15.074335             0.444038  
43.361519            15.483981            15.046557             0.437426  
43.393051            15.447021            15.019070             0.427955  
43.407459            15.429400            15.006592             0.422810  
43.451611            15.373402            14.968724             0.404682  
43.473679            15.344750            14.950003             0.394746  
43.495750            15.315973            14.931406             0.384565  
43.517818            15.287336            14.912951             0.374385  
43.539890            15.259015            14.894614             0.364406  
43.584030            15.204105            14.858339             0.345768  
43.672321            15.103642            14.787313             0.316331  
43.760601            15.015799            14.718213             0.297587  
44.113731            14.722498            14.456670             0.265835  
44.466869            14.460522            14.214544             0.245986  
44.643440            14.344842            14.099850             0.244998  
44.731720            14.302551            14.044313             0.258239  
44.820000            14.284025            13.990064             0.293967  
44.848831            14.284912            13.972619             0.312292  
44.877659            14.289452            13.955313             0.334143  
44.906490            14.297465            13.938136             0.359332  
44.920898            14.302636            13.929599             0.373040  
44.935310            14.308463            13.921082             0.387379  
44.949730            14.314841            13.912603             0.402239  
44.964142            14.321630            13.904155             0.417478  
44.978561            14.328694            13.895734             0.432961  
44.992970            14.335838            13.887347             0.448488  
45.007389            14.342905            13.878986             0.463920  
45.021801            14.349687            13.870659             0.479029  
45.050621            14.361600            13.854091             0.507505  
45.093868            14.372295            13.829433             0.542861  
45.115490            14.373041            13.817201             0.555844  
45.137112            14.370030            13.805024             0.565006  
45.160530            14.362082            13.791903             0.570185  
45.177429            14.353191            13.782478             0.570713  
45.195572            14.340635            13.772393             0.568244  
45.218811            14.320113            13.759542             0.560570  
45.234581            14.303471            13.750853             0.552615  
45.250351            14.284796            13.742201             0.542593  
45.281891            14.242105            13.724982             0.517124  
45.295170            14.222339            13.717768             0.504576  
45.316750            14.188491            13.706087             0.482404  
45.338329            14.153108            13.694466             0.458640  
45.359909            14.116851            13.682903             0.433950  
45.381489            14.080379            13.671391             0.408987  
45.403069            14.044275            13.659941             0.384335  
45.424648            14.009077            13.648544             0.360534  
45.446232            13.975181            13.637201             0.337978  
45.467812            13.942926            13.625923             0.317005  
45.489391            13.912533            13.614697             0.297837  
45.510971            13.884100            13.603523             0.280581  
45.554131            13.833268            13.581341             0.251926  
45.640450            13.752956            13.537601             0.215359  
45.985729            13.550261            13.369097             0.181167  
46.331009            13.380582            13.209628             0.170951  
46.503651            13.305297            13.132988             0.172314  
46.589970            13.273808            13.095537             0.178272  
46.633129            13.259919            13.077044             0.182878  
46.676289            13.247010            13.058688             0.188318  
46.702850            13.239366            13.047470             0.191893  
46.729408            13.231779            13.036309             0.195472  
46.755970            13.224091            13.025193             0.198894  
46.782532            13.216122            13.014138             0.201982  
46.829010            13.200981            12.994909             0.206070  
46.852249            13.192636            12.985353             0.207279  
46.875488            13.183667            12.975839             0.207827  
46.897388            13.174608            12.966906             0.207702  
46.900261            13.173377            12.965737             0.207638  
46.906460            13.170677            12.963213             0.207463  
46.912659            13.167933            12.960698             0.207236  
46.925060            13.162293            12.955660             0.206629  
46.960949            13.144933            12.941160             0.203771  
46.996841            13.126195            12.926748             0.199448  
47.032742            13.106405            12.912417             0.193986  
47.068630            13.085975            12.898178             0.187795  
47.104530            13.065324            12.884020             0.181301  
47.140419            13.044845            12.869951             0.174894  
47.176319            13.024851            12.855960             0.168891  
47.212212            13.005565            12.842053             0.163510  
47.283989            12.969474            12.814491             0.154984  
47.571129            12.848667            12.707253             0.141419  
48.145420            12.635494            12.504078             0.131413  
48.719711            12.436896            12.313196             0.123705  
49.006859            12.343371            12.221247             0.122126  
49.150429            12.305479            12.176460             0.129019  
49.222221            12.294267            12.154367             0.139903  
49.293999            12.291877            12.132446             0.159430  
49.336540            12.295319            12.119534             0.175781  
49.357811            12.298353            12.113104             0.185248  
49.379082            12.302155            12.106686             0.195475  
49.400349            12.306603            12.100281             0.206321  
49.421619            12.311522            12.093895             0.217626  
49.442890            12.316695            12.087515             0.229181  
49.464161            12.321893            12.081154             0.240737  
49.480122            12.325634            12.076388             0.249242  
49.496071            12.329103            12.071633             0.257470  
49.527969            12.334743            12.062148             0.272595  
49.559879            12.337832            12.052684             0.285150  
49.591782            12.337500            12.043253             0.294249  
49.607738            12.335837            12.038548             0.297285  
49.623692            12.333078            12.033847             0.299230  
49.640072            12.329080            12.029029             0.300050  
49.645821            12.327395            12.027340             0.300051  
49.662682            12.321581            12.022388             0.299192  
49.686779            12.311110            12.015330             0.295773  
49.703510            12.302386            12.010434             0.291948  
49.720242            12.292564            12.005550             0.287011  
49.753700            12.270015            11.995800             0.274213  
49.791180            12.241184            11.984912             0.256267  
49.809921            12.225813            11.979482             0.246326  
49.828659            12.210066            11.974060             0.236003  
49.850079            12.191879            11.967874             0.224000  
49.871498            12.173723            11.961699             0.212023  
49.892921            12.155860            11.955529             0.200325  
49.914330            12.138507            11.949381             0.189125  
49.935749            12.121806            11.943238             0.178567  
49.957169            12.105891            11.937104             0.168783  
50.000000            12.076716            11.924875             0.151838  
50.047619            12.048556            11.911327             0.137227  
50.095230            12.024546            11.897835             0.126712  
50.190449            11.985868            11.870997             0.114872  
50.380901            11.925940            11.817921             0.108017  
50.761791            11.818788            11.714017             0.104770  
51.523579            11.613541            11.512580             0.100957  
52.285370            11.414375            11.315913             0.098465  
53.047150            11.220484            11.123089             0.097400  
54.292992            10.907719            10.808836             0.098890  
54.915909            10.750199            10.649130             0.101065  
55.538818            10.589231            10.484606             0.104620  
56.161739            10.425029            10.315836             0.109193  
56.784660            10.253488            10.137782             0.115706  
57.407581            10.074014             9.949132             0.124881  
57.719040             9.992040             9.850425             0.141620  
57.796909             9.977930             9.825079             0.152853  
57.835838             9.972219             9.812295             0.159924  
57.874771             9.967213             9.799434             0.167775  
57.913700             9.962607             9.786498             0.176107  
57.952629             9.957980             9.773488             0.184493  
57.991562             9.952817             9.760391             0.192424  
58.030491             9.946568             9.747215             0.199353  
58.069180             9.938782             9.734046             0.204734  
58.088520             9.934162             9.727429             0.206730  
58.107861             9.929008             9.720797             0.208213  
58.128590             9.922864             9.713660             0.209203  
58.137211             9.920116             9.710687             0.209427  
58.153950             9.914455             9.704905             0.209551  
58.172279             9.907763             9.698548             0.209216  
58.190609             9.900584             9.692179             0.208405  
58.232510             9.882454             9.677538             0.204914  
58.274410             9.862346             9.662795             0.199547  
58.305840             9.846332             9.651675             0.194659  
58.337261             9.829848             9.640495             0.189353  
58.368690             9.813158             9.629252             0.183906  
58.400108             9.796535             9.617957             0.178579  
58.426960             9.782535             9.608255             0.174278  
58.453800             9.768833             9.598511             0.170322  
58.507481             9.742586             9.578888             0.163700  
58.614849             9.695122             9.539097             0.156025  
58.829590             9.612841             9.457201             0.155641  
59.259060             9.452877             9.284162             0.168715  
59.688541             9.281936             9.096285             0.185650  
60.118011             9.096614             8.889884             0.206731  
60.547489             8.893789             8.660521             0.233269  
60.976959             8.670640             8.403816             0.266822  
61.191700             8.550087             8.263025             0.287058  
61.406429             8.422011             8.111537             0.310470  
61.621170             8.286026             7.948495             0.337532  
61.835899             8.141582             7.772683             0.368898  
62.027069             8.005273             7.604106             0.401167  
62.218239             7.861032             7.422544             0.438487  
62.409409             7.707981             7.225655             0.482324  
62.600571             7.545936             7.011023             0.534908  
62.791740             7.380719             6.776397             0.604316  
62.982910             7.261022             6.519259             0.741763  
63.078499             7.266088             6.381114             0.884971  
63.126289             7.296645             6.309372             0.987266  
63.174080             7.348117             6.235765             1.112356  
63.197979             7.381364             6.198213             1.183139  
63.221870             7.418972             6.160169             1.258798  
63.245770             7.460208             6.121583             1.338619  
63.269661             7.504018             6.082480             1.421534  
63.293560             7.549155             6.042837             1.506307  
63.317451             7.594131             6.002666             1.591459  
63.341351             7.637367             5.961892             1.675475  
63.365238             7.677081             5.920567             1.756519  
63.420238             7.745654             5.823134             1.922526  
63.447739             7.763105             5.773219             1.989882  
63.475231             7.766573             5.722455             2.044111  
63.480469             7.765511             5.712672             2.052837  
63.492908             7.760688             5.689358             2.071337  
63.505341             7.752587             5.665862             2.086709  
63.521961             7.736506             5.634162             2.102340  
63.523392             7.734821             5.631408             2.103422  
63.529148             7.727673             5.620356             2.107315  
63.532028             7.723821             5.614804             2.109017  
63.540710             7.711117             5.598003             2.113118  
63.549389             7.696785             5.581142             2.115651  
63.563881             7.669296             5.552754             2.116543  
63.585621             7.619917             5.509685             2.110231  
63.607349             7.561450             5.466040             2.095405  
63.650810             7.420757             5.376906             2.043859  
63.689442             7.275304             5.295566             1.979738  
63.716000             7.168148             5.238464             1.929677  
63.742561             7.057930             5.180359             1.877569  
63.769119             6.947001             5.121251             1.825744  
63.795681             6.837418             5.061089             1.776328  
63.822239             6.731032             4.999876             1.731150  
63.848801             6.629295             4.937593             1.691694  
63.901920             6.443633             4.809682             1.633944  
63.955040             6.284838             4.677159             1.607679  
64.008163             6.152696             4.539823             1.612863  
64.114403             5.954528             4.249992             1.704532  
64.220642             5.817137             3.938498             1.878637  
64.326881             5.719979             3.603761             2.116203  
64.433121             5.661264             3.244536             2.416716  
64.539360             5.654978             2.860865             2.794088  
64.621460             5.703723             2.549088             3.154630  
64.703552             5.822374             2.227372             3.594982  
64.785652             6.045175             1.902763             4.142395  
64.867737             6.430529             1.590858             4.839640  
64.949837             7.092289             1.329088             5.763174  
64.990891             7.596911             1.243806             6.353079  
65.031929             8.288734             1.219004             7.069713  
65.072983             9.264928             1.297501             7.967421  
65.114029            10.683047             1.551910             9.131108  
65.134560            11.633173             1.780404             9.852736  
65.155083            12.800483             2.103496            10.696951  
65.175598            14.240747             2.548196            11.692569  
65.196121            16.026922             3.149590            12.877333  
65.215439            18.101650             3.896907            14.204803  
65.225098            19.309765             4.350084            14.959615  
65.234756            20.650967             4.865570            15.785319  
65.244423            22.136889             5.449340            16.687473  
65.254082            23.783028             6.109248            17.673807  
65.263741            25.607586             6.853981            18.753517  
65.273392            27.627407             7.692303            19.935152  
65.284866            30.311230             8.824652            21.486643  
65.296341            33.341049            10.123745            23.217314  
65.303581            35.445309            11.036886            24.408518  
65.316849            39.735153            12.920986            26.814333  
65.331337            45.139336            15.328976            29.810173  
65.345833            51.393951            18.153841            33.240086  
65.353683            55.179665            19.879299            35.300602  
65.361526            59.264027            21.752302            37.512489  
65.369377            63.679451            23.788141            39.891041  
65.377220            68.435600            25.993114            42.443295  
65.385071            73.564049            28.381742            45.181984  
65.392906            79.076073            30.961712            48.114868  
65.408600            91.400299            36.767773            54.633804  
65.421883           103.294235            42.409924            60.883713  
65.435158           116.673752            48.796242            67.877411  
65.448441           131.686218            56.001152            75.686012  
65.461723           148.484512            64.101517            84.382690  
65.474998           167.185715            73.161942            94.025795  
65.488281           187.994812            83.285957           104.710205  
65.501556           211.032104            94.536018           116.497414  
65.514839           236.485382           107.012749           129.476761  
65.528122           264.498199           120.786850           143.715378  
65.541397           295.183807           135.921265           159.263000  
65.554680           328.760559           152.532578           176.230194  
65.561317           346.631989           161.392059           185.240570  
65.567963           365.309204           170.662506           194.648087  
65.574600           384.712402           180.308304           204.409424  
65.581238           404.900208           190.353302           214.549377  
65.587883           425.939178           200.834549           225.106247  
65.594521           447.736328           211.710281           236.033966  
65.601158           470.385742           223.021347           247.364899  
65.607803           493.872528           234.765121           259.111145  
65.614441           518.163025           246.928345           271.243347  
65.621078           543.265015           259.504120           283.765289  
65.627724           569.276184           272.556671           296.727356  
65.634361           596.098694           286.022552           310.077484  
65.640999           623.757080           299.928345           323.826477  
65.647636           652.203796           314.244965           337.958710  
65.654282           681.569092           329.041199           352.533661  
65.660919           711.687805           344.232147           367.468323  
65.667557           742.657166           359.862640           382.798309  
65.674202           774.431213           375.919678           398.518921  
65.680840           806.980408           392.379425           414.605286  
65.687477           840.269165           409.240906           431.039551  
65.694122           874.369263           426.511353           447.858734  
65.700760           909.172729           444.171478           465.006073  
65.707397           944.632446           462.168762           482.462830  
65.714043           980.803223           480.559204           500.244110  
65.720680          1017.558472           499.258575           518.309387  
65.727318          1054.993896           518.325684           536.679443  
65.733963          1092.933105           537.658936           555.275635  
65.740601          1131.441650           557.315308           574.139465  
65.753883          1209.852173           597.387939           612.484436  
65.767159          1289.828735           638.328918           651.497375  
65.780441          1370.915039           679.940796           690.975525  
65.793716          1452.695190           722.004395           730.709778  
65.806999          1534.752930           764.294250           770.460815  
65.820282          1616.493164           806.524292           809.978210  
65.833557          1697.348267           848.416138           848.951233  
65.855301          1826.447266           915.525085           910.925354  
65.877029          1949.155640           979.655151           969.498840  
65.920486          2165.300781          1093.774780          1071.533569  
65.947052          2271.643311          1150.830444          1120.818359  
65.973602          2353.816895          1195.841919          1157.980591  
65.989304          2389.849365          1216.147949          1173.702637  
66.004990          2415.893555          1231.431885          1184.467407  
66.018097          2429.828125          1240.236816          1189.597046  
66.031197          2436.521484          1245.361694          1191.157715  
66.048668          2434.064209          1246.400391          1187.658203  
66.066139          2418.665039          1240.830444          1177.835205  
66.085800          2386.268311          1226.827148          1159.436523  
66.105461          2338.590088          1204.969360          1133.639771  
66.136353          2235.358398          1155.914062          1079.443481  
66.167236          2102.214600          1091.229126          1010.970764  
66.198128          1945.441162          1014.044128           931.397034  
66.213577          1860.307739           971.814575           888.482483  
66.229019          1772.073608           927.881348           844.190918  
66.244469          1681.411621           882.574219           798.835693  
66.259911          1589.302734           836.389099           752.904602  
66.275360          1496.529053           789.742432           706.786560  
66.290802          1404.005493           743.090027           660.914429  
66.305550          1316.530762           698.864075           617.652771  
66.320290          1230.454712           655.256958           575.195679  
66.335037          1146.303711           612.521851           533.775146  
66.349777          1064.719116           570.999390           493.711975  
66.357162          1024.860840           550.686340           474.170288  
66.364532           985.840576           530.778687           455.066254  
66.379272           910.203735           492.119110           418.082520  
66.394012           838.071167           455.171173           382.887421  
66.408752           769.539673           419.997070           349.530762  
66.423500           704.794189           386.700989           318.086456  
66.438240           644.009949           355.376495           288.633484  
66.452980           587.164490           326.010712           261.149933  
66.467720           534.287964           298.638916           235.646545  
66.482468           485.273010           273.204926           212.065033  
66.497208           440.060089           249.689270           190.370651  
66.511948           398.557770           228.048737           170.508072  
66.526688           360.603271           208.206284           152.396057  
66.553368           300.386444           176.603073           123.782310  
66.580048           250.144241           150.089661           100.053238  
66.606728           208.691071           128.081085            80.610123  
66.633400           174.878983           110.003700            64.873810  
66.660080           147.501999            95.252869            52.248524  
66.686760           125.520561            83.302773            42.216831  
66.713440           107.979012            73.668602            34.309311  
66.740112            94.038521            65.923340            28.114832  
66.793472            74.182541            54.672699            19.509548  
66.846817            61.570107            47.292999            14.276731  
66.900177            53.316635            42.283249            11.033201  
66.953529            47.656471            38.715015             8.941423  
67.018120            42.817741            35.546867             7.270767  
67.082710            39.268387            33.142544             6.125798  
67.147301            36.500500            31.218714             5.281762  
67.211884            34.249760            29.623356             4.626414  
67.276466            32.369217            28.269211             4.100028  
67.341057            30.767027            27.100300             3.666731  
67.405647            29.382782            26.079359             3.303408  
67.470230            28.172192            25.178722             2.993496  
67.504189            27.594070            24.746181             2.847868  
67.583557            26.374861            23.829462             2.545418  
67.662918            25.310940            23.024353             2.286581  
67.742279            24.374893            22.311451             2.063461  
67.821640            23.546333            21.675579             1.870765  
67.907692            22.750641            21.059278             1.691364  
67.993736            22.045666            20.507570             1.538085  
68.079788            21.417122            20.010712             1.406425  
68.165840            20.852806            19.560478             1.292328  
68.337936            19.879128            18.774792             1.104327  
68.510033            19.065548            18.109934             0.955588  
68.682129            18.375172            17.539637             0.835539  
68.854218            17.782848            17.045435             0.737415  
69.026321            17.269053            16.612833             0.656227  
69.198410            16.819275            16.230947             0.588340  
69.341827            16.485491            15.945482             0.540017  
69.485237            16.183622            15.685708             0.497914  
69.772057            15.656027            15.227952             0.428069  
70.058891            15.208409            14.835730             0.372673  
70.345711            14.824669            14.496375             0.328290  
70.632538            14.490515            14.198431             0.292092  
70.919357            14.196000            13.933832             0.262175  
71.206192            13.934306            13.697011             0.237302  
71.493011            13.700361            13.483574             0.216784  
71.837196            13.457027            13.252006             0.205025  
72.009300            13.368344            13.144592             0.223749  
72.052330            13.352054            13.118586             0.233468  
72.095352            13.338077            13.092921             0.245152  
72.116859            13.331830            13.080220             0.251614  
72.138367            13.325981            13.067594             0.258393  
72.159882            13.320437            13.055038             0.265396  
72.181389            13.315089            13.042572             0.272512  
72.210083            13.308029            13.026060             0.281968  
72.238762            13.300786            13.009701             0.291086  
72.296120            13.284339            12.977383             0.306956  
72.334358            13.270864            12.956129             0.314735  
72.361847            13.259488            12.940993             0.318493  
72.389328            13.246489            12.925985             0.320508  
72.410843            13.235099            12.914304             0.320790  
72.422340            13.228556            12.908096             0.320460  
72.441948            13.216681            12.897551             0.319126  
72.470329            13.197876            12.882385             0.315491  
72.492630            13.181843            12.870556             0.311286  
72.514923            13.164776            12.858795             0.305981  
72.563553            13.124537            12.833398             0.291138  
72.591927            13.099587            12.818730             0.280855  
72.620300            13.073939            12.804173             0.269767  
72.648666            13.047951            12.789732             0.258215  
72.677040            13.021899            12.775401             0.246500  
72.705421            12.996083            12.761166             0.234915  
72.733788            12.970777            12.747052             0.223723  
72.762161            12.946162            12.733040             0.213119  
72.790527            12.922415            12.719148             0.203266  
72.847282            12.877798            12.691644             0.186151  
72.904022            12.837233            12.664550             0.172682  
73.017509            12.766742            12.611469             0.155272  
73.471474            12.544487            12.410005             0.134479  
73.860580            12.375439            12.249876             0.125563  
74.249687            12.218401            12.100008             0.118394  
74.638802            12.070885            11.958312             0.112570  
75.027901            11.931458            11.823489             0.107967  
75.417007            11.798696            11.694162             0.104530  
75.806122            11.670928            11.568720             0.102205  
76.195229            11.546750            11.445729             0.101017  
76.584328            11.424972            11.323752             0.101219  
77.200417            11.233624            11.128869             0.104754  
77.508469            11.136744            11.028068             0.108678  
77.816513            11.037584            10.922613             0.114973  
78.124557            10.934858            10.810433             0.124426  
78.278580            10.881604            10.750764             0.130841  
78.432602            10.826651            10.687787             0.138862  
78.586617            10.769651            10.620650             0.149001  
78.740639            10.710208            10.548235             0.161970  
78.894661            10.647921            10.469119             0.178805  
79.048683            10.582395            10.381295             0.201105  
79.162170            10.531857            10.309348             0.222506  
79.275658            10.479381            10.229446             0.249930  
79.389153            10.425372            10.139303             0.286069  
79.502640            10.371516            10.035533             0.335983  
79.559387            10.346420             9.977043             0.369371  
79.616127            10.325310             9.913143             0.412170  
79.672882            10.313363             9.842852             0.470504  
79.729622            10.321484             9.765388             0.556089  
79.786369            10.371732             9.680073             0.691653  
79.843109            10.506789             9.587144             0.919642  
79.899857            10.804622             9.488819             1.315799  
79.956596            11.399376             9.390884             2.008476  
80.005241            12.305985             9.316101             2.989861  
80.053879            13.783629             9.262976             4.520700  
80.078201            14.814670             9.250204             5.564370  
80.102524            16.090763             9.250483             6.840284  
80.126839            17.652374             9.267304             8.384994  
80.151161            19.545685             9.304621            10.240988  
80.175484            21.816607             9.366779            12.449798  
80.199799            24.509651             9.458429            15.051328  
80.211960            26.029348             9.516865            16.512411  
80.224121            27.668257             9.584395            18.083982  
80.236282            29.438478             9.661960            19.776356  
80.248444            31.335436             9.749749            21.585629  
80.260597            33.369537             9.848703            23.520763  
80.272758            35.542709             9.959297            25.583200  
80.284920            37.860786            10.082271            27.778278  
80.297081            40.319061            10.217799            30.100870  
80.309242            42.922382            10.366544            32.555550  
80.321404            45.671894            10.529017            35.142685  
80.333557            48.564507            10.705382            37.858768  
80.345711            51.601036            10.896141            40.705078  
80.356857            54.508183            11.083796            43.424965  
80.368011            57.532490            11.283914            46.247639  
80.379158            60.669476            11.496593            49.172386  
80.390297            63.899956            11.720896            52.178886  
80.401451            67.243309            11.958296            55.284336  
80.412590            70.674675            12.207428            58.466354  
80.423737            74.197975            12.468975            61.728455  
80.434883            77.791656            12.741508            65.049545  
80.446030            81.453049            13.025368            68.427567  
80.457176            85.171692            13.319695            71.851517  
80.468330            88.942581            13.624622            75.317390  
80.479469            92.733063            13.937807            78.794525  
80.490623            96.557480            14.260682            82.296059  
80.501762           100.378067            14.590339            85.787270  
80.512909           104.193855            14.927164            89.266151  
80.524048           107.989288            15.269996            92.719101  
80.537231           112.426399            15.681059            96.744133  
80.550400           116.775383            16.096184           100.677788  
80.576752           125.138458            16.932806           108.204765  
80.603104           132.863586            17.762104           115.100243  
80.629440           139.734406            18.564941           121.168800  
80.656799           145.767212            19.351324           126.416527  
80.684158           150.496185            20.069742           130.425049  
80.693283           151.750381            20.290606           131.459198  
80.704422           153.057968            20.546083           132.510910  
80.715569           154.110764            20.785658           133.323608  
80.726707           154.898224            21.006859           133.890701  
80.739548           155.479111            21.239655           134.239212  
80.747437           155.659378            21.369820           134.287750  
80.750603           155.693146            21.419123           134.272644  
80.762093           155.632874            21.585012           134.046143  
80.773567           155.289154            21.728621           133.559982  
80.798286           153.591736            21.961334           131.630051  
80.821892           150.797226            22.084431           128.711700  
80.845490           146.922836            22.110388           124.812630  
80.888199           137.515259            21.920486           115.594078  
80.909554           131.843964            21.719812           110.123558  
80.930901           125.657242            21.456022           104.201103  
80.950012           119.784355            21.172247            98.609322  
80.969109           113.669792            20.849131            92.819611  
80.988220           107.395996            20.492355            86.903152  
80.997772           104.225342            20.303329            83.921318  
81.007317           101.046074            20.108305            80.936836  
81.016876            97.851555            19.907045            77.944946  
81.026428            94.680222            19.702145            74.977936  
81.035980            91.514015            19.492695            72.020508  
81.045532            88.370163            19.279985            69.088959  
81.055092            85.256020            19.064833            66.190018  
81.064636            82.184311            18.848196            63.335526  
81.074188            79.151031            18.629911            60.520714  
81.083740            76.174767            18.411568            57.761459  
81.090492            74.098915            18.256958            55.841415  
81.097229            72.054886            18.102678            53.951801  
81.103973            70.045982            17.949200            52.096191  
81.110710            68.071007            17.796387            50.273853  
81.117462            66.124054            17.643919            48.479794  
81.124199            64.215698            17.492579            46.722340  
81.130943            62.345390            17.342655            45.002430  
81.137680            60.514019            17.194057            43.320049  
81.151169            56.960354            16.900553            40.059364  
81.164650            53.574860            16.614431            36.960201  
81.178139            50.348766            16.335526            34.012741  
81.191620            47.295494            16.065470            31.229424  
81.205109            44.408047            15.804303            28.603695  
81.218590            41.693707            15.553051            26.140316  
81.232079            39.148651            15.312028            23.836664  
81.245560            36.768120            15.081278            21.686790  
81.259048            34.551640            14.861245            19.690271  
81.272530            32.490849            14.651726            17.839125  
81.286018            30.583012            14.452828            16.130127  
81.299500            28.821415            14.264508            14.556826  
81.324226            25.949692            13.946051            12.003515  
81.348953            23.505190            13.660942             9.844286  
81.373680            21.444118            13.407244             8.036814  
81.398399            19.719580            13.182414             6.537097  
81.423126            18.287941            12.983847             5.303978  
81.447853            17.107237            12.808853             4.298363  
81.497299            15.352346            12.519397             2.832904  
81.546753            14.193393            12.294271             1.899124  
81.596199            13.434474            12.117297             1.317171  
81.645653            12.933502            11.975376             0.958114  
81.695091            12.595105            11.858957             0.736146  
81.758034            12.304074            11.736765             0.567302  
81.820961            12.102161            11.635036             0.467126  
81.883888            11.949955            11.547784             0.402174  
81.946823            11.827241            11.471188             0.356056  
82.009758            11.723684            11.402830             0.320856  
82.072693            11.633629            11.341001             0.292631  
82.198547            11.482192            11.232567             0.249630  
82.292953            11.386891            11.161515             0.225371  
82.387352            11.303267            11.097272             0.205997  
82.481750            11.229145            11.038585             0.190553  
82.576149            11.163006            10.984499             0.178510  
82.670547            11.103880            10.934245             0.169635  
82.764954            11.051224            10.887258             0.163970  
82.812149            11.027333            10.864830             0.162499  
82.859352            11.005211            10.843042             0.162170  
82.953743            10.967750            10.801218             0.166534  
82.989700            10.956685            10.785846             0.170840  
83.061623            10.942365            10.755954             0.186414  
83.070251            10.941517            10.752427             0.189084  
83.073120            10.941278            10.751264             0.190010  
83.075996            10.941069            10.750101             0.190968  
83.084091            10.940611            10.746826             0.193789  
83.092178            10.940363            10.743566             0.196794  
83.108353            10.940508            10.737077             0.203421  
83.160507            10.947547            10.716513             0.231032  
83.198463            10.959860            10.701844             0.258018  
83.236397            10.978958            10.687418             0.291547  
83.255379            10.991188            10.680286             0.310896  
83.274353            11.005212            10.673219             0.331999  
83.293320            11.021027            10.666207             0.354827  
83.312286            11.038594            10.659232             0.379360  
83.326523            11.052844            10.654052             0.398799  
83.340752            11.068014            10.648885             0.419130  
83.354980            11.083969            10.643755             0.440214  
83.369209            11.100671            10.638653             0.462029  
83.383438            11.118051            10.633575             0.484475  
83.397667            11.135985            10.628523             0.507462  
83.411903            11.154376            10.623497             0.530876  
83.426132            11.173094            10.618494             0.554595  
83.445099            11.198329            10.611868             0.586458  
83.464073            11.223565            10.605284             0.618279  
83.482452            11.247699            10.598948             0.648745  
83.500832            11.271179            10.592644             0.678533  
83.519211            11.293585            10.586385             0.707206  
83.537590            11.314623            10.580153             0.734464  
83.611107            11.377770            10.555596             0.822171  
83.634827            11.388797            10.547779             0.841024  
83.658546            11.394362            10.540024             0.854333  
83.683449            11.393928            10.531923             0.862001  
83.698936            11.390304            10.526913             0.863383  
83.703247            11.388830            10.525520             0.863301  
83.720161            11.381146            10.520086             0.861059  
83.741722            11.366869            10.513193             0.853680  
83.760590            11.350365            10.507177             0.843184  
83.779457            11.330312            10.501201             0.829118  
83.801033            11.303275            10.494397             0.808872  
83.822594            11.272222            10.487635             0.784588  
83.865723            11.199960            10.474206             0.725748  
83.892677            11.149396            10.465882             0.683516  
83.919632            11.096051            10.457603             0.638440  
83.933113            11.068696            10.453490             0.615205  
83.946587            11.041107            10.449391             0.591717  
83.960068            11.013286            10.445293             0.567995  
83.973541            10.985522            10.441217             0.544298  
83.987701            10.956422            10.436944             0.519469  
84.001846            10.927588            10.432687             0.494897  
84.015999            10.899139            10.428444             0.470687  
84.030151            10.871162            10.424212             0.446953  
84.044312            10.843742            10.419991             0.423752  
84.058456            10.817062            10.415789             0.401270  
84.072609            10.791061            10.411587             0.379473  
84.086761            10.765966            10.407414             0.358551  
84.100922            10.741660            10.403239             0.338417  
84.115067            10.718340            10.399090             0.319249  
84.143372            10.674531            10.390810             0.283717  
84.171669            10.634627            10.382581             0.252047  
84.199966            10.598644            10.374393             0.224248  
84.256577            10.537789            10.358152             0.179636  
84.313179            10.489976            10.342081             0.147894  
84.426392            10.422680            10.310378             0.112301  
84.652817            10.340893            10.248540             0.092352  
84.879242            10.276728            10.188410             0.088320  
85.332092            10.156577            10.071639             0.084940  
85.784943            10.041520             9.958007             0.083512  
86.507347             9.863618             9.779827             0.083789  
87.229752             9.688834             9.601940             0.086894  
87.590958             9.602413             9.512136             0.090276  
87.952164             9.517953             9.421251             0.096704  
88.132759             9.479077             9.375320             0.103758  
88.313362             9.457170             9.329044             0.128133  
88.403664             9.472822             9.305850             0.166974  
88.493958             9.538999             9.282752             0.256250  
88.539108             9.606074             9.271290             0.334777  
88.584259             9.707096             9.259957             0.447129  
88.629410             9.852445             9.248759             0.603682  
88.651993             9.945224             9.243239             0.701965  
88.674561            10.053057             9.237777             0.815280  
88.696129            10.171639             9.232608             0.939019  
88.717690            10.306229             9.227506             1.078698  
88.739258            10.457878             9.222460             1.235392  
88.760818            10.627164             9.217485             1.409682  
88.771606            10.718538             9.215020             1.503507  
88.782387            10.814562             9.212577             1.602010  
88.793167            10.914935             9.210151             1.704744  
88.803947            11.020048             9.207738             1.812290  
88.814743            11.129657             9.205337             1.924282  
88.825523            11.243700             9.202966             2.040713  
88.836304            11.361815             9.200603             2.161133  
88.847076            11.484242             9.198266             2.285909  
88.859894            11.635272             9.195494             2.439723  
88.872688            11.791306             9.192750             2.598489  
88.885498            11.952659             9.190021             2.762539  
88.898300            12.118577             9.187305             2.931237  
88.911110            12.288849             9.184613             3.104178  
88.923912            12.462381             9.181925             3.280405  
88.936707            12.638774             9.179256             3.459474  
88.949509            12.817796             9.176590             3.641242  
88.962318            12.998974             9.173922             3.824905  
88.975121            13.180235             9.171259             4.008901  
88.987923            13.361780             9.168597             4.193157  
89.000717            13.542516             9.165926             4.376511  
89.013527            13.721669             9.163244             4.558300  
89.026329            13.898190             9.160553             4.737542  
89.051933            14.240081             9.155100             5.084848  
89.143578            15.233961             9.134549             6.099346  
89.167839            15.409999             9.128727             6.281215  
89.192101            15.540630             9.122693             6.417874  
89.220398            15.631019             9.115376             6.515522  
89.235222            15.650749             9.111428             6.539106  
89.246773            15.652580             9.108285             6.544215  
89.248222            15.652078             9.107885             6.544161  
89.253113            15.648613             9.106540             6.542052  
89.257988            15.643107             9.105186             6.537933  
89.267754            15.626006             9.102454             6.523451  
89.275284            15.606946             9.100312             6.506520  
89.303528            15.492517             9.092113             6.400309  
89.329903            15.326617             9.084194             6.242355  
89.356262            15.107934             9.076042             6.031845  
89.405220            14.582956             9.060361             5.522621  
89.429703            14.274457             9.052315             5.222145  
89.454178            13.943387             9.044150             4.899195  
89.468307            13.744695             9.039400             4.705259  
89.482430            13.542312             9.034640             4.507628  
89.496559            13.336934             9.029852             4.307049  
89.510681            13.129944             9.025057             4.104876  
89.524811            12.922852             9.020266             3.902551  
89.538933            12.716054             9.015459             3.700626  
89.553047            12.511384             9.010662             3.500668  
89.567169            12.309281             9.005874             3.303378  
89.581299            12.110950             9.001098             3.109815  
89.595421            11.916606             8.996325             2.920287  
89.609543            11.727578             8.991573             2.735983  
89.623657            11.544559             8.986853             2.557685  
89.637787            11.367290             8.982139             2.385126  
89.651909            11.196896             8.977450             2.219441  
89.666031            11.033697             8.972792             2.060915  
89.680153            10.878070             8.968165             1.909889  
89.695221            10.720079             8.963246             1.756839  
89.710281            10.570889             8.958362             1.612535  
89.725349            10.430597             8.953516             1.477090  
89.740410            10.299018             8.948693             1.350309  
89.755478            10.176294             8.943909             1.232376  
89.770538            10.061857             8.939146             1.122699  
89.800667             9.857953             8.929723             0.928237  
89.830803             9.684710             8.920394             0.764311  
89.860931             9.539381             8.911170             0.628220  
89.921188             9.319572             8.892936             0.426632  
89.981453             9.173079             8.874924             0.298157  
90.041710             9.077103             8.857032             0.220073  
90.101967             9.013712             8.839174             0.174538  
90.222488             8.938040             8.803365             0.134677  
90.343010             8.889797             8.767246             0.122549  
90.463531             8.849266             8.730697             0.118569  
90.704567             8.772858             8.656136             0.116719  
91.269508             8.594333             8.474298             0.120030  
91.834450             8.409148             8.281566             0.127590  
92.116920             8.313772             8.180535             0.133242  
92.399391             8.226805             8.075625             0.151185  
92.540627             8.204973             8.021628             0.183351  
92.611252             8.206519             7.994216             0.212306  
92.646561             8.211264             7.980407             0.230858  
92.681862             8.218779             7.966532             0.252250  
92.717171             8.229006             7.952581             0.276423  
92.734833             8.235070             7.945572             0.289500  
92.752480             8.241706             7.938557             0.303151  
92.770142             8.248873             7.931510             0.317359  
92.787788             8.256464             7.924461             0.332005  
92.805450             8.264440             7.917380             0.347058  
92.823097             8.272674             7.910286             0.362391  
92.840759             8.281078             7.903171             0.377913  
92.858414             8.289535             7.896035             0.393497  
92.876068             8.297912             7.888885             0.409029  
92.893723             8.306076             7.881721             0.424356  
92.911377             8.313905             7.874528             0.439375  
92.929031             8.321256             7.867316             0.453945  
92.964333             8.333919             7.852847             0.481074  
93.013298             8.345303             7.832639             0.512667  
93.037781             8.347547             7.822485             0.525066  
93.062263             8.347140             7.812289             0.534855  
93.096161             8.341797             7.798109             0.543691  
93.116417             8.335825             7.789592             0.546230  
93.126480             8.332075             7.785362             0.546712  
93.142761             8.324883             7.778496             0.546384  
93.166634             8.311858             7.768386             0.543478  
93.195282             8.292486             7.756215             0.536273  
93.223923             8.269252             7.743982             0.525270  
93.252563             8.242526             7.731702             0.510832  
93.295532             8.196934             7.713168             0.483774  
93.317009             8.172150             7.703848             0.468303  
93.338493             8.146400             7.694507             0.451898  
93.359978             8.119910             7.685131             0.434784  
93.381462             8.092931             7.675721             0.417216  
93.402939             8.065718             7.666277             0.399446  
93.424423             8.038455             7.656787             0.381669  
93.445908             8.011439             7.647281             0.364158  
93.467392             7.984790             7.637736             0.347053  
93.488869             7.958710             7.628162             0.330551  
93.510353             7.933300             7.618544             0.314761  
93.531830             7.908751             7.608909             0.299846  
93.553307             7.885067             7.599227             0.285842  
93.596268             7.840600             7.579751             0.260849  
93.655952             7.785512             7.552459             0.233051  
93.715622             7.737813             7.524892             0.212919  
93.834969             7.659800             7.468831             0.190967  
94.073662             7.537845             7.352892             0.184953  
94.551041             7.308193             7.106067             0.202128  
95.028419             7.063370             6.838689             0.224679  
95.505798             6.797959             6.545760             0.252196  
95.983177             6.508498             6.222431             0.286055  
96.460564             6.190264             5.861646             0.328615  
96.937943             5.841118             5.458502             0.382616  
97.176628             5.656069             5.238612             0.417465  
97.415321             5.477489             5.004235             0.473258  
97.558540             5.388805             4.856296             0.532510  
97.630150             5.352530             4.780150             0.572376  
97.665947             5.336196             4.741503             0.594691  
97.701752             5.320740             4.702469             0.618273  
97.737556             5.305782             4.663043             0.642739  
97.773361             5.290834             4.623211             0.667624  
97.809158             5.275337             4.582977             0.692359  
97.844963             5.258651             4.542293             0.716360  
97.916573             5.219238             4.459657             0.759581  
97.952370             5.195343             4.417697             0.777648  
97.988167             5.168022             4.375295             0.792727  
98.002502             5.156026             4.358157             0.797866  
98.027802             5.133370             4.327775             0.805596  
98.037857             5.123834             4.315650             0.808181  
98.056976             5.104829             4.292463             0.812367  
98.064598             5.096953             4.283196             0.813759  
98.083649             5.076478             4.259907             0.816571  
98.102699             5.054934             4.236482             0.818454  
98.140800             5.008861             4.189262             0.819601  
98.232239             4.884670             4.073675             0.810993  
98.287491             4.803482             4.002309             0.801173  
98.342728             4.720493             3.929797             0.790702  
98.397972             4.637697             3.856050             0.781654  
98.453209             4.556808             3.781134             0.775677  
98.563698             4.404166             3.627650             0.776512  
98.674179             4.264560             3.469244             0.795312  
98.895149             4.010699             3.137303             0.873391  
99.116119             3.769496             2.784924             0.984570  
99.337090             3.534862             2.412242             1.122625  
99.558060             3.314341             2.021142             1.293188  
99.779030             3.123958             1.616254             1.507702  
99.889519             3.048144             1.411515             1.636627  
100.000000             2.991415             1.207896             1.783521  
100.171700             2.956548             0.900928             2.055625  
100.343399             3.019090             0.622144             2.396948  
100.429298             3.104240             0.502492             2.601754  
100.472198             3.164529             0.449992             2.714542  
100.515099             3.238721             0.403558             2.835166  
100.557999             3.328643             0.364251             2.964396  
100.600899             3.436498             0.333286             3.103214  
100.643799             3.564639             0.312138             3.252502  
100.665298             3.637422             0.305742             3.331684  
100.686699             3.716064             0.302482             3.413586  
100.713699             3.824628             0.303188             3.521442  
100.727203             3.883076             0.305719             3.577358  
100.740700             3.944536             0.309806             3.634739  
100.754204             4.009183             0.315531             3.693657  
100.767700             4.076941             0.322965             3.753975  
100.781197             4.148134             0.332216             3.815920  
100.794701             4.222962             0.343389             3.879579  
100.811897             4.323536             0.360530             3.963006  
100.829002             4.430043             0.381064             4.048980  
100.841301             4.510610             0.398072             4.112550  
100.854797             4.603190             0.419042             4.184156  
100.868896             4.704800             0.443680             4.261130  
100.882896             4.810868             0.471047             4.339825  
100.902603             4.969257             0.514780             4.454482  
100.922203             5.138194             0.564787             4.573416  
100.941803             5.319354             0.621853             4.697510  
100.961403             5.513764             0.686619             4.827147  
100.983498             5.749789             0.769592             4.980214  
101.005600             6.005699             0.864322             5.141385  
101.027702             6.282953             0.971888             5.311082  
101.049698             6.582609             1.093233             5.489391  
101.071800             6.909260             1.230856             5.678409  
101.093803             7.263147             1.385537             5.877641  
101.115898             7.649616             1.560314             6.089333  
101.137901             8.069886             1.756564             6.313320  
101.167397             8.695334             2.059134             6.636210  
101.196800             9.400585             2.413347             6.987252  
101.226196            10.201369             2.829914             7.371488  
101.255600            11.117650             3.322531             7.795124  
101.285103            12.175410             3.909290             8.266143  
101.314499            13.397747             4.607665             8.790099  
101.343903            14.826609             5.447037             9.379588  
101.373299            16.509184             6.461677            10.047543  
101.400299            18.334591             7.588395            10.746156  
101.427299            20.488995             8.946292            11.542668  
101.454300            23.053455            10.594111            12.459411  
101.481201            26.110130            12.593191            13.517168  
101.508202            29.805698            15.048561            14.757310  
101.535202            34.279991            18.064373            16.215874  
101.562202            39.718277            21.776762            17.941626  
101.589104            46.322006            26.335365            19.986431  
101.616096            54.406036            31.971489            22.434542  
101.643097            64.278664            38.913780            25.364889  
101.670097            76.333679            47.455399            28.878973  
101.696999            90.960304            57.885174            33.075562  
101.723999           108.781372            70.664146            38.116650  
101.750999           130.385376            86.232666            44.151249  
101.778000           156.394470           105.058189            51.336746  
101.804901           187.472488           127.635170            59.837280  
101.836800           232.067062           160.146164            71.919792  
101.868698           286.462769           199.935349            86.524323  
101.884697           317.835999           222.938553            94.897575  
101.900597           352.102448           248.091827           104.007111  
101.916603           389.747772           275.763336           113.978996  
101.932503           430.498688           305.754944           124.737907  
101.948502           475.017120           338.559448           136.453339  
101.964401           523.052856           373.994293           149.056168  
101.980400           575.141907           412.458801           162.680984  
101.996300           630.942749           453.702484           177.235733  
102.012299           691.118469           498.219788           192.890198  
102.028198           755.196289           545.664612           209.519455  
102.044098           823.449829           596.259644           227.182159  
102.059998           895.846436           649.963135           245.869949  
102.074699           966.673462           702.554993           264.118896  
102.089401          1040.932495           757.732605           283.205170  
102.104103          1118.734863           815.567322           303.152069  
102.118797          1200.067993           876.086609           323.967743  
102.133499          1284.573486           939.018921           345.546265  
102.148201          1372.130005          1004.256165           367.862732  
102.162903          1462.675415          1071.781372           390.885345  
102.177597          1555.828003          1141.306396           414.522430  
102.188103          1623.866455          1192.110107           431.752838  
102.198502          1692.392822          1243.285645           449.069305  
102.208900          1761.769775          1295.150635           466.591583  
102.219299          1832.047485          1347.720093           484.308228  
102.240196          1975.287598          1454.959106           520.318481  
102.261002          2119.620117          1563.109985           556.479431  
102.281898          2264.674316          1671.981812           592.691589  
102.302696          2408.128418          1779.761597           628.353210  
102.323502          2549.052979          1885.776001           663.238647  
102.344299          2685.668213          1988.782349           696.894165  
102.398300          3010.463623          2234.390137           776.036865  
102.452202          3269.842529          2432.062256           837.785278  
102.481598          3375.848633          2513.647705           862.180969  
102.511002          3452.959717          2573.840576           879.109680  
102.532799          3490.152832          2603.597656           886.528870  
102.554497          3509.722412          2620.250488           889.458374  
102.558998          3511.549561          2622.024170           889.501282  
102.560501          3511.968506          2622.506592           889.461487  
102.564796          3512.802002          2623.518555           889.259766  
102.569000          3512.908936          2624.003418           888.894104  
102.577400          3511.157715          2623.483398           887.653381  
102.594299          3499.533203          2616.407959           883.125061  
102.616203          3468.847656          2595.518555           873.302368  
102.638000          3421.099121          2561.862305           859.218201  
102.659798          3357.162354          2516.055176           841.103455  
102.681602          3277.878418          2458.724365           819.174500  
102.736198          3021.234619          2271.249023           750.006958  
102.763496          2867.463135          2158.187744           709.270935  
102.790802          2701.188965          2035.595093           665.585815  
102.813904          2553.161621          1926.212524           626.946350  
102.836998          2400.888428          1813.487549           587.405579  
102.860100          2246.118652          1698.702637           547.387512  
102.883202          2090.922363          1583.484985           507.434509  
102.894798          2013.496704          1525.934570           487.559967  
102.906303          1937.098145          1469.119141           467.990387  
102.917900          1860.763794          1412.288086           448.464172  
102.929398          1786.182617          1356.752808           429.422058  
102.941002          1711.825317          1301.355469           410.474915  
102.952499          1639.507324          1247.426636           392.072449  
102.964104          1567.844849          1193.973511           373.874237  
102.975601          1498.449951          1142.161865           356.276154  
102.987198          1430.044312          1091.074341           338.958679  
102.998703          1363.844971          1041.621826           322.230316  
103.010300          1299.034424           993.156494           305.877686  
103.021797          1236.655518           946.500183           290.167572  
103.033401          1175.738892           900.897156           274.843018  
103.044899          1117.250488           857.094543           260.156219  
103.068001          1006.127991           773.801147           232.329712  
103.091103           903.406189           696.717529           206.693588  
103.114197           809.119385           625.881653           183.241867  
103.137299           723.152771           561.216492           161.940140  
103.160400           645.258301           502.540558           142.711929  
103.183502           575.176270           449.694641           125.483543  
103.206596           512.353943           402.248444           110.105003  
103.229698           456.453735           359.970703            96.484383  
103.252800           406.854828           322.398743            84.457596  
103.299004           324.764191           260.052002            64.710060  
103.345200           261.835571           212.076691            49.759594  
103.387199           218.004456           178.511948            39.490604  
103.429199           184.170837           152.483276            31.686853  
103.471199           158.135773           132.347061            25.789335  
103.513199           138.039230           116.708908            21.330444  
103.555199           122.455498           104.501953            17.952980  
103.597198           110.223106            94.853416            15.369495  
103.639198           100.495720            87.124443            13.370994  
103.681198            92.628777            80.828270            11.800040  
103.765198            80.714439            71.198265             9.516231  
103.849197            72.063629            64.121834             7.941829  
103.933197            65.411949            58.628494             6.783510  
104.017097            60.087833            54.197876             5.890031  
104.096901            55.893200            50.685333             5.207934  
104.176697            52.338085            47.692566             4.645593  
104.256500            49.280411            45.106148             4.174325  
104.336304            46.623055            42.848408             3.774696  
104.416100            44.291225            40.859066             3.432240  
104.495903            42.229263            39.093010             3.136275  
104.655403            38.744907            36.092911             2.652016  
104.815002            35.908417            33.634399             2.274014  
104.974503            33.558170            31.585062             1.973128  
105.134102            31.578909            29.849516             1.729410  
105.293602            29.893152            28.363586             1.529554  
105.444801            28.511341            27.139805             1.371579  
105.596001            27.301224            26.063309             1.237930  
105.747200            26.232952            25.109072             1.123917  
105.898399            25.283045            24.257191             1.025884  
106.049599            24.432732            23.491760             0.940990  
106.200798            23.665983            22.799103             0.866898  
106.503098            22.334181            21.590099             0.744062  
106.805496            21.212523            20.565611             0.646873  
107.107803            20.256815            19.687542             0.569239  
107.410202            19.431629            18.925072             0.506550  
107.712502            18.711050            18.255533             0.455511  
108.082100            17.940754            17.535542             0.405208  
108.451599            17.265865            16.900650             0.365197  
108.821098            16.667364            16.333878             0.333480  
109.190598            16.129696            15.821157             0.308537  
109.560204            15.637512            15.348525             0.288980  
109.929703            15.181112            14.906925             0.274180  
110.299202            14.755616            14.488532             0.267081  
110.484001            14.564321            14.286497             0.277823  
110.668701            14.410816            14.088609             0.322204  
110.723297            14.376124            14.030761             0.345362  
110.777901            14.346618            13.973155             0.373461  
110.805199            14.333661            13.944433             0.389220  
110.832497            14.321718            13.915781             0.405938  
110.859802            14.310632            13.887165             0.423460  
110.887100            14.300172            13.858605             0.441563  
110.914398            14.290082            13.830074             0.460007  
110.941704            14.280081            13.801618             0.478465  
110.969002            14.269825            13.773170             0.496656  
110.996300            14.259002            13.744771             0.514220  
111.105499            14.202918            13.631450             0.571460  
111.139099            14.179444            13.596675             0.582759  
111.172699            14.152203            13.561912             0.590288  
111.197899            14.129127            13.535831             0.593295  
111.217697            14.109387            13.515388             0.593998  
111.234802            14.091146            13.497703             0.593446  
111.256798            14.066138            13.474993             0.591141  
111.287102            14.028811            13.443688             0.585120  
111.317398            13.988379            13.412391             0.575976  
111.339500            13.957038            13.389551             0.567485  
111.391899            13.877521            13.335411             0.542116  
111.444199            13.792537            13.281343             0.511192  
111.470398            13.748611            13.254250             0.494360  
111.496498            13.704313            13.227228             0.477080  
111.522697            13.659650            13.200096             0.459547  
111.548798            13.615174            13.173037             0.442142  
111.574997            13.570860            13.145855             0.425002  
111.601097            13.527227            13.118759             0.408471  
111.627296            13.484125            13.091518             0.392610  
111.653397            13.442044            13.064354             0.377691  
111.705704            13.360723            13.009832             0.350892  
111.758003            13.283733            12.955135             0.328596  
111.923302            13.067518            12.781027             0.286497  
112.088501            12.879189            12.604594             0.274595  
112.418900            12.524727            12.241806             0.282918  
112.749298            12.163449            11.860442             0.303007  
113.079697            11.784273            11.452714             0.331570  
113.410202            11.380058            11.009007             0.371055  
113.575401            11.165458            10.769025             0.396427  
113.740601            10.940294            10.513488             0.426804  
113.905800            10.703041            10.239707             0.463329  
114.070999            10.452138             9.944700             0.507439  
114.236198            10.185768             9.624660             0.561106  
114.401398             9.902115             9.275063             0.627045  
114.544601             9.640748             8.943644             0.697094  
114.687798             9.363782             8.580912             0.782853  
114.831001             9.070558             8.181138             0.889413  
114.974197             8.761578             7.737370             1.024213  
115.117401             8.439792             7.241025             1.198765  
115.189003             8.276457             6.970101             1.306370  
115.260597             8.114305             6.682527             1.431787  
115.332199             7.957197             6.377278             1.579931  
115.403801             7.812661             6.054724             1.757940  
115.475403             7.695451             5.718101             1.977363  
115.546898             7.635696             5.377472             2.258215  
115.624001             7.708562             5.034657             2.673903  
115.701103             8.089008             4.791272             3.297720  
115.778198             9.126660             4.814695             4.311913  
115.855301            11.515695             5.449600             6.066103  
115.893898            13.588055             6.184685             7.403317  
115.932404            16.537804             7.349449             9.188265  
115.971001            20.681606             9.107473            11.573922  
116.009499            26.384136            11.651706            14.732180  
116.048103            34.142242            15.242296            18.899723  
116.086601            44.470688            20.156178            24.314589  
116.125099            58.028954            26.744204            31.283772  
116.144402            66.259575            30.795790            35.463345  
116.163597            75.518463            35.386471            40.130024  
116.186401            88.051117            41.649124            46.401726  
116.197800            94.981064            45.129555            49.850536  
116.209099           102.307663            48.822269            53.484676  
116.220497           110.193680            52.809639            57.383484  
116.231903           118.598686            57.072056            61.525352  
116.243301           127.526749            61.612762            65.911377  
116.254601           136.929565            66.410210            70.518639  
116.265999           146.952408            71.536705            75.413651  
116.277397           157.575424            76.982964            80.590881  
116.288803           168.800888            82.750900            86.045883  
116.300102           180.539551            88.800064            91.737656  
116.311501           192.963104            95.216797            97.744995  
116.322800           205.944397           101.934021           104.009346  
116.334198           219.650192           109.043259           110.607071  
116.345497           233.910416           116.453285           117.454880  
116.352798           243.432922           121.411850           122.022278  
116.360001           253.127823           126.464050           126.662552  
116.367203           263.048706           131.641357           131.404343  
116.374397           273.245422           136.967896           136.273407  
116.384003           287.276001           144.307236           142.961151  
116.391602           298.695923           150.292221           148.398911  
116.399200           310.358429           156.414108           153.944992  
116.405800           320.769653           161.879715           158.885895  
116.412300           331.214569           167.372040           163.839890  
116.418800           341.886017           172.985764           168.892960  
116.425301           352.737061           178.703400           174.027786  
116.432602           365.171112           185.261795           179.906082  
116.439796           377.661987           191.858643           185.803329  
116.446999           390.391876           198.585220           191.801407  
116.454201           403.341431           205.438370           197.900421  
116.461502           416.731659           212.533676           204.199127  
116.468697           430.132568           219.637177           210.489822  
116.483101           457.536316           234.197678           223.340073  
116.495499           481.771912           247.096313           234.671097  
116.507896           506.517792           260.293884           246.222900  
116.520302           531.729553           273.768188           257.962860  
116.532700           557.353149           287.486633           269.863861  
116.545097           583.324158           301.417725           281.904083  
116.557503           609.581360           315.527191           294.048859  
116.569901           636.055542           329.789581           306.262543  
116.582199           662.397217           344.008423           318.387543  
116.596001           692.028992           360.040527           331.990265  
116.609802           721.606750           376.077698           345.521667  
116.623596           751.010010           392.068848           358.939209  
116.637299           779.941345           407.849487           372.092316  
116.664803           836.597168           438.884491           397.711700  
116.692299           890.504944           468.617432           421.892822  
116.714401           931.151978           491.200073           439.947876  
116.730904           959.663635           507.141357           452.520020  
116.761200          1006.964294           533.857483           473.111298  
116.791496          1046.900757           556.793945           490.106659  
116.816299          1073.324097           572.324280           500.992950  
116.841003          1093.526489           584.598267           508.921204  
116.871498          1109.546875           595.063232           514.481079  
116.892303          1114.613525           599.096924           515.507385  
116.893799          1114.789551           599.285461           515.498108  
116.897202          1115.098511           599.677856           515.423157  
116.900597          1115.294556           600.000793           515.297974  
116.907303          1115.297852           600.431763           514.865417  
116.920799          1113.746826           600.477661           513.266968  
116.941902          1107.330811           598.396423           508.919159  
116.962997          1096.067871           593.728638           502.335907  
116.995796          1069.426147           581.516296           487.905182  
117.028603          1032.423584           563.665527           468.766327  
117.084801           948.771851           521.877502           426.883575  
117.112900           899.249390           496.676147           402.574738  
117.140999           846.022278           469.323547           376.686005  
117.166801           794.799011           442.832306           351.973724  
117.179703           768.597412           429.209656           339.386566  
117.192596           742.197693           415.453705           326.747162  
117.205498           715.575195           401.534821           314.033813  
117.218399           688.977051           387.605835           301.371796  
117.231300           662.324890           373.613495           288.713715  
117.244102           636.043457           359.776215           276.262512  
117.257004           609.771423           345.926483           263.849396  
117.269897           583.725525           332.154388           251.567169  
117.282799           558.085876           318.576904           239.505280  
117.295601           533.044739           305.286011           227.754868  
117.308502           508.252197           292.100372           216.144333  
117.321404           484.043854           279.204590           204.835907  
117.334297           460.403870           266.585419           193.815475  
117.347099           437.549438           254.363235           183.185135  
117.359398           416.246155           242.952362           173.298462  
117.371696           395.577972           231.852829           163.721725  
117.384003           375.525574           221.068039           154.451706  
117.396301           356.191406           210.655731           145.535904  
117.408600           337.524597           200.582352           136.941284  
117.420898           319.587952           190.883102           128.705658  
117.433197           302.365692           181.554184           120.811256  
117.445503           285.824036           172.575546           113.245804  
117.457802           270.035919           163.993408           106.044243  
117.470100           254.968582           155.782471            99.182434  
117.482399           240.566422           147.923309            92.644226  
117.494698           226.908035           140.451309            86.455261  
117.519302           201.619507           126.576324            75.043900  
117.543800           179.052307           114.140221            64.911560  
117.568398           158.886124           102.975174            55.909992  
117.593002           141.054932            93.055008            48.000290  
117.617599           125.379105            84.286629            41.091072  
117.642197           111.671211            76.574791            35.095364  
117.666801            99.754295            69.829262            29.924044  
117.691399            89.445328            63.954342            25.491108  
117.740501            72.968781            54.458481            18.510168  
117.787399            61.355370            47.648933            13.706476  
117.834198            52.813950            42.539253            10.274698  
117.881104            46.532444            38.692459             7.840019  
117.927902            41.914753            35.787399             6.127305  
117.974800            38.475803            33.558289             4.917533  
118.021599            35.881519            31.822443             4.059126  
118.068398            33.877857            30.438097             3.439738  
118.115196            32.288624            29.306036             2.982528  
118.208900            29.908251            27.544188             2.364074  
118.302597            28.170349            26.205029             1.965290  
118.396301            26.808393            25.126749             1.681674  
118.489899            25.694769            24.227068             1.467728  
118.574203            24.846489            23.529724             1.316763  
118.658501            24.113815            22.916548             1.197288  
118.742798            23.477116            22.372068             1.105028  
118.827103            22.921478            21.884521             1.036954  
118.911400            22.434698            21.444860             0.989829  
118.953598            22.213284            21.240555             0.972751  
118.995697            22.005175            21.046110             0.959072  
119.037903            21.807781            20.859934             0.947849  
119.080002            21.620644            20.682447             0.938200  
119.164200            21.269035            20.349594             0.919422  
119.215797            21.064684            20.159115             0.905558  
119.267303            20.866135            19.978071             0.888058  
119.304703            20.724506            19.852053             0.872457  
119.325500            20.646381            19.783777             0.862613  
119.342598            20.582565            19.728680             0.853885  
119.375999            20.458614            19.623449             0.835165  
119.392601            20.397261            19.572231             0.825033  
119.444702            20.206429            19.416382             0.790039  
119.496803            20.018246            19.267376             0.750869  
119.548897            19.833538            19.124756             0.708784  
119.600998            19.653219            18.987993             0.665233  
119.653099            19.478508            18.856770             0.621744  
119.705200            19.310539            18.730820             0.579728  
119.757301            19.149900            18.609655             0.540247  
119.809303            18.997463            18.493275             0.504184  
119.913498            18.716017            18.272667             0.443343  
120.017700            18.464417            18.067194             0.397222  
120.225998            18.032007            17.695288             0.336696  
120.437202            17.660040            17.362654             0.297393  
120.648300            17.334543            17.067247             0.267296  
120.859398            17.045008            16.802641             0.242363  
121.070503            16.784870            16.563673             0.221187  
121.281601            16.549551            16.346544             0.203008  
121.492699            16.335627            16.148323             0.187301  
121.914902            15.958885            15.797375             0.161510  
122.337196            15.635700            15.494421             0.141278  
122.759399            15.355457            15.230219             0.125238  
123.181602            15.109339            14.996937             0.112400  
123.603798            14.890683            14.788420             0.102262  
123.959396            14.726911            14.628614             0.098292  
124.137199            14.660679            14.553480             0.107196  
124.314903            14.629419            14.481335             0.148076  
124.370499            14.633013            14.459352             0.173655  
124.426102            14.645377            14.437628             0.207739  
124.453903            14.655180            14.426873             0.228302  
124.481697            14.667534            14.416188             0.251336  
124.509499            14.682467            14.405548             0.276910  
124.537201            14.699882            14.395031             0.304850  
124.565002            14.719814            14.384525             0.335284  
124.578903            14.730656            14.379303             0.351354  
124.592796            14.742043            14.374096             0.367945  
124.606697            14.753968            14.368898             0.385069  
124.620598            14.766362            14.363722             0.402644  
124.634499            14.779194            14.358562             0.420633  
124.648300            14.792351            14.353437             0.438914  
124.662201            14.805932            14.348310             0.457619  
124.676102            14.819776            14.343198             0.476585  
124.690002            14.833862            14.338098             0.495771  
124.703903            14.848125            14.333002             0.515124  
124.717796            14.862432            14.327935             0.534501  
124.731697            14.876785            14.322874             0.553911  
124.745598            14.891107            14.317824             0.573276  
124.759399            14.905154            14.312838             0.592330  
124.780296            14.926011            14.305292             0.620714  
124.801102            14.945984            14.297825             0.648151  
124.842796            14.982576            14.282948             0.699635  
124.926102            15.034127            14.253577             0.780547  
124.953903            15.042812            14.243887             0.798915  
124.981598            15.046472            14.234283             0.812172  
125.010803            15.044557            14.224199             0.820362  
125.026001            15.041185            14.218974             0.822203  
125.037498            15.037501            14.215035             0.822462  
125.057098            15.029034            14.208333             0.820692  
125.079300            15.016126            14.200782             0.815345  
125.100502            15.000528            14.193581             0.806946  
125.121696            14.981940            14.186428             0.795500  
125.147903            14.954896            14.177609             0.777283  
125.174103            14.923802            14.168834             0.754965  
125.226501            14.851048            14.151404             0.699633  
125.262802            14.794178            14.139432             0.654750  
125.280998            14.764260            14.133466             0.630797  
125.299103            14.733712            14.127536             0.606174  
125.317299            14.702532            14.121610             0.580922  
125.335403            14.671111            14.115717             0.555387  
125.353500            14.639576            14.109859             0.529716  
125.371597            14.608027            14.104015             0.504011  
125.390503            14.575277            14.097939             0.477345  
125.409401            14.542850            14.091877             0.450976  
125.428299            14.510938            14.085835             0.425096  
125.447197            14.479683            14.079825             0.399858  
125.466103            14.449150            14.073818             0.375321  
125.485001            14.419558            14.067857             0.351703  
125.503899            14.390881            14.061901             0.328986  
125.522797            14.363228            14.055961             0.307262  
125.541702            14.336686            14.050050             0.286635  
125.560600            14.311299            14.044159             0.267139  
125.579498            14.287053            14.038287             0.248762  
125.598396            14.263968            14.032434             0.231533  
125.636200            14.221328            14.020798             0.200533  
125.674004            14.183210            14.009232             0.173978  
125.749603            14.119453            13.986354             0.133104  
125.825203            14.069557            13.963775             0.105778  
125.976402            13.997458            13.919523             0.077938  
126.278801            13.898353            13.834245             0.064111  
126.581100            13.813316            13.752983             0.060333  
127.185898            13.655971            13.600821             0.055149  
127.790604            13.511648            13.460598             0.051047  
128.395401            13.376763            13.329227             0.047536  
129.000107            13.251809            13.207238             0.044572  
130.209503            13.024416            12.984633             0.039787  
131.241592            12.849307            12.812651             0.036662  
131.757706            12.767379            12.731881             0.035503  
132.273697            12.691254            12.654519             0.036739  
132.531693            12.667703            12.616881             0.050828  
132.596207            12.667409            12.607576             0.059829  
132.660706            12.670777            12.598332             0.072446  
132.692993            12.674043            12.593715             0.080330  
132.725204            12.678452            12.589123             0.089332  
132.757507            12.684052            12.584528             0.099526  
132.789703            12.690817            12.579963             0.110854  
132.812897            12.696404            12.576681             0.119724  
132.836105            12.702558            12.573397             0.129161  
132.859299            12.709256            12.570129             0.139123  
132.882507            12.716442            12.566855             0.149588  
132.905701            12.724051            12.563599             0.160455  
132.928894            12.732018            12.560343             0.171677  
132.952103            12.740254            12.557089             0.183170  
132.975204            12.748640            12.553853             0.194787  
132.998398            12.757112            12.550613             0.206501  
133.021606            12.765535            12.547378             0.218159  
133.044800            12.773788            12.544146             0.229640  
133.067902            12.781698            12.540933             0.240763  
133.091095            12.789210            12.537707             0.251501  
133.114304            12.796153            12.534493             0.261658  
133.160599            12.807782            12.528087             0.279699  
133.203003            12.815177            12.522229             0.292945  
133.245300            12.818794            12.516407             0.302388  
133.281601            12.818563            12.511422             0.307144  
133.303696            12.816817            12.508390             0.308430  
133.317200            12.815155            12.506536             0.308611  
133.334000            12.812430            12.504242             0.308189  
133.354996            12.808036            12.501369             0.306664  
133.391693            12.797748            12.496361             0.301382  
133.433701            12.782130            12.490637             0.291488  
133.475693            12.762879            12.484929             0.277944  
133.520294            12.739146            12.478881             0.260261  
133.564896            12.712869            12.472852             0.240015  
133.587204            12.699079            12.469846             0.229233  
133.609497            12.685000            12.466838             0.218158  
133.631805            12.670741            12.463834             0.206900  
133.654099            12.656435            12.460839             0.195594  
133.676407            12.642159            12.457842             0.184311  
133.698700            12.628034            12.454853             0.173177  
133.720993            12.614141            12.451869             0.162261  
133.743301            12.600544            12.448889             0.151652  
133.765594            12.587320            12.445911             0.141405  
133.787903            12.574514            12.442936             0.131579  
133.810196            12.562213            12.439969             0.122243  
133.832397            12.550460            12.437016             0.113439  
133.856094            12.538500            12.433867             0.104631  
133.879700            12.527219            12.430739             0.096474  
133.926895            12.506536            12.424497             0.082039  
133.974106            12.488311            12.418271             0.070038  
134.021301            12.472367            12.412059             0.060306  
134.210098            12.426128            12.387386             0.038739  
134.587799            12.369438            12.338751             0.030690  
134.965500            12.321362            12.290989             0.030375  
135.343201            12.284014            12.244035             0.039974  
135.427200            12.280190            12.233702             0.046484  
135.469193            12.279188            12.228551             0.050644  
135.511093            12.278815            12.223414             0.055402  
135.536102            12.278881            12.220355             0.058522  
135.561005            12.279139            12.217318             0.061819  
135.585907            12.279571            12.214273             0.065295  
135.610794            12.280169            12.211245             0.068921  
135.635803            12.280884            12.208196             0.072685  
135.660706            12.281702            12.205165             0.076533  
135.685593            12.282574            12.202148             0.080428  
135.710495            12.283462            12.199124             0.084342  
135.735504            12.284331            12.196099             0.088240  
135.760406            12.285116            12.193077             0.092041  
135.785294            12.285788            12.190070             0.095714  
135.810196            12.286273            12.187060             0.099212  
135.909897            12.285485            12.175044             0.110442  
135.942703            12.283954            12.171104             0.112848  
135.975494            12.281656            12.167170             0.114489  
136.003006            12.279110            12.163872             0.115237  
136.017593            12.277520            12.162128             0.115396  
136.026199            12.276508            12.161096             0.115412  
136.042404            12.274435            12.159159             0.115282  
136.065903            12.271078            12.156345             0.114731  
136.087097            12.267681            12.153815             0.113869  
136.108200            12.263970            12.151293             0.112678  
136.147003            12.256342            12.146665             0.109674  
136.185699            12.247787            12.142062             0.105726  
136.224396            12.238438            12.137458             0.100977  
136.263107            12.228461            12.132865             0.095599  
136.291306            12.220913            12.129522             0.091393  
136.319504            12.213203            12.126179             0.087024  
136.347702            12.205408            12.122849             0.082565  
136.375793            12.197622            12.119526             0.078098  
136.404007            12.189844            12.116195             0.073651  
136.432205            12.182174            12.112867             0.069304  
136.460403            12.174651            12.109550             0.065104  
136.488495            12.167352            12.106243             0.061105  
136.513199            12.161109            12.103339             0.057769  
136.537796            12.155086            12.100449             0.054634  
136.587097            12.143616            12.094666             0.048950  
136.636398            12.132999            12.088896             0.044107  
136.685699            12.123219            12.083132             0.040089  
136.882904            12.091024            12.060185             0.030841  
137.277206            12.041988            12.014763             0.027225  
138.065903            11.951801            11.925219             0.026587  
139.643295            11.774635            11.748308             0.026322  
140.657394            11.660892            11.633977             0.026913  
141.164505            11.603076            11.575467             0.027603  
141.671494            11.543884            11.515149             0.028733  
142.178604            11.482629            11.452145             0.030486  
142.432098            11.450782            11.419027             0.031755  
142.685593            11.417743            11.384307             0.033436  
142.939102            11.383230            11.347550             0.035679  
143.192596            11.346854            11.308132             0.038724  
143.446106            11.308003            11.264988             0.043011  
143.572906            11.287367            11.241504             0.045859  
143.699600            11.265766            11.216387             0.049379  
143.831100            11.242141            11.188129             0.054013  
143.962494            11.217167            11.157048             0.060121  
144.093994            11.191010            11.122211             0.068804  
144.225403            11.165517            11.082286             0.083234  
144.291199            11.155070            11.059789             0.095277  
144.356903            11.149018            11.035226             0.113796  
144.422607            11.151842            11.008224             0.143623  
144.488297            11.171336            10.978440             0.192900  
144.554092            11.220514            10.945544             0.274978  
144.619797            11.319635            10.909589             0.410058  
144.685501            11.499076            10.870853             0.628253  
144.751205            11.801302            10.830420             0.970918  
144.807602            12.200571            10.795865             1.404760  
144.835800            12.462316            10.779275             1.683087  
144.863907            12.772215            10.763609             2.008651  
144.892105            13.138256            10.749152             2.389153  
144.920303            13.565580            10.736380             2.829238  
144.948502            14.059340            10.725800             3.333617  
144.962601            14.333319            10.721498             3.611932  
144.976593            14.623595            10.717970             3.905698  
144.990707            14.935741            10.715230             4.220671  
145.004807            15.267711            10.713390             4.554429  
145.018906            15.620331            10.712515             4.907891  
145.033005            15.993212            10.712691             5.280687  
145.047104            16.387497            10.714000             5.673705  
145.061203            16.803953            10.716533             6.087509  
145.075302            17.241102            10.720340             6.520930  
145.089294            17.697826            10.725473             6.972473  
145.103394            18.178837            10.732084             7.446887  
145.117493            18.680904            10.740188             7.940937  
145.131607            19.205946            10.749905             8.456240  
145.145599            19.746437            10.761171             8.985604  
145.159698            20.312822            10.774257             9.538618  
145.173798            20.897766            10.789098            10.108919  
145.187897            21.501785            10.805772            10.696289  
145.201904            22.120695            10.824233            11.296503  
145.214905            22.708748            10.843000            11.865915  
145.227798            23.306105            10.863294            12.443129  
145.240707            23.915009            10.885200            13.030025  
145.253601            24.536240            10.908842            13.627743  
145.266495            25.164909            10.934055            14.231094  
145.279404            25.804783            10.961053            14.843916  
145.292297            26.449533            10.989647            15.460137  
145.305206            27.100157            11.019901            16.080706  
145.318207            27.759531            11.052040            16.707695  
145.331100            28.415039            11.085513            17.329880  
145.343994            29.071613            11.120566            17.951410  
145.356903            29.726284            11.157134            18.569395  
145.382706            31.022316            11.234574            19.788092  
145.408493            32.285954            11.317182            20.969244  
145.436707            33.612949            11.412818            22.200407  
145.464798            34.855927            11.512460            23.343870  
145.521103            37.029652            11.720867            25.309040  
145.554001            38.053741            11.844481            26.209570  
145.586807            38.859035            11.966090            26.893497  
145.624405            39.495083            12.100781            27.394867  
145.631500            39.578720            12.125368            27.453777  
145.640900            39.671295            12.157419            27.514196  
145.653305            39.761829            12.198812            27.563053  
145.664902            39.812363            12.236323            27.576065  
145.671097            39.826660            12.255960            27.570843  
145.688995            39.815502            12.310754            27.504686  
145.713699            39.674377            12.381227            27.293474  
145.735199            39.435158            12.437198            26.997904  
145.756699            39.090157            12.487889            26.602472  
145.796402            38.191174            12.566268            25.625082  
145.835999            36.988426            12.623739            24.364450  
145.872406            35.651508            12.657929            22.993643  
145.908707            34.140266            12.674365            21.465698  
145.926895            33.331604            12.676234            20.655346  
145.945099            32.492134            12.673998            19.818096  
145.963303            31.631823            12.667838            18.964016  
145.981400            30.759914            12.658035            18.102039  
145.998795            29.911942            12.645337            17.266577  
146.016098            29.063164            12.629751            16.433407  
146.033493            28.208750            12.611321            15.597522  
146.050797            27.363178            12.590460            14.772716  
146.068207            26.519419            12.567157            13.952292  
146.085495            25.691786            12.541949            13.149968  
146.102905            24.873987            12.514753            12.359114  
146.120193            24.078491            12.486135            11.592373  
146.137604            23.298647            12.455983            10.842451  
146.146301            22.917788            12.440510            10.477118  
146.154907            22.545591            12.424871            10.120659  
146.163605            22.177019            12.408918             9.767991  
146.172302            21.814968            12.392761             9.422118  
146.181000            21.458313            12.376358             9.082025  
146.189606            21.113781            12.360070             8.753595  
146.198303            20.771194            12.343397             8.427657  
146.207001            20.436636            12.326702             8.110157  
146.215698            20.109791            12.309923             7.799797  
146.224304            19.792795            12.293232             7.499497  
146.241699            19.176195            12.259480             6.916599  
146.259003            18.592983            12.225956             6.367114  
146.275604            18.062481            12.193954             5.868373  
146.292099            17.563723            12.162487             5.401165  
146.308594            17.092915            12.131433             4.961414  
146.325104            16.648943            12.100820             4.548073  
146.341705            16.229343            12.070589             4.158803  
146.358200            15.839666            12.041271             3.798423  
146.374695            15.475533            12.012650             3.462861  
146.391205            15.135810            11.984755             3.151050  
146.424301            14.525849            11.931289             2.594541  
146.457306            14.005983            11.881467             2.124477  
146.490402            13.563519            11.834998             1.728513  
146.523407            13.192843            11.792220             1.400627  
146.556503            12.882630            11.752750             1.129862  
146.589493            12.626348            11.716657             0.909701  
146.655594            12.241850            11.653358             0.588506  
146.721695            11.985259            11.600410             0.384849  
146.787704            11.815387            11.555995             0.259392  
146.876999            11.670687            11.506225             0.164469  
146.966202            11.581828            11.465219             0.116619  
147.055405            11.522021            11.430395             0.091638  
147.144608            11.477542            11.400043             0.077503  
147.233902            11.441510            11.372984             0.068528  
147.323105            11.410703            11.348513             0.062196  
147.412292            11.383387            11.326048             0.057345  
147.501495            11.358653            11.305214             0.053442  
147.679993            11.314835            11.267364             0.047473  
147.858398            11.276525            11.233400             0.043123  
148.036804            11.242145            11.202311             0.039835  
148.215195            11.210725            11.173432             0.037290  
148.479599            11.168201            11.133734             0.034467  
148.744003            11.129223            11.096800             0.032423  
149.008408            11.092832            11.061917             0.030914  
149.272705            11.058422            11.028622             0.029796  
149.801407            10.993656            10.965281             0.028372  
150.330093            10.932678            10.904870             0.027800  
150.673798            10.893396            10.865422             0.027967  
151.017502            10.792854            10.764127             0.028727  
151.189407            10.550257            10.521261             0.028992  
151.361206             9.865504             9.837308             0.028194  
151.447098             9.251458             9.224464             0.026991  
151.533005             8.422372             8.397290             0.025079  
151.618896             7.391060             7.368618             0.022443  
151.661896             6.813632             6.792747             0.020884  
151.704803             6.209546             6.190341             0.019204  
151.732895             5.804413             5.786359             0.018053  
151.761002             5.395814             5.378939             0.016875  
