Oxigen
4
16
0.04
3
2660
1 2 102
0.000010	55.017400	55.007840	0.009560
0.000011	53.381660	53.372380	0.009274
0.000011	51.884390	51.875380	0.009013
0.000012	50.507130	50.498360	0.008773
0.000013	49.234660	49.226110	0.008551
0.000014	46.955610	46.947460	0.008153
0.000015	44.968260	44.960450	0.007806
0.000016	43.215330	43.207830	0.007499
0.000018	41.654150	41.646920	0.007227
0.000019	40.252170	40.245190	0.006982
0.000020	38.984110	38.977350	0.006760
0.000021	37.778390	37.771840	0.006549
0.000023	36.679180	36.672830	0.006357
0.000024	35.671710	35.665530	0.006180
0.000025	34.743910	34.737900	0.006018
0.000028	33.089180	33.083450	0.005728
0.000030	31.653290	31.647820	0.005477
0.000033	30.392040	30.386790	0.005256
0.000036	29.272750	29.267690	0.005059
0.000038	28.270710	28.265830	0.004884
0.000041	27.366880	27.362160	0.004725
0.000043	26.652030	26.647440	0.004599
0.000045	25.991620	25.987130	0.004483
0.000050	24.808940	24.804670	0.004275
0.000053	24.083660	24.079510	0.004148
0.000056	23.420120	23.416090	0.004031
0.000059	22.810070	22.806150	0.003923
0.000063	22.246740	22.242910	0.003824
0.000069	21.238550	21.234900	0.003646
0.000075	20.360310	20.356810	0.003491
0.000081	19.586450	19.583100	0.003354
0.000088	18.897960	18.894730	0.003232
0.000094	18.280310	18.277190	0.003122
0.000100	17.722230	17.719210	0.003023
0.000106	17.214800	17.211870	0.002933
0.000113	16.750870	16.748020	0.002850
0.000119	16.324600	16.321830	0.002774
0.000125	15.931220	15.928520	0.002704
0.000138	15.227870	15.225290	0.002578
0.000150	14.615940	14.613480	0.002468
0.000163	14.077430	14.075060	0.002372
0.000175	13.598910	13.596630	0.002285
0.000188	13.170170	13.167970	0.002208
0.000200	12.783270	12.781130	0.002138
0.000213	12.413140	12.411070	0.002070
0.000226	12.076780	12.074770	0.002009
0.000240	11.769430	11.767480	0.001953
0.000253	11.487230	11.485330	0.001901
0.000279	10.986090	10.984280	0.001809
0.000306	10.553660	10.551930	0.001729
0.000332	10.175880	10.174220	0.001659
0.000358	9.842407	9.840810	0.001597
0.000385	9.545415	9.543873	0.001541
0.000411	9.278887	9.277396	0.001491
0.000456	8.886846	8.885429	0.001416
0.000500	8.551147	8.549795	0.001352
0.000505	8.516303	8.514958	0.001345
0.000520	8.411908	8.410583	0.001325
0.000536	8.312362	8.311056	0.001306
0.000567	8.126453	8.125184	0.001270
0.000598	7.956173	7.954937	0.001236
0.000629	7.799539	7.798334	0.001206
0.000691	7.520870	7.519719	0.001150
0.000753	7.280109	7.279007	0.001102
0.000814	7.069746	7.068686	0.001059
0.000876	6.884180	6.883158	0.001021
0.000938	6.719140	6.718153	0.000987
0.001000	6.571304	6.570348	0.000956
0.001063	6.436769	6.435841	0.000927
0.001125	6.314943	6.314041	0.000901
0.001187	6.204067	6.203190	0.000877
0.001250	6.102702	6.101847	0.000855
0.001375	5.923923	5.923108	0.000815
0.001500	5.771178	5.770397	0.000781
0.001625	5.639113	5.638363	0.000750
0.001750	5.523769	5.523047	0.000723
0.001875	5.422150	5.421451	0.000698
0.002000	5.331939	5.331263	0.000676
0.002127	5.249889	5.249234	0.000655
0.002255	5.176266	5.175630	0.000637
0.002382	5.109842	5.109223	0.000619
0.002509	5.049617	5.049013	0.000603
0.002764	4.944609	4.944034	0.000575
0.003019	4.856176	4.855625	0.000550
0.003273	4.780715	4.780187	0.000528
0.003528	4.715598	4.715089	0.000509
0.003783	4.658857	4.658366	0.000492
0.004038	4.608993	4.608518	0.000476
0.004278	4.567148	4.566686	0.000462
0.004519	4.529622	4.529172	0.000450
0.005000	4.465132	4.464705	0.000428
0.005313	4.429379	4.428965	0.000415
0.005625	4.397529	4.397126	0.000403
0.005938	4.368981	4.368589	0.000392
0.006250	4.343252	4.342869	0.000382
0.006875	4.298741	4.298377	0.000365
0.007500	4.261595	4.261246	0.000349
0.008125	4.230133	4.229798	0.000335
0.008750	4.203150	4.202826	0.000323
0.009375	4.179755	4.179442	0.000312
0.010000	4.159278	4.158976	0.000302
0.010625	4.141208	4.140915	0.000293
0.011250	4.125144	4.124859	0.000285
0.011875	4.110770	4.110492	0.000277
0.012500	4.097832	4.097562	0.000270
0.013750	4.075485	4.075227	0.000258
0.015000	4.056861	4.056615	0.000247
0.016250	4.041103	4.040866	0.000237
0.017500	4.027596	4.027367	0.000229
0.018750	4.015889	4.015668	0.000221
0.020000	4.005646	4.005432	0.000214
0.021325	3.996100	3.995893	0.000207
0.022650	3.987670	3.987469	0.000201
0.023975	3.980172	3.979977	0.000195
0.025300	3.973460	3.973269	0.000190
0.026844	3.966475	3.966290	0.000185
0.028387	3.960249	3.960070	0.000179
0.029931	3.954666	3.954491	0.000175
0.031475	3.949631	3.949460	0.000170
0.034563	3.940909	3.940747	0.000163
0.037650	3.933618	3.933462	0.000156
0.040738	3.927432	3.927283	0.000150
0.043825	3.922118	3.921974	0.000144
0.046913	3.917503	3.917364	0.000140
0.050000	3.913458	3.913323	0.000135
0.053125	3.909843	3.909712	0.000131
0.056250	3.906629	3.906502	0.000127
0.059375	3.903754	3.903630	0.000124
0.062500	3.901166	3.901045	0.000121
0.068750	3.896696	3.896581	0.000115
0.075000	3.892972	3.892861	0.000110
0.081250	3.889820	3.889714	0.000106
0.087500	3.887119	3.887016	0.000102
0.093750	3.884777	3.884679	0.000099
0.100000	3.882729	3.882633	0.000096
0.109500	3.880063	3.879972	0.000091
0.119000	3.877823	3.877735	0.000088
0.129125	3.875798	3.875714	0.000084
0.139250	3.874068	3.873987	0.000081
0.149375	3.872572	3.872494	0.000078
0.159500	3.871266	3.871190	0.000076
0.169625	3.870116	3.870043	0.000073
0.179750	3.869095	3.869024	0.000071
0.189875	3.868184	3.868114	0.000069
0.200000	3.867364	3.867297	0.000068
0.212729	3.866445	3.866379	0.000066
0.225459	3.865629	3.865566	0.000064
0.238188	3.864901	3.864839	0.000062
0.250918	3.864247	3.864186	0.000060
0.276376	3.863119	3.863061	0.000058
0.301835	3.862180	3.862125	0.000055
0.327294	3.861388	3.861335	0.000053
0.352753	3.860711	3.860660	0.000051
0.378211	3.860124	3.860075	0.000049
0.403670	3.859612	3.859564	0.000048
0.500000	3.858146	3.858103	0.000043
0.625000	3.856917	3.856879	0.000038
0.718750	3.856276	3.856240	0.000036
0.812500	3.855782	3.855749	0.000034
1.000000	3.855073	3.855043	0.000030
1.250000	3.854459	3.854432	0.000027
1.500000	3.854048	3.854024	0.000025
1.750000	3.853756	3.853733	0.000023
2.000000	3.853536	3.853515	0.000021
2.269944	3.853354	3.853334	0.000020
2.539888	3.853210	3.853191	0.000019
3.079775	3.852998	3.852981	0.000017
3.619663	3.852849	3.852833	0.000016
4.159550	3.852739	3.852724	0.000015
5.000000	3.852615	3.852601	0.000014
6.250000	3.852492	3.852480	0.000012
7.500000	3.852410	3.852399	0.000011
8.750000	3.852351	3.852341	0.000010
10.000000	3.852308	3.852298	0.000010
12.500000	3.852245	3.852237	0.000009
15.000000	3.852205	3.852197	0.000008
17.500000	3.852176	3.852169	0.000007
20.000000	3.852153	3.852147	0.000007
22.945820	3.852134	3.852127	0.000006
25.891630	3.852119	3.852113	0.000006
31.783250	3.852097	3.852092	0.000005
37.674880	3.852081	3.852077	0.000005
43.566500	3.852021	3.852016	0.000005
50.000000	3.851962	3.851957	0.000004
75.000000	3.851941	3.851938	0.000003
100.000000	3.851831	3.851828	0.000003
200.000000	3.851616	3.851613	0.000002
406.620000	3.851132	3.851131	0.000001
875.080000	3.850104	3.850103	0.000001
1000.000000	3.849803	3.849802	0.000001
1250.000000	3.849302	3.849301	0.000001
1500.000000	3.848702	3.848701	0.000001
1750.000000	3.848151	3.848151	0.000001
2000.000000	3.847601	3.847601	0.000001
2250.000000	3.847051	3.847050	0.000001
2500.000000	3.846501	3.846500	0.000001
2750.000000	3.845951	3.845950	0.000001
3000.000000	3.845401	3.845400	0.000001
3250.000000	3.844850	3.844850	0.000001
3500.000000	3.844301	3.844301	0.000001
4000.000000	3.843201	3.843201	0.000000
4500.000000	3.842101	3.842101	0.000000
5000.000000	3.841001	3.841001	0.000000
6250.000000	3.838201	3.838201	0.000000
7500.000000	3.835501	3.835500	0.000000
8750.000000	3.832701	3.832701	0.000000
10000.000000	3.830001	3.830000	0.000000
12500.000000	3.824501	3.824500	0.000000
15000.000000	3.819100	3.819100	0.000000
17500.000000	3.813650	3.813650	0.000000
20000.000000	3.808200	3.808200	0.000000
22500.000000	3.802800	3.802800	0.000000
25000.000000	3.797400	3.797400	0.000000
27500.000000	3.792050	3.792050	0.000000
30000.000000	3.786700	3.786700	0.000000
32500.000000	3.781375	3.781375	0.000000
35000.000000	3.776050	3.776050	0.000000
40000.000000	3.765400	3.765400	0.000000
45000.000000	3.754850	3.754850	0.000000
50000.000000	3.744300	3.744300	0.000000
62500.000000	3.718400	3.718400	0.000000
75000.000000	3.693000	3.693000	0.000000
87500.000000	3.668100	3.668100	0.000000
100000.000000	3.643701	3.643701	0.000000
125000.000000	3.596701	3.596701	0.000000
150000.000000	3.552601	3.552601	0.000000
175000.000000	3.512202	3.512202	0.000000
200000.000000	3.477103	3.477103	0.000000
220000.000000	3.454204	3.454203	0.000000
240000.000000	3.437905	3.437905	0.000000
260000.000000	3.431409	3.431409	0.000000
280000.000000	3.439915	3.439915	0.000000
300000.000000	3.472918	3.472918	0.000000
310000.000000	3.503718	3.503718	0.000000
320000.000000	3.548725	3.548725	0.000000
330000.000000	3.613236	3.613236	0.000000
340000.000000	3.705654	3.705654	0.000000
350000.000000	3.839183	3.839183	0.000000
360000.000000	4.035234	4.035234	0.000000
370000.000000	4.330325	4.330325	0.000000
380000.000000	4.789497	4.789497	0.000000
390000.000000	5.534227	5.534227	0.000000
400000.000000	6.794796	6.794796	0.000000
405000.000000	7.738950	7.738950	0.000000
410000.000000	8.979310	8.979310	0.000000
415000.000000	10.568940	10.568940	0.000000
420000.000000	12.482280	12.482280	0.000000
425000.000000	14.489720	14.489720	0.000000
430000.000000	16.059820	16.059820	0.000000
435000.000000	16.554170	16.554170	0.000000
440000.000000	15.761410	15.761410	0.000000
445000.000000	14.103280	14.103280	0.000000
450000.000000	12.205490	12.205490	0.000000
455000.000000	10.470920	10.470920	0.000000
460000.000000	9.040120	9.040120	0.000000
465000.000000	7.910470	7.910470	0.000000
470000.000000	7.031600	7.031600	0.000000
475000.000000	6.347257	6.347257	0.000000
480000.000000	5.810145	5.810145	0.000000
485000.000000	5.383762	5.383762	0.000000
490000.000000	5.041101	5.041101	0.000000
495000.000000	4.762156	4.762156	0.000000
500000.000000	4.532370	4.532370	0.000000
510000.000000	4.179257	4.179257	0.000000
520000.000000	3.923503	3.923503	0.000000
530000.000000	3.731471	3.731471	0.000000
540000.000000	3.582550	3.582550	0.000000
550000.000000	3.463837	3.463837	0.000000
560000.000000	3.367127	3.367127	0.000000
570000.000000	3.286521	3.286521	0.000000
580000.000000	3.218216	3.218216	0.000000
590000.000000	3.159413	3.159413	0.000000
600000.000000	3.108115	3.108115	0.000000
620000.000000	3.022415	3.022415	0.000000
640000.000000	2.953211	2.953211	0.000000
660000.000000	2.895809	2.895809	0.000000
680000.000000	2.847707	2.847707	0.000000
700000.000000	2.807207	2.807207	0.000000
720000.000000	2.773807	2.773807	0.000000
740000.000000	2.747508	2.747508	0.000000
760000.000000	2.729009	2.729009	0.000000
780000.000000	2.719912	2.719912	0.000000
800000.000000	2.723017	2.723017	0.000000
820000.000000	2.743025	2.743025	0.000000
840000.000000	2.787739	2.787739	0.000000
860000.000000	2.870564	2.870564	0.000000
880000.000000	3.015011	3.015011	0.000000
900000.000000	3.264133	3.264133	0.000000
910000.000000	3.450730	3.450730	0.000000
920000.000000	3.697774	3.697774	0.000000
930000.000000	4.025429	4.025429	0.000000
940000.000000	4.458285	4.458285	0.000000
950000.000000	5.021414	5.021414	0.000000
960000.000000	5.727365	5.727365	0.000000
970000.000000	6.508154	6.508154	0.000000
980000.000000	7.363542	7.363542	0.000000
990000.000000	7.968955	7.968955	0.000000
1000000.000000	8.152946	8.152946	0.000000
1010000.000000	7.869577	7.869577	0.000000
1020000.000000	7.267142	7.267142	0.000000
1030000.000000	6.551369	6.551369	0.000000
1040000.000000	5.865511	5.865511	0.000000
1050000.000000	5.271439	5.271439	0.000000
1060000.000000	4.780716	4.780716	0.000000
1070000.000000	4.382978	4.382978	0.000000
1080000.000000	4.061743	4.061743	0.000000
1090000.000000	3.801412	3.801412	0.000000
1100000.000000	3.588690	3.588690	0.000000
1110000.000000	3.413907	3.413907	0.000000
1120000.000000	3.267656	3.267656	0.000000
1130000.000000	3.144998	3.144998	0.000000
1140000.000000	3.042137	3.042137	0.000000
1150000.000000	2.954744	2.954744	0.000000
1160000.000000	2.880029	2.880029	0.000000
1170000.000000	2.817300	2.817300	0.000000
1180000.000000	2.764326	2.764326	0.000000
1190000.000000	2.721936	2.721936	0.000000
1200000.000000	2.688629	2.688628	0.000000
1210000.000000	2.666862	2.666862	0.000000
1220000.000000	2.657946	2.657946	0.000000
1230000.000000	2.667455	2.667455	0.000000
1240000.000000	2.698696	2.698696	0.000000
1250000.000000	2.768354	2.768354	0.000000
1260000.000000	2.899072	2.899072	0.000000
1270000.000000	3.137303	3.137302	0.000000
1280000.000000	3.573222	3.573222	0.000000
1285000.000000	3.912981	3.912981	0.000000
1290000.000000	4.366557	4.366557	0.000000
1295000.000000	4.948111	4.948111	0.000000
1300000.000000	5.628682	5.628682	0.000000
1305000.000000	6.285637	6.285637	0.000000
1310000.000000	6.697380	6.697380	0.000000
1315000.000000	6.679942	6.679942	0.000000
1320000.000000	6.265191	6.265191	0.000000
1330000.000000	5.038701	5.038701	0.000000
1340000.000000	4.073739	4.073739	0.000000
1350000.000000	3.468197	3.468197	0.000000
1360000.000000	3.090744	3.090744	0.000000
1370000.000000	2.844301	2.844301	0.000000
1380000.000000	2.674323	2.674323	0.000000
1390000.000000	2.550979	2.550979	0.000000
1400000.000000	2.457409	2.457409	0.000000
1450000.000000	2.194168	2.194168	0.000000
1500000.000000	2.056923	2.056923	0.000000
1550000.000000	1.961314	1.961314	0.000000
1600000.000000	1.890226	1.890226	0.000000
1620000.000000	1.880378	1.880378	0.000000
1630000.000000	1.902814	1.902814	0.000000
1640000.000000	2.069543	2.069543	0.000000
1642500.000000	2.235500	2.235500	0.000000
1643750.000000	2.387276	2.387276	0.000000
1645000.000000	2.634133	2.634133	0.000000
1645625.000000	2.837414	2.837414	0.000000
1645938.000000	2.942762	2.942762	0.000000
1646250.000000	3.100503	3.100503	0.000000
1646875.000000	3.448536	3.448536	0.000000
1647032.000000	3.555661	3.555661	0.000000
1647188.000000	3.702354	3.702354	0.000000
1647500.000000	4.009004	4.009004	0.000000
1647813.000000	4.316742	4.316742	0.000000
1647969.000000	4.478308	4.478308	0.000000
1648125.000000	4.688552	4.688552	0.000000
1648438.000000	5.160540	5.160540	0.000000
1648750.000000	5.731912	5.731912	0.000000
1650000.000000	8.359356	8.359356	0.000000
1650500.000000	8.880656	8.880656	0.000000
1650797.000000	8.760735	8.760735	0.000000
1650946.000000	8.664333	8.664333	0.000000
1651094.000000	8.466951	8.466951	0.000000
1651391.000000	7.917171	7.917171	0.000000
1651688.000000	7.287885	7.287885	0.000000
1651985.000000	6.622666	6.622666	0.000000
1652282.000000	6.058649	6.058649	0.000000
1652875.000000	4.964991	4.964991	0.000000
1653024.000000	4.721406	4.721406	0.000000
1653172.000000	4.547013	4.547013	0.000000
1653469.000000	4.224900	4.224900	0.000000
1654063.000000	3.614362	3.614362	0.000000
1654657.000000	3.246885	3.246885	0.000000
1654954.000000	3.067869	3.067869	0.000000
1655250.000000	2.946025	2.946025	0.000000
1655844.000000	2.730398	2.730398	0.000000
1656438.000000	2.573660	2.573660	0.000000
1657032.000000	2.441660	2.441660	0.000000
1657625.000000	2.350549	2.350549	0.000000
1658813.000000	2.208175	2.208175	0.000000
1660000.000000	2.113641	2.113641	0.000000
1662500.000000	2.020800	2.020800	0.000000
1665000.000000	1.929771	1.929771	0.000000
1670000.000000	1.861294	1.861294	0.000000
1680000.000000	1.804520	1.804520	0.000000
1685000.000000	1.789408	1.789408	0.000000
1690000.000000	1.982972	1.982972	0.000000
1695000.000000	1.766099	1.766099	0.000000
1700000.000000	1.755904	1.755904	0.000000
1720000.000000	1.722804	1.722804	0.000000
1740000.000000	1.692298	1.692298	0.000000
1760000.000000	1.660594	1.660594	0.000000
1780000.000000	1.624686	1.624686	0.000000
1800000.000000	1.579254	1.579254	0.000000
1820000.000000	1.570260	1.570260	0.000000
1822500.000000	1.625000	1.625000	0.000000
1823750.000000	1.673501	1.673501	0.000000
1825000.000000	1.768100	1.768100	0.000000
1825625.000000	1.821163	1.821163	0.000000
1825938.000000	1.848709	1.848709	0.000000
1826250.000000	1.901289	1.901289	0.000000
1827500.000000	2.142726	2.142726	0.000000
1827813.000000	2.203224	2.203224	0.000000
1828125.000000	2.293254	2.293254	0.000000
1828750.000000	2.560714	2.560714	0.000000
1830000.000000	3.103150	3.103150	0.000000
1831500.000000	4.066603	4.066603	0.000000
1831875.000000	4.306351	4.306351	0.000000
1832250.000000	4.474298	4.474298	0.000000
1833000.000000	4.723399	4.723399	0.000000
1833875.000000	4.666214	4.666214	0.000000
1834750.000000	4.386398	4.386398	0.000000
1836500.000000	3.677048	3.677048	0.000000
1837375.000000	3.369611	3.369611	0.000000
1838250.000000	3.115875	3.115875	0.000000
1839125.000000	2.911188	2.911188	0.000000
1840000.000000	2.748313	2.748313	0.000000
1842500.000000	2.440200	2.440200	0.000000
1843750.000000	2.333950	2.333950	0.000000
1845000.000000	2.255100	2.255100	0.000000
1847500.000000	2.136525	2.136525	0.000000
1850000.000000	2.057033	2.057033	0.000000
1855000.000000	1.966550	1.966550	0.000000
1860000.000000	1.921617	1.921617	0.000000
1865000.000000	1.906651	1.906651	0.000000
1870000.000000	1.916270	1.916270	0.000000
1875000.000000	1.953435	1.953435	0.000000
1880000.000000	2.028659	2.028659	0.000000
1885000.000000	2.162047	2.162047	0.000000
1890000.000000	2.383770	2.383770	0.000000
1900000.000000	3.064528	3.064528	0.000000
1905000.000000	3.180189	3.180189	0.000000
1910000.000000	2.958605	2.958605	0.000000
1915000.000000	2.625157	2.625157	0.000000
1920000.000000	2.348108	2.348108	0.000000
1925000.000000	2.152081	2.152081	0.000000
1930000.000000	2.016950	2.016950	0.000000
1935000.000000	1.921863	1.921863	0.000000
1940000.000000	1.852843	1.852843	0.000000
1950000.000000	1.760305	1.760305	0.000000
1960000.000000	1.701254	1.701254	0.000000
1970000.000000	1.659431	1.659431	0.000000
1980000.000000	1.627519	1.627519	0.000000
1990000.000000	1.601612	1.601612	0.000000
2000000.000000	1.579517	1.579517	0.000000
2050000.000000	1.495100	1.495100	0.000000
2100000.000000	1.422000	1.422000	0.000000
2150000.000000	1.338900	1.338900	0.000000
2200000.000000	1.220500	1.220500	0.000000
2220000.000000	1.152100	1.152100	0.000000
2240000.000000	1.062400	1.062400	0.000000
2260000.000000	0.941440	0.941440	0.000000
2280000.000000	0.777250	0.777250	0.000000
2300000.000000	0.563260	0.563260	0.000000
2305000.000000	0.503500	0.503500	0.000000
2310000.000000	0.442660	0.442660	0.000000
2315000.000000	0.381960	0.381960	0.000000
2320000.000000	0.322940	0.322940	0.000000
2321000.000000	0.311500	0.311500	0.000000
2322000.000000	0.300210	0.300210	0.000000
2323000.000000	0.289100	0.289100	0.000000
2324000.000000	0.278180	0.278180	0.000000
2325000.000000	0.267460	0.267460	0.000000
2326000.000000	0.256960	0.256960	0.000000
2327000.000000	0.246710	0.246710	0.000000
2328000.000000	0.236710	0.236710	0.000000
2329000.000000	0.226980	0.226980	0.000000
2330000.000000	0.217540	0.217540	0.000000
2331000.000000	0.208410	0.208410	0.000000
2332000.000000	0.199610	0.199610	0.000000
2333000.000000	0.191140	0.191140	0.000000
2334000.000000	0.183030	0.183030	0.000000
2335000.000000	0.175290	0.175290	0.000000
2336000.000000	0.167930	0.167930	0.000000
2337000.000000	0.160970	0.160970	0.000000
2338000.000000	0.154420	0.154420	0.000000
2339000.000000	0.148300	0.148300	0.000000
2340000.000000	0.142610	0.142610	0.000000
2341000.000000	0.137370	0.137370	0.000000
2342000.000000	0.132590	0.132590	0.000000
2343000.000000	0.128280	0.128280	0.000000
2344000.000000	0.124430	0.124430	0.000000
2345000.000000	0.121070	0.121070	0.000000
2346000.000000	0.118200	0.118200	0.000000
2347000.000000	0.115820	0.115820	0.000000
2348000.000000	0.113930	0.113930	0.000000
2349000.000000	0.112530	0.112530	0.000000
2350000.000000	0.111640	0.111640	0.000000
2351000.000000	0.111240	0.111240	0.000000
2352000.000000	0.111330	0.111330	0.000000
2353000.000000	0.111920	0.111920	0.000000
2354000.000000	0.113000	0.113000	0.000000
2354170.000000	0.113225	0.113225	0.000000
2355000.000000	0.114550	0.114550	0.000000
2355318.000000	0.115158	0.115158	0.000000
2355319.000000	0.115160	0.115160	0.000000
2355357.000000	0.115236	0.115236	0.000000
2357000.000000	0.119090	0.119090	0.000000
2358000.000000	0.122060	0.122060	0.000000
2359000.000000	0.125480	0.125480	0.000000
2360000.000000	0.129330	0.129330	0.000000
2361000.000000	0.133620	0.133620	0.000000
2362000.000000	0.138330	0.138330	0.000000
2363000.000000	0.143440	0.143440	0.000000
2364000.000000	0.148940	0.148940	0.000000
2365000.000000	0.154820	0.154820	0.000000
2366000.000000	0.161060	0.161060	0.000000
2367000.000000	0.167650	0.167650	0.000000
2368000.000000	0.174570	0.174570	0.000000
2370000.000000	0.189340	0.189340	0.000000
2375000.000000	0.230970	0.230970	0.000000
2380000.000000	0.277670	0.277670	0.000000
2390000.000000	0.378880	0.378880	0.000000
2400000.000000	0.480700	0.480700	0.000000
2410000.000000	0.575500	0.575500	0.000000
2420000.000000	0.659680	0.659680	0.000000
2430000.000000	0.732280	0.732280	0.000000
2435000.000000	0.763045	0.763045	0.000000
2437500.000000	0.778428	0.778428	0.000000
2440000.000000	0.793810	0.793810	0.000000
2441250.000000	0.800264	0.800264	0.000000
2442500.000000	0.806717	0.806717	0.000000
2443750.000000	0.813171	0.813171	0.000000
2445000.000000	0.819625	0.819625	0.000000
2446250.000000	0.826079	0.826079	0.000000
2447500.000000	0.832533	0.832533	0.000000
2448750.000000	0.838986	0.838986	0.000000
2450000.000000	0.845440	0.845440	0.000000
2451250.000000	0.850826	0.850826	0.000000
2452500.000000	0.856213	0.856213	0.000000
2453750.000000	0.861599	0.861599	0.000000
2455000.000000	0.866985	0.866985	0.000000
2456250.000000	0.872371	0.872371	0.000000
2457500.000000	0.877757	0.877757	0.000000
2458750.000000	0.883144	0.883144	0.000000
2460000.000000	0.888530	0.888530	0.000000
2461250.000000	0.893016	0.893016	0.000000
2462500.000000	0.897502	0.897502	0.000000
2463750.000000	0.901989	0.901989	0.000000
2465000.000000	0.906475	0.906475	0.000000
2466250.000000	0.910961	0.910961	0.000000
2467500.000000	0.915447	0.915447	0.000000
2468750.000000	0.919934	0.919934	0.000000
2470000.000000	0.924420	0.924420	0.000000
2471250.000000	0.928151	0.928151	0.000000
2472500.000000	0.931882	0.931882	0.000000
2473750.000000	0.935614	0.935614	0.000000
2475000.000000	0.939345	0.939345	0.000000
2476250.000000	0.943076	0.943076	0.000000
2477500.000000	0.946808	0.946808	0.000000
2478750.000000	0.950539	0.950539	0.000000
2480000.000000	0.954270	0.954270	0.000000
2481250.000000	0.957376	0.957376	0.000000
2482500.000000	0.960483	0.960483	0.000000
2483750.000000	0.963589	0.963589	0.000000
2485000.000000	0.966695	0.966695	0.000000
2486250.000000	0.969801	0.969801	0.000000
2487500.000000	0.972908	0.972908	0.000000
2488750.000000	0.976014	0.976014	0.000000
2490000.000000	0.979120	0.979120	0.000000
2491250.000000	0.981706	0.981706	0.000000
2492500.000000	0.984293	0.984293	0.000000
2493750.000000	0.986879	0.986879	0.000000
2495000.000000	0.989465	0.989465	0.000000
2496250.000000	0.992051	0.992051	0.000000
2497500.000000	0.994637	0.994637	0.000000
2498750.000000	0.997224	0.997224	0.000000
2500000.000000	0.999810	0.999810	0.000000
2501250.000000	1.001784	1.001784	0.000000
2502500.000000	1.003759	1.003759	0.000000
2505000.000000	1.007708	1.007708	0.000000
2507500.000000	1.011656	1.011656	0.000000
2510000.000000	1.015605	1.015605	0.000000
2512500.000000	1.019554	1.019554	0.000000
2515000.000000	1.023503	1.023503	0.000000
2517500.000000	1.027451	1.027451	0.000000
2520000.000000	1.031400	1.031400	0.000000
2522500.000000	1.034138	1.034138	0.000000
2525000.000000	1.036875	1.036875	0.000000
2527500.000000	1.039613	1.039613	0.000000
2530000.000000	1.042350	1.042350	0.000000
2532500.000000	1.045088	1.045088	0.000000
2535000.000000	1.047825	1.047825	0.000000
2537500.000000	1.050563	1.050563	0.000000
2540000.000000	1.053300	1.053300	0.000000
2542500.000000	1.055188	1.055188	0.000000
2545000.000000	1.057075	1.057075	0.000000
2547500.000000	1.058963	1.058963	0.000000
2550000.000000	1.060850	1.060850	0.000000
2552500.000000	1.062738	1.062738	0.000000
2555000.000000	1.064625	1.064625	0.000000
2557500.000000	1.066513	1.066513	0.000000
2560000.000000	1.068400	1.068400	0.000000
2562500.000000	1.069675	1.069675	0.000000
2565000.000000	1.070950	1.070950	0.000000
2567500.000000	1.072225	1.072225	0.000000
2570000.000000	1.073500	1.073500	0.000000
2572500.000000	1.074775	1.074775	0.000000
2575000.000000	1.076050	1.076050	0.000000
2577500.000000	1.077325	1.077325	0.000000
2580000.000000	1.078600	1.078600	0.000000
2582500.000000	1.079438	1.079438	0.000000
2585000.000000	1.080275	1.080275	0.000000
2587500.000000	1.081113	1.081113	0.000000
2590000.000000	1.081950	1.081950	0.000000
2592500.000000	1.082788	1.082788	0.000000
2595000.000000	1.083625	1.083625	0.000000
2597500.000000	1.084463	1.084463	0.000000
2600000.000000	1.085300	1.085300	0.000000
2601563.000000	1.085525	1.085525	0.000000
2603125.000000	1.085750	1.085750	0.000000
2604688.000000	1.085975	1.085975	0.000000
2606250.000000	1.086200	1.086200	0.000000
2607813.000000	1.086425	1.086425	0.000000
2609375.000000	1.086650	1.086650	0.000000
2610938.000000	1.086875	1.086875	0.000000
2612500.000000	1.087100	1.087100	0.000000
2614063.000000	1.087325	1.087325	0.000000
2615625.000000	1.087550	1.087550	0.000000
2617188.000000	1.087775	1.087775	0.000000
2618750.000000	1.088000	1.088000	0.000000
2620313.000000	1.088225	1.088225	0.000000
2621875.000000	1.088450	1.088450	0.000000
2623438.000000	1.088675	1.088675	0.000000
2625000.000000	1.088900	1.088900	0.000000
2626563.000000	1.089125	1.089125	0.000000
2628125.000000	1.089350	1.089350	0.000000
2629688.000000	1.089575	1.089575	0.000000
2631250.000000	1.089800	1.089800	0.000000
2632813.000000	1.090025	1.090025	0.000000
2634375.000000	1.090250	1.090250	0.000000
2635938.000000	1.090475	1.090475	0.000000
2637500.000000	1.090700	1.090700	0.000000
2639063.000000	1.090925	1.090925	0.000000
2640625.000000	1.091150	1.091150	0.000000
2642188.000000	1.091375	1.091375	0.000000
2643750.000000	1.091600	1.091600	0.000000
2645313.000000	1.091825	1.091825	0.000000
2646875.000000	1.092050	1.092050	0.000000
2648438.000000	1.092275	1.092275	0.000000
2650000.000000	1.092500	1.092500	0.000000
2651563.000000	1.092509	1.092509	0.000000
2653125.000000	1.092519	1.092519	0.000000
2654688.000000	1.092528	1.092528	0.000000
2656250.000000	1.092538	1.092538	0.000000
2657813.000000	1.092547	1.092547	0.000000
2659375.000000	1.092556	1.092556	0.000000
2660938.000000	1.092566	1.092566	0.000000
2662500.000000	1.092575	1.092575	0.000000
2664063.000000	1.092584	1.092584	0.000000
2665625.000000	1.092594	1.092594	0.000000
2667188.000000	1.092603	1.092603	0.000000
2668750.000000	1.092613	1.092613	0.000000
2670313.000000	1.092622	1.092622	0.000000
2671875.000000	1.092631	1.092631	0.000000
2673438.000000	1.092641	1.092641	0.000000
2675000.000000	1.092650	1.092650	0.000000
2676563.000000	1.092659	1.092659	0.000000
2678125.000000	1.092669	1.092669	0.000000
2679688.000000	1.092678	1.092678	0.000000
2681250.000000	1.092688	1.092688	0.000000
2682813.000000	1.092697	1.092697	0.000000
2684375.000000	1.092706	1.092706	0.000000
2685938.000000	1.092716	1.092716	0.000000
2687500.000000	1.092725	1.092725	0.000000
2689063.000000	1.092734	1.092734	0.000000
2690625.000000	1.092744	1.092744	0.000000
2692188.000000	1.092753	1.092753	0.000000
2693750.000000	1.092763	1.092763	0.000000
2695313.000000	1.092772	1.092772	0.000000
2696875.000000	1.092781	1.092781	0.000000
2698438.000000	1.092791	1.092791	0.000000
2700000.000000	1.092800	1.092800	0.000000
2703125.000000	1.092700	1.092700	0.000000
2706250.000000	1.092600	1.092600	0.000000
2709375.000000	1.092500	1.092500	0.000000
2712500.000000	1.092400	1.092400	0.000000
2715625.000000	1.092300	1.092300	0.000000
2718750.000000	1.092200	1.092200	0.000000
2721875.000000	1.092100	1.092100	0.000000
2725000.000000	1.092000	1.092000	0.000000
2728125.000000	1.091900	1.091900	0.000000
2731250.000000	1.091800	1.091800	0.000000
2734375.000000	1.091700	1.091700	0.000000
2737500.000000	1.091600	1.091600	0.000000
2740625.000000	1.091500	1.091500	0.000000
2743750.000000	1.091400	1.091400	0.000000
2746875.000000	1.091300	1.091300	0.000000
2750000.000000	1.091200	1.091200	0.000000
2753125.000000	1.091244	1.091244	0.000000
2756250.000000	1.091288	1.091288	0.000000
2759375.000000	1.091331	1.091331	0.000000
2762500.000000	1.091375	1.091375	0.000000
2765625.000000	1.091419	1.091419	0.000000
2768750.000000	1.091463	1.091463	0.000000
2771875.000000	1.091506	1.091506	0.000000
2775000.000000	1.091550	1.091550	0.000000
2778125.000000	1.091594	1.091594	0.000000
2781250.000000	1.091638	1.091638	0.000000
2784375.000000	1.091681	1.091681	0.000000
2787500.000000	1.091725	1.091725	0.000000
2790625.000000	1.091769	1.091769	0.000000
2793750.000000	1.091813	1.091813	0.000000
2796875.000000	1.091856	1.091856	0.000000
2800000.000000	1.091900	1.091900	0.000000
2803125.000000	1.092438	1.092438	0.000000
2806250.000000	1.092975	1.092975	0.000000
2809375.000000	1.093513	1.093513	0.000000
2812500.000000	1.094050	1.094050	0.000000
2815625.000000	1.094588	1.094588	0.000000
2818750.000000	1.095125	1.095125	0.000000
2821875.000000	1.095663	1.095663	0.000000
2825000.000000	1.096200	1.096200	0.000000
2828125.000000	1.096738	1.096738	0.000000
2831250.000000	1.097275	1.097275	0.000000
2834375.000000	1.097813	1.097813	0.000000
2837500.000000	1.098350	1.098350	0.000000
2840625.000000	1.098888	1.098888	0.000000
2843750.000000	1.099425	1.099425	0.000000
2846875.000000	1.099963	1.099963	0.000000
2850000.000000	1.100500	1.100500	0.000000
2855000.000000	1.102650	1.102650	0.000000
2860000.000000	1.104800	1.104800	0.000000
2865000.000000	1.108450	1.108450	0.000000
2870000.000000	1.112100	1.112100	0.000000
2875000.000000	1.121400	1.121400	0.000000
2880000.000000	1.130700	1.130700	0.000000
2882000.000000	1.140000	1.140000	0.000000
2884000.000000	1.156500	1.156500	0.000000
2886000.000000	1.195200	1.195200	0.000000
2887000.000000	1.244200	1.244200	0.000000
2888000.000000	1.391800	1.391800	0.000000
2888200.000000	1.462900	1.462900	0.000000
2888400.000000	1.574300	1.574300	0.000000
2888500.000000	1.655800	1.655800	0.000000
2888600.000000	1.765300	1.765300	0.000000
2888700.000000	1.916200	1.916200	0.000000
2888800.000000	2.127900	2.127900	0.000000
2888900.000000	2.420600	2.420600	0.000000
2889000.000000	2.774800	2.774800	0.000000
2889100.000000	3.001000	3.001000	0.000000
2889200.000000	2.737500	2.737500	0.000000
2889300.000000	2.095300	2.095300	0.000000
2889400.000000	1.563200	1.563200	0.000000
2889500.000000	1.260900	1.260900	0.000000
2889600.000000	1.107000	1.107000	0.000000
2889700.000000	1.030200	1.030200	0.000000
2889800.000000	0.992150	0.992150	0.000000
2890000.000000	0.966560	0.966560	0.000000
2890500.000000	0.977240	0.977240	0.000000
2891000.000000	0.998510	0.998510	0.000000
2892000.000000	1.028300	1.028300	0.000000
2894000.000000	1.057400	1.057400	0.000000
2896000.000000	1.071500	1.071500	0.000000
2898000.000000	1.080000	1.080000	0.000000
2900000.000000	1.085800	1.085800	0.000000
2906250.000000	1.092200	1.092200	0.000000
2912500.000000	1.098600	1.098600	0.000000
2918750.000000	1.105000	1.105000	0.000000
2925000.000000	1.111401	1.111400	0.000000
2931250.000000	1.117801	1.117800	0.000000
2937500.000000	1.124201	1.124200	0.000000
2943750.000000	1.130601	1.130600	0.000000
2950000.000000	1.137001	1.137000	0.000000
2956250.000000	1.145689	1.145688	0.000000
2962500.000000	1.154376	1.154375	0.000000
2968750.000000	1.163065	1.163063	0.000000
2975000.000000	1.171752	1.171750	0.000000
2981250.000000	1.180440	1.180438	0.000000
2987500.000000	1.189127	1.189125	0.000000
2993750.000000	1.197816	1.197813	0.000000
3000000.000000	1.206503	1.206500	0.000000
3005000.000000	1.229604	1.229600	0.000000
3005500.000000	1.237104	1.237100	0.000000
3006000.000000	1.251004	1.251000	0.000000
3006100.000000	1.255504	1.255500	0.000000
3006200.000000	1.260904	1.260900	0.000000
3006300.000000	1.267804	1.267800	0.000000
3006400.000000	1.276804	1.276800	0.000000
3006500.000000	1.288904	1.288900	0.000000
3006600.000000	1.306304	1.306300	0.000000
3006700.000000	1.333304	1.333300	0.000000
3006800.000000	1.380404	1.380400	0.000000
3006900.000000	1.479704	1.479700	0.000000
3007000.000000	1.782604	1.782600	0.000000
3007100.000000	3.063904	3.063900	0.000000
3007200.000000	1.312504	1.312500	0.000000
3007300.000000	1.128404	1.128400	0.000000
3007400.000000	1.128004	1.128000	0.000000
3007500.000000	1.139504	1.139500	0.000000
3007600.000000	1.150004	1.150000	0.000000
3007700.000000	1.158404	1.158400	0.000000
3007800.000000	1.165104	1.165100	0.000000
3007900.000000	1.170504	1.170500	0.000000
3008000.000000	1.175004	1.175000	0.000000
3008200.000000	1.181904	1.181900	0.000000
3008400.000000	1.187004	1.187000	0.000000
3008600.000000	1.190904	1.190900	0.000000
3008800.000000	1.194104	1.194100	0.000000
3009000.000000	1.196704	1.196700	0.000000
3010000.000000	1.205404	1.205400	0.000000
3015000.000000	1.223705	1.223700	0.000000
3020000.000000	1.236105	1.236100	0.000000
3025000.000000	1.248806	1.248800	0.000000
3030000.000000	1.261507	1.261500	0.000000
3035000.000000	1.274208	1.274200	0.000000
3040000.000000	1.286909	1.286900	0.000000
3045000.000000	1.301560	1.301550	0.000000
3050000.000000	1.316211	1.316200	0.000000
3055000.000000	1.332612	1.332600	0.000000
3060000.000000	1.349013	1.349000	0.000000
3065000.000000	1.368490	1.368475	0.000000
3070000.000000	1.387966	1.387950	0.000000
3075000.000000	1.407443	1.407425	0.000000
3080000.000000	1.426920	1.426900	0.000000
3085000.000000	1.451222	1.451200	0.000000
3090000.000000	1.475525	1.475500	0.000000
3095000.000000	1.499827	1.499800	0.000000
3100000.000000	1.524130	1.524100	0.000000
3110000.000000	1.584087	1.584050	0.000000
3120000.000000	1.644045	1.644000	0.000000
3130000.000000	1.716854	1.716800	0.000000
3140000.000000	1.789665	1.789600	0.000000
3150000.000000	1.876028	1.875950	0.000000
3160000.000000	1.962394	1.962300	0.000000
3170000.000000	2.058312	2.058200	0.000000
3180000.000000	2.160333	2.160200	0.000000
3190000.000000	2.267960	2.267800	0.000000
3195000.000000	2.326984	2.326800	0.000000
3200000.000000	2.386012	2.385800	0.000000
3201000.000000	2.399522	2.399300	0.000000
3202000.000000	2.413835	2.413600	0.000000
3203000.000000	2.429352	2.429100	0.000000
3204000.000000	2.446775	2.446500	0.000000
3205000.000000	2.467009	2.466700	0.000000
3206000.000000	2.492460	2.492100	0.000000
3207000.000000	2.527147	2.526700	0.000000
3208000.000000	2.582113	2.581500	0.000000
3209000.000000	2.687082	2.686100	0.000000
3210000.000000	2.953997	2.952000	0.000000
3210500.000000	3.275914	3.272800	0.000000
3211000.000000	3.933736	3.929100	0.000000
3211100.000000	4.125592	4.120700	0.000000
3211200.000000	4.336388	4.331300	0.000000
3211300.000000	4.559406	4.554200	0.000000
3211400.000000	4.781935	4.776700	0.000000
3211500.000000	4.984372	4.979200	0.000000
3211600.000000	5.142223	5.137200	0.000000
3211700.000000	5.231705	5.226900	0.000000
3211800.000000	5.236837	5.232300	0.000000
3211900.000000	5.156538	5.152300	0.000000
3212000.000000	5.004728	5.000800	0.000000
3212200.000000	4.581924	4.578600	0.000000
3212400.000000	4.142691	4.139900	0.000000
3212600.000000	3.774948	3.772600	0.000000
3212800.000000	3.493690	3.491700	0.000000
3213000.000000	3.285104	3.283400	0.000000
3213200.000000	3.131175	3.129700	0.000000
3213400.000000	3.016592	3.015300	0.000000
3213600.000000	2.930343	2.929200	0.000000
3213800.000000	2.864322	2.863300	0.000000
3214000.000000	2.813223	2.812300	0.000000
3214200.000000	2.773141	2.772300	0.000000
3214400.000000	2.741272	2.740500	0.000000
3214600.000000	2.715713	2.715000	0.000000
3214800.000000	2.694964	2.694300	0.000000
3215000.000000	2.678122	2.677500	0.000000
3216000.000000	2.629181	2.628700	0.000000
3217000.000000	2.610306	2.609900	0.000000
3218000.000000	2.604362	2.604000	0.000000
3219000.000000	2.604635	2.604300	0.000000
3220000.000000	2.608517	2.608200	0.000000
3222000.000000	2.621798	2.621500	0.000000
3224000.000000	2.638489	2.638200	0.000000
3226000.000000	2.656787	2.656500	0.000000
3228000.000000	2.675787	2.675500	0.000000
3230000.000000	2.694990	2.694700	0.000000
3235000.000000	2.743401	2.743100	0.000000
3240000.000000	2.790615	2.790300	0.000000
3245000.000000	2.836332	2.836000	0.000000
3250000.000000	2.879850	2.879500	0.000000
3255000.000000	2.920869	2.920500	0.000000
3260000.000000	2.959188	2.958800	0.000000
3265000.000000	2.994709	2.994300	0.000000
3270000.000000	3.027230	3.026800	0.000000
3275000.000000	3.056551	3.056100	0.000000
3280000.000000	3.082972	3.082500	0.000000
3285000.000000	3.106194	3.105700	0.000000
3290000.000000	3.126216	3.125700	0.000000
3295000.000000	3.143338	3.142800	0.000000
3300000.000000	3.157560	3.157000	0.000000
3305000.000000	3.168882	3.168300	0.000000
3310000.000000	3.177704	3.177100	0.000000
3312000.000000	3.180513	3.179900	0.000000
3314000.000000	3.182922	3.182300	0.000000
3316000.000000	3.185031	3.184400	0.000000
3318000.000000	3.186739	3.186100	0.000000
3320000.000000	3.187948	3.187300	0.000000
3322000.000000	3.188957	3.188300	0.000000
3324000.000000	3.189565	3.188900	0.000000
3326000.000000	3.189974	3.189300	0.000000
3328000.000000	3.189983	3.189300	0.000000
3330000.000000	3.189791	3.189100	0.000000
3332000.000000	3.189300	3.188600	0.000000
3334000.000000	3.188508	3.187800	0.000000
3336000.000000	3.187417	3.186700	0.000000
3338000.000000	3.186125	3.185400	0.000000
3340000.000000	3.184634	3.183900	0.000000
3345000.000000	3.180055	3.179300	0.000000
3350000.000000	3.174275	3.173500	0.000000
3355000.000000	3.167395	3.166600	0.000000
3360000.000000	3.159715	3.158900	0.000000
3370000.000000	3.142555	3.141700	0.000000
3380000.000000	3.123793	3.122900	0.000000
3390000.000000	3.104230	3.103300	0.000000
3400000.000000	3.088467	3.087500	0.000000
3400500.000000	3.087769	3.086800	0.000000
3410000.000000	3.075604	3.074600	0.000000
3420000.000000	3.063345	3.062300	0.000000
3430000.000000	3.052424	3.051300	0.000000
3435000.000000	3.054060	3.052700	0.000000
3436000.000000	3.057455	3.055900	0.000000
3437000.000000	3.064550	3.062500	0.000000
3437500.000000	3.071466	3.068800	0.000000
3438000.000000	3.085466	3.081300	0.000000
3438500.000000	3.138631	3.128900	0.000000
3439000.000000	3.946405	3.878800	0.000000
3439500.000000	4.027487	3.994500	0.000000
3440000.000000	3.598192	3.590200	0.000000
3440500.000000	3.727521	3.722400	0.000000
3441000.000000	4.219695	4.214000	0.000000
3441500.000000	5.273580	5.264800	0.000000
3441600.000000	5.474636	5.465200	0.000000
3441700.000000	5.604885	5.595000	0.000000
3441800.000000	5.633516	5.623500	0.000000
3441900.000000	5.551793	5.542000	0.000000
3442000.000000	5.377862	5.368600	0.000000
3442500.000000	4.239056	4.233500	0.000000
3443000.000000	3.640597	3.637100	0.000000
3443500.000000	3.384072	3.381500	0.000000
3444000.000000	3.260205	3.258100	0.000000
3444500.000000	3.192440	3.190600	0.000000
3445000.000000	3.151474	3.149800	0.000000
3450000.000000	3.054468	3.053200	0.000000
3455000.000000	3.038220	3.037000	0.000000
3460000.000000	3.030315	3.029100	0.000000
3465000.000000	3.025121	3.023900	0.000000
3470000.000000	3.021232	3.020000	0.000000
3475000.000000	3.018146	3.016900	0.000000
3480000.000000	3.015761	3.014500	0.000000
3490000.000000	3.013094	3.011800	0.000000
3500000.000000	3.012430	3.011100	0.000000
3510000.000000	3.013867	3.012500	0.000000
3520000.000000	3.017006	3.015600	0.000000
3530000.000000	3.021748	3.020300	0.000000
3540000.000000	3.027792	3.026300	0.000000
3550000.000000	3.034738	3.033200	0.000000
3560000.000000	3.042587	3.041000	0.000000
3570000.000000	3.050639	3.049000	0.000000
3580000.000000	3.058595	3.056900	0.000000
3590000.000000	3.066154	3.064400	0.000000
3600000.000000	3.072818	3.071000	0.000000
3610000.000000	3.078187	3.076300	0.000000
3620000.000000	3.081761	3.079800	0.000000
3630000.000000	3.083242	3.081200	0.000000
3640000.000000	3.082332	3.080200	0.000000
3642000.000000	3.081755	3.079600	0.000000
3644000.000000	3.081193	3.079000	0.000000
3645000.000000	3.080858	3.078600	0.000000
3645200.000000	3.080790	3.078500	0.000000
3645400.000000	3.080843	3.078500	0.000000
3645600.000000	3.080841	3.078400	0.000000
3645800.000000	3.080954	3.078300	0.000000
3646000.000000	3.081477	3.078200	0.000000
3646200.000000	3.084825	3.078200	0.000000
3646400.000000	3.098092	3.078300	0.000000
3646600.000000	3.082601	3.078000	0.000000
3646800.000000	3.080857	3.077900	0.000000
3647000.000000	3.080259	3.077700	0.000000
3647200.000000	3.080107	3.077700	0.000000
3647400.000000	3.079935	3.077600	0.000000
3647600.000000	3.079796	3.077500	0.000000
3647800.000000	3.079772	3.077500	0.000000
3648000.000000	3.079558	3.077300	0.000000
3649000.000000	3.079033	3.076800	0.000000
3650000.000000	3.078533	3.076300	0.000000
3651000.000000	3.078038	3.075800	0.000000
3652000.000000	3.077446	3.075200	0.000000
3653000.000000	3.076855	3.074600	0.000000
3654000.000000	3.076264	3.074000	0.000000
3655000.000000	3.075674	3.073400	0.000000
3660000.000000	3.071925	3.069600	0.000000
3665000.000000	3.067479	3.065100	0.000000
3670000.000000	3.062336	3.059900	0.000000
3675000.000000	3.056495	3.054000	0.000000
3680000.000000	3.049958	3.047400	0.000000
3685000.000000	3.042823	3.040200	0.000000
3690000.000000	3.035191	3.032500	0.000000
3695000.000000	3.027263	3.024500	0.000000
3700000.000000	3.019238	3.016400	0.000000
3710000.000000	3.004000	3.001000	0.000000
3720000.000000	2.994180	2.991000	0.000000
3730000.000000	3.002284	2.998900	0.000000
3740000.000000	3.069526	3.065900	0.000000
3745000.000000	3.169574	3.165800	0.000000
3750000.000000	3.399067	3.395100	0.000000
3755000.000000	3.982473	3.978200	0.000000
3760000.000000	5.343825	5.339000	0.000000
3761000.000000	5.633945	5.629000	0.000000
3762000.000000	5.833238	5.828200	0.000000
3763000.000000	5.889989	5.884900	0.000000
3764000.000000	5.787192	5.782100	0.000000
3765000.000000	5.553355	5.548300	0.000000
3766000.000000	5.243895	5.238900	0.000000
3767000.000000	4.913828	4.908900	0.000000
3768000.000000	4.600266	4.595400	0.000000
3769000.000000	4.321813	4.317000	0.000000
3770000.000000	4.083573	4.078800	0.000000
3772000.000000	3.716926	3.712200	0.000000
3774000.000000	3.462813	3.458100	0.000000
3776000.000000	3.284325	3.279600	0.000000
3778000.000000	3.155153	3.150400	0.000000
3780000.000000	3.059093	3.054300	0.000000
3785000.000000	2.901924	2.897000	0.000000
3790000.000000	2.806584	2.801500	0.000000
3795000.000000	2.740562	2.735300	0.000000
3800000.000000	2.689957	2.684500	0.000000
3810000.000000	2.612189	2.606300	0.000000
3820000.000000	2.550076	2.543700	0.000000
3830000.000000	2.495824	2.488900	0.000000
3840000.000000	2.446738	2.439200	0.000000
3850000.000000	2.401726	2.393500	0.000000
3860000.000000	2.360296	2.351300	0.000000
3870000.000000	2.322158	2.312300	0.000000
3880000.000000	2.287623	2.276800	0.000000
3890000.000000	2.256503	2.244600	0.000000
3900000.000000	2.229111	2.216000	0.000000
3920000.000000	2.184875	2.168900	0.000000
3940000.000000	2.153673	2.134100	0.000000
3960000.000000	2.130664	2.106500	0.000000
3980000.000000	2.104529	2.074300	0.000000
4000000.000000	2.074579	2.035900	0.000000
4010000.000000	2.021771	1.977600	0.000000
4020000.000000	1.939445	1.888900	0.000000
4030000.000000	1.819034	1.761700	0.000000
4040000.000000	1.662084	1.598800	0.000000
4050000.000000	1.490678	1.424100	0.000000
4060000.000000	1.342050	1.275900	0.000000
4070000.000000	1.241403	1.178600	0.000000
4080000.000000	1.186475	1.128000	0.000000
4090000.000000	1.161837	1.107000	0.000000
4100000.000000	1.154451	1.101600	0.000000
4110000.000000	1.160592	1.107500	0.000000
4120000.000000	1.186590	1.130500	0.000000
4130000.000000	1.247159	1.184700	0.000000
4140000.000000	1.362531	1.289900	0.000000
4150000.000000	1.547793	1.461800	0.000000
4160000.000000	1.787183	1.687400	0.000000
4165000.000000	1.909320	1.803900	0.000000
4170000.000000	2.019490	1.910000	0.000000
4175000.000000	2.108920	1.997200	0.000000
4180000.000000	2.172000	2.059900	0.000000
4185000.000000	2.207300	2.096400	0.000000
4190000.000000	2.217000	2.108500	0.000000
4195000.000000	2.205030	2.099700	0.000000
4200000.000000	2.176460	2.074700	0.000000
4205000.000000	2.135690	2.037600	0.000000
4210000.000000	2.086534	1.992000	0.000000
4215000.000000	2.032022	1.940800	0.000000
4220000.000000	1.974050	1.885800	0.000000
4225000.000000	1.914380	1.828700	0.000000
4230000.000000	1.853931	1.770400	0.000000
4235000.000000	1.793231	1.711400	0.000000
4240000.000000	1.732907	1.652300	0.000000
4245000.000000	1.673166	1.593300	0.000000
4250000.000000	1.614442	1.534800	0.000000
4255000.000000	1.557354	1.477400	0.000000
4260000.000000	1.503145	1.422300	0.000000
4265000.000000	1.454021	1.371700	0.000000
4270000.000000	1.414088	1.329700	0.000000
4275000.000000	1.391279	1.304300	0.000000
4280000.000000	1.399237	1.309300	0.000000
4285000.000000	1.459417	1.366400	0.000000
4290000.000000	1.596343	1.500300	0.000000
4295000.000000	1.818671	1.719500	0.000000
4300000.000000	2.099510	1.996700	0.000000
4305000.000000	2.386930	2.280100	0.000000
4310000.000000	2.637290	2.527200	0.000000
4315000.000000	2.827840	2.716800	0.000000
4320000.000000	2.949560	2.840700	0.000000
4321000.000000	2.965550	2.857500	0.000000
4322000.000000	2.978930	2.871800	0.000000
4323000.000000	2.989600	2.883500	0.000000
4324000.000000	2.997780	2.892800	0.000000
4325000.000000	3.003470	2.899700	0.000000
4326000.000000	3.006980	2.904500	0.000000
4327000.000000	3.008220	2.907100	0.000000
4328000.000000	3.007308	2.907600	0.000000
4329000.000000	3.004546	2.906300	0.000000
4330000.000000	2.999950	2.903200	0.000000
4335000.000000	2.954537	2.865600	0.000000
4340000.000000	2.883426	2.802200	0.000000
4345000.000000	2.799320	2.725200	0.000000
4350000.000000	2.711242	2.643400	0.000000
4355000.000000	2.624521	2.562100	0.000000
4360000.000000	2.542095	2.484300	0.000000
4370000.000000	2.394320	2.343800	0.000000
4380000.000000	2.270030	2.224800	0.000000
4390000.000000	2.166313	2.125000	0.000000
4400000.000000	2.079857	2.041500	0.000000
4410000.000000	2.008107	1.972000	0.000000
4420000.000000	1.949738	1.915300	0.000000
4430000.000000	1.904776	1.871400	0.000000
4440000.000000	1.876511	1.843200	0.000000
4445000.000000	1.870987	1.836900	0.000000
4450000.000000	1.873028	1.836900	0.000000
4455000.000000	1.882867	1.841800	0.000000
4460000.000000	1.885951	1.832600	0.000000
4462000.000000	1.869592	1.807300	0.000000
4464000.000000	1.824808	1.750600	0.000000
4466000.000000	1.734113	1.646400	0.000000
4468000.000000	1.596172	1.498000	0.000000
4470000.000000	1.448660	1.348600	0.000000
4472000.000000	1.342074	1.248900	0.000000
4475000.000000	1.281069	1.204100	0.000000
4480000.000000	1.296098	1.239300	0.000000
4485000.000000	1.326304	1.279800	0.000000
4490000.000000	1.344205	1.303100	0.000000
4495000.000000	1.350858	1.312800	0.000000
4500000.000000	1.349498	1.313200	0.000000
4505000.000000	1.342709	1.307300	0.000000
4510000.000000	1.332324	1.297000	0.000000
4515000.000000	1.320860	1.284500	0.000000
4520000.000000	1.317471	1.277700	0.000000
4521000.000000	1.320331	1.279300	0.000000
4522000.000000	1.325418	1.282800	0.000000
4523000.000000	1.334239	1.289600	0.000000
4524000.000000	1.348239	1.301000	0.000000
4525000.000000	1.370030	1.319400	0.000000
4526000.000000	1.403617	1.348500	0.000000
4527000.000000	1.455239	1.394100	0.000000
4528000.000000	1.534912	1.465600	0.000000
4529000.000000	1.657324	1.576900	0.000000
4530000.000000	1.842468	1.747200	0.000000
4531000.000000	2.109230	1.995400	0.000000
4532000.000000	2.448960	2.315500	0.000000
4533000.000000	2.782650	2.635600	0.000000
4534000.000000	2.972780	2.826100	0.000000
4535000.000000	2.951360	2.818900	0.000000
4536000.000000	2.784940	2.672500	0.000000
4537000.000000	2.574784	2.481100	0.000000
4538000.000000	2.379537	2.300800	0.000000
4539000.000000	2.217064	2.149500	0.000000
4540000.000000	2.086748	2.027400	0.000000
4545000.000000	1.735009	1.694500	0.000000
4550000.000000	1.592581	1.557900	0.000000
4555000.000000	1.517264	1.485000	0.000000
4560000.000000	1.469509	1.438400	0.000000
4565000.000000	1.435569	1.405000	0.000000
4570000.000000	1.409427	1.379000	0.000000
4575000.000000	1.388349	1.357700	0.000000
4580000.000000	1.371047	1.339700	0.000000
4585000.000000	1.356925	1.324000	0.000000
4590000.000000	1.347167	1.310400	0.000000
4591000.000000	1.345952	1.307800	0.000000
4592000.000000	1.345719	1.305800	0.000000
4593000.000000	1.346116	1.303900	0.000000
4594000.000000	1.347268	1.302000	0.000000
4595000.000000	1.348714	1.299300	0.000000
4596000.000000	1.352683	1.297500	0.000000
4597000.000000	1.359369	1.296000	0.000000
4598000.000000	1.370065	1.295000	0.000000
4599000.000000	1.385783	1.294500	0.000000
4600000.000000	1.405600	1.294400	0.000000
4601000.000000	1.433317	1.328100	0.000000
4601500.000000	1.439826	1.337600	0.000000
4602000.000000	1.439135	1.339900	0.000000
4602500.000000	1.431544	1.335300	0.000000
4603000.000000	1.419052	1.325800	0.000000
4604000.000000	1.389370	1.302100	0.000000
4605000.000000	1.363587	1.282300	0.000000
4610000.000000	1.319449	1.272300	0.000000
4615000.000000	1.311523	1.269000	0.000000
4620000.000000	1.319478	1.273800	0.000000
4625000.000000	1.353917	1.296900	0.000000
4626000.000000	1.366976	1.305900	0.000000
4627000.000000	1.383531	1.317400	0.000000
4628000.000000	1.404695	1.332200	0.000000
4629000.000000	1.431807	1.351200	0.000000
4630000.000000	1.467172	1.376100	0.000000
4631000.000000	1.513470	1.408700	0.000000
4632000.000000	1.574600	1.451700	0.000000
4633000.000000	1.655940	1.508900	0.000000
4634000.000000	1.762580	1.583600	0.000000
4635000.000000	1.897030	1.677300	0.000000
4636000.000000	2.049270	1.782400	0.000000
4637000.000000	2.182710	1.872600	0.000000
4638000.000000	2.235060	1.904200	0.000000
4639000.000000	2.166760	1.850600	0.000000
4640000.000000	2.010320	1.736300	0.000000
4645000.000000	1.404834	1.306200	0.000000
4650000.000000	1.251514	1.198100	0.000000
4655000.000000	1.199216	1.159900	0.000000
4660000.000000	1.172776	1.139300	0.000000
4665000.000000	1.155188	1.124600	0.000000
4670000.000000	1.141292	1.112300	0.000000
4675000.000000	1.129246	1.101200	0.000000
4680000.000000	1.118163	1.090700	0.000000
4685000.000000	1.107701	1.080600	0.000000
4690000.000000	1.097582	1.070700	0.000000
4695000.000000	1.087662	1.060900	0.000000
4700000.000000	1.077815	1.051100	0.000000
4705000.000000	1.068225	1.041500	0.000000
4710000.000000	1.058781	1.032000	0.000000
4715000.000000	1.049478	1.022600	0.000000
4720000.000000	1.040212	1.013200	0.000000
4725000.000000	1.031082	1.003900	0.000000
4730000.000000	1.022129	0.994740	0.000000
4735000.000000	1.013415	0.985780	0.000000
4740000.000000	1.005071	0.977150	0.000000
4745000.000000	0.997087	0.968830	0.000000
4750000.000000	0.989658	0.961010	0.000000
4755000.000000	0.982973	0.953870	0.000000
4760000.000000	0.977319	0.947680	0.000000
4765000.000000	0.973092	0.942820	0.000000
4770000.000000	0.970808	0.939780	0.000000
4775000.000000	0.971232	0.939290	0.000000
4780000.000000	0.975418	0.942360	0.000000
4785000.000000	0.984898	0.950460	0.000000
4790000.000000	1.001778	0.965610	0.000000
4795000.000000	1.029069	0.990710	0.000000
4800000.000000	1.070960	1.029800	0.000000
4805000.000000	1.132646	1.087900	0.000000
4810000.000000	1.220395	1.171100	0.000000
4815000.000000	1.339809	1.284900	0.000000
4820000.000000	1.491255	1.429800	0.000000
4825000.000000	1.664354	1.596000	0.000000
4830000.000000	1.832687	1.758200	0.000000
4832000.000000	1.890632	1.814200	0.000000
4834000.000000	1.939782	1.861800	0.000000
4835000.000000	1.960594	1.882000	0.000000
4836000.000000	1.978698	1.899600	0.000000
4837000.000000	1.993785	1.914300	0.000000
4838000.000000	2.006157	1.926400	0.000000
4839000.000000	2.015627	1.935700	0.000000
4840000.000000	2.022088	1.942100	0.000000
4841000.000000	2.025854	1.945900	0.000000
4842000.000000	2.026925	1.947100	0.000000
4843000.000000	2.025608	1.946000	0.000000
4844000.000000	2.021722	1.942400	0.000000
4845000.000000	2.015762	1.936800	0.000000
4850000.000000	1.959939	1.883500	0.000000
4855000.000000	1.878172	1.804800	0.000000
4860000.000000	1.788387	1.718000	0.000000
4870000.000000	1.620535	1.554800	0.000000
4880000.000000	1.485490	1.422400	0.000000
4890000.000000	1.381419	1.319300	0.000000
4900000.000000	1.300257	1.237800	0.000000
4910000.000000	1.235765	1.171900	0.000000
4920000.000000	1.183321	1.117100	0.000000
4930000.000000	1.140089	1.070600	0.000000
4940000.000000	1.104012	1.030300	0.000000
4950000.000000	1.074158	0.995190	0.000000
4960000.000000	1.049838	0.964450	0.000000
4970000.000000	1.031580	0.938420	0.000000
4980000.000000	1.019900	0.917440	0.000000
4990000.000000	1.016710	0.903210	0.000000
5000000.000000	1.024250	0.897890	0.000000
5010000.000000	1.045990	0.905030	0.000000
5020000.000000	1.085880	0.929190	0.000000
5030000.000000	1.147620	0.975510	0.000000
5040000.000000	1.232730	1.048000	0.000000
5050000.000000	1.337600	1.143500	0.000000
5060000.000000	1.448010	1.254900	0.000000
5070000.000000	1.551070	1.368100	0.000000
5080000.000000	1.637690	1.471900	0.000000
5090000.000000	1.713790	1.567900	0.000000
5100000.000000	1.809280	1.680900	0.000000
5102000.000000	1.836160	1.710500	0.000000
5104000.000000	1.867550	1.744200	0.000000
5106000.000000	1.904700	1.783200	0.000000
5108000.000000	1.949230	1.829000	0.000000
5110000.000000	2.002950	1.883300	0.000000
5112000.000000	2.068080	1.948200	0.000000
5114000.000000	2.147600	2.026500	0.000000
5115000.000000	2.193850	2.071700	0.000000
5116000.000000	2.244920	2.121400	0.000000
5117000.000000	2.301240	2.176000	0.000000
5118000.000000	2.363350	2.236000	0.000000
5119000.000000	2.431560	2.301700	0.000000
5120000.000000	2.506300	2.373500	0.000000
5121000.000000	2.587490	2.451300	0.000000
5122000.000000	2.675110	2.535100	0.000000
5123000.000000	2.768750	2.624500	0.000000
5124000.000000	2.867250	2.718400	0.000000
5125000.000000	2.968930	2.815200	0.000000
5126000.000000	3.071450	2.912700	0.000000
5127000.000000	3.171320	3.007600	0.000000
5128000.000000	3.264600	3.096200	0.000000
5129000.000000	3.346220	3.173700	0.000000
5130000.000000	3.411370	3.235600	0.000000
5131000.000000	3.455370	3.277500	0.000000
5132000.000000	3.474600	3.296000	0.000000
5133000.000000	3.467010	3.289200	0.000000
5134000.000000	3.433000	3.257500	0.000000
5135000.000000	3.374660	3.202900	0.000000
5136000.000000	3.295600	3.128800	0.000000
5137000.000000	3.200770	3.039900	0.000000
5138000.000000	3.095280	2.941000	0.000000
5139000.000000	2.983790	2.836500	0.000000
5140000.000000	2.870450	2.730300	0.000000
5142000.000000	2.650750	2.524600	0.000000
5144000.000000	2.452190	2.338900	0.000000
5146000.000000	2.280660	2.178700	0.000000
5148000.000000	2.135674	2.043500	0.000000
5150000.000000	2.014510	1.930700	0.000000
5155000.000000	1.791476	1.723700	0.000000
5160000.000000	1.645294	1.588700	0.000000
5165000.000000	1.544329	1.495900	0.000000
5170000.000000	1.471003	1.428800	0.000000
5180000.000000	1.370683	1.337400	0.000000
5190000.000000	1.303246	1.276100	0.000000
5200000.000000	1.253047	1.230400	0.000000
5210000.000000	1.213008	1.193800	0.000000
5220000.000000	1.179504	1.163000	0.000000
5230000.000000	1.150429	1.136100	0.000000
5240000.000000	1.124849	1.112300	0.000000
5250000.000000	1.101666	1.090600	0.000000
5260000.000000	1.080810	1.071000	0.000000
5270000.000000	1.061722	1.053000	0.000000
5280000.000000	1.044249	1.036500	0.000000
5290000.000000	1.029131	1.022300	0.000000
5300000.000000	1.020640	1.014800	0.000000
5310000.000000	1.147166	1.132400	0.000000
5320000.000000	0.947169	0.921360	0.000000
5330000.000000	0.987643	0.978070	0.000000
5340000.000000	1.655106	1.646700	0.000000
5350000.000000	1.300683	1.293900	0.000000
5355000.000000	1.089789	1.082400	0.000000
5360000.000000	1.018339	1.009500	0.000000
5365000.000000	0.980715	0.967170	0.000000
5366000.000000	0.975070	0.959470	0.000000
5367000.000000	0.970044	0.951570	0.000000
5368000.000000	0.965930	0.943310	0.000000
5369000.000000	0.963313	0.934510	0.000000
5370000.000000	0.963678	0.925340	0.000000
5371000.000000	0.970171	0.916810	0.000000
5372000.000000	0.988962	0.912550	0.000000
5373000.000000	1.027440	0.921430	0.000000
5374000.000000	1.077330	0.951750	0.000000
5375000.000000	1.103080	0.988240	0.000000
5380000.000000	1.019329	0.993220	0.000000
5385000.000000	0.982752	0.970760	0.000000
5390000.000000	0.965545	0.957370	0.000000
5395000.000000	0.954673	0.948100	0.000000
5400000.000000	0.946821	0.941110	0.000000
5410000.000000	0.935988	0.931200	0.000000
5420000.000000	0.929197	0.924930	0.000000
5430000.000000	0.925455	0.921550	0.000000
5440000.000000	0.924546	0.920920	0.000000
5450000.000000	0.926598	0.923200	0.000000
5460000.000000	0.931938	0.928730	0.000000
5470000.000000	0.941080	0.938030	0.000000
5480000.000000	0.954633	0.951710	0.000000
5490000.000000	0.973422	0.970590	0.000000
5500000.000000	0.998351	0.995570	0.000000
5510000.000000	1.030380	1.027600	0.000000
5520000.000000	1.070741	1.067900	0.000000
5530000.000000	1.120381	1.117400	0.000000
5540000.000000	1.180016	1.176800	0.000000
5550000.000000	1.249667	1.246100	0.000000
5560000.000000	1.328651	1.324600	0.000000
5570000.000000	1.414679	1.410000	0.000000
5580000.000000	1.504356	1.498900	0.000000
5590000.000000	1.592268	1.585900	0.000000
5600000.000000	1.672392	1.665000	0.000000
5605000.000000	1.707735	1.699800	0.000000
5610000.000000	1.738894	1.730400	0.000000
5615000.000000	1.765765	1.756700	0.000000
5620000.000000	1.787647	1.778000	0.000000
5625000.000000	1.804539	1.794300	0.000000
5630000.000000	1.816447	1.805600	0.000000
5635000.000000	1.823279	1.811800	0.000000
5639500.000000	1.825487	1.813400	0.000000
5639542.000000	1.825492	1.813400	0.000000
5639543.000000	1.825493	1.813400	0.000000
5639600.000000	1.825500	1.813400	0.000000
5640000.000000	1.825551	1.813400	0.000000
5645000.000000	1.823492	1.810600	0.000000
5650000.000000	1.817644	1.803900	0.000000
5655000.000000	1.808580	1.793800	0.000000
5660000.000000	1.796834	1.780700	0.000000
5662000.000000	1.791500	1.774600	0.000000
5665000.000000	1.783248	1.765200	0.000000
5668000.000000	1.774519	1.754700	0.000000
5670000.000000	1.768700	1.747700	0.000000
5672000.000000	1.762774	1.739800	0.000000
5675000.000000	1.754434	1.728500	0.000000
5676000.000000	1.751584	1.724000	0.000000
5678000.000000	1.746583	1.715700	0.000000
5680000.000000	1.741683	1.707500	0.000000
5685000.000000	1.726036	1.683100	0.000000
5690000.000000	1.693856	1.656200	0.000000
5695000.000000	1.656817	1.632100	0.000000
5700000.000000	1.627137	1.609800	0.000000
5705000.000000	1.601827	1.587800	0.000000
5710000.000000	1.578300	1.565800	0.000000
5715000.000000	1.555651	1.543900	0.000000
5720000.000000	1.533567	1.522200	0.000000
5725000.000000	1.512066	1.500900	0.000000
5730000.000000	1.491265	1.480200	0.000000
5735000.000000	1.470820	1.459800	0.000000
5740000.000000	1.451109	1.440100	0.000000
5745000.000000	1.431821	1.420800	0.000000
5750000.000000	1.413248	1.402200	0.000000
5755000.000000	1.395186	1.384100	0.000000
5760000.000000	1.377734	1.366600	0.000000
5765000.000000	1.360789	1.349600	0.000000
5770000.000000	1.344454	1.333200	0.000000
5775000.000000	1.328727	1.317400	0.000000
5780000.000000	1.313510	1.302100	0.000000
5785000.000000	1.298903	1.287400	0.000000
5790000.000000	1.284708	1.273100	0.000000
5795000.000000	1.271026	1.259300	0.000000
5800000.000000	1.257959	1.246100	0.000000
5805000.000000	1.245310	1.233300	0.000000
5810000.000000	1.233281	1.221100	0.000000
5815000.000000	1.221776	1.209400	0.000000
5820000.000000	1.210699	1.198100	0.000000
5825000.000000	1.200255	1.187400	0.000000
5830000.000000	1.190351	1.177200	0.000000
5835000.000000	1.180994	1.167500	0.000000
5840000.000000	1.172496	1.158600	0.000000
5845000.000000	1.164770	1.150400	0.000000
5850000.000000	1.157835	1.142900	0.000000
5855000.000000	1.152114	1.136500	0.000000
5860000.000000	1.147741	1.131300	0.000000
5865000.000000	1.145163	1.127700	0.000000
5870000.000000	1.144846	1.126100	0.000000
5875000.000000	1.147689	1.127300	0.000000
5880000.000000	1.154936	1.132400	0.000000
5885000.000000	1.168417	1.143000	0.000000
5890000.000000	1.191496	1.162100	0.000000
5895000.000000	1.229286	1.194200	0.000000
5900000.000000	1.291342	1.247800	0.000000
5905000.000000	1.393729	1.337100	0.000000
5908000.000000	1.483692	1.414500	0.000000
5910000.000000	1.565467	1.487900	0.000000
5912000.000000	1.663276	1.572400	0.000000
5915000.000000	1.846240	1.735400	0.000000
5916000.000000	1.917930	1.798700	0.000000
5917000.000000	1.994240	1.866100	0.000000
5918000.000000	2.074040	1.936600	0.000000
5919000.000000	2.156060	2.009100	0.000000
5920000.000000	2.237860	2.081400	0.000000
5921000.000000	2.316700	2.151100	0.000000
5922000.000000	2.388980	2.215000	0.000000
5923000.000000	2.450890	2.269700	0.000000
5924000.000000	2.498560	2.311800	0.000000
5925000.000000	2.528750	2.338400	0.000000
5926000.000000	2.539080	2.347400	0.000000
5927000.000000	2.528480	2.337800	0.000000
5928000.000000	2.498140	2.310700	0.000000
5929000.000000	2.449900	2.267700	0.000000
5930000.000000	2.387140	2.211800	0.000000
5935000.000000	1.980830	1.849900	0.000000
5940000.000000	1.625819	1.533000	0.000000
5945000.000000	1.385277	1.317300	0.000000
5950000.000000	1.225485	1.172900	0.000000
5955000.000000	1.113427	1.070500	0.000000
5960000.000000	1.027870	0.991140	0.000000
5965000.000000	0.956293	0.923580	0.000000
5970000.000000	0.891130	0.860970	0.000000
5975000.000000	0.829068	0.800400	0.000000
5980000.000000	0.776841	0.748880	0.000000
5982000.000000	0.766262	0.738460	0.000000
5984000.000000	0.770752	0.743140	0.000000
5985000.000000	0.782281	0.754860	0.000000
5986000.000000	0.803061	0.775830	0.000000
5988000.000000	0.882477	0.856090	0.000000
5990000.000000	1.028714	1.004000	0.000000
5992000.000000	1.239412	1.217400	0.000000
5994000.000000	1.463100	1.444400	0.000000
5995000.000000	1.555123	1.538000	0.000000
5996000.000000	1.624356	1.608600	0.000000
5997000.000000	1.669164	1.654500	0.000000
5998000.000000	1.691457	1.677600	0.000000
5999000.000000	1.695608	1.682300	0.000000
6000000.000000	1.686372	1.673400	0.000000
6001000.000000	1.668097	1.655300	0.000000
6002000.000000	1.644143	1.631400	0.000000
6003000.000000	1.617272	1.604500	0.000000
6004000.000000	1.589257	1.576400	0.000000
6006000.000000	1.533622	1.520500	0.000000
6008000.000000	1.482241	1.468800	0.000000
6010000.000000	1.436468	1.422700	0.000000
6012000.000000	1.396385	1.382300	0.000000
6014000.000000	1.361285	1.346900	0.000000
6015000.000000	1.345426	1.330900	0.000000
6016000.000000	1.330566	1.315900	0.000000
6018000.000000	1.303533	1.288600	0.000000
6020000.000000	1.279787	1.264600	0.000000
6025000.000000	1.231084	1.215300	0.000000
6030000.000000	1.193764	1.177400	0.000000
6035000.000000	1.164569	1.147600	0.000000
6040000.000000	1.141645	1.124000	0.000000
6045000.000000	1.123556	1.105100	0.000000
6048000.000000	1.114894	1.095800	0.000000
6050000.000000	1.109919	1.090400	0.000000
6052000.000000	1.105742	1.085600	0.000000
6054000.000000	1.102665	1.081900	0.000000
6055000.000000	1.101377	1.080300	0.000000
6056000.000000	1.100406	1.078800	0.000000
6057000.000000	1.099735	1.077600	0.000000
6058000.000000	1.099365	1.076700	0.000000
6059000.000000	1.099394	1.076200	0.000000
6060000.000000	1.099723	1.076000	0.000000
6061000.000000	1.100556	1.076000	0.000000
6062000.000000	1.102089	1.076700	0.000000
6063000.000000	1.104136	1.077600	0.000000
6064000.000000	1.106983	1.079300	0.000000
6065000.000000	1.110728	1.081400	0.000000
6066000.000000	1.115773	1.084800	0.000000
6067000.000000	1.121948	1.088500	0.000000
6068000.000000	1.130323	1.094400	0.000000
6070000.000000	1.154193	1.110400	0.000000
6071000.000000	1.171532	1.122000	0.000000
6072000.000000	1.193916	1.136800	0.000000
6073000.000000	1.223206	1.155900	0.000000
6074000.000000	1.261800	1.180600	0.000000
6075000.000000	1.312310	1.212000	0.000000
6076000.000000	1.377380	1.250900	0.000000
6077000.000000	1.456650	1.295500	0.000000
6078000.000000	1.540980	1.338000	0.000000
6079000.000000	1.604410	1.360700	0.000000
6080000.000000	1.610560	1.343000	0.000000
6082000.000000	1.438890	1.203600	0.000000
6084000.000000	1.241080	1.074900	0.000000
6085000.000000	1.172855	1.030800	0.000000
6086000.000000	1.125430	1.007500	0.000000
6088000.000000	1.064486	0.974900	0.000000
6090000.000000	1.030518	0.957800	0.000000
6092000.000000	1.010183	0.948010	0.000000
6094000.000000	0.996863	0.941600	0.000000
6096000.000000	0.987538	0.936980	0.000000
6098000.000000	0.980628	0.933380	0.000000
6100000.000000	0.975187	0.930310	0.000000
6102000.000000	0.970714	0.927560	0.000000
6104000.000000	0.966916	0.925020	0.000000
6106000.000000	0.963591	0.922610	0.000000
6108000.000000	0.960594	0.920270	0.000000
6110000.000000	0.957888	0.918020	0.000000
6115000.000000	0.951914	0.912560	0.000000
6120000.000000	0.946743	0.907300	0.000000
6125000.000000	0.942149	0.902230	0.000000
6130000.000000	0.938030	0.897370	0.000000
6140000.000000	0.930921	0.888260	0.000000
6150000.000000	0.925145	0.880080	0.000000
6160000.000000	0.920530	0.872900	0.000000
6170000.000000	0.916926	0.866770	0.000000
6175000.000000	0.915458	0.864110	0.000000
6180000.000000	0.914170	0.861710	0.000000
6190000.000000	0.912033	0.857650	0.000000
6200000.000000	0.910294	0.854490	0.000000
6210000.000000	0.908742	0.852090	0.000000
6220000.000000	0.907206	0.850280	0.000000
6225000.000000	0.906444	0.849580	0.000000
6230000.000000	0.905651	0.848970	0.000000
6240000.000000	0.904079	0.848060	0.000000
6250000.000000	0.902633	0.847560	0.000000
6260000.000000	0.896137	0.839950	0.000000
6270000.000000	0.893398	0.835420	0.000000
6271000.000000	0.893269	0.835290	0.000000
6272170.000000	0.893135	0.835153	0.000000
6272171.000000	0.893134	0.835153	0.000000
6272200.000000	0.893131	0.835150	0.000000
6272300.000000	0.893128	0.835160	0.000000
6275000.000000	0.893028	0.835420	0.000000
6280000.000000	0.893428	0.837620	0.000000
6290000.000000	0.894814	0.843010	0.000000
6300000.000000	0.896329	0.847950	0.000000
6302000.000000	0.896885	0.849370	0.000000
6304000.000000	0.897615	0.850740	0.000000
6306000.000000	0.898309	0.851540	0.000000
6308000.000000	0.898982	0.851920	0.000000
6310000.000000	0.899709	0.852300	0.000000
6312000.000000	0.900722	0.852920	0.000000
6314000.000000	0.902213	0.853980	0.000000
6316000.000000	0.904131	0.855440	0.000000
6318000.000000	0.906431	0.857260	0.000000
6320000.000000	0.909052	0.859380	0.000000
6322000.000000	0.911994	0.861820	0.000000
6324000.000000	0.915311	0.864690	0.000000
6325000.000000	0.917135	0.866380	0.000000
6326000.000000	0.919047	0.868190	0.000000
6328000.000000	0.923054	0.871950	0.000000
6330000.000000	0.927187	0.875540	0.000000
6332000.000000	0.931336	0.878710	0.000000
6334000.000000	0.935578	0.881730	0.000000
6336000.000000	0.939976	0.884900	0.000000
6338000.000000	0.944550	0.888300	0.000000
6340000.000000	0.949141	0.891540	0.000000
6342000.000000	0.953920	0.894550	0.000000
6344000.000000	0.959157	0.897660	0.000000
6346000.000000	0.964983	0.901300	0.000000
6348000.000000	0.971461	0.905770	0.000000
6350000.000000	0.978507	0.910880	0.000000
6352000.000000	0.986498	0.916940	0.000000
6354000.000000	0.995797	0.924270	0.000000
6356000.000000	1.006350	0.932720	0.000000
6358000.000000	1.017950	0.941710	0.000000
6360000.000000	1.030365	0.950570	0.000000
6362000.000000	1.043743	0.959430	0.000000
6364000.000000	1.058576	0.969630	0.000000
6366000.000000	1.075056	0.982090	0.000000
6368000.000000	1.092885	0.996180	0.000000
6370000.000000	1.111600	1.010800	0.000000
6372000.000000	1.130600	1.024800	0.000000
6374000.000000	1.150260	1.038700	0.000000
6375000.000000	1.160670	1.046100	0.000000
6376000.000000	1.171590	1.054000	0.000000
6378000.000000	1.195540	1.072100	0.000000
6380000.000000	1.223140	1.093800	0.000000
6382000.000000	1.254320	1.118000	0.000000
6384000.000000	1.286700	1.141100	0.000000
6385000.000000	1.302260	1.151000	0.000000
6386000.000000	1.317620	1.160700	0.000000
6388000.000000	1.348770	1.180800	0.000000
6390000.000000	1.380330	1.202500	0.000000
6392000.000000	1.408070	1.220400	0.000000
6394000.000000	1.429510	1.232000	0.000000
6395000.000000	1.438740	1.236300	0.000000
6396000.000000	1.446370	1.239000	0.000000
6398000.000000	1.455660	1.238400	0.000000
6400000.000000	1.460350	1.233200	0.000000
6402000.000000	1.461690	1.225200	0.000000
6404000.000000	1.453940	1.209600	0.000000
6405000.000000	1.444410	1.196800	0.000000
6406000.000000	1.430780	1.179900	0.000000
6408000.000000	1.395510	1.140200	0.000000
6410000.000000	1.351790	1.094800	0.000000
6412000.000000	1.305750	1.049000	0.000000
6414000.000000	1.261530	1.006000	0.000000
6415000.000000	1.240040	0.985710	0.000000
6416000.000000	1.218780	0.965650	0.000000
6418000.000000	1.178540	0.930660	0.000000
6420000.000000	1.141580	0.901770	0.000000
6422000.000000	1.106720	0.875240	0.000000
6424000.000000	1.073170	0.849880	0.000000
6425000.000000	1.056850	0.837540	0.000000
6426000.000000	1.040820	0.825480	0.000000
6428000.000000	1.009660	0.802240	0.000000
6430000.000000	0.979610	0.780140	0.000000
6430885.000000	0.966926	0.771182	0.000000
6430886.000000	0.966912	0.771172	0.000000
6430900.000000	0.966711	0.771030	0.000000
6430999.000000	0.965245	0.769981	0.000000
6431001.000000	0.965106	0.769850	0.000000
6432000.000000	0.951050	0.760000	0.000000
6434000.000000	0.924320	0.742530	0.000000
6436000.000000	0.898580	0.725630	0.000000
6438000.000000	0.873930	0.708840	0.000000
6440000.000000	0.850770	0.693100	0.000000
6442000.000000	0.830070	0.679410	0.000000
6444000.000000	0.812260	0.668200	0.000000
6446000.000000	0.796670	0.658810	0.000000
6448000.000000	0.782690	0.650640	0.000000
6450000.000000	0.769790	0.643160	0.000000
6451000.000000	0.763915	0.639810	0.000000
6452000.000000	0.758880	0.637300	0.000000
6452100.000000	0.758170	0.636940	0.000000
6452146.000000	0.758001	0.636876	0.000000
6452147.000000	0.757997	0.636874	0.000000
6452199.000000	0.757806	0.636801	0.000000
6452201.000000	0.757669	0.636669	0.000000
6452300.000000	0.757314	0.636540	0.000000
6454000.000000	0.749170	0.632270	0.000000
6456000.000000	0.739660	0.627090	0.000000
6458000.000000	0.730450	0.621850	0.000000
6460000.000000	0.721600	0.616630	0.000000
6462000.000000	0.713370	0.611700	0.000000
6464000.000000	0.705835	0.607140	0.000000
6466000.000000	0.698878	0.602840	0.000000
6468000.000000	0.692349	0.598660	0.000000
6470000.000000	0.686131	0.594490	0.000000
6472000.000000	0.680134	0.590250	0.000000
6474000.000000	0.674311	0.585900	0.000000
6475000.000000	0.671458	0.583680	0.000000
6476000.000000	0.668631	0.581410	0.000000
6478000.000000	0.663025	0.576720	0.000000
6480000.000000	0.657448	0.571800	0.000000
6482000.000000	0.652042	0.566860	0.000000
6484000.000000	0.646923	0.562060	0.000000
6486000.000000	0.642027	0.557310	0.000000
6488000.000000	0.637287	0.552520	0.000000
6490000.000000	0.632639	0.547600	0.000000
6492000.000000	0.628319	0.542760	0.000000
6494000.000000	0.624761	0.538410	0.000000
6496000.000000	0.622270	0.534830	0.000000
6498000.000000	0.621142	0.532290	0.000000
6500000.000000	0.621671	0.531060	0.000000
6502000.000000	0.623483	0.530920	0.000000
6504000.000000	0.625897	0.531350	0.000000
6506000.000000	0.628877	0.532320	0.000000
6508000.000000	0.632328	0.533750	0.000000
6510000.000000	0.636193	0.535590	0.000000
6512000.000000	0.640238	0.537620	0.000000
6514000.000000	0.644363	0.539750	0.000000
6516000.000000	0.648627	0.542050	0.000000
6516461.000000	0.649606	0.542585	0.000000
6516500.000000	0.649722	0.542630	0.000000
6516599.000000	0.649942	0.542670	0.000000
6516601.000000	0.649956	0.542680	0.000000
6518000.000000	0.653125	0.543300	0.000000
6520000.000000	0.657969	0.544560	0.000000
6522000.000000	0.663083	0.546110	0.000000
6524000.000000	0.668297	0.547770	0.000000
6525000.000000	0.670940	0.548630	0.000000
6526000.000000	0.673612	0.550300	0.000000
6528000.000000	0.679046	0.553710	0.000000
6530000.000000	0.684591	0.557210	0.000000
6532000.000000	0.690276	0.560830	0.000000
6534000.000000	0.696090	0.564560	0.000000
6536000.000000	0.702035	0.568420	0.000000
6538000.000000	0.708140	0.572420	0.000000
6540000.000000	0.714404	0.576570	0.000000
6542000.000000	0.720809	0.580860	0.000000
6544000.000000	0.727324	0.585260	0.000000
6546000.000000	0.733928	0.589760	0.000000
6548000.000000	0.740633	0.594360	0.000000
6550000.000000	0.747448	0.599070	0.000000
6552000.000000	0.754352	0.603870	0.000000
6554000.000000	0.761367	0.608790	0.000000
6556000.000000	0.768451	0.613790	0.000000
6558000.000000	0.775626	0.618880	0.000000
6560000.000000	0.782851	0.624030	0.000000
6562000.000000	0.790105	0.629240	0.000000
6564000.000000	0.797370	0.634540	0.000000
6566000.000000	0.804675	0.639950	0.000000
6568000.000000	0.812009	0.645480	0.000000
6570000.000000	0.819394	0.651160	0.000000
6572000.000000	0.826839	0.657010	0.000000
6574000.000000	0.834363	0.663050	0.000000
6575000.000000	0.838156	0.666150	0.000000
6576000.000000	0.841976	0.669150	0.000000
6578000.000000	0.849688	0.675300	0.000000
6580000.000000	0.857519	0.681690	0.000000
6582000.000000	0.865460	0.688450	0.000000
6584000.000000	0.873431	0.695610	0.000000
6586000.000000	0.881323	0.703040	0.000000
6588000.000000	0.889034	0.710590	0.000000
6590000.000000	0.896445	0.718130	0.000000
6592000.000000	0.903447	0.725520	0.000000
6594000.000000	0.909928	0.732600	0.000000
6596000.000000	0.915779	0.739250	0.000000
6598000.000000	0.920871	0.745300	0.000000
6600000.000000	0.925102	0.750630	0.000000
6602000.000000	0.928753	0.755460	0.000000
6604000.000000	0.932194	0.760130	0.000000
6606000.000000	0.935466	0.764680	0.000000
6608000.000000	0.938557	0.769100	0.000000
6610000.000000	0.941528	0.773430	0.000000
6612000.000000	0.944390	0.777670	0.000000
6614000.000000	0.947151	0.781840	0.000000
6616000.000000	0.949862	0.785970	0.000000
6618000.000000	0.952514	0.790060	0.000000
6620000.000000	0.955165	0.794140	0.000000
6622000.000000	0.957806	0.798220	0.000000
6624000.000000	0.960437	0.802270	0.000000
6625000.000000	0.961758	0.804290	0.000000
6626000.000000	0.963044	0.806230	0.000000
6628000.000000	0.965626	0.810080	0.000000
6630000.000000	0.968158	0.813860	0.000000
6632000.000000	0.970620	0.817540	0.000000
6634000.000000	0.973022	0.821110	0.000000
6636000.000000	0.975325	0.824540	0.000000
6638000.000000	0.977526	0.827820	0.000000
6640000.000000	0.979629	0.830930	0.000000
6642000.000000	0.981061	0.833340	0.000000
6644000.000000	0.981633	0.834880	0.000000
6646000.000000	0.981825	0.836030	0.000000
6648000.000000	0.982127	0.837290	0.000000
6650000.000000	0.983049	0.839150	0.000000
6652000.000000	0.984961	0.841980	0.000000
6654000.000000	0.988383	0.846320	0.000000
6655000.000000	0.990894	0.849280	0.000000
6656000.000000	0.993925	0.852760	0.000000
6658000.000000	1.001007	0.860730	0.000000
6660000.000000	1.008799	0.869400	0.000000
6662000.000000	1.016741	0.878200	0.000000
6664000.000000	1.025564	0.887860	0.000000
6665000.000000	1.030685	0.893390	0.000000
6666000.000000	1.036616	0.899730	0.000000
6668000.000000	1.050441	0.914360	0.000000
6670000.000000	1.064668	0.929370	0.000000
6672000.000000	1.078537	0.944000	0.000000
6674000.000000	1.090577	0.956780	0.000000
6675000.000000	1.094686	0.961250	0.000000
6676000.000000	1.093089	0.959760	0.000000
6678000.000000	1.072288	0.939160	0.000000
6680000.000000	1.052868	0.919920	0.000000
6682000.000000	1.043570	0.910780	0.000000
6684000.000000	1.035033	0.902380	0.000000
6685000.000000	1.031455	0.898860	0.000000
6686000.000000	1.028197	0.895660	0.000000
6688000.000000	1.021875	0.889430	0.000000
6690000.000000	1.016036	0.883660	0.000000
6692000.000000	1.010810	0.878480	0.000000
6694000.000000	1.006109	0.873800	0.000000
6695000.000000	1.003942	0.871630	0.000000
6696000.000000	1.002045	0.869730	0.000000
6698000.000000	0.999205	0.866860	0.000000
6700000.000000	0.997331	0.864930	0.000000
6710000.000000	0.993204	0.858360	0.000000
6720000.000000	0.997570	0.857030	0.000000
6725000.000000	1.003194	0.859140	0.000000
6730000.000000	1.010709	0.860580	0.000000
6740000.000000	1.031356	0.867790	0.000000
6750000.000000	1.057293	0.879120	0.000000
6760000.000000	1.088507	0.895440	0.000000
6770000.000000	1.127142	0.919180	0.000000
6775000.000000	1.149160	0.933750	0.000000
6780000.000000	1.173567	0.953490	0.000000
6790000.000000	1.244411	1.015000	0.000000
6795000.000000	1.298878	1.064800	0.000000
6800000.000000	1.359645	1.120900	0.000000
6805000.000000	1.429353	1.188900	0.000000
6810000.000000	1.504061	1.261900	0.000000
6820000.000000	1.565177	1.319600	0.000000
6825000.000000	1.463400	1.218600	0.000000
6830000.000000	1.347957	1.110200	0.000000
6840000.000000	1.139790	0.916120	0.000000
6850000.000000	1.002273	0.792690	0.000000
6860000.000000	0.943306	0.747810	0.000000
6875000.000000	0.893536	0.719170	0.000000
6880000.000000	0.882670	0.712750	0.000000
6900000.000000	0.856434	0.704300	0.000000
6920000.000000	0.839758	0.705410	0.000000
6925000.000000	0.838581	0.708680	0.000000
6940000.000000	0.837067	0.706430	0.000000
6950000.000000	0.838338	0.707210	0.000000
6960000.000000	0.843119	0.711500	0.000000
6975000.000000	0.859125	0.726770	0.000000
6980000.000000	0.867681	0.732820	0.000000
7000000.000000	0.909235	0.764350	0.000000
7020000.000000	0.955066	0.800770	0.000000
7025000.000000	0.965299	0.808650	0.000000
7030000.000000	0.975851	0.817630	0.000000
7035000.000000	0.986993	0.827200	0.000000
7040000.000000	0.997854	0.836490	0.000000
7045000.000000	1.007736	0.844800	0.000000
7050000.000000	1.015908	0.851400	0.000000
7055000.000000	1.023240	0.857160	0.000000
7060000.000000	1.027382	0.859730	0.000000
7065000.000000	1.026944	0.857720	0.000000
7070000.000000	1.021816	0.851020	0.000000
7075000.000000	1.017008	0.844640	0.000000
7080000.000000	1.012273	0.836050	0.000000
7090000.000000	1.006994	0.823060	0.000000
7100000.000000	1.003524	0.811880	0.000000
7120000.000000	1.011635	0.804570	0.000000
7125000.000000	1.016220	0.805300	0.000000
7140000.000000	1.028260	0.782080	0.000000
7150000.000000	1.047146	0.777460	0.000000
7160000.000000	1.076172	0.782980	0.000000
7170000.000000	1.142928	0.826230	0.000000
7175000.000000	1.196731	0.868280	0.000000
7180000.000000	1.277231	0.939150	0.000000
7190000.000000	1.505340	1.148000	0.000000
7200000.000000	1.754999	1.378400	0.000000
7210000.000000	1.687162	1.319900	0.000000
7220000.000000	1.567425	1.209500	0.000000
7225000.000000	1.516657	1.163400	0.000000
7230000.000000	1.468393	1.118700	0.000000
7240000.000000	1.379266	1.036700	0.000000
7250000.000000	1.314808	0.979370	0.000000
7260000.000000	1.291311	0.963000	0.000000
7275000.000000	1.276330	0.958710	0.000000
7280000.000000	1.271690	0.951240	0.000000
7300000.000000	1.277681	0.945910	0.000000
7320000.000000	1.335542	0.992450	0.000000
7325000.000000	1.369022	1.023100	0.000000
7330000.000000	1.376376	1.027900	0.000000
7335000.000000	1.366930	1.015900	0.000000
7340000.000000	1.352004	0.998420	0.000000
7345000.000000	1.336389	0.980250	0.000000
7350000.000000	1.320243	0.961550	0.000000
7353000.000000	1.309735	0.949510	0.000000
7353300.000000	1.308628	0.948250	0.000000
7353304.000000	1.308616	0.948235	0.000000
7353399.000000	1.308290	0.947884	0.000000
7353401.000000	1.308193	0.947786	0.000000
7355000.000000	1.302256	0.941410	0.000000
7360000.000000	1.280629	0.918410	0.000000
7365000.000000	1.236262	0.872670	0.000000
7370000.000000	1.174755	0.809790	0.000000
7375000.000000	1.235749	0.869410	0.000000
7380000.000000	1.300324	0.933910	0.000000
7385000.000000	1.291279	0.924790	0.000000
7390000.000000	1.282194	0.915630	0.000000
7400000.000000	1.263484	0.896770	0.000000
7420000.000000	1.230175	0.863160	0.000000
7425000.000000	1.223200	0.856110	0.000000
7440000.000000	1.201930	0.837640	0.000000
7450000.000000	1.187993	0.825570	0.000000
7460000.000000	1.173886	0.813330	0.000000
7475000.000000	1.152826	0.795070	0.000000
7480000.000000	1.145810	0.791380	0.000000
7500000.000000	1.118935	0.777810	0.000000
7520000.000000	1.130791	0.802750	0.000000
7525000.000000	1.128970	0.804200	0.000000
7540000.000000	1.122737	0.802600	0.000000
7550000.000000	1.118579	0.801530	0.000000
7560000.000000	1.118730	0.804770	0.000000
7565597.000000	1.118850	0.806619	0.000000
7565600.000000	1.118851	0.806620	0.000000
7565651.000000	1.118801	0.806579	0.000000
7565799.000000	1.118817	0.806461	0.000000
7565801.000000	1.118797	0.806439	0.000000
7568000.000000	1.118848	0.804490	0.000000
7575000.000000	1.117445	0.796720	0.000000
7600000.000000	1.110501	0.788750	0.000000
7613595.000000	1.119645	0.797337	0.000000
7613600.000000	1.119649	0.797340	0.000000
7625000.000000	1.132877	0.810100	0.000000
7640000.000000	1.155597	0.824670	0.000000
7650000.000000	1.171690	0.835330	0.000000
7660000.000000	1.188003	0.846210	0.000000
7675000.000000	1.212963	0.863020	0.000000
7680000.000000	1.221085	0.868230	0.000000
7700000.000000	1.254784	0.890280	0.000000
7725000.000000	1.299784	0.920720	0.000000
7740000.000000	1.326219	0.930640	0.000000
7750000.000000	1.343519	0.936930	0.000000
7760000.000000	1.359719	0.942120	0.000000
7775000.000000	1.381734	0.947620	0.000000
7780000.000000	1.388510	0.948990	0.000000
7800000.000000	1.414654	0.953510	0.000000
7820000.000000	1.440928	0.958160	0.000000
7825000.000000	1.446914	0.958740	0.000000
7840000.000000	1.461971	0.977700	0.000000
7850000.000000	1.470999	0.989330	0.000000
7860000.000000	1.473516	0.994450	0.000000
7875000.000000	1.448853	0.973690	0.000000
7880000.000000	1.429323	0.959440	0.000000
7900000.000000	1.328570	0.879810	0.000000
7920000.000000	1.224468	0.797970	0.000000
7925000.000000	1.195942	0.775010	0.000000
7940000.000000	1.106250	0.705090	0.000000
7950000.000000	1.046109	0.658130	0.000000
7960000.000000	0.992378	0.617580	0.000000
7975000.000000	0.929336	0.574310	0.000000
7980000.000000	0.912101	0.562380	0.000000
8000000.000000	0.865182	0.536680	0.000000
8020000.000000	0.853486	0.541530	0.000000
8025000.000000	0.854490	0.546670	0.000000
8040000.000000	0.864202	0.558640	0.000000
8060000.000000	0.895032	0.592480	0.000000
8075000.000000	0.929275	0.628980	0.000000
8080000.000000	0.941709	0.637130	0.000000
8100000.000000	0.995596	0.673880	0.000000
8125000.000000	1.076376	0.732310	0.000000
8150000.000000	1.162416	0.780550	0.000000
8175000.000000	1.231031	0.810270	0.000000
8200000.000000	1.283298	0.828460	0.000000
8225000.000000	1.326824	0.842680	0.000000
8240000.000000	1.347269	0.849250	0.000000
8250000.000000	1.355999	0.848730	0.000000
8275000.000000	1.361633	0.831500	0.000000
8280000.000000	1.360929	0.827690	0.000000
8300000.000000	1.353542	0.807880	0.000000
8320000.000000	1.340049	0.780220	0.000000
8325000.000000	1.335251	0.771880	0.000000
8340000.000000	1.319592	0.748580	0.000000
8350000.000000	1.308466	0.732360	0.000000
8360000.000000	1.296794	0.715410	0.000000
8375000.000000	1.276951	0.687650	0.000000
8400000.000000	1.245094	0.663170	0.000000
8425000.000000	1.221678	0.649080	0.000000
8440000.000000	1.208172	0.639510	0.000000
8450000.000000	1.199078	0.633040	0.000000
8460000.000000	1.188980	0.625510	0.000000
8475000.000000	1.173157	0.613540	0.000000
8500000.000000	1.146637	0.594310	0.000000
8520000.000000	1.132519	0.585400	0.000000
8525000.000000	1.130547	0.584730	0.000000
8540000.000000	1.126681	0.584100	0.000000
8550000.000000	1.126224	0.585800	0.000000
8560000.000000	1.127228	0.587930	0.000000
8575000.000000	1.132650	0.595040	0.000000
8600000.000000	1.156432	0.615490	0.000000
8620000.000000	1.189505	0.645970	0.000000
8625000.000000	1.198734	0.654550	0.000000
8640000.000000	1.227374	0.682140	0.000000
8650000.000000	1.247444	0.701510	0.000000
8660000.000000	1.268728	0.722770	0.000000
8675000.000000	1.302244	0.756250	0.000000
8680000.000000	1.314022	0.767770	0.000000
8700000.000000	1.361406	0.814120	0.000000
8720000.000000	1.402115	0.857060	0.000000
8725000.000000	1.410097	0.865600	0.000000
8740000.000000	1.427394	0.883820	0.000000
8745000.000000	1.430957	0.887690	0.000000
8750000.000000	1.433160	0.891050	0.000000
8760000.000000	1.433387	0.893590	0.000000
8775000.000000	1.422836	0.886510	0.000000
8780000.000000	1.415838	0.881370	0.000000
8800000.000000	1.376885	0.849850	0.000000
8820000.000000	1.329801	0.810200	0.000000
8825000.000000	1.318273	0.800530	0.000000
8840000.000000	1.284321	0.775030	0.000000
8850000.000000	1.262316	0.758660	0.000000
8860000.000000	1.240781	0.742760	0.000000
8875000.000000	1.207929	0.718360	0.000000
8880000.000000	1.197368	0.708380	0.000000
8900000.000000	1.156576	0.669910	0.000000
8920000.000000	1.133354	0.649010	0.000000
8925000.000000	1.134634	0.650870	0.000000
8940000.000000	1.141825	0.651380	0.000000
8950000.000000	1.148480	0.653580	0.000000
8960000.000000	1.178184	0.678830	0.000000
8975000.000000	1.185666	0.679630	0.000000
8980000.000000	1.189012	0.681180	0.000000
8987000.000000	1.196536	0.686190	0.000000
9000000.000000	1.221056	0.706040	0.000000
9020000.000000	1.254907	0.736460	0.000000
9025000.000000	1.272534	0.753230	0.000000
9040000.000000	1.337856	0.818400	0.000000
9050000.000000	1.366367	0.846810	0.000000
9060000.000000	1.334799	0.815140	0.000000
9075000.000000	1.287401	0.767590	0.000000
9080000.000000	1.269762	0.752620	0.000000
9100000.000000	1.242728	0.736260	0.000000
9120000.000000	1.211563	0.715770	0.000000
9125000.000000	1.203655	0.710530	0.000000
9136000.000000	1.186795	0.694320	0.000000
9140000.000000	1.180989	0.688750	0.000000
9150000.000000	1.167359	0.675710	0.000000
9160000.000000	1.153958	0.662900	0.000000
9175000.000000	1.134793	0.644620	0.000000
9180000.000000	1.128696	0.638130	0.000000
9200000.000000	1.108009	0.615870	0.000000
9225000.000000	1.095866	0.601760	0.000000
9248000.000000	1.090631	0.600190	0.000000
9250000.000000	1.090412	0.600290	0.000000
9275000.000000	1.091588	0.605450	0.000000
9300000.000000	1.102108	0.619230	0.000000
9325000.000000	1.130958	0.651340	0.000000
9350000.000000	1.165176	0.685680	0.000000
9375000.000000	1.192975	0.713600	0.000000
9400000.000000	1.211121	0.720050	0.000000
9425000.000000	1.197497	0.694730	0.000000
9431000.000000	1.196035	0.691120	0.000000
9431376.000000	1.196075	0.691026	0.000000
9431377.000000	1.196075	0.691026	0.000000
9431400.000000	1.196074	0.691020	0.000000
9431500.000000	1.196081	0.691010	0.000000
9450000.000000	1.197816	0.689490	0.000000
9470000.000000	1.199374	0.687530	0.000000
9475000.000000	1.199754	0.687030	0.000000
9500000.000000	1.201559	0.684810	0.000000
9508000.000000	1.202042	0.684020	0.000000
9525000.000000	1.202956	0.682230	0.000000
9550000.000000	1.204228	0.684070	0.000000
9575000.000000	1.205740	0.686150	0.000000
9600000.000000	1.207737	0.691320	0.000000
9625000.000000	1.219274	0.706030	0.000000
9650000.000000	1.234615	0.712650	0.000000
9675000.000000	1.252297	0.721610	0.000000
9676000.000000	1.253078	0.721860	0.000000
9700000.000000	1.273126	0.729160	0.000000
9720000.000000	1.288180	0.733590	0.000000
9725000.000000	1.291336	0.734090	0.000000
9740000.000000	1.300475	0.733780	0.000000
9750000.000000	1.305945	0.732950	0.000000
9760000.000000	1.311375	0.732080	0.000000
9775000.000000	1.318274	0.729530	0.000000
9780000.000000	1.320225	0.733290	0.000000
9800000.000000	1.322491	0.742790	0.000000
9825000.000000	1.314787	0.744130	0.000000
9850000.000000	1.304773	0.728520	0.000000
9875000.000000	1.292968	0.711120	0.000000
9900000.000000	1.281389	0.706620	0.000000
9925000.000000	1.275120	0.707430	0.000000
9950000.000000	1.281253	0.713860	0.000000
9975000.000000	1.297787	0.730690	0.000000
10000000.000000	1.314688	0.739930	0.000000
10050000.000000	1.350435	0.753840	0.000000
10100000.000000	1.386391	0.787390	0.000000
10122000.000000	1.400159	0.800100	0.000000
10150000.000000	1.413806	0.812400	0.000000
10189000.000000	1.427226	0.823430	0.000000
10189450.000000	1.427271	0.823448	0.000000
10189460.000000	1.427272	0.823448	0.000000
10189990.000000	1.427324	0.823470	0.000000
10190010.000000	1.427398	0.823542	0.000000
10200000.000000	1.429724	0.825290	0.000000
10202000.000000	1.430060	0.825510	0.000000
10244520.000000	1.424858	0.817847	0.000000
10244530.000000	1.424856	0.817845	0.000000
10244990.000000	1.424800	0.817762	0.000000
10245010.000000	1.424667	0.817627	0.000000
10247000.000000	1.424195	0.817040	0.000000
10250000.000000	1.423208	0.815880	0.000000
10300000.000000	1.398611	0.791670	0.000000
10350000.000000	1.362783	0.756230	0.000000
10372000.000000	1.341980	0.740470	0.000000
10372190.000000	1.341813	0.740347	0.000000
10372200.000000	1.341804	0.740341	0.000000
10400000.000000	1.317451	0.722360	0.000000
10450000.000000	1.292199	0.708570	0.000000
10464990.000000	1.286210	0.708050	0.000000
10465010.000000	1.286213	0.708060	0.000000
10468000.000000	1.285161	0.708100	0.000000
10500000.000000	1.274945	0.709560	0.000000
10526000.000000	1.267646	0.710300	0.000000
10527510.000000	1.267194	0.710315	0.000000
10527990.000000	1.267051	0.710320	0.000000
10528010.000000	1.267054	0.710329	0.000000
10550000.000000	1.259096	0.709170	0.000000
10560000.000000	1.253841	0.706900	0.000000
10560240.000000	1.253695	0.706826	0.000000
10560250.000000	1.253689	0.706823	0.000000
10563000.000000	1.252126	0.705970	0.000000
10600000.000000	1.227226	0.690630	0.000000
10650000.000000	1.211237	0.687560	0.000000
10667000.000000	1.209606	0.686520	0.000000
10667080.000000	1.209605	0.686522	0.000000
10667090.000000	1.209605	0.686522	0.000000
10669000.000000	1.209571	0.686560	0.000000
10680000.000000	1.210418	0.687820	0.000000
10690000.000000	1.214712	0.692490	0.000000
10700000.000000	1.225216	0.703370	0.000000
10710000.000000	1.227210	0.705740	0.000000
10720000.000000	1.200884	0.679790	0.000000
10730000.000000	1.144408	0.623690	0.000000
10740000.000000	1.169213	0.648870	0.000000
10750000.000000	1.192867	0.672900	0.000000
10760000.000000	1.212182	0.693340	0.000000
10770000.000000	1.229747	0.712030	0.000000
10780000.000000	1.245172	0.728580	0.000000
10790000.000000	1.258587	0.743120	0.000000
10800000.000000	1.271582	0.757240	0.000000
10810000.000000	1.284457	0.771240	0.000000
10820000.000000	1.297052	0.784960	0.000000
10830000.000000	1.308827	0.797860	0.000000
10840000.000000	1.316192	0.806350	0.000000
10850000.000000	1.319537	0.810820	0.000000
10860000.000000	1.319736	0.810750	0.000000
10870000.000000	1.317665	0.808410	0.000000
10880000.000000	1.317225	0.807700	0.000000
10890000.000000	1.319434	0.809640	0.000000
10900000.000000	1.323234	0.813170	0.000000
10910000.000000	1.328003	0.817670	0.000000
10920000.000000	1.333653	0.823050	0.000000
10930000.000000	1.347002	0.836130	0.000000
10940000.000000	1.377572	0.866430	0.000000
10950000.000000	1.419021	0.907610	0.000000
10960000.000000	1.465663	0.952260	0.000000
10970000.000000	1.495465	0.980070	0.000000
10980000.000000	1.499377	0.981990	0.000000
10990000.000000	1.502899	0.983520	0.000000
11000000.000000	1.508931	0.987560	0.000000
11007000.000000	1.517511	0.994210	0.000000
11008990.000000	1.520209	0.996359	0.000000
11009010.000000	1.520527	0.996672	0.000000
11050000.000000	1.579854	1.044700	0.000000
11100000.000000	1.656227	1.107200	0.000000
11150000.000000	1.709099	1.146200	0.000000
11200000.000000	1.704627	1.101400	0.000000
11220000.000000	1.694259	1.074900	0.000000
11250000.000000	1.677356	1.033800	0.000000
11300000.000000	1.649772	0.977340	0.000000
11350000.000000	1.631459	0.930150	0.000000
11400000.000000	1.628426	0.899450	0.000000
11450000.000000	1.666343	0.909700	0.000000
11500000.000000	1.705267	0.940180	0.000000
11520000.000000	1.718659	0.954840	0.000000
11540000.000000	1.729620	0.967070	0.000000
11550000.000000	1.734186	0.972270	0.000000
11600000.000000	1.744882	1.000500	0.000000
11643000.000000	1.735302	1.006000	0.000000
11647970.000000	1.733261	1.005702	0.000000
11647980.000000	1.733257	1.005701	0.000000
11647990.000000	1.733254	1.005701	0.000000
11648010.000000	1.733146	1.005599	0.000000
11650000.000000	1.732386	1.005400	0.000000
11700000.000000	1.711729	1.001700	0.000000
11750000.000000	1.699172	1.006100	0.000000
11778720.000000	1.734897	1.059083	0.000000
11778730.000000	1.734911	1.059102	0.000000
11778990.000000	1.735259	1.059582	0.000000
11779010.000000	1.735575	1.059908	0.000000
11796000.000000	1.739740	1.072700	0.000000
11796990.000000	1.739436	1.072898	0.000000
11797010.000000	1.739530	1.073002	0.000000
11800000.000000	1.738709	1.073700	0.000000
11850000.000000	1.705022	1.065400	0.000000
11900000.000000	1.673268	1.042300	0.000000
11950000.000000	1.665413	1.043100	0.000000
11970000.000000	1.668322	1.050200	0.000000
12000000.000000	1.648636	1.036800	0.000000
12050000.000000	1.595009	0.990600	0.000000
12100000.000000	1.543298	0.937348	0.000000
12110000.000000	1.533285	0.927026	0.000000
12150000.000000	1.496113	0.888620	0.000000
12161000.000000	1.486666	0.879043	0.000000
12200000.000000	1.475860	0.867777	0.000000
12246670.000000	1.492763	0.884129	0.000000
12247000.000000	1.492880	0.884242	0.000000
12248000.000000	1.493235	0.884586	0.000000
12250000.000000	1.493942	0.885269	0.000000
12300000.000000	1.511533	0.889146	0.000000
12331720.000000	1.519652	0.888565	0.000000
12332000.000000	1.519703	0.888540	0.000000
12333000.000000	1.519882	0.888444	0.000000
12350000.000000	1.522414	0.886314	0.000000
12363000.000000	1.523850	0.885203	0.000000
12370000.000000	1.524481	0.884462	0.000000
12400000.000000	1.527047	0.881150	0.000000
12450000.000000	1.531936	0.876242	0.000000
12500000.000000	1.537003	0.876954	0.000000
12550000.000000	1.541257	0.875930	0.000000
12580000.000000	1.542427	0.869911	0.000000
12600000.000000	1.542088	0.864779	0.000000
12620000.000000	1.540672	0.858570	0.000000
12650000.000000	1.537825	0.848534	0.000000
12700000.000000	1.536654	0.840111	0.000000
12750000.000000	1.556694	0.852899	0.000000
12800000.000000	1.599147	0.898612	0.000000
12809000.000000	1.607149	0.907201	0.000000
12809040.000000	1.607185	0.907240	0.000000
12813000.000000	1.610701	0.911014	0.000000
12850000.000000	1.641507	0.944232	0.000000
12892350.000000	1.659664	0.972857	0.000000
12892400.000000	1.659659	0.972865	0.000000
12900000.000000	1.658862	0.974148	0.000000
12950000.000000	1.629446	0.958411	0.000000
13000000.000000	1.583527	0.919874	0.000000
13050000.000000	1.556928	0.894919	0.000000
13100000.000000	1.561822	0.893513	0.000000
13150000.000000	1.576289	0.901680	0.000000
13200000.000000	1.579214	0.909547	0.000000
13224700.000000	1.576267	0.909041	0.000000
13225000.000000	1.576238	0.909041	0.000000
13227000.000000	1.576043	0.909044	0.000000
13250000.000000	1.573948	0.909222	0.000000
13300000.000000	1.571232	0.904323	0.000000
13318000.000000	1.572925	0.905229	0.000000
13320000.000000	1.573225	0.905442	0.000000
13320380.000000	1.573287	0.905487	0.000000
13350000.000000	1.578226	0.909133	0.000000
13400000.000000	1.586970	0.913324	0.000000
13450000.000000	1.598372	0.920173	0.000000
13500000.000000	1.609672	0.923502	0.000000
13550000.000000	1.612630	0.921327	0.000000
13600000.000000	1.615305	0.934012	0.000000
13602000.000000	1.615293	0.934400	0.000000
13603000.000000	1.615306	0.934614	0.000000
13603160.000000	1.615308	0.934648	0.000000
13610000.000000	1.615475	0.936184	0.000000
13620000.000000	1.616339	0.939050	0.000000
13630000.000000	1.618108	0.942821	0.000000
13640000.000000	1.620791	0.947506	0.000000
13650000.000000	1.623675	0.952392	0.000000
13660000.000000	1.626622	0.958778	0.000000
13670000.000000	1.629570	0.965165	0.000000
13674350.000000	1.630838	0.967929	0.000000
13674380.000000	1.630847	0.967949	0.000000
13680000.000000	1.632461	0.971658	0.000000
13690000.000000	1.635298	0.978222	0.000000
13700000.000000	1.638084	0.984735	0.000000
13710000.000000	1.640810	0.991188	0.000000
13720000.000000	1.643464	0.997569	0.000000
13730000.000000	1.646031	1.003864	0.000000
13740000.000000	1.646720	1.008280	0.000000
13750000.000000	1.641980	1.007267	0.000000
13760000.000000	1.634824	1.001109	0.000000
13770000.000000	1.630595	0.997877	0.000000
13780000.000000	1.632342	1.000622	0.000000
13785000.000000	1.634576	1.003355	0.000000
13786650.000000	1.635457	1.004401	0.000000
13787000.000000	1.635644	1.004623	0.000000
13790000.000000	1.637248	1.006526	0.000000
13800000.000000	1.642509	1.012785	0.000000
13810000.000000	1.645317	1.016591	0.000000
13820000.000000	1.643364	1.015636	0.000000
13830000.000000	1.639616	1.012886	0.000000
13840000.000000	1.635630	1.009898	0.000000
13850000.000000	1.632031	1.007297	0.000000
13860000.000000	1.629112	1.004368	0.000000
13870000.000000	1.626250	1.001496	0.000000
13880000.000000	1.623399	0.998635	0.000000
13890000.000000	1.620567	0.995793	0.000000
13900000.000000	1.617759	0.992976	0.000000
13950000.000000	1.604066	0.979233	0.000000
13979000.000000	1.596435	0.965433	0.000000
14000000.000000	1.592055	0.956586	0.000000
14050000.000000	1.588576	0.935937	0.000000
14100000.000000	1.592998	0.944657	0.000000
14150000.000000	1.599315	0.955272	0.000000
14200000.000000	1.605898	0.959698	0.000000
14250000.000000	1.612706	0.964349	0.000000
14298000.000000	1.619277	0.968299	0.000000
14300000.000000	1.619555	0.968468	0.000000
14350000.000000	1.626858	0.973040	0.000000
14400000.000000	1.634931	0.967097	0.000000
14450000.000000	1.645242	0.963393	0.000000
14500000.000000	1.658352	0.961358	0.000000
14550000.000000	1.672815	0.962463	0.000000
14600000.000000	1.687829	0.970199	0.000000
14617000.000000	1.693077	0.972972	0.000000
14650000.000000	1.703350	0.978441	0.000000
14700000.000000	1.718717	0.990639	0.000000
14750000.000000	1.732786	1.001539	0.000000
14800000.000000	1.746227	1.016193	0.000000
14850000.000000	1.759855	1.031034	0.000000
14900000.000000	1.761794	1.034853	0.000000
14936000.000000	1.763296	1.037709	0.000000
14950000.000000	1.763868	1.038808	0.000000
15000000.000000	1.765841	1.043932	0.000000
15020000.000000	1.763921	1.044625	0.000000
15040000.000000	1.756929	1.040246	0.000000
15050000.000000	1.752191	1.036815	0.000000
15100000.000000	1.721065	1.013511	0.000000
15150000.000000	1.684559	0.984828	0.000000
15200000.000000	1.648271	0.949057	0.000000
15250000.000000	1.621153	0.922455	0.000000
15255000.000000	1.619044	0.920373	0.000000
15300000.000000	1.604062	0.905633	0.000000
15347170.000000	1.588169	0.889994	0.000000
15350000.000000	1.587223	0.889063	0.000000
15392070.000000	1.580537	0.876437	0.000000
15392080.000000	1.580538	0.876437	0.000000
15400000.000000	1.581162	0.875943	0.000000
15450000.000000	1.590455	0.878176	0.000000
15500000.000000	1.601074	0.881995	0.000000
15550000.000000	1.610111	0.885734	0.000000
15574000.000000	1.614425	0.891779	0.000000
15600000.000000	1.618864	0.898092	0.000000
15650000.000000	1.624513	0.907346	0.000000
15700000.000000	1.626180	0.916752	0.000000
15750000.000000	1.624296	0.922607	0.000000
15800000.000000	1.617281	0.921004	0.000000
15850000.000000	1.606561	0.915696	0.000000
15893000.000000	1.596538	0.906742	0.000000
15900000.000000	1.594732	0.905110	0.000000
15950000.000000	1.573029	0.884650	0.000000
16000000.000000	1.552363	0.856789	0.000000
16100000.000000	1.547092	0.843820	0.000000
16130000.000000	1.549772	0.851275	0.000000
16161000.000000	1.553072	0.859535	0.000000
16200000.000000	1.559011	0.871738	0.000000
16205000.000000	1.559971	0.873198	0.000000
16212000.000000	1.561410	0.875537	0.000000
16300000.000000	1.581667	0.907104	0.000000
16400000.000000	1.588064	0.928138	0.000000
16410000.000000	1.587206	0.929174	0.000000
16500000.000000	1.568852	0.941335	0.000000
16531000.000000	1.558446	0.933633	0.000000
16600000.000000	1.543157	0.924363	0.000000
16615000.000000	1.540972	0.923395	0.000000
16651600.000000	1.538044	0.923111	0.000000
16700000.000000	1.539561	0.927732	0.000000
16800000.000000	1.554742	0.945791	0.000000
16820000.000000	1.558597	0.950057	0.000000
16850000.000000	1.565172	0.957962	0.000000
16900000.000000	1.578296	0.973303	0.000000
17000000.000000	1.606689	1.005274	0.000000
17025000.000000	1.614799	1.015618	0.000000
17100000.000000	1.639787	1.044977	0.000000
17168000.000000	1.653752	1.058666	0.000000
17169000.000000	1.653920	1.058830	0.000000
17200000.000000	1.658551	1.063335	0.000000
17230000.000000	1.661225	1.065151	0.000000
17250190.000000	1.662262	1.065639	0.000000
17250200.000000	1.662262	1.065639	0.000000
17300000.000000	1.662932	1.064925	0.000000
17400000.000000	1.659322	1.061761	0.000000
17435000.000000	1.656794	1.059952	0.000000
17487000.000000	1.652817	1.060086	0.000000
17488000.000000	1.652739	1.060087	0.000000
17500000.000000	1.651774	1.060070	0.000000
17600000.000000	1.644382	1.063259	0.000000
17640000.000000	1.642151	1.064204	0.000000
17700000.000000	1.639640	1.066569	0.000000
17800000.000000	1.635991	1.068314	0.000000
17806000.000000	1.635752	1.068409	0.000000
17807000.000000	1.635708	1.068421	0.000000
17845000.000000	1.633614	1.068445	0.000000
17850000.000000	1.633287	1.068259	0.000000
17850720.000000	1.633241	1.068233	0.000000
17850730.000000	1.633240	1.068233	0.000000
17900000.000000	1.629492	1.065880	0.000000
18000000.000000	1.620347	1.058546	0.000000
18050000.000000	1.612804	1.046022	0.000000
18100000.000000	1.605518	1.033932	0.000000
18125000.000000	1.602617	1.029680	0.000000
18133810.000000	1.601690	1.028278	0.000000
18133820.000000	1.601689	1.028276	0.000000
18200000.000000	1.595355	1.018227	0.000000
18255000.000000	1.591360	1.016366	0.000000
18289020.000000	1.589295	1.015785	0.000000
18289030.000000	1.589294	1.015785	0.000000
18300000.000000	1.588752	1.015726	0.000000
18400000.000000	1.587500	1.024412	0.000000
18444000.000000	1.589548	1.028057	0.000000
18460000.000000	1.590890	1.029980	0.000000
18500000.000000	1.595018	1.034040	0.000000
18571790.000000	1.604646	1.027453	0.000000
18571800.000000	1.604648	1.027453	0.000000
18600000.000000	1.609719	1.026252	0.000000
18665000.000000	1.627606	1.034754	0.000000
18700000.000000	1.635463	1.037805	0.000000
18763000.000000	1.649363	1.052628	0.000000
18800000.000000	1.657645	1.061452	0.000000
18870000.000000	1.673094	1.086716	0.000000
18900000.000000	1.679624	1.097836	0.000000
19000000.000000	1.690646	1.111854	0.000000
19075000.000000	1.686618	1.106435	0.000000
19082000.000000	1.685993	1.105615	0.000000
19100000.000000	1.684322	1.103445	0.000000
19200000.000000	1.674595	1.107518	0.000000
19280000.000000	1.666791	1.101472	0.000000
19300000.000000	1.664817	1.099101	0.000000
19364520.000000	1.656592	1.083682	0.000000
19364530.000000	1.656590	1.083679	0.000000
19400000.000000	1.651157	1.074277	0.000000
19401000.000000	1.650982	1.073828	0.000000
19485000.000000	1.638968	1.038752	0.000000
19500000.000000	1.637525	1.033304	0.000000
19589140.000000	1.634042	1.006866	0.000000
19589150.000000	1.634043	1.006864	0.000000
19600000.000000	1.634015	1.004193	0.000000
19639430.000000	1.634005	0.998874	0.000000
19639440.000000	1.634005	0.998873	0.000000
19690000.000000	1.634198	0.992267	0.000000
19700000.000000	1.634291	0.991464	0.000000
19720000.000000	1.634510	0.991741	0.000000
19800000.000000	1.635415	0.992879	0.000000
19895000.000000	1.637084	0.995071	0.000000
19900000.000000	1.637177	0.995325	0.000000
20000000.000000	1.639800	0.999577	0.000000
20100000.000000	1.648890	1.002122	0.000000
20148210.000000	1.656373	1.007410	0.000000
20148220.000000	1.656375	1.007412	0.000000
20256210.000000	1.677480	1.023684	0.000000
20256220.000000	1.677482	1.023686	0.000000
20259720.000000	1.678204	1.024253	0.000000
20259730.000000	1.678205	1.024254	0.000000
20334240.000000	1.691694	1.034473	0.000000
20334250.000000	1.691696	1.034474	0.000000
20350000.000000	1.693912	1.036004	0.000000
20420000.000000	1.699832	1.043188	0.000000
20500000.000000	1.702130	1.046930	0.000000
20617120.000000	1.704883	1.054002	0.000000
20617130.000000	1.704883	1.054002	0.000000
20650000.000000	1.705555	1.055407	0.000000
20819960.000000	1.699602	1.055472	0.000000
20819970.000000	1.699602	1.055472	0.000000
20902980.000000	1.696616	1.055198	0.000000
20902990.000000	1.696616	1.055198	0.000000
20950000.000000	1.694949	1.055038	0.000000
20976330.000000	1.694029	1.055608	0.000000
20976340.000000	1.694028	1.055608	0.000000
20994510.000000	1.693400	1.056005	0.000000
20994520.000000	1.693400	1.056005	0.000000
21000000.000000	1.693214	1.056132	0.000000
21081570.000000	1.690518	1.058263	0.000000
21081580.000000	1.690517	1.058263	0.000000
21232530.000000	1.686189	1.062759	0.000000
21232540.000000	1.686188	1.062759	0.000000
21250000.000000	1.685760	1.063345	0.000000
21442380.000000	1.681199	1.061141	0.000000
21442390.000000	1.681199	1.061141	0.000000
21500000.000000	1.679855	1.060441	0.000000
21550000.000000	1.678697	1.059708	0.000000
21594180.000000	1.677678	1.057994	0.000000
21594190.000000	1.677679	1.057994	0.000000
21636170.000000	1.676712	1.056373	0.000000
21636180.000000	1.676713	1.056373	0.000000
21725050.000000	1.674682	1.052999	0.000000
21725060.000000	1.674683	1.052999	0.000000
21850000.000000	1.671849	1.048378	0.000000
21895030.000000	1.670831	1.047741	0.000000
21895040.000000	1.670831	1.047741	0.000000
21986770.000000	1.668764	1.046527	0.000000
21986780.000000	1.668763	1.046527	0.000000
22000000.000000	1.668466	1.046354	0.000000
22043960.000000	1.667876	1.045163	0.000000
22043970.000000	1.667876	1.045163	0.000000
22150000.000000	1.666451	1.041249	0.000000
22161430.000000	1.666297	1.040302	0.000000
22223000.000000	1.665469	1.035203	0.000000
22244780.000000	1.665175	1.033399	0.000000
22244790.000000	1.665175	1.033398	0.000000
22450000.000000	1.662382	1.016356	0.000000
22500000.000000	1.661693	1.013602	0.000000
22750000.000000	1.658173	1.006830	0.000000
22864440.000000	1.656512	1.003070	0.000000
22864450.000000	1.656512	1.003070	0.000000
23000000.000000	1.654491	0.998593	0.000000
23043000.000000	1.653838	0.997532	0.000000
23050000.000000	1.653731	0.997359	0.000000
23217370.000000	1.651194	0.996422	0.000000
23350000.000000	1.649184	0.995680	0.000000
23500000.000000	1.646934	0.998765	0.000000
23650000.000000	1.644699	0.999895	0.000000
23743480.000000	1.643313	0.997264	0.000000
23743490.000000	1.643313	0.997263	0.000000
23873070.000000	1.641405	0.992364	0.000000
23943550.000000	1.640367	0.989699	0.000000
23950000.000000	1.640272	0.989455	0.000000
24000000.000000	1.639539	0.989358	0.000000
24250000.000000	1.635898	0.994630	0.000000
24386310.000000	1.633930	0.999433	0.000000
24408830.000000	1.633605	1.000227	0.000000
24408860.000000	1.633605	1.000228	0.000000
24500000.000000	1.632294	1.003429	0.000000
24550000.000000	1.631576	1.004864	0.000000
24577110.000000	1.631188	1.005581	0.000000
24577140.000000	1.631188	1.005582	0.000000
24850000.000000	1.628150	1.012309	0.000000
25000000.000000	1.628567	1.016564	0.000000
25150000.000000	1.628989	1.018706	0.000000
25450000.000000	1.629843	1.015413	0.000000
25500000.000000	1.629987	1.015643	0.000000
25750000.000000	1.630710	1.019338	0.000000
26000000.000000	1.631441	1.026691	0.000000
26050000.000000	1.630349	1.026859	0.000000
26350000.000000	1.623817	1.029971	0.000000
26500000.000000	1.620569	1.029229	0.000000
26650000.000000	1.617334	1.027689	0.000000
26950000.000000	1.610891	1.027143	0.000000
27000000.000000	1.609822	1.027074	0.000000
27250000.000000	1.604492	1.026856	0.000000
27500000.000000	1.599191	1.024854	0.000000
27550000.000000	1.598134	1.024243	0.000000
27850000.000000	1.591814	1.021278	0.000000
28000000.000000	1.588668	1.021357	0.000000
28150000.000000	1.585532	1.022793	0.000000
28450000.000000	1.579283	1.025508	0.000000
28500000.000000	1.578246	1.025718	0.000000
28750000.000000	1.573574	1.029727	0.000000
29000000.000000	1.569769	1.032940	0.000000
29050000.000000	1.569459	1.032806	0.000000
29350000.000000	1.568080	1.031693	0.000000
29500000.000000	1.567636	1.038354	0.000000
29650000.000000	1.567308	1.042527	0.000000
29950000.000000	1.566857	1.042826	0.000000
30000000.000000	1.566795	1.042747	0.000000
30000010.000000	1.566795	1.042747	0.000000
30707920.000000	1.559701	1.037791	0.000000
31000000.000000	1.555518	1.037530	0.000000
31422290.000000	1.548497	1.036483	0.000000
32000000.000000	1.537540	1.034039	0.000000
33000000.000000	1.516797	1.027929	0.000000
33262990.000000	1.511293	1.026053	0.000000
34000000.000000	1.496449	1.020401	0.000000
34148200.000000	1.493627	1.019206	0.000000
34388770.000000	1.489202	1.017228	0.000000
35000000.000000	1.479000	1.012000	0.000000
35535070.000000	1.470905	1.007279	0.000000
36000000.000000	1.463766	1.003237	0.000000
37000000.000000	1.448226	0.994592	0.000000
38000000.000000	1.432627	0.985805	0.000000
39000000.000000	1.417167	0.976664	0.000000
39129600.000000	1.415182	0.975445	0.000000
40000000.000000	1.402000	0.967000	0.000000
41000000.000000	1.386020	0.955865	0.000000
42000000.000000	1.368374	0.942775	0.000000
43000000.000000	1.349526	0.928231	0.000000
44000000.000000	1.329878	0.912667	0.000000
45000000.000000	1.309773	0.896452	0.000000
46000000.000000	1.289501	0.879903	0.000000
47000000.000000	1.269306	0.863283	0.000000
48000000.000000	1.249387	0.846812	0.000000
49000000.000000	1.229908	0.830669	0.000000
50000000.000000	1.211000	0.815000	0.000000
51000000.000000	1.192828	0.799878	0.000000
52000000.000000	1.175390	0.785247	0.000000
53000000.000000	1.158557	0.771044	0.000000
54000000.000000	1.142221	0.757220	0.000000
55000000.000000	1.126283	0.743725	0.000000
56000000.000000	1.110660	0.730521	0.000000
57000000.000000	1.095278	0.717573	0.000000
58000000.000000	1.080077	0.704854	0.000000
59000000.000000	1.064999	0.692336	0.000000
60000000.000000	1.050000	0.680000	0.000000
61000000.000000	1.035045	0.667938	0.000000
62000000.000000	1.020182	0.656236	0.000000
63000000.000000	1.005488	0.644870	0.000000
64000000.000000	0.991029	0.633816	0.000000
65000000.000000	0.976864	0.623053	0.000000
66000000.000000	0.963044	0.612562	0.000000
67000000.000000	0.949612	0.602326	0.000000
68000000.000000	0.936606	0.592330	0.000000
69000000.000000	0.924060	0.582559	0.000000
70000000.000000	0.912000	0.573000	0.000000
71000000.000000	0.900322	0.563642	0.000000
72000000.000000	0.888907	0.554484	0.000000
73000000.000000	0.877755	0.545535	0.000000
74000000.000000	0.866868	0.536799	0.000000
75000000.000000	0.856244	0.528281	0.000000
76000000.000000	0.845882	0.519982	0.000000
77000000.000000	0.835780	0.511904	0.000000
78000000.000000	0.825934	0.504048	0.000000
79000000.000000	0.816342	0.496414	0.000000
80000000.000000	0.807000	0.489000	0.000000
81000000.000000	0.798146	0.482090	0.000000
82000000.000000	0.789851	0.475777	0.000000
83000000.000000	0.781885	0.469798	0.000000
84000000.000000	0.774042	0.463922	0.000000
85000000.000000	0.766142	0.457943	0.000000
86000000.000000	0.758027	0.451680	0.000000
87000000.000000	0.749560	0.444977	0.000000
88000000.000000	0.740626	0.437700	0.000000
89000000.000000	0.731130	0.429737	0.000000
90000000.000000	0.721000	0.421000	0.000000
91000000.000000	0.710813	0.411938	0.000000
92000000.000000	0.701147	0.403060	0.000000
93000000.000000	0.691954	0.394379	0.000000
94000000.000000	0.683184	0.385911	0.000000
95000000.000000	0.674793	0.377665	0.000000
96000000.000000	0.666735	0.369650	0.000000
97000000.000000	0.658968	0.361872	0.000000
98000000.000000	0.651450	0.354336	0.000000
99000000.000000	0.644141	0.347044	0.000000
100000000.000000	0.637000	0.340000	0.000000
102000000.000000	0.623128	0.326429	0.000000
104000000.000000	0.609920	0.313522	0.000000
106000000.000000	0.597537	0.301421	0.000000
108000000.000000	0.586091	0.290226	0.000000
110000000.000000	0.575660	0.280000	0.000000
112000000.000000	0.566076	0.270601	0.000000
114000000.000000	0.557083	0.261787	0.000000
116000000.000000	0.548609	0.253466	0.000000
118000000.000000	0.540597	0.245559	0.000000
120000000.000000	0.533000	0.238000	0.000000
122000000.000000	0.525773	0.230773	0.000000
124000000.000000	0.518882	0.223882	0.000000
126000000.000000	0.512303	0.217303	0.000000
128000000.000000	0.506015	0.211015	0.000000
130000000.000000	0.500000	0.205000	0.000000
132000000.000000	0.494094	0.199094	0.000000
134000000.000000	0.488188	0.193188	0.000000
136000000.000000	0.482341	0.187340	0.000000
138000000.000000	0.476598	0.181598	0.000000
140000000.000000	0.471000	0.176000	0.000000
142000000.000000	0.465414	0.170414	0.000000
144000000.000000	0.459747	0.164747	0.000000
146000000.000000	0.454080	0.159080	0.000000
148000000.000000	0.448479	0.153479	0.000000
150000000.000000	0.443000	0.148000	0.000000