0.000010           226.017242            91.619095           134.397324  
0.000011           215.528351            87.391747           128.135635  
0.000011           215.528351            87.391747           128.135635  
0.000012           206.383698            83.706703           122.676575  
0.000013           198.335999            80.460571           117.874954  
0.000014           191.146576            77.565773           113.580170  
0.000015           184.701508            74.969109           109.731964  
0.000016           178.876022            72.621529           106.253830  
0.000018           168.694550            68.525558           100.168350  
0.000019           164.223602            66.726723            97.496140  
0.000020           160.098297            65.066322            95.031471  
0.000022           152.695496            62.090885            90.604019  
0.000024           146.258682            59.501286            86.756744  
0.000026           140.561371            57.214684            83.346123  
0.000028           135.495880            55.181011            80.314369  
0.000029           133.161835            54.244434            78.916832  
0.000031           128.844330            52.511536            76.332344  
0.000033           124.921730            50.938927            73.982254  
0.000035           121.340096            49.504128            71.835487  
0.000039           115.033859            46.978012            68.055389  
0.000043           109.632256            44.816719            64.815063  
0.000046           106.048431            43.385273            62.662811  
0.000050           101.794792            41.685669            60.108765  
0.000053            98.921127            40.539768            58.381031  
0.000056            96.284698            39.488956            56.795380  
0.000059            93.852890            38.520519            55.332100  
0.000063            90.888985            37.340744            53.547920  
0.000069            86.940895            35.770969            51.169540  
0.000075            83.477310            34.396530            49.080490  
0.000081            80.408585            33.180813            47.227463  
0.000088            77.235153            31.925951            45.308868  
0.000094            74.808510            30.967287            43.840927  
0.000100            72.602219            30.097763            42.504128  
0.000106            70.591194            29.305786            41.285130  
0.000113            68.449081            28.464329            39.984509  
0.000119            66.771729            27.805672            38.965820  
0.000125            65.214455            27.195843            38.018375  
0.000138            62.205795            26.019421            36.186096  
0.000150            59.786491            25.076817            34.709450  
0.000163            57.476624            24.179945            33.296463  
0.000175            55.580891            23.446230            32.134422  
0.000188            53.740524            22.735966            31.004374  
0.000200            52.206238            22.145763            30.060286  
0.000219            50.047047            21.318045            28.728827  
0.000238            48.155647            20.596775            27.558704  
0.000256            46.566643            19.993549            26.572945  
0.000275            45.064655            19.426201            25.638323  
0.000294            43.717068            18.919109            24.797806  
0.000313            42.495975            18.462059            24.033768  
0.000331            41.440121            18.068714            23.371269  
0.000350            40.417900            17.689631            22.728140  
0.000388            38.613113            17.024511            21.588470  
0.000425            37.099964            16.472235            20.627602  
0.000463            35.747002            15.982658            19.764221  
0.000500            34.584805            15.566156            19.018536  
0.000531            33.713406            15.255833            18.457455  
0.000563            32.890717            14.965507            17.925079  
0.000594            32.162212            14.710102            17.452005  
0.000625            31.490419            14.476369            17.013933  
0.000688            30.274670            14.057858            16.216711  
0.000750            29.239237            13.706347            15.532795  
0.000813            28.317627            13.397769            14.919760  
0.000875            27.515312            13.132769            14.382444  
0.000938            26.786427            12.895419            13.890921  
0.001000            26.143566            12.688582            13.454911  
0.001063            25.549505            12.500284            13.049133  
0.001125            25.019808            12.334243            12.685481  
0.001187            24.533688            12.183907            12.349704  
0.001250            24.081089            12.045506            12.035506  
0.001375            23.280746            11.805408            11.475265  
0.001500            22.591003            11.603177            10.987761  
0.001625            21.987568            11.430279            10.557220  
0.001750            21.453081            11.280609            10.172400  
0.001875            20.978971            11.150476             9.828436  
0.002000            20.553278            11.036008             9.517212  
0.002188            19.986431            10.887391             9.098986  
0.002375            19.496159            10.762416             8.733691  
0.002563            19.062670            10.654831             8.407787  
0.002750            18.679506            10.562151             8.117311  
0.002938            18.335016            10.480813             7.854159  
0.003125            18.023359            10.409015             7.614302  
0.003312            17.742607            10.345676             7.396888  
0.003500            17.485603            10.288913             7.196647  
0.003875            17.030918            10.191498             6.839383  
0.004250            16.640326            10.110910             6.529374  
0.004625            16.304819            10.044031             6.260746  
0.005000            16.009510             9.987045             6.022429  
0.005313            15.786811             9.945244             5.841527  
0.005625            15.586753             9.908588             5.678125  
0.005938            15.401437             9.875373             5.526029  
0.006250            15.235008             9.846249             5.388730  
0.006875            14.932867             9.794819             5.138021  
0.007500            14.670739             9.751810             4.918900  
0.008125            14.441719             9.715531             4.726155  
0.008750            14.238491             9.684352             4.554108  
0.009375            14.058767             9.657667             4.401073  
0.010000            13.896086             9.634136             4.261925  
0.010625            13.746222             9.612894             4.133303  
0.011250            13.612661             9.594592             4.018044  
0.011875            13.489356             9.578035             3.911295  
0.012500            13.375978             9.563159             3.812794  
0.013750            13.173138             9.537313             3.635804  
0.015000            12.997387             9.515777             3.481587  
0.016250            12.843106             9.497531             3.345556  
0.017500            12.706285             9.481873             3.224396  
0.018750            12.583888             9.468276             3.115597  
0.020000            12.473577             9.456352             3.017203  
0.021325            12.367790             9.445225             2.922548  
0.022650            12.271770             9.435377             2.836375  
0.023975            12.184108             9.426599             2.757493  
0.025300            12.103662             9.418718             2.684928  
0.026844            12.017782             9.410491             2.607273  
0.028387            11.939262             9.403145             2.536101  
0.031475            11.800261             9.390539             2.409708  
0.034563            11.680717             9.380108             2.300595  
0.037650            11.576507             9.371317             2.205175  
0.040738            11.484586             9.363790             2.120779  
0.043825            11.402798             9.357265             2.045520  
0.046913            11.329409             9.351543             1.977853  
0.050000            11.263136             9.346475             1.916649  
0.053125            11.202195             9.341892             1.860291  
0.056250            11.146554             9.337767             1.808772  
0.059375            11.095481             9.334035             1.761435  
0.062500            11.048371             9.330631             1.717730  
0.068750            10.964092             9.324631             1.639452  
0.075000            10.890623             9.319483             1.571126  
0.081250            10.825813             9.314990             1.510814  
0.087500            10.768130             9.311014             1.457107  
0.093750            10.716377             9.307450             1.408921  
0.100000            10.669625             9.304219             1.365399  
0.106250            10.627134             9.301267             1.325861  
0.112500            10.588313             9.298540             1.289766  
0.118750            10.552671             9.296011             1.256653  
0.125000            10.519773             9.293644             1.226122  
0.137500            10.460779             9.289313             1.171461  
0.150000            10.409132             9.285402             1.123722  
0.162500            10.363449             9.281820             1.081622  
0.175000            10.322721             9.278491             1.044222  
0.187500            10.286147             9.275366             1.010775  
0.200000            10.253061             9.272404             0.980651  
0.218750            10.208717             9.268209             0.940504  
0.237500            10.169491             9.264245             0.905240  
0.256250            10.134474             9.260457             0.874008  
0.275000            10.102965             9.256810             0.846147  
0.293750            10.074397             9.253276             0.821114  
0.312500            10.048330             9.249834             0.798493  
0.331250            10.024452             9.246463             0.777987  
0.350000            10.002484             9.243153             0.759329  
0.387500             9.962996             9.236672             0.726321  
0.425000             9.928511             9.230328             0.698178  
0.500000             9.870394             9.217899             0.652491  
0.625000             9.794119             9.197543             0.596572  
0.750000             9.734120             9.177252             0.556864  
0.875000             9.684624             9.156789             0.527832  
1.000000             9.642288             9.135997             0.506288  
1.250000             9.570553             9.093226             0.477323  
1.500000             9.509579             9.048447             0.461128  
1.750000             9.455308             9.001178             0.454129  
2.000000             9.405364             8.950959             0.454401  
2.224624             9.363168             8.902661             0.460504  
2.449247             9.322629             8.851223             0.471403  
2.673870             9.283457             8.796412             0.487042  
2.898493             9.245699             8.737257             0.508438  
3.258826             9.188570             8.630496             0.558073  
3.438993             9.161911             8.571090             0.590818  
3.619159             9.137406             8.505996             0.631407  
3.799326             9.115046             8.436150             0.678894  
3.979492             9.097944             8.358245             0.739698  
4.159659             9.097352             8.271752             0.825604  
4.249742             9.171274             8.225108             0.946166  
4.272263             9.217585             8.212969             1.004612  
4.294784             9.276911             8.200623             1.076288  
4.306045             9.310393             8.194366             1.116023  
4.317305             9.345350             8.188055             1.157291  
4.328565             9.380694             8.181689             1.199001  
4.339825             9.415157             8.175269             1.239883  
4.346552             9.434754             8.171406             1.263344  
4.353279             9.453244             8.167525             1.285717  
4.366733             9.485729             8.159698             1.326027  
4.380187             9.510435             8.151791             1.358642  
4.386914             9.519318             8.147806             1.371504  
4.393641             9.525651             8.143797             1.381848  
4.400561             9.529408             8.139660             1.389743  
4.407480             9.530285             8.135497             1.394785  
4.413193             9.528841             8.132040             1.396794  
4.418905             9.525458             8.128572             1.396881  
4.430329             9.513094             8.121588             1.391503  
4.451890             9.471940             8.108236             1.363701  
4.462671             9.444541             8.101478             1.343062  
4.473451             9.414110             8.094657             1.319451  
4.480260             9.393872             8.090319             1.303550  
4.487069             9.373199             8.085958             1.287240  
4.500687             9.331676             8.077162             1.254513  
4.514305             9.291565             8.068267             1.223294  
4.527922             9.254448             8.059272             1.195175  
4.557427             9.188822             8.039418             1.149400  
4.586932             9.145454             8.019050             1.126402  
4.645942             9.110043             7.976690             1.133352  
4.763961             9.117605             7.885356             1.232246  
4.881981             9.149926             7.784567             1.365355  
5.000000             9.200467             7.672054             1.528410  
5.103829             9.265241             7.560819             1.704420  
5.207657             9.356070             7.435520             1.920547  
5.311485             9.482245             7.293337             2.188905  
5.415313             9.656705             7.130815             2.525885  
5.519141             9.898753             6.943444             2.955303  
5.571055            10.055722             6.838068             3.217649  
5.622969            10.245170             6.723137             3.522027  
5.674883            10.475142             6.597248             3.877891  
5.726797            10.755798             6.458853             4.296941  
5.778711            11.100795             6.306063             4.794725  
5.830625            11.528850             6.136520             5.392318  
5.879295            12.028482             5.959769             6.068711  
5.927964            12.653502             5.762781             6.890712  
5.976634            13.446334             5.541918             7.904405  
6.025303            14.470475             5.292555             9.177913  
6.073973            15.825134             5.008745            10.816382  
6.098308            16.673338             4.851656            11.821673  
6.122642            17.672163             4.683090            12.989058  
6.146977            18.861431             4.501980            14.359442  
6.171312            20.297728             4.307439            15.990294  
6.195647            22.066593             4.099155            17.967438  
6.219981            24.307716             3.878423            20.429293  
6.245938            27.497049             3.635317            23.861742  
6.271895            32.062164             3.402251            28.659904  
6.297852            39.087254             3.223603            35.863647  
6.323809            50.644199             3.196826            47.447433  
6.349766            70.507339             3.516786            66.990646  
6.362745            85.434151             3.909477            81.524826  
6.375723           105.116623             4.538356           100.578384  
6.388702           130.935181             5.484400           125.451164  
6.401680           164.533386             6.846431           157.686981  
6.414659           207.824890             8.742085           199.083374  
6.427637           262.909790            11.304569           251.604889  
6.437574           314.475006            13.809338           300.665771  
6.447511           375.319153            16.861141           358.458832  
6.457448           446.452423            20.530170           425.922607  
6.467384           528.773926            24.882393           503.891693  
6.472353           574.401611            27.335371           547.066650  
6.477321           623.121460            29.982254           593.139282  
6.482290           674.992004            32.828728           642.161865  
6.487258           730.049744            35.879536           694.169556  
6.492227           788.357605            39.140751           749.218384  
6.494711           818.735168            40.851032           777.884460  
6.497195           849.900818            42.613575           807.287231  
6.499679           881.902405            44.431206           837.470642  
6.502163           914.684692            46.301285           868.383301  
6.504647           948.292419            48.226379           900.067627  
6.507131           982.686646            50.204937           932.484131  
6.510376          1028.807251            52.870594           975.937744  
6.513621          1076.237793            55.626492          1020.610657  
6.516866          1124.976196            58.473442          1066.505127  
6.520110          1174.926392            61.406254          1113.518066  
6.523355          1226.131470            64.428596          1161.704712  
6.526599          1278.491333            67.534897          1210.957153  
6.529844          1331.990479            70.724754          1261.263184  
6.533088          1386.544312            73.994812          1312.552490  
6.535319          1424.666748            76.289261          1348.377930  
6.537550          1463.221802            78.618217          1384.604248  
6.539781          1502.213013            80.981598          1421.231567  
6.542011          1541.593506            83.377426          1458.215088  
6.544242          1581.381592            85.806007          1495.575195  
6.546472          1621.497681            88.263794          1533.235840  
6.548703          1661.959473            90.751556          1571.209595  
6.550933          1702.713257            93.266258          1609.451050  
6.552961          1739.979980            95.574074          1644.412720  
6.554989          1777.482300            97.903343          1679.578247  
6.557017          1815.142090           100.250969          1714.895752  
6.559045          1852.967285           102.616699          1750.349365  
6.561073          1890.881836           104.996284          1785.891724  
6.563101          1928.948364           107.393555          1821.551147  
6.565129          1967.046875           109.801567          1857.246216  
6.567156          2005.182007           112.220245          1892.965210  
6.569184          2043.340820           114.649231          1928.690186  
6.571212          2081.482422           117.085907          1964.399048  
6.573240          2119.593750           119.530251          2000.068848  
6.575268          2157.638184           121.978912          2035.654663  
6.579324          2233.342285           126.881683          2106.466797  
6.583379          2308.389648           131.780304          2176.613770  
6.587841          2389.885010           137.147766          2252.740723  
6.592302          2469.875732           142.468262          2327.404297  
6.596764          2548.134277           147.729294          2400.408447  
6.601225          2624.164062           152.898254          2471.262451  
6.605687          2697.747070           157.963272          2539.786377  
6.610148          2768.434814           162.894638          2605.541260  
6.614610          2835.947266           167.674667          2668.278809  
6.619071          2899.937012           172.280167          2727.658691  
6.629616          3035.437500           182.357712          2853.078125  
6.640161          3145.734619           191.087814          2954.644775  
6.649084          3217.023682           197.255020          3019.775391  
6.658006          3266.499268           202.177826          3064.320801  
6.665748          3290.975830           205.373627          3085.602295  
6.673490          3297.883789           207.525848          3090.358887  
6.675020          3297.164307           207.825607          3089.335693  
6.680086          3289.858154           208.517654          3081.339111  
6.685152          3275.060547           208.749802          3066.313232  
6.690218          3252.908936           208.524246          3044.384766  
6.695283          3223.553711           207.845581          3015.717529  
6.705789          3140.696289           205.032104          2935.666992  
6.716295          3030.387939           200.421326          2829.973145  
6.726802          2895.871582           194.174835          2701.696289  
6.732056          2820.724609           190.500717          2630.222900  
6.737309          2740.975098           186.495972          2554.480469  
6.742563          2657.189209           182.191620          2475.002930  
6.747816          2569.945557           177.620331          2392.324951  
6.753069          2479.737061           172.811432          2306.920654  
6.758322          2387.151855           167.799286          2219.350830  
6.762859          2305.700684           163.332626          2142.372070  
6.767396          2223.236084           158.759552          2064.483643  
6.771933          2140.073486           154.100113          1985.969604  
6.776470          2056.583008           149.377289          1907.202759  
6.781007          1973.067017           144.609100          1828.459229  
6.785544          1889.831055           139.816437          1750.015869  
6.790081          1807.126953           135.013962          1672.113647  
6.794617          1725.281860           130.223938          1595.056030  
6.799154          1644.521118           125.461197          1519.058716  
6.803691          1565.055664           120.739777          1444.315918  
6.808228          1487.140625           116.077553          1371.063477  
6.812765          1410.947876           111.485542          1299.463989  
6.817302          1336.651611           106.976799          1229.677612  
6.821839          1264.423340           102.563507          1161.862549  
6.826376          1194.347534            98.252487          1096.096313  
6.830912          1126.610352            94.057648          1032.555664  
6.838076          1024.488159            87.678810           936.810425  
6.845239           928.601440            81.626030           846.977661  
6.852403           839.067322            75.913803           763.151794  
6.859566           755.979065            70.555466           685.423157  
6.866730           679.272339            65.553864           613.718506  
6.873893           608.859680            60.910294           547.948792  
6.888220           486.085541            52.671028           433.415894  
6.902547           385.633118            45.756065           339.877502  
6.916874           304.929718            40.042465           264.887390  
6.931201           241.148285            35.382454           205.765915  
6.945528           191.485855            31.622189           159.863876  
6.966541           138.727448            27.421638           111.305801  
6.987554           103.531960            24.409214            79.122726  
7.008567            80.288795            22.240093            58.048923  
7.029580            64.906013            20.653721            44.252323  
7.050593            54.564281            19.463797            35.100513  
7.071606            47.400742            18.542255            28.858530  
7.092619            42.243118            17.804663            24.438456  
7.113632            38.367367            17.195911            21.171476  
7.134645            35.333027            16.680273            18.652773  
7.155658            32.872566            16.234432            16.638126  
7.176671            30.824532            15.842875            14.981671  
7.197684            29.083298            15.494772            13.588540  
7.239710            26.268841            14.900003            11.368828  
7.281736            24.085886            14.408092             9.677800  
7.323762            22.342934            13.992938             8.349990  
7.365788            20.923035            13.637271             7.285770  
7.407814            19.747665            13.328782             6.418882  
7.449840            18.762056            13.058423             5.703629  
7.501418            17.754507            12.768784             4.985720  
7.552995            16.919891            12.516702             4.403190  
7.604572            16.217777            12.295068             3.922712  
7.656149            15.616789            12.098554             3.518233  
7.675290            15.414553            12.031159             3.383392  
7.730944            14.879565            11.850016             3.029554  
7.786597            14.412785            11.688029             2.724751  
7.842251            14.005120            11.542113             2.463002  
7.897904            13.649106            11.409859             2.239250  
7.953558            13.336904            11.289347             2.047563  
8.009211            13.060839            11.178968             1.881872  
8.120518            12.592381            10.983253             1.609130  
8.201842            12.305158            10.857670             1.447490  
8.283166            12.055344            10.744464             1.310877  
8.364490            11.836654            10.641893             1.194757  
8.445813            11.643579            10.548341             1.095235  
8.527137            11.471654            10.462451             1.009200  
8.608461            11.317435            10.383146             0.934285  
8.771108            11.050735            10.240526             0.810205  
8.933756            10.827483            10.115123             0.712357  
9.096403            10.638431            10.003754             0.634677  
9.259051            10.476095             9.903653             0.572441  
9.421698            10.334953             9.812622             0.522329  
9.548202            10.237690             9.747059             0.490625  
9.674706            10.150900             9.685414             0.465482  
9.801210            10.080786             9.627039             0.453743  
9.864462            10.069368             9.598942             0.470416  
9.927713            10.114822             9.571540             0.543287  
9.963857            10.192580             9.556179             0.636403  
10.000000            10.327758             9.541020             0.786737  
10.021370            10.439732             9.532156             0.907570  
10.042740            10.576443             9.523365             1.053080  
10.053430            10.653687             9.518993             1.134697  
10.064110            10.736190             9.514634             1.221559  
10.074790            10.823387             9.510299             1.313105  
10.085470            10.914486             9.505976             1.408513  
10.091260            10.965131             9.503634             1.461497  
10.097050            11.016458             9.501310             1.515152  
10.102840            11.068269             9.498981             1.569288  
10.108620            11.120231             9.496663             1.623579  
10.114410            11.172358             9.494341             1.678024  
10.120200            11.224292             9.492029             1.732262  
10.125990            11.275809             9.489718             1.786095  
10.131770            11.326588             9.487420             1.839170  
10.137560            11.376522             9.485117             1.891420  
10.143350            11.425299             9.482821             1.942486  
10.149140            11.472653             9.480527             1.992129  
10.154920            11.518239             9.478245             2.040003  
10.160710            11.561976             9.475962             2.086025  
10.166490            11.603450             9.473685             2.129772  
10.178060            11.678970             9.469142             2.209845  
10.194080            11.764229             9.462873             2.301364  
10.210100            11.823378             9.456640             2.366751  
10.219720            11.845037             9.452909             2.392139  
10.229340            11.855744             9.449189             2.406560  
10.239400            11.854959             9.445309             2.409655  
10.249260            11.842246             9.441513             2.400733  
10.259120            11.817851             9.437737             2.380126  
10.271440            11.771544             9.433029             2.338527  
10.283760            11.708710             9.428336             2.280394  
10.298140            11.616566             9.422877             2.193699  
10.305330            11.563787             9.420154             2.143634  
10.312510            11.507154             9.417445             2.089720  
10.319700            11.447004             9.414735             2.032275  
10.326890            11.383852             9.412031             1.971837  
10.334080            11.318198             9.409328             1.908870  
10.341260            11.250592             9.406639             1.843956  
10.345880            11.206255             9.404911             1.801351  
10.350500            11.161406             9.403185             1.758229  
10.355120            11.116156             9.401460             1.714696  
10.359740            11.070630             9.399737             1.670890  
10.364360            11.024961             9.398018             1.626946  
10.368980            10.979255             9.396299             1.582959  
10.373600            10.933638             9.394587             1.539057  
10.378220            10.888190             9.392872             1.495324  
10.387460            10.798252             9.389449             1.408803  
10.396700            10.710179             9.386039             1.324139  
10.405940            10.624637             9.382636             1.242001  
10.415180            10.542189             9.379239             1.162947  
10.434690            10.380237             9.372095             1.008143  
10.454200            10.237023             9.364988             0.872036  
10.493210            10.010249             9.350886             0.659361  
10.532220             9.856251             9.336920             0.519330  
10.571230             9.757949             9.323085             0.434864  
10.649260             9.656784             9.295778             0.361001  
10.727280             9.606655             9.268925             0.337731  
10.883330             9.539867             9.216345             0.323516  
11.039380             9.529547             9.165057             0.364490  
11.105090             9.578394             9.143813             0.434582  
11.137940             9.618604             9.133265             0.485338  
11.154370             9.641709             9.128009             0.513701  
11.170790             9.666006             9.122766             0.543236  
11.183110             9.684545             9.118843             0.565699  
11.195430             9.702919             9.114924             0.587995  
11.201590             9.711923             9.112969             0.598955  
11.207750             9.720726             9.111012             0.609713  
11.213910             9.729281             9.109059             0.620221  
11.220070             9.737525             9.107103             0.630416  
11.232390             9.752868             9.103205             0.649661  
11.244710             9.766325             9.099317             0.667010  
11.269350             9.786022             9.091541             0.694476  
11.282700             9.791895             9.087341             0.704556  
11.296050             9.794004             9.083142             0.710855  
11.304880             9.793219             9.080376             0.712840  
11.313700             9.790670             9.077611             0.713057  
11.323450             9.785790             9.074557             0.711231  
11.333200             9.778771             9.071505             0.707261  
11.341200             9.771449             9.069005             0.702443  
11.349200             9.762780             9.066508             0.696271  
11.365190             9.741654             9.061521             0.680131  
11.387180             9.705397             9.054676             0.650720  
11.398170             9.684727             9.051260             0.633469  
11.409160             9.662761             9.047849             0.614911  
11.420160             9.639771             9.044437             0.595332  
11.431150             9.616102             9.041034             0.575068  
11.442140             9.592040             9.037633             0.554406  
11.453130             9.567880             9.034236             0.533643  
11.467130             9.537349             9.029913             0.507437  
11.481120             9.507589             9.025599             0.481990  
11.509100             9.451833             9.016985             0.434846  
11.565070             9.361473             8.999817             0.361655  
11.677000             9.261086             8.965704             0.295381  
11.900860             9.174075             8.898100             0.275976  
12.348580             9.033266             8.763822             0.269444  
12.892250             8.869995             8.599589             0.270403  
13.435920             8.709004             8.430103             0.278900  
13.979590             8.545848             8.251072             0.294775  
14.523260             8.376758             8.057840             0.318917  
15.066930             8.198673             7.845909             0.352764  
15.338770             8.105582             7.731764             0.373816  
15.610600             8.008545             7.609543             0.398999  
15.882440             7.906987             7.477799             0.429184  
16.154270             7.800605             7.335379             0.465224  
16.426100             7.689008             7.180593             0.508413  
16.697929             7.571796             7.011235             0.560561  
16.953779             7.456061             6.835930             0.620130  
17.209620             7.335017             6.642127             0.692888  
17.465469             7.209031             6.426141             0.782888  
17.721310             7.079165             6.183535             0.895627  
17.977160             6.947601             5.909660             1.037937  
18.105080             6.882498             5.758264             1.124231  
18.233000             6.819047             5.594867             1.224178  
18.360920             6.758626             5.418135             1.340487  
18.488840             6.703147             5.226646             1.476494  
18.616760             6.655316             5.018603             1.636710  
18.744680             6.619136             4.791733             1.827395  
18.836630             6.603811             4.615469             1.988334  
18.928570             6.602173             4.426879             2.175288  
19.020510             6.623804             4.224704             2.399093  
19.112450             6.690389             4.007676             2.682701  
19.204399             6.839463             3.774306             3.065147  
19.296341             7.104414             3.522913             3.581489  
19.342310             7.277543             3.389848             3.887683  
19.365299             7.370745             3.321341             4.049389  
19.388281             7.466173             3.251528             4.214631  
19.411270             7.562124             3.180325             4.381790  
19.434250             7.656766             3.107755             4.548996  
19.480221             7.836203             2.958311             4.877874  
19.499090             7.904476             2.895301             5.009161  
19.517950             7.969245             2.831335             5.137892  
19.523701             7.988313             2.811629             5.176669  
19.536720             8.030375             2.766694             5.263669  
19.549730             8.071035             2.721315             5.349710  
19.593300             8.200646             2.565949             5.634681  
19.618719             8.275760             2.472919             5.802828  
19.644140             8.355043             2.378151             5.976877  
19.669559             8.442739             2.281730             6.160992  
19.694981             8.543375             2.183733             6.359629  
19.745819             8.801871             1.983523             6.818324  
19.796650             9.166316             1.778981             7.387312  
19.847490             9.671378             1.572496             8.098863  
19.898331            10.354381             1.368410             8.985939  
19.949169            11.265522             1.174408            10.091096  
20.000000            12.485859             1.005455            11.480372  
20.056780            14.404007             0.886457            13.517518  
20.085171            15.703412             0.883092            14.820279  
20.113560            17.351774             0.948068            16.403681  
20.141951            19.505022             1.122891            18.382095  
20.156151            20.842283             1.271007            19.571253  
20.170340            22.404428             1.474017            20.930355  
20.184540            24.245012             1.746719            22.498253  
20.198730            26.424032             2.106655            24.317345  
20.212919            29.019201             2.576089            26.443035  
20.220020            30.503086             2.860477            27.642546  
20.227110            32.126068             3.182616            28.943436  
20.235880            34.350620             3.640260            30.710348  
20.244650            36.843712             4.171764            32.671921  
20.253420            39.643284             4.788126            34.855057  
20.262180            42.782017             5.499498            37.282471  
20.268450            45.264374             6.074874            39.189480  
20.274710            47.956154             6.709718            41.246429  
20.281811            51.295738             7.510938            43.784893  
20.288900            54.956699             8.404175            46.552578  
20.296000            58.985260             9.402420            49.582855  
20.303101            63.410305            10.514617            52.895611  
20.310200            68.267159            11.751513            56.515507  
20.317289            73.589279            13.123605            60.465820  
20.324390            79.435844            14.647659            64.788177  
20.331490            85.840515            16.334955            69.505989  
20.338591            92.854927            18.200510            74.654732  
20.345680           100.522591            20.257742            80.264580  
20.352779           108.914017            22.528175            86.385811  
20.359880           118.080704            25.027294            93.053505  
20.366980           128.082550            27.773546           100.309280  
20.374069           138.968109            30.782209           108.186241  
20.384090           156.024628            35.531433           120.493126  
20.394110           175.203262            40.914028           134.289246  
20.404131           196.730057            46.999050           149.730957  
20.414150           220.820847            53.853210           166.966614  
20.424170           247.706528            61.549702           186.156982  
20.434191           277.640808            70.164932           207.475739  
20.444210           310.847229            79.770325           231.077087  
20.454220           347.553131            90.438950           257.115051  
20.463409           384.581085           101.244545           283.337097  
20.472589           424.940948           113.066666           311.877380  
20.481779           468.896454           125.986298           342.910583  
20.490959           516.547241           140.039581           376.507812  
20.500151           568.190002           155.316711           412.874237  
20.509331           623.833191           171.825989           452.007355  
20.518520           683.738281           189.649216           494.088715  
20.527700           747.931946           208.800537           539.132874  
20.536890           816.643066           229.350006           587.294495  
20.546070           889.806274           251.285049           638.519104  
20.555260           967.635559           274.676941           692.960815  
20.564440          1049.953979           299.472565           750.474915  
20.573629          1136.959106           325.741821           811.221069  
20.582809          1228.422363           353.413757           875.005798  
20.591999          1324.374634           382.509918           941.859985  
20.601179          1424.559448           412.951477          1011.605164  
20.607031          1490.570923           433.046326          1057.525635  
20.612869          1558.018555           453.599548          1104.411499  
20.618719          1627.167725           474.707489          1152.461914  
20.624559          1697.676514           496.255096          1201.421997  
20.630409          1769.683350           518.289978          1251.394165  
20.636250          1842.852783           540.703796          1302.139893  
20.642099          1917.401611           563.579285          1353.813843  
20.647940          1992.901611           586.784302          1406.122559  
20.653790          2069.502197           610.350098          1459.159302  
20.659630          2146.848145           634.176697          1512.670044  
20.665480          2225.076172           658.312561          1566.756714  
20.671320          2303.802490           682.635803          1621.167969  
20.677170          2383.112061           707.178406          1675.936279  
20.683010          2462.581055           731.804993          1730.780151  
20.688850          2542.211182           756.522705          1785.692505  
20.694691          2621.891602           781.290466          1840.606812  
20.699289          2684.531494           800.788513          1883.732910  
20.703880          2746.838623           820.211487          1926.625366  
20.708469          2808.874268           839.574585          1969.292480  
20.713060          2870.568604           858.864441          2011.713745  
20.717661          2932.004150           878.091431          2053.895264  
20.722250          2992.733398           897.134094          2095.600586  
20.726839          3052.843506           916.010315          2136.829834  
20.731430          3112.269531           934.700378          2177.569580  
20.740620          3228.745361           971.433960          2257.322021  
20.749800          3341.242920          1007.040710          2334.214355  
20.758989          3449.246582          1041.358276          2407.879883  
20.768169          3551.885010          1074.133911          2477.742920  
20.779030          3665.500000          1110.631592          2554.875977  
20.789881          3769.579590          1144.319214          2625.267090  
20.811590          3945.629639          1202.163940          2743.472900  
20.827459          4043.877441          1235.330566          2808.547119  
20.843321          4114.061035          1260.041138          2854.034180  
20.854321          4145.400391          1271.918701          2873.501709  
20.865320          4162.214844          1279.360596          2882.844238  
20.871500          4165.212402          1281.579712          2883.627441  
20.882980          4158.441895          1281.913818          2876.530273  
20.894461          4135.723145          1277.348267          2858.393555  
20.910589          4077.487061          1262.799072          2814.710693  
20.926720          3989.833984          1239.104492          2750.733154  
20.952530          3793.657959          1183.708862          2609.956787  
20.965429          3672.877930          1148.850586          2524.042969  
20.978331          3539.052490          1109.826294          2429.224609  
20.989620          3412.737305          1072.720093          2340.021973  
21.000910          3279.091064          1033.223511          2245.884033  
21.006559          3209.882080          1012.694824          2197.204590  
21.012199          3139.440674           991.745972          2147.716064  
21.017851          3067.725342           970.370422          2097.373047  
21.023491          2995.133301           948.685608          2046.450317  
21.029140          2921.587891           926.676025          1994.907227  
21.034781          2847.432129           904.441101          1942.994263  
21.040430          2772.626953           881.976562          1890.658569  
21.046070          2697.585938           859.390076          1838.195679  
21.051720          2622.162842           836.661377          1785.504761  
21.057360          2546.836914           813.919373          1732.923218  
21.063009          2471.424561           791.121094          1680.300781  
21.068649          2396.285645           768.365662          1627.913086  
21.073490          2332.104492           748.908508          1583.204468  
21.078329          2268.250488           729.523865          1538.740112  
21.083170          2204.729736           710.215332          1494.526123  
21.088011          2141.744141           691.047241          1450.702393  
21.097691          2017.461304           653.164978          1364.302612  
21.107361          1895.983521           616.045349          1279.941895  
21.117041          1777.562500           579.784058          1197.779419  
21.126720          1662.676392           544.531799          1118.147095  
21.136400          1551.792969           510.430359          1041.359497  
21.146070          1445.145386           477.561829           967.583923  
21.155750          1342.882324           445.980530           896.902222  
21.165430          1245.294556           415.779602           829.522400  
21.175110          1152.433105           386.975983           765.464600  
21.184780          1064.535645           359.653412           704.888550  
21.204140           903.269470           309.353760           593.923340  
21.223490           761.409485           264.900024           496.508575  
21.241240           647.697327           229.097153           418.602570  
21.258980           548.811707           197.807922           351.007080  
21.276720           463.639008           170.712692           292.926453  
21.294460           390.961426           147.458298           243.506195  
21.312201           329.476624           127.656349           201.819916  
21.329941           277.879761           110.919365           166.960663  
21.365419           199.379410            85.143074           114.236580  
21.400909           146.231735            67.330109            78.901520  
21.436390           110.902092            55.174911            55.727108  
21.471870            87.584068            46.882854            40.701218  
21.507351            72.113831            41.154617            30.959110  
21.539610            62.455418            37.414734            25.040606  
21.571871            55.505623            34.598492            20.907059  
21.604130            50.334782            32.406189            17.928577  
21.636391            46.342861            30.640774            15.702058  
21.668650            43.145348            29.174004            13.971303  
21.700911            40.504063            27.924297            12.579709  
21.765421            36.330593            25.878126            10.452462  
21.829941            33.129284            24.248787             8.880499  
21.894449            30.570467            22.907822             7.662615  
21.958969            28.471336            21.779959             6.691338  
22.023479            26.717783            20.816620             5.901134  
22.081551            25.369993            20.061527             5.308444  
22.139610            24.198351            19.393641             4.804686  
22.197680            23.170588            18.798155             4.372414  
22.255739            22.262276            18.263725             3.998540  
22.371870            20.728376            17.342028             3.386339  
22.487989            19.481985            16.573326             2.908659  
22.604120            18.449108            15.921063             2.528035  
22.720249            17.580603            15.360476             2.220123  
22.836380            16.841328            14.873421             1.967901  
22.952499            16.204865            14.445987             1.758881  
23.100889            15.509342            13.969355             1.539983  
23.249281            14.917663            13.555244             1.362418  
23.397671            14.408235            13.191569             1.216661  
23.546049            13.965268            12.869226             1.096042  
23.694441            13.576815            12.580475             0.996336  
23.842819            13.236578            12.318957             0.917619  
23.991211            12.941844            12.080214             0.861631  
24.028311            12.874022            12.023753             0.850267  
24.065399            12.807807            11.968543             0.839263  
24.139589            12.678193            11.861681             0.816512  
24.165400            12.633485            11.825586             0.807901  
24.199829            12.573868            11.778273             0.795602  
24.202700            12.568901            11.774371             0.794532  
24.205580            12.563907            11.770459             0.793450  
24.213240            12.550634            11.760095             0.790542  
24.220890            12.537373            11.749788             0.787587  
24.236191            12.510831            11.729305             0.781530  
24.290470            12.416682            11.658061             0.758626  
24.344740            12.323092            11.588901             0.734194  
24.399010            12.231114            11.521690             0.709427  
24.453279            12.141813            11.456286             0.685532  
24.670370            11.820219            11.210264             0.609957  
24.887461            11.545318            10.985751             0.559565  
25.104540            11.299169            10.779133             0.520036  
25.321630            11.073724            10.586705             0.487017  
25.538719            10.866749            10.407097             0.459652  
25.972891            10.493915            10.076351             0.417564  
26.412571            10.158379             9.769602             0.388774  
26.632410            10.010506             9.624012             0.386494  
26.742331             9.948410             9.552972             0.395440  
26.797291             9.920591             9.517840             0.402748  
26.852240             9.893935             9.482963             0.410973  
26.874229             9.883298             9.469069             0.414228  
26.896210             9.872530             9.455219             0.417309  
26.918190             9.861518             9.441403             0.420115  
26.940170             9.850163             9.427616             0.422543  
26.962160             9.838359             9.413862             0.424497  
26.993759             9.820464             9.394150             0.426315  
27.025360             9.801306             9.374499             0.426804  
27.039600             9.792226             9.365662             0.426564  
27.065170             9.775232             9.349828             0.425403  
27.086281             9.760536             9.336781             0.423756  
27.107380             9.745294             9.323767             0.421527  
27.141380             9.719687             9.302842             0.416844  
27.175369             9.693077             9.281985             0.411090  
27.209370             9.665791             9.261171             0.404620  
27.243361             9.638236             9.240416             0.397819  
27.311350             9.583629             9.199039             0.384590  
27.379330             9.531351             9.157836             0.373516  
27.651270             9.349966             8.994156             0.355811  
28.213930             9.015271             8.657322             0.357947  
28.776590             8.686739             8.315733             0.371006  
29.339251             8.355618             7.960818             0.394796  
29.901911             8.015323             7.585185             0.430138  
30.183241             7.840012             7.387408             0.452603  
30.464569             7.659003             7.179122             0.479879  
30.745899             7.471653             6.959260             0.512394  
31.027229             7.277282             6.726441             0.550840  
31.308559             7.075039             6.478678             0.596361  
31.589890             6.864087             6.213606             0.650478  
31.871220             6.643726             5.928545             0.715180  
32.152538             6.413529             5.620441             0.793086  
32.415119             6.189706             5.308741             0.880968  
32.677689             5.957860             4.970342             0.987515  
32.940269             5.719673             4.602181             1.117491  
33.202839             5.478406             4.200501             1.277902  
33.465420             5.239943             3.760132             1.479807  
33.596710             5.125134             3.523804             1.601327  
33.727989             5.016152             3.275895             1.740257  
33.859280             4.916047             3.016070             1.899978  
33.990559             4.828948             2.744367             2.084580  
34.121849             4.760499             2.461113             2.299385  
34.253132             4.718544             2.167211             2.551328  
34.365669             4.711825             1.908102             2.803722  
34.478199             4.741789             1.644365             3.097416  
34.590729             4.820828             1.379055             3.441771  
34.703259             4.966024             1.116963             3.849051  
34.815800             5.201750             0.865712             4.336034  
34.928329             5.563802             0.637434             4.926361  
34.984600             5.807986             0.537586             5.270395  
35.040859             6.105523             0.451604             5.653909  
35.069000             6.277716             0.415112             5.862603  
35.097130             6.467519             0.383826             6.083697  
35.125259             6.676841             0.358471             6.318366  
35.153389             6.907575             0.339912             6.567660  
35.168629             7.042396             0.333026             6.709367  
35.183868             7.184617             0.328588             6.856022  
35.199108             7.334559             0.326784             7.007777  
35.214352             7.492791             0.327810             7.164978  
35.229591             7.659806             0.331885             7.327915  
35.244831             7.835994             0.339242             7.496749  
35.260071             8.022004             0.350130             7.671871  
35.267689             8.118925             0.356988             7.761937  
35.275299             8.218378             0.364820             7.853556  
35.284679             8.344799             0.375890             7.968901  
35.294060             8.475588             0.388591             8.086990  
35.303440             8.610819             0.402998             8.207828  
35.312809             8.750703             0.419183             8.331511  
35.319851             8.859021             0.432576             8.426440  
35.326881             8.969972             0.447040             8.522927  
35.333912             9.083949             0.462653             8.621292  
35.340939             9.200797             0.479429             8.721373  
35.349152             9.341285             0.500578             8.840702  
35.357361             9.486167             0.523473             8.962690  
35.365570             9.635562             0.548181             9.087369  
35.373772             9.789593             0.574774             9.214808  
35.383739             9.983373             0.609771             9.373599  
35.393700            10.184582             0.647842             9.536741  
35.403660            10.393800             0.689196             9.704599  
35.413620            10.611293             0.734010             9.877289  
35.423592            10.837838             0.782562            10.055272  
35.433552            11.073390             0.834970            10.238412  
35.443508            11.318360             0.891457            10.426896  
35.453468            11.573877             0.952415            10.621462  
35.464031            11.856547             1.022171            10.834363  
35.474579            12.151594             1.097440            11.054143  
35.485130            12.460266             1.178745            11.281513  
35.495682            12.783650             1.266578            11.517053  
35.516781            13.477433             1.463602            12.013820  
35.537880            14.241531             1.693021            12.548515  
35.558979            15.087152             1.960632            13.126503  
35.580078            16.026821             2.273255            13.753545  
35.601181            17.076826             2.639694            14.437129  
35.622280            18.257179             3.070881            15.186292  
35.648071            19.915073             3.706792            16.208263  
35.673859            21.865633             4.493860            17.371758  
35.699650            24.188517             5.476891            18.711626  
35.725430            26.989647             6.715888            20.273710  
35.751221            30.411573             8.292130            22.119455  
35.777012            34.640278            10.312510            24.327757  
35.802799            39.921650            12.919030            27.002693  
35.828579            46.575741            16.297195            30.278524  
35.854370            55.024635            20.692348            34.332455  
35.880161            65.796257            26.412924            39.383484  
35.905949            79.562469            33.852505            45.710030  
35.931740            97.169098            43.507278            53.661697  
35.957531           119.632851            55.976830            63.656750  
35.983318           148.212219            72.001717            76.210335  
36.009109           184.356918            92.442398            91.915581  
36.034889           229.785553           118.315079           111.470894  
36.060680           286.446625           150.778610           135.669495  
36.086472           356.513947           191.127274           165.388184  
36.112259           442.296753           240.738922           201.557159  
36.138039           546.207092           301.065796           245.143677  
36.163830           670.754089           373.608551           297.148560  
36.189621           818.276367           459.782227           358.494781  
36.202518           901.349609           508.404877           392.944397  
36.215408           990.859192           560.862671           429.997772  
36.228298          1087.038208           617.296875           469.748108  
36.241192          1190.057129           677.811829           512.250793  
36.252918          1289.780396           736.448364           553.335205  
36.264641          1395.304688           798.560669           596.744934  
36.276360          1506.616821           864.139587           642.479065  
36.288078          1623.662964           933.165100           690.503235  
36.299809          1746.600952          1005.722534           740.880371  
36.311531          1874.961670          1081.558838           793.414185  
36.323250          2008.714111          1160.640991           848.072388  
36.334969          2147.622559          1242.851440           904.774902  
36.346699          2291.644287          1328.169556           963.487793  
36.358421          2440.032227          1416.139404          1023.911804  
36.370140          2592.696533          1506.724121          1085.987671  
36.381859          2749.035400          1599.568115          1149.473755  
36.393581          2908.602539          1694.413574          1214.185547  
36.405300          3070.828857          1790.954956          1279.899658  
36.417019          3235.115967          1888.778442          1346.340454  
36.422878          3317.843262          1938.092896          1379.758667  
36.428741          3400.882080          1987.587036          1413.275513  
36.435188          3492.395996          2042.217896          1450.211304  
36.441639          3584.062988          2096.925049          1487.153687  
36.448090          3675.665283          2151.636719          1524.046631  
36.454529          3766.983887          2206.201660          1560.790283  
36.460979          3858.177979          2260.756592          1597.439453  
36.467430          3948.884766          2315.031738          1633.874268  
36.473881          4039.079834          2369.037842          1670.050415  
36.480320          4128.319336          2422.505615          1705.827637  
36.493221          4304.519043          2528.192139          1776.312866  
36.506111          4476.072754          2631.281250          1844.801514  
36.519009          4641.991211          2731.144287          1910.865723  
36.531898          4800.931641          2826.976562          1973.962402  
36.549492          5004.838379          2950.233643          2054.586426  
36.567070          5190.958496          3063.192383          2127.792969  
36.602230          5500.129883          3252.189209          2247.937256  
36.628021          5665.305664          3354.665283          2310.648682  
36.640911          5726.253418          3393.149902          2333.110352  
36.653801          5772.148926          3422.766602          2349.423828  
36.667950          5804.875977          3444.789307          2360.096436  
36.682098          5818.651367          3455.615967          2363.049561  
36.692402          5816.768555          3456.423096          2360.337646  
36.702690          5804.864258          3451.285400          2353.553223  
36.723270          5751.355957          3423.354248          2328.020508  
36.745789          5648.816895          3366.539551          2282.283447  
36.768311          5502.955078          3283.844971          2219.093506  
36.803699          5195.402344          3106.933594          2088.483398  
36.821388          5010.635742          2999.798828          2010.886963  
36.839081          4808.745117          2882.266113          1926.490723  
36.847931          4702.229980          2820.102051          1882.127197  
36.856781          4592.381348          2755.937988          1836.474365  
36.865631          4479.730469          2690.035645          1789.722412  
36.874470          4364.754395          2622.680176          1742.101196  
36.883320          4247.412109          2553.868652          1693.567871  
36.892159          4128.553711          2484.084961          1644.463379  
36.901009          4008.078125          2413.284180          1594.774536  
36.909851          3886.656738          2341.872314          1544.767456  
36.918701          3764.396729          2269.910156          1494.497803  
36.927540          3641.921631          2197.758301          1444.176270  
36.936390          3519.255859          2125.430664          1393.844604  
36.945229          3397.010742          2053.284912          1343.735840  
36.954079          3275.199707          1981.343628          1293.858643  
36.962921          3154.189941          1909.833374          1244.362061  
36.971771          3034.324463          1838.937500          1195.399048  
36.980610          2915.923828          1768.860718          1147.066650  
36.988251          2814.913574          1709.046509          1105.878540  
36.995892          2715.240479          1649.976196          1065.266235  
37.011169          2520.335449          1534.384766           985.949463  
37.026451          2332.368896          1422.776245           909.590393  
37.041729          2152.062744          1315.607056           836.458252  
37.057011          1979.933472          1213.179443           766.759277  
37.072289          1816.676147          1115.913574           700.751648  
37.087570          1662.431641          1023.932678           638.508850  
37.102840          1517.702881           937.506958           580.193909  
37.118118          1382.316284           856.585571           525.735596  
37.133400          1256.318604           781.171570           475.144135  
37.163952          1031.986694           646.662415           385.321198  
37.194511           842.673828           532.849121           309.823944  
37.225060           685.562134           438.115143           247.446350  
37.250801           575.524475           371.566376           203.959610  
37.276531           483.523621           315.751648           167.771683  
37.302269           407.267212           269.329956           137.937225  
37.327999           344.549438           231.000137           113.547874  
37.353741           293.275177           199.527466            93.746918  
37.379471           251.622208           173.833298            77.788757  
37.430931           190.612396           135.877594            54.734741  
37.482399           150.754944           110.728439            40.026798  
37.533859           124.427078            93.828758            30.598392  
37.585331           106.554977            82.131798            24.423088  
37.636791            93.929420            73.699936            20.229450  
37.707561            81.653351            65.318306            16.334988  
37.778320            72.825424            59.158337            13.667070  
37.849091            66.050072            54.350231            11.699781  
37.919849            60.616879            50.443897            10.172981  
37.990620            56.134132            47.185650             8.948494  
38.061378            52.364017            44.419163             7.944908  
38.132149            49.144547            42.036457             7.108112  
38.202911            46.364113            39.962353             6.401768  
38.270458            44.043064            38.218315             5.824766  
38.338009            41.990204            36.665398             5.324796  
38.473110            38.522572            34.018250             4.504332  
38.608212            35.705803            31.843323             3.862497  
38.743301            33.373867            30.024029             3.349863  
38.878399            31.414495            28.480726             2.933778  
39.013489            29.748003            27.156422             2.591587  
39.148590            28.315418            26.008478             2.306912  
39.283680            27.071844            25.004299             2.067564  
39.476681            25.555084            23.768883             1.786220  
39.669670            24.278416            22.719229             1.559193  
39.862671            23.190155            21.816736             1.373425  
40.055660            22.252531            21.032927             1.219616  
40.248661            21.435707            20.345024             1.090679  
40.441650            20.717478            19.736036             0.981436  
40.634651            20.081648            19.193462             0.888190  
40.827641            19.515703            18.707569             0.808132  
41.136429            18.726742            18.025375             0.701371  
41.445221            18.051775            17.437042             0.614730  
41.657520            17.643419            17.078779             0.564646  
41.869808            17.273130            16.752287             0.520858  
42.082111            16.934248            16.452101             0.482151  
42.294399            16.622816            16.174978             0.447843  
42.506699            16.336409            15.918353             0.418057  
42.718990            16.076483            15.679686             0.396793  
42.931290            15.852984            15.456829             0.396153  
42.984371            15.803552            15.403455             0.400099  
43.037441            15.756120            15.351026             0.405095  
43.063980            15.732909            15.325146             0.407765  
43.090511            15.709912            15.299512             0.410397  
43.117050            15.686964            15.274089             0.412873  
43.143581            15.663976            15.248916             0.415060  
43.182178            15.630143            15.212673             0.417472  
43.220779            15.595548            15.176904             0.418643  
43.254559            15.564393            15.145988             0.418409  
43.288330            15.532263            15.115419             0.416847  
43.308041            15.513019            15.097733             0.415287  
43.309471            15.511604            15.096450             0.415154  
43.314602            15.506532            15.091871             0.414660  
43.319729            15.501434            15.087299             0.414134  
43.329990            15.491164            15.078179             0.412981  
43.361519            15.458965            15.050329             0.408631  
43.393051            15.425906            15.022783             0.403127  
43.407459            15.410533            15.010279             0.400256  
43.451611            15.362597            14.972334             0.390260  
43.473679            15.338284            14.953579             0.384705  
43.495750            15.313812            14.934951             0.378862  
43.517818            15.289263            14.916452             0.372809  
43.539890            15.264698            14.898081             0.366618  
43.584030            15.215817            14.861712             0.354101  
43.672321            15.120657            14.790434             0.330216  
43.760601            15.031018            14.720988             0.310029  
44.113731            14.725759            14.458609             0.267153  
44.466869            14.469367            14.216255             0.253119  
44.643440            14.373321            14.101824             0.271500  
44.731720            14.343035            14.046375             0.296664  
44.820000            14.326615            13.992107             0.334504  
44.848831            14.323816            13.974649             0.349168  
44.877659            14.321911            13.957305             0.364607  
44.906490            14.320577            13.940101             0.380484  
44.920898            14.320009            13.931540             0.388474  
44.935310            14.319444            13.923005             0.396433  
44.949730            14.318812            13.914509             0.404304  
44.964142            14.318069            13.906037             0.412032  
44.978561            14.317156            13.897597             0.419561  
44.992970            14.316010            13.889194             0.426816  
45.007389            14.314576            13.880814             0.433768  
45.021801            14.312799            13.872461             0.440335  
45.050621            14.307979            13.855848             0.452131  
45.093868            14.296833            13.831135             0.465698  
45.115490            14.289183            13.818879             0.470305  
45.137112            14.279986            13.806681             0.473305  
45.160530            14.268201            13.793539             0.474662  
45.177429            14.258476            13.784091             0.474386  
45.195572            14.246912            13.774004             0.472912  
45.218811            14.230397            13.761137             0.469261  
45.234581            14.218120            13.752440             0.465683  
45.250351            14.205032            13.743781             0.461250  
45.281891            14.176532            13.726545             0.449990  
45.295170            14.163705            13.719329             0.444372  
45.316750            14.141909            13.707651             0.434260  
45.338329            14.119087            13.696014             0.423073  
45.359909            14.095451            13.684451             0.411006  
45.381489            14.071172            13.672933             0.398243  
45.403069            14.046439            13.661466             0.384970  
45.424648            14.021441            13.650054             0.371384  
45.446232            13.996369            13.638702             0.357672  
45.467812            13.971411            13.627406             0.344008  
45.489391            13.946692            13.616158             0.330542  
45.510971            13.922372            13.604959             0.317418  
45.554131            13.875374            13.582715             0.292660  
45.640450            13.790009            13.538814             0.251198  
45.985729            13.554144            13.370000             0.184143  
46.331009            13.384965            13.210463             0.174499  
46.503651            13.312469            13.133936             0.178529  
46.589970            13.279525            13.096515             0.183007  
46.633129            13.263593            13.078016             0.185573  
46.676289            13.247791            13.059657             0.188136  
46.702850            13.238049            13.048423             0.189623  
46.729408            13.228242            13.037253             0.190981  
46.755970            13.218294            13.026132             0.192163  
46.782532            13.208178            13.015058             0.193119  
46.829010            13.189941            12.995811             0.194125  
46.852249            13.180513            12.986248             0.194262  
46.875488            13.170853            12.976721             0.194134  
46.897388            13.161535            12.967774             0.193763  
46.900261            13.160303            12.966605             0.193695  
46.906460            13.157622            12.964084             0.193537  
46.912659            13.154918            12.961560             0.193358  
46.925060            13.149465            12.956522             0.192941  
46.960949            13.133316            12.942011             0.191300  
46.996841            13.116638            12.927588             0.189051  
47.032742            13.099516            12.913245             0.186267  
47.068630            13.082045            12.898997             0.183047  
47.104530            13.064335            12.884830             0.179504  
47.140419            13.046505            12.870744             0.175759  
47.176319            13.028672            12.856745             0.171930  
47.212212            13.010956            12.842826             0.168131  
47.283989            12.976208            12.815229             0.160980  
47.571129            12.851006            12.707873             0.143134  
48.145420            12.636133            12.504609             0.131527  
48.719711            12.437839            12.313477             0.124358  
49.006859            12.352120            12.221680             0.130441  
49.150429            12.324021            12.176871             0.147143  
49.222221            12.316008            12.154748             0.161257  
49.293999            12.311837            12.132810             0.179035  
49.336540            12.310682            12.119884             0.190800  
49.357811            12.310308            12.113444             0.196865  
49.379082            12.309978            12.107020             0.202956  
49.400349            12.309614            12.100608             0.209006  
49.421619            12.309139            12.094217             0.214929  
49.442890            12.308482            12.087832             0.220646  
49.464161            12.307535            12.081460             0.226076  
49.480122            12.306602            12.076692             0.229909  
49.496071            12.305424            12.071930             0.233493  
49.527969            12.302235            12.062438             0.239801  
49.559879            12.297728            12.052962             0.244763  
49.591782            12.291699            12.043523             0.248176  
49.607738            12.288068            12.038813             0.249257  
49.623692            12.284014            12.034109             0.249902  
49.640072            12.279392            12.029285             0.250105  
49.645821            12.277661            12.027595             0.250066  
49.662682            12.272258            12.022643             0.249614  
49.686779            12.263689            12.015580             0.248111  
49.703510            12.257172            12.010687             0.246490  
49.720242            12.250206            12.005794             0.244409  
49.753700            12.235005            11.996037             0.238967  
49.791180            12.216219            11.985147             0.231074  
49.809921            12.206235            11.979710             0.226524  
49.828659            12.195940            11.974290             0.221650  
49.850079            12.183831            11.968098             0.215738  
49.871498            12.171471            11.961916             0.209557  
49.892921            12.158936            11.955749             0.203185  
49.914330            12.146306            11.949594             0.196711  
49.935749            12.133652            11.943447             0.190204  
49.957169            12.121058            11.937315             0.183746  
50.000000            12.096308            11.925078             0.171228  
50.047619            12.069897            11.911527             0.158368  
50.095230            12.045042            11.898028             0.147014  
50.190449            12.000646            11.871187             0.129459  
50.380901            11.930093            11.818092             0.111998  
50.761791            11.819102            11.714171             0.104927  
51.523579            11.613607            11.512592             0.101011  
52.285370            11.414435            11.315910             0.098526  
53.047150            11.220416            11.122923             0.097495  
54.292992            10.907466            10.808496             0.098974  
54.915909            10.749771            10.648612             0.101156  
55.538818            10.588872            10.484192             0.104677  
56.161739            10.424350            10.315022             0.109325  
56.784660            10.252744            10.136883             0.115861  
57.407581            10.075642             9.948164             0.127476  
57.719040             9.999159             9.849189             0.149964  
57.796909             9.982870             9.823790             0.159076  
57.835838             9.974875             9.810987             0.163886  
57.874771             9.966811             9.798107             0.168702  
57.913700             9.958536             9.785152             0.173380  
57.952629             9.949893             9.772121             0.177766  
57.991562             9.940721             9.759010             0.181706  
58.030491             9.930877             9.745819             0.185057  
58.069180             9.920315             9.732630             0.187686  
58.088520             9.914712             9.726006             0.188709  
58.107861             9.908886             9.719358             0.189528  
58.128590             9.902387             9.712212             0.190172  
58.137211             9.899606             9.709236             0.190368  
58.153950             9.894074             9.703440             0.190628  
58.172279             9.887808             9.697079             0.190732  
58.190609             9.881346             9.690697             0.190649  
58.232510             9.865833             9.676038             0.189794  
58.274410             9.849377             9.661276             0.188100  
58.305840             9.836501             9.650134             0.186365  
58.337261             9.823254             9.638938             0.184312  
58.368690             9.809700             9.627679             0.182021  
58.400108             9.795946             9.616370             0.179575  
58.426960             9.784070             9.606651             0.177420  
58.453800             9.772158             9.596895             0.175260  
58.507481             9.748333             9.577249             0.171085  
58.614849             9.701632             9.537398             0.164232  
58.829590             9.614580             9.455462             0.159116  
59.259060             9.451252             9.282060             0.169192  
59.688541             9.279886             9.093710             0.186179  
60.118011             9.094149             8.886720             0.207430  
60.547489             8.890909             8.656731             0.234179  
60.976959             8.667109             8.398995             0.268113  
61.191700             8.546020             8.257353             0.288667  
61.406429             8.417655             8.105303             0.312351  
61.621170             8.281346             7.941581             0.339762  
61.835899             8.136493             7.764887             0.371610  
62.027069             7.999738             7.595222             0.404518  
62.218239             7.855097             7.412203             0.442896  
62.409409             7.702990             7.213736             0.489254  
62.600571             7.549618             6.997531             0.552084  
62.791740             7.420362             6.761059             0.659303  
62.982910             7.369619             6.501331             0.868289  
63.078499             7.388386             6.361540             1.026842  
63.126289             7.407691             6.288913             1.118774  
63.174080             7.431304             6.214369             1.216933  
63.197979             7.443917             6.176324             1.267586  
63.221870             7.456524             6.137782             1.318737  
63.245770             7.468687             6.098717             1.369968  
63.269661             7.479949             6.059106             1.420842  
63.293560             7.489812             6.018947             1.470855  
63.317451             7.497771             5.978233             1.519539  
63.341351             7.503336             5.936918             1.566413  
63.365238             7.506042             5.895037             1.610998  
63.420238             7.498939             5.796330             1.702596  
63.447739             7.487309             5.745730             1.741570  
63.475231             7.469713             5.694283             1.775419  
63.480469             7.465645             5.684379             1.781265  
63.492908             7.455091             5.660743             1.794344  
63.505341             7.443230             5.636941             1.806289  
63.521961             7.425310             5.604803             1.820496  
63.523392             7.423656             5.602034             1.821616  
63.529148             7.416825             5.590814             1.826006  
63.532028             7.413322             5.585204             1.828110  
63.540710             7.402259             5.568168             1.834083  
63.549389             7.390603             5.551083             1.839514  
63.563881             7.369675             5.522312             1.847355  
63.585621             7.335058             5.478662             1.856385  
63.607349             7.296729             5.434453             1.862268  
63.650810             7.209539             5.344127             1.865407  
63.689442             7.121859             5.261729             1.860115  
63.716000             7.057005             5.203889             1.853097  
63.742561             6.989124             5.145008             1.844110  
63.769119             6.919036             5.085137             1.833901  
63.795681             6.847380             5.024183             1.823182  
63.822239             6.774903             4.962177             1.812720  
63.848801             6.702311             4.899095             1.803210  
63.901920             6.559216             4.769532             1.789681  
63.955040             6.422636             4.635345             1.787277  
64.008163             6.296013             4.496346             1.799661  
64.114403             6.081378             4.203259             1.878116  
64.220642             5.924930             3.889245             2.035673  
64.326881             5.831293             3.554174             2.277110  
64.433121             5.813202             3.201097             2.612097  
64.539360             5.911279             2.842475             3.068793  
64.621460             6.134383             2.586593             3.547782  
64.703552             6.617617             2.404337             4.213261  
64.785652             7.635484             2.419220             5.216252  
64.867737             9.769583             2.905047             6.864507  
64.949837            14.192021             4.429006             9.762979  
64.990891            17.893675             5.891291            12.002303  
65.031929            23.104685             8.076829            15.027681  
65.072983            30.360716            11.253945            19.106771  
65.114029            40.326164            15.757492            24.568762  
65.134560            46.583115            18.636776            27.946463  
65.155083            53.838097            22.010244            31.827238  
65.175598            62.217682            25.942717            36.274197  
65.196121            71.863823            30.506651            41.357056  
65.215439            82.239044            35.449467            46.789471  
65.225098            87.927032            38.171452            49.754585  
65.234756            93.985977            41.080315            52.905613  
65.244423           100.427917            44.180256            56.247124  
65.254082           107.260750            47.477707            59.782837  
65.263741           114.501030            50.979729            63.519901  
65.273392           122.161797            54.694679            67.466232  
65.284866           131.869553            59.413357            72.454399  
65.296341           142.228607            64.461296            77.765808  
65.303581           149.120941            67.827515            81.291763  
65.316849           162.491959            74.371002            88.120544  
65.331337           178.229477            82.091766            96.136086  
65.345833           195.222046            90.451591           104.768669  
65.353683           204.957336            95.249413           109.705238  
65.361526           215.094727           100.253647           114.840294  
65.369377           225.618195           105.453255           120.163002  
65.377220           236.553406           110.864090           125.688622  
65.385071           247.908020           116.489479           131.416306  
65.392906           259.657318           122.316322           137.339828  
65.408600           284.476929           134.648895           149.827118  
65.421883           306.871338           145.798508           161.073318  
65.435158           330.554260           157.607285           172.943848  
65.448441           355.528351           170.083847           185.441437  
65.461723           381.856720           183.259415           198.594650  
65.474998           409.495239           197.112839           212.378006  
65.488281           438.478760           211.664856           226.812790  
65.501556           468.786499           226.907410           241.880508  
65.514839           500.454895           242.849503           257.599945  
65.528122           533.407166           259.469879           273.934723  
65.541397           567.677917           276.776703           290.892761  
65.554680           603.178345           294.736603           308.439178  
65.561317           621.373901           303.949158           317.417084  
65.567963           639.894226           313.334564           326.555481  
65.574600           658.680481           322.860931           335.811920  
65.581238           677.754150           332.536713           345.205017  
65.587883           697.085449           342.355896           354.722534  
65.594521           716.690369           352.317474           364.365356  
65.601158           736.562439           362.422729           374.131256  
65.607803           756.698669           372.671478           384.019867  
65.614441           777.041443           383.031006           394.007751  
65.621078           797.615784           393.518768           404.095245  
65.627724           818.401733           404.114899           414.283569  
65.634361           839.397339           414.829712           424.559387  
65.640999           860.576233           425.648712           434.918640  
65.647636           881.926697           436.562500           445.365417  
65.654282           903.448730           447.570435           455.873535  
65.660919           925.128418           458.666107           466.456879  
65.667557           946.889954           469.812927           477.069977  
65.674202           968.799500           481.043945           487.742096  
65.680840           990.840271           492.353821           498.477997  
65.687477          1012.939758           503.703064           509.235718  
65.694122          1035.129272           515.104248           520.020874  
65.700760          1057.329346           526.521545           530.802856  
65.707397          1079.605103           537.981812           541.609802  
65.714043          1101.892334           549.461304           552.413940  
65.720680          1124.180664           560.951721           563.212280  
65.727318          1146.384033           572.414734           573.963623  
65.733963          1168.599854           583.889771           584.704468  
65.740601          1190.729980           595.323669           595.391846  
65.753883          1234.772705           618.134644           616.635986  
65.767159          1278.287964           640.699402           637.573853  
65.780441          1321.200562           663.010254           658.195068  
65.793716          1363.240234           684.909912           678.331360  
65.806999          1404.333740           706.355713           697.961365  
65.820282          1444.226074           727.252075           716.971619  
65.833557          1482.833862           747.519348           735.306152  
65.855301          1542.682861           779.071228           763.596008  
65.877029          1597.825928           808.323120           789.493530  
65.920486          1691.339966           858.523987           832.805847  
65.947052          1735.933594           882.951660           852.970093  
65.973602          1769.892822           902.044250           867.848328  
65.989304          1784.708130           910.669617           874.025208  
66.004990          1795.500244           917.272095           878.206604  
66.018097          1801.368652           921.194031           880.161377  
66.031197          1804.377563           923.647583           880.715088  
66.048668          1803.844360           924.623352           879.206970  
66.066139          1798.208130           922.991272           875.207458  
66.085800          1785.804932           918.055237           867.745056  
66.105461          1767.147217           909.898621           857.235718  
66.136353          1725.680298           890.822632           834.841064  
66.167236          1670.524292           864.648438           805.859619  
66.198128          1603.011597           832.039978           770.963440  
66.213577          1565.171021           813.585876           751.569336  
66.229019          1524.979370           793.891052           731.071228  
66.244469          1482.610107           773.041992           709.562744  
66.259911          1438.371948           751.182922           687.178711  
66.275360          1392.417480           728.397034           664.002930  
66.290802          1345.186401           704.912842           640.261169  
66.305550          1299.020386           681.896423           617.118286  
66.320290          1252.073120           658.430847           593.630249  
66.335037          1204.540649           634.616821           569.911560  
66.349777          1156.687744           610.591309           546.080688  
66.357162          1132.594116           598.479370           534.103943  
66.364532          1108.606201           586.407288           522.186646  
66.379272          1060.653564           562.239502           498.405762  
66.394012          1012.953003           538.150146           474.786041  
66.408752           965.638000           514.215637           451.407135  
66.423500           918.929688           490.560303           428.366852  
66.438240           872.947876           467.220062           405.719208  
66.452980           827.863403           444.299988           383.548920  
66.467720           783.804077           421.868958           361.927856  
66.482468           740.845093           399.962189           340.874084  
66.497208           699.148865           378.668762           320.472046  
66.511948           658.758911           358.007996           300.742584  
66.526688           619.733521           338.015991           281.711548  
66.553368           552.866394           303.686890           249.170837  
66.580048           490.959900           271.816559           219.139130  
66.606728           434.190613           242.504562           191.680511  
66.633400           382.579010           215.777435           166.798111  
66.660080           335.965454           191.561768           144.398270  
66.686760           294.250732           169.822098           124.425209  
66.713440           257.196289           150.442261           106.751251  
66.740112           224.494659           133.275284            91.217384  
66.793472           170.904877           104.972443            65.931824  
66.846817           130.790237            83.582779            47.207298  
66.900177           101.403526            67.730377            33.672604  
66.953529            80.286713            56.176628            24.109993  
67.018120            62.768620            46.404022            16.364441  
67.082710            51.319405            39.841976            11.477304  
67.147301            43.804192            35.388584             8.415516  
67.211884            38.769661            32.287304             6.482380  
67.276466            35.273006            30.042286             5.230685  
67.341057            32.726482            28.340937             4.385567  
67.405647            30.778746            26.993530             3.785204  
67.470230            29.218079            25.883654             3.334399  
67.504189            28.509056            25.370745             3.138310  
67.583557            27.069412            24.314362             2.755055  
67.662918            25.860468            23.413149             2.447295  
67.742279            24.822939            22.630329             2.192612  
67.821640            23.919701            21.941748             1.977952  
67.907692            23.060930            21.280914             1.780003  
67.993736            22.305666            20.694181             1.611488  
68.079788            21.635942            20.169046             1.466898  
68.165840            21.037737            19.695736             1.341990  
68.337936            20.014029            18.875725             1.138308  
68.510033            19.168133            18.188114             0.980013  
68.682129            18.455889            17.601963             0.853920  
68.854218            17.847441            17.095867             0.751577  
69.026321            17.321550            16.654228             0.667329  
69.198410            16.862658            16.265469             0.597203  
69.341827            16.522633            15.975236             0.547401  
69.485237            16.215092            15.711084             0.504017  
69.772057            15.679324            15.246962             0.432363  
70.058891            15.226859            14.850940             0.375925  
70.345711            14.838998            14.508283             0.330715  
70.632538            14.501937            14.207989             0.293955  
70.919357            14.205440            13.941769             0.263678  
71.206192            13.942369            13.703660             0.238708  
71.493011            13.708959            13.488926             0.220033  
71.837196            13.477431            13.256344             0.221092  
72.009300            13.388626            13.148759             0.239862  
72.052330            13.368839            13.122715             0.246130  
72.095352            13.349638            13.096991             0.252652  
72.116859            13.340173            13.084246             0.255924  
72.138367            13.330745            13.071592             0.259150  
72.159882            13.321297            13.059001             0.262298  
72.181389            13.311817            13.046494             0.265322  
72.210083            13.299033            13.029943             0.269093  
72.238762            13.286004            13.013525             0.272478  
72.296120            13.258836            12.981108             0.277732  
72.334358            13.239639            12.959778             0.279862  
72.361847            13.225209            12.944593             0.280612  
72.389328            13.210197            12.929533             0.280666  
72.410843            13.198024            12.917818             0.280207  
72.422340            13.191363            12.911589             0.279778  
72.441948            13.179759            12.901002             0.278751  
72.470329            13.162412            12.885799             0.276611  
72.492630            13.148337            12.873933             0.274404  
72.514923            13.133885            12.862136             0.271747  
72.563553            13.101188            12.836664             0.264521  
72.591927            13.081453            12.821952             0.259499  
72.620300            13.061345            12.807364             0.253984  
72.648666            13.040929            12.792875             0.248054  
72.677040            13.020301            12.778499             0.241801  
72.705421            12.999545            12.764226             0.235319  
72.733788            12.978758            12.750061             0.228699  
72.762161            12.958023            12.735992             0.222027  
72.790527            12.937425            12.722035             0.215390  
72.847282            12.896896            12.694403             0.202498  
72.904022            12.857665            12.667143             0.190521  
73.017509            12.784154            12.613694             0.170459  
73.471474            12.547356            12.411704             0.135645  
73.860580            12.377214            12.251357             0.125861  
74.249687            12.219768            12.101151             0.118618  
74.638802            12.072021            11.959243             0.112776  
75.027901            11.932367            11.824195             0.108168  
75.417007            11.799322            11.694595             0.104724  
75.806122            11.671314            11.568904             0.102407  
76.195229            11.546927            11.445660             0.101268  
76.584328            11.424899            11.323389             0.101515  
77.200417            11.233023            11.127765             0.105261  
77.508469            11.135801            11.026408             0.109397  
77.816513            11.036241            10.920290             0.115955  
78.124557            10.932920            10.806937             0.125985  
78.278580            10.879263            10.746379             0.132892  
78.432602            10.823874            10.682286             0.141591  
78.586617            10.766397            10.613702             0.152696  
78.740639            10.706485            10.539368             0.167123  
78.894661            10.643873            10.457514             0.186358  
79.048683            10.578995            10.365646             0.213349  
79.162170            10.531895            10.289428             0.242473  
79.275658            10.492743            10.203823             0.288925  
79.389153            10.484041            10.106700             0.377347  
79.502640            10.569627             9.997159             0.572469  
79.559387            10.691562             9.938619             0.752947  
79.616127            10.908866             9.879176             1.029691  
79.672882            11.271688             9.821356             1.450326  
79.729622            11.849203             9.769194             2.080010  
79.786369            12.733411             9.728721             3.004678  
79.843109            14.040462             9.708425             4.332011  
79.899857            15.909793             9.719405             6.190380  
79.956596            18.499254             9.775613             8.723573  
80.005241            21.416481             9.871995            11.544524  
80.053879            25.081062            10.024496            15.056541  
80.078201            27.220545            10.125285            17.095207  
80.102524            29.576286            10.244237            19.331858  
80.126839            32.154186            10.382608            21.771502  
80.151161            34.956017            10.541428            24.414984  
80.175484            37.985878            10.721787            27.263838  
80.199799            41.236462            10.924282            30.312174  
80.211960            42.942272            11.033991            31.908220  
80.224121            44.703079            11.149503            33.553185  
80.236282            46.514187            11.270697            35.243286  
80.248444            48.373016            11.397512            36.975338  
80.260597            50.280350            11.530085            38.749916  
80.272758            52.233559            11.668345            40.564716  
80.284920            54.229156            11.812176            42.416656  
80.297081            56.265213            11.961584            44.303261  
80.309242            58.336308            12.116243            46.220318  
80.321404            60.443348            12.276281            48.166565  
80.333557            62.576065            12.441168            50.135128  
80.345711            64.735954            12.610988            52.124943  
80.356857            66.735260            12.770754            53.964817  
80.368011            68.752319            12.934503            55.817200  
80.379158            70.777618            13.101591            57.676174  
80.390297            72.808632            13.271816            59.537914  
80.401451            74.848854            13.445472            61.403465  
80.412590            76.882965            13.621558            63.261311  
80.423737            78.916260            13.800454            65.115196  
80.434883            80.938530            13.981337            66.956329  
80.446030            82.948822            14.164398            68.784096  
80.457176            84.942566            14.348991            70.592400  
80.468330            86.911949            14.534787            72.377083  
80.479469            88.855194            14.721541            74.133461  
80.490623            90.769493            14.909073            75.860176  
80.501762            92.646263            15.096571            77.548965  
80.512909            94.485413            15.284198            79.201302  
80.524048            96.275108            15.470844            80.803963  
80.537231            98.331512            15.690797            82.640419  
80.550400           100.309937            15.908394            84.401360  
80.576752           104.010765            16.335449            87.674980  
80.603104           107.323883            16.746820            90.576881  
80.629440           110.196495            17.136852            93.059731  
80.656799           112.671471            17.514793            95.156326  
80.684158           114.583130            17.859264            96.723488  
80.693283           115.090858            17.965977            97.124611  
80.704422           115.619156            18.090311            97.528381  
80.715569           116.046379            18.207876            97.837868  
80.726707           116.369987            18.318304            98.051476  
80.739548           116.615135            18.436487            98.177299  
80.747437           116.697441            18.504286            98.192871  
80.750603           116.715034            18.530298            98.185196  
80.762093           116.710938            18.619724            98.091881  
80.773567           116.597237            18.700476            97.895149  
80.798286           115.977135            18.845348            97.130661  
80.821892           114.918701            18.945724            95.973312  
80.845490           113.421539            19.008339            94.413048  
80.888199           109.659576            19.026522            90.632362  
80.909554           107.314392            18.990732            88.322571  
80.930901           104.690208            18.926435            85.763901  
80.950012           102.128120            18.845411            83.282578  
80.969109            99.387955            18.743841            80.644142  
80.988220            96.486748            18.622540            77.863770  
80.997772            94.984261            18.554916            76.428383  
81.007317            93.451942            18.483168            74.969276  
81.016876            91.887230            18.406881            73.479820  
81.026428            90.298767            18.326769            71.971413  
81.035980            88.686432            18.242767            70.443283  
81.045532            87.055367            18.155273            68.900253  
81.055092            85.405899            18.064289            67.341408  
81.064636            83.742432            17.970219            65.772896  
81.074188            82.066544            17.873095            64.193115  
81.083740            80.381744            17.773199            62.608734  
81.090492            79.187256            17.701134            61.486221  
81.097229            77.992523            17.627865            60.364643  
81.103973            76.794548            17.553423            59.241180  
81.110710            75.598938            17.478100            58.121124  
81.117462            74.400032            17.401604            56.997986  
81.124199            73.204834            17.324299            55.880272  
81.130943            72.012520            17.246220            54.766167  
81.137680            70.821899            17.167391            53.654381  
81.151169            68.450531            17.007555            51.443462  
81.164650            66.100334            16.845518            49.254627  
81.178139            63.774399            16.681717            47.092861  
81.191620            61.482925            16.516983            44.965660  
81.205109            59.224529            16.351397            42.873493  
81.218590            57.012253            16.186041            40.826683  
81.232079            54.841408            16.020737            38.820641  
81.245560            52.720825            15.856270            36.864471  
81.259048            50.651886            15.692949            34.958473  
81.272530            48.639030            15.531262            33.107941  
81.286018            46.683498            15.371442            31.312017  
81.299500            44.788990            15.213927            29.575262  
81.324226            41.475876            14.931886            26.544018  
81.348953            38.380875            14.660236            23.720684  
81.373680            35.504498            14.399885            21.104607  
81.398399            32.852169            14.152320            18.699585  
81.423126            30.416483            13.917779            16.498705  
81.447853            28.194307            13.696856            14.497293  
81.497299            24.363222            13.296906            11.066286  
81.546753            21.275970            12.951203             8.324773  
81.596199            18.840874            12.656843             6.184083  
81.645653            16.954535            12.408667             4.545845  
81.695091            15.518559            12.201059             3.317507  
81.758034            14.198853            11.985929             2.212904  
81.820961            13.300015            11.814973             1.485037  
81.883888            12.694688            11.677956             1.016729  
81.946823            12.287235            11.566424             0.720801  
82.009758            12.009426            11.473825             0.535611  
82.072693            11.814893            11.395224             0.419663  
82.198547            11.564631            11.266757             0.297879  
82.292953            11.439618            11.187243             0.252378  
82.387352            11.341394            11.117425             0.223973  
82.481750            11.259777            11.054832             0.204950  
82.576149            11.190261            10.997865             0.192402  
82.670547            11.131230            10.945415             0.185815  
82.764954            11.082845            10.896690             0.186151  
82.812149            11.063056            10.873531             0.189519  
82.859352            11.046556            10.851090             0.195472  
82.953743            11.024829            10.808157             0.216676  
82.989700            11.020941            10.792412             0.228527  
83.061623            11.021104            10.761846             0.259265  
83.070251            11.021856            10.758253             0.263604  
83.073120            11.022145            10.757071             0.265079  
83.075996            11.022450            10.755872             0.266576  
83.084091            11.023396            10.752537             0.270869  
83.092178            11.024476            10.749207             0.275276  
83.108353            11.027074            10.742587             0.284485  
83.160507            11.039083            10.721624             0.317466  
83.198463            11.051149            10.706680             0.344472  
83.236397            11.065678            10.692009             0.373671  
83.255379            11.073736            10.684755             0.388983  
83.274353            11.082240            10.677572             0.404669  
83.293320            11.091124            10.670439             0.420682  
83.312286            11.100306            10.663368             0.436939  
83.326523            11.107328            10.658090             0.449240  
83.340752            11.114436            10.652852             0.461582  
83.354980            11.121580            10.647640             0.473937  
83.369209            11.128726            10.642458             0.486260  
83.383438            11.135827            10.637305             0.498520  
83.397667            11.142833            10.632181             0.510654  
83.411903            11.149706            10.627080             0.522632  
83.426132            11.156393            10.622008             0.534392  
83.445099            11.164939            10.615292             0.549662  
83.464073            11.172969            10.608612             0.564359  
83.482452            11.180159            10.602189             0.577972  
83.500832            11.186654            10.595805             0.590849  
83.519211            11.192359            10.589460             0.602903  
83.537590            11.197181            10.583148             0.614040  
83.611107            11.206068            10.558300             0.647784  
83.634827            11.204879            10.550398             0.654482  
83.658546            11.201510            10.542553             0.658968  
83.683449            11.195585            10.534380             0.661206  
83.698936            11.190609            10.529325             0.661293  
83.703247            11.189053            10.527919             0.661139  
83.720161            11.182215            10.522433             0.659788  
83.741722            11.171803            10.515468             0.656339  
83.760590            11.161169            10.509413             0.651758  
83.779457            11.149135            10.503386             0.645755  
83.801033            11.133725            10.496533             0.637187  
83.822594            11.116631            10.489717             0.626917  
83.865723            11.077795            10.476196             0.601600  
83.892677            11.050723            10.467821             0.582900  
83.919632            11.021843            10.459504             0.562337  
83.933113            11.006781            10.455358             0.551427  
83.946587            10.991414            10.451239             0.540180  
83.960068            10.975703            10.447116             0.528586  
83.973541            10.959753            10.443017             0.516741  
83.987701            10.942739            10.438718             0.504021  
84.001846            10.925545            10.434441             0.491101  
84.015999            10.908175            10.430173             0.478005  
84.030151            10.890681            10.425917             0.464763  
84.044312            10.873104            10.421670             0.451428  
84.058456            10.855517            10.417443             0.438069  
84.072609            10.837941            10.413229             0.424709  
84.086761            10.820391            10.409023             0.411368  
84.100922            10.802940            10.404828             0.398106  
84.115067            10.785619            10.400655             0.384968  
84.143372            10.751470            10.392330             0.359143  
84.171669            10.718192            10.384055             0.334138  
84.199966            10.685990            10.375827             0.310163  
84.256577            10.625409            10.359492             0.265916  
84.313179            10.570666            10.343330             0.227334  
84.426392            10.479546            10.311463             0.168080  
84.652817            10.358083            10.249344             0.108738  
84.879242            10.280486            10.188972             0.091515  
85.332092            10.157154            10.071910             0.085244  
85.784943            10.041787             9.958074             0.083715  
86.507347             9.863618             9.779641             0.083977  
87.229752             9.688822             9.601551             0.087268  
87.590958             9.602924             9.511664             0.091263  
87.952164             9.529812             9.420745             0.109069  
88.132759             9.530922             9.374926             0.155999  
88.313362             9.638776             9.329150             0.309625  
88.403664             9.776592             9.306446             0.470140  
88.493958            10.002032             9.283990             0.718023  
88.539108            10.154810             9.272883             0.881917  
88.584259            10.337277             9.261874             1.075409  
88.629410            10.550380             9.250959             1.299417  
88.651993            10.668479             9.245538             1.422921  
88.674561            10.794075             9.240140             1.553908  
88.696129            10.920850             9.235003             1.685858  
88.717690            11.053835             9.229887             1.823957  
88.739258            11.192683             9.224792             1.967884  
88.760818            11.336880             9.219706             2.117080  
88.771606            11.410734             9.217167             2.193543  
88.782387            11.485791             9.214634             2.271133  
88.793167            11.561823             9.212100             2.349683  
88.803947            11.638728             9.209574             2.429103  
88.814743            11.716550             9.207038             2.509497  
88.825523            11.795015             9.204509             2.590486  
88.836304            11.873947             9.201977             2.671973  
88.847076            11.953282             9.199455             2.753791  
88.859894            12.048186             9.196449             2.851727  
88.872688            12.143141             9.193445             2.949643  
88.885498            12.238222             9.190435             3.047752  
88.898300            12.333080             9.187423             3.145625  
88.911110            12.427286             9.184415             3.242876  
88.923912            12.521000             9.181388             3.339561  
88.936707            12.613488             9.178359             3.435107  
88.949509            12.704879             9.175324             3.529511  
88.962318            12.794827             9.172270             3.622520  
88.975121            12.883031             9.169209             3.713794  
88.987923            12.969045             9.166149             3.802852  
89.000717            13.052887             9.163070             3.889766  
89.013527            13.134127             9.159977             3.974079  
89.026329            13.212584             9.156868             4.055668  
89.051933            13.359940             9.150597             4.209332  
89.143578            13.758235             9.127530             4.630681  
89.167839            13.823646             9.121224             4.702354  
89.192101            13.870287             9.114833             4.755391  
89.220398            13.900060             9.107255             4.792700  
89.235222            13.904835             9.103242             4.801551  
89.246773            13.903401             9.100075             4.803240  
89.248222            13.902884             9.099686             4.803154  
89.253113            13.900671             9.098341             4.802261  
89.257988            13.897641             9.096989             4.800612  
89.267754            13.889158             9.094291             4.794788  
89.275284            13.880436             9.092195             4.788167  
89.303528            13.830776             9.084258             4.746468  
89.329903            13.760711             9.076730             4.683946  
89.356262            13.668918             9.069102             4.599732  
89.405220            13.445065             9.054669             4.390373  
89.429703            13.309766             9.047337             4.262386  
89.454178            13.160982             9.039931             4.120996  
89.468307            13.069699             9.035635             4.034021  
89.482430            12.974659             9.031314             3.943354  
89.496559            12.876390             9.026971             3.849327  
89.510681            12.775262             9.022618             3.752583  
89.524811            12.671608             9.018252             3.653267  
89.538933            12.565637             9.013868             3.551746  
89.553047            12.457790             9.009466             3.448286  
89.567169            12.348633             9.005067             3.343510  
89.581299            12.238107             9.000650             3.237445  
89.595421            12.126876             8.996227             3.130624  
89.609543            12.015193             8.991796             3.023365  
89.623657            11.903271             8.987363             2.915862  
89.637787            11.791533             8.982923             2.808579  
89.651909            11.680166             8.978479             2.701688  
89.666031            11.569477             8.974032             2.595397  
89.680153            11.459949             8.969590             2.490324  
89.695221            11.344521             8.964851             2.379643  
89.710281            11.230690             8.960114             2.270556  
89.725349            11.118823             8.955377             2.163423  
89.740410            11.009139             8.950643             2.058486  
89.755478            10.901907             8.945912             1.955984  
89.770538            10.797488             8.941195             1.856247  
89.800667            10.596979             8.931774             1.665214  
89.830803            10.408662             8.922376             1.486277  
89.860931            10.233477             8.913010             1.320449  
89.921188             9.923738             8.894390             1.029324  
89.981453             9.667431             8.875894             0.791537  
90.041710             9.461095             8.857505             0.603590  
90.101967             9.298871             8.839211             0.459659  
90.222488             9.078017             8.802730             0.275284  
90.343010             8.950052             8.766222             0.183830  
90.463531             8.872423             8.729469             0.142954  
90.704567             8.775161             8.654837             0.120324  
91.269508             8.593320             8.472845             0.120477  
91.834450             8.408716             8.279877             0.128841  
92.116920             8.319922             8.178606             0.141319  
92.399391             8.257879             8.073536             0.184346  
92.540627             8.248075             8.019448             0.228631  
92.611252             8.249105             7.991986             0.257121  
92.646561             8.250826             7.978154             0.272676  
92.681862             8.253135             7.964261             0.288882  
92.717171             8.255847             7.950284             0.305565  
92.734833             8.257271             7.943265             0.314008  
92.752480             8.258700             7.936231             0.322472  
92.770142             8.260101             7.929182             0.330923  
92.787788             8.261437             7.922113             0.339323  
92.805450             8.262661             7.915023             0.347644  
92.823097             8.263754             7.907919             0.355837  
92.840759             8.264658             7.900795             0.363867  
92.858414             8.265343             7.893645             0.371703  
92.876068             8.265766             7.886480             0.379289  
92.893723             8.265884             7.879301             0.386591  
92.911377             8.265676             7.872099             0.393576  
92.929031             8.265077             7.864872             0.400209  
92.964333             8.262613             7.850379             0.412233  
93.013298             8.255960             7.830142             0.425823  
93.037781             8.251060             7.819965             0.431098  
93.062263             8.245028             7.809752             0.435284  
93.096161             8.234739             7.795544             0.439197  
93.116417             8.227484             7.787020             0.440472  
93.126480             8.223576             7.782778             0.440799  
93.142761             8.216805             7.775889             0.440917  
93.166634             8.205909             7.765772             0.440141  
93.195282             8.191319             7.753567             0.437758  
93.223923             8.175155             7.741312             0.433843  
93.252563             8.157484             7.729011             0.428477  
93.295532             8.128360             7.710430             0.417934  
93.317009             8.112748             7.701099             0.411653  
93.338493             8.096509             7.691730             0.404781  
93.359978             8.079693             7.682323             0.397374  
93.381462             8.062423             7.672897             0.389523  
93.402939             8.044709             7.663433             0.381281  
93.424423             8.026643             7.653931             0.372717  
93.445908             8.008281             7.644384             0.363900  
93.467392             7.989731             7.634822             0.354912  
93.488869             7.971034             7.625216             0.345818  
93.510353             7.952269             7.615584             0.336687  
93.531830             7.933485             7.605913             0.327576  
93.553307             7.914756             7.596208             0.318549  
93.596268             7.877612             7.576678             0.300935  
93.655952             7.827390             7.549314             0.278075  
93.715622             7.779404             7.521657             0.257743  
93.834969             7.691650             7.465470             0.226179  
94.073662             7.546523             7.349462             0.197065  
94.551041             7.305559             7.102507             0.203055  
95.028419             7.059773             6.834290             0.225481  
95.505798             6.793797             6.540578             0.253217  
95.983177             6.503526             6.216064             0.287459  
96.460564             6.184905             5.854408             0.330491  
96.937943             5.837985             5.449799             0.388189  
97.176628             5.661541             5.228880             0.432664  
97.415321             5.496389             4.993679             0.502708  
97.558540             5.405072             4.845094             0.559985  
97.630150             5.360396             4.768564             0.591830  
97.665947             5.337878             4.729719             0.608158  
97.701752             5.315045             4.690484             0.624559  
97.737556             5.291719             4.650853             0.640865  
97.773361             5.267719             4.610816             0.656908  
97.809158             5.242879             4.570367             0.672512  
97.844963             5.217004             4.529495             0.687505  
97.916573             5.161540             4.446474             0.715062  
97.952370             5.131676             4.404309             0.727368  
97.988167             5.100270             4.361717             0.738551  
98.002502             5.087229             4.344522             0.742710  
98.027802             5.063617             4.314042             0.749570  
98.037857             5.053988             4.301856             0.752135  
98.056976             5.035335             4.278590             0.756752  
98.064598             5.027765             4.269267             0.758498  
98.083649             5.008523             4.245900             0.762627  
98.102699             4.988837             4.222407             0.766430  
98.140800             4.948097             4.174994             0.773105  
98.232239             4.843766             4.059083             0.784683  
98.287491             4.776937             3.987506             0.789432  
98.342728             4.708036             3.914790             0.793252  
98.397972             4.637710             3.840877             0.796832  
98.453209             4.566646             3.765794             0.800853  
98.563698             4.424570             3.612011             0.812561  
98.674179             4.285409             3.453335             0.832081  
98.895149             4.021640             3.121059             0.900582  
99.116119             3.776133             2.768890             1.007253  
99.337090             3.546366             2.397756             1.148614  
99.558060             3.338425             2.010628             1.327795  
99.779030             3.170469             1.614526             1.555946  
99.889519             3.111362             1.417296             1.694065  
100.000000             3.076952             1.224484             1.852465  
100.171700             3.094385             0.944687             2.149698  
100.343399             3.246130             0.715432             2.530700  
100.429298             3.399254             0.635221             2.764033  
100.472198             3.502182             0.608123             2.894062  
100.515099             3.626630             0.592092             3.034538  
100.557999             3.776394             0.589515             3.186877  
100.600899             3.956176             0.603467             3.352710  
100.643799             4.171834             0.637853             3.533984  
100.665298             4.295719             0.664319             3.631403  
100.686699             4.431047             0.697795             3.733250  
100.713699             4.620888             0.751592             3.869296  
100.727203             4.724573             0.783886             3.940689  
100.740700             4.834760             0.820194             4.014554  
100.754204             4.952040             0.860907             4.091127  
100.767700             5.076524             0.906222             4.170292  
100.781197             5.209204             0.956708             4.252504  
100.794701             5.350573             1.012733             4.337845  
100.811897             5.544275             1.092892             4.451396  
100.829002             5.753552             1.183410             4.570137  
100.841301             5.915086             1.255778             4.659310  
100.854797             6.104279             1.343029             4.761270  
100.868896             6.315803             1.443415             4.872376  
100.882896             6.541818             1.553724             4.988101  
100.902603             6.888719             1.728362             5.160361  
100.922203             7.271223             1.927435             5.343780  
100.941803             7.696732             2.155748             5.540971  
100.961403             8.169548             2.416640             5.752909  
100.983498             8.767676             2.755768             6.011904  
101.005600             9.446412             3.150792             6.295582  
101.027702            10.215704             3.609303             6.606394  
101.049698            11.086898             4.139761             6.947111  
101.071800            12.083289             4.758402             7.324902  
101.093803            13.213451             5.472400             7.741055  
101.115898            14.509841             6.304481             8.205365  
101.137901            15.983061             7.263619             8.719431  
101.167397            18.293182             8.790174             9.502944  
101.196800            21.048048            10.637838            10.410117  
101.226196            24.339216            12.874001            11.465170  
101.255600            28.273558            15.577144            12.696420  
101.285103            32.984711            18.845367            14.139205  
101.314499            38.578365            22.759010            15.819439  
101.343903            45.228043            27.445370            17.782618  
101.373299            53.108540            33.035187            20.073479  
101.400299            61.609211            39.096844            22.512478  
101.427299            71.493134            46.175716            25.315710  
101.454300            82.944046            54.412449            28.531151  
101.481201            96.119659            63.923759            32.196419  
101.508202           111.347137            74.950249            36.397598  
101.535202           128.815063            87.635582            41.180695  
101.562202           148.768845           102.162575            46.605839  
101.589104           171.373260           118.660515            52.713650  
101.616096           197.069733           137.451111            59.616798  
101.643097           226.072235           158.705231            67.368469  
101.670097           258.650513           182.618103            76.031349  
101.696999           294.899384           209.274918            85.629181  
101.723999           335.377014           239.077026            96.298248  
101.750999           380.204285           272.133118           108.069092  
101.778000           429.584595           308.596100           120.985695  
101.804901           483.460815           348.433136           135.029282  
101.836800           553.655273           400.390625           153.259491  
101.868698           630.733521           457.532410           173.204102  
101.884697           672.083984           488.213593           183.873825  
101.900597           714.850159           519.961914           194.886337  
101.916603           759.651794           553.246338           206.406021  
101.932503           805.869446           587.598450           218.266830  
101.948502           854.008606           623.411316           230.602722  
101.964401           903.410706           660.172058           243.238724  
101.980400           954.779907           698.426392           256.355957  
101.996300          1007.244324           737.516418           269.729248  
102.012299          1061.467529           777.939331           283.526917  
102.028198          1116.737061           819.178406           297.568146  
102.044098          1173.085083           861.214111           311.854889  
102.059998          1230.658569           904.227417           326.427551  
102.074699          1284.663086           944.587341           340.076385  
102.089401          1339.461670           985.561035           353.901520  
102.104103          1394.897705          1027.049072           367.870331  
102.118797          1450.838257          1068.918579           381.935272  
102.133499          1507.129028          1111.069946           396.057617  
102.148201          1563.672485          1153.450439           410.224487  
102.162903          1620.305054          1195.918335           424.385437  
102.177597          1676.898804          1238.377808           438.504639  
102.188103          1717.260742          1268.713379           448.559845  
102.198502          1757.132812          1298.657227           458.475067  
102.208900          1796.670898          1328.368896           468.296204  
102.219299          1835.984741          1357.935059           478.047150  
102.240196          1914.013916          1416.663696           497.339935  
102.261002          1989.899658          1473.861816           516.042236  
102.281898          2064.012451          1529.771118           534.227844  
102.302696          2135.051514          1583.452148           551.586243  
102.323502          2202.956055          1634.857544           568.094543  
102.344299          2267.239746          1683.593994           583.632568  
102.398300          2414.355469          1795.638672           618.731934  
102.452202          2527.315918          1882.409058           644.895508  
102.481598          2572.633789          1917.683594           654.947205  
102.511002          2605.495361          1943.705444           661.793762  
102.532799          2621.630615          1956.858887           664.758911  
102.554497          2630.493652          1964.617432           665.881226  
102.558998          2631.445801          1965.559082           665.884644  
102.560501          2631.689941          1965.812256           665.867004  
102.564796          2632.193848          1966.413330           665.773987  
102.569000          2632.416016          1966.791260           665.607239  
102.577400          2632.057617          1966.972656           665.083191  
102.594299          2628.104980          1964.901855           663.197205  
102.616203          2616.487305          1957.375122           659.113281  
102.638000          2597.808350          1944.547241           653.260620  
102.659798          2572.247559          1926.544434           645.684570  
102.681602          2539.912598          1903.493042           636.415466  
102.736198          2431.702148          1825.254272           606.438538  
102.763496          2364.277100          1776.087891           588.171387  
102.790802          2289.049072          1721.035034           568.007568  
102.813904          2220.105225          1670.420044           549.665466  
102.836998          2146.785400          1616.509155           530.277344  
102.860100          2069.905273          1559.848022           510.055634  
102.883202          1989.971069          1500.846924           489.120667  
102.894798          1948.882446          1470.493530           478.397705  
102.906303          1907.583862          1439.964844           467.634399  
102.917900          1865.520752          1408.820190           456.694977  
102.929398          1823.447144          1377.664917           445.772217  
102.941002          1780.715820          1346.001099           434.695038  
102.952499          1738.139648          1314.454712           423.685486  
102.964104          1694.992676          1282.449463           412.536163  
102.975601          1652.237305          1250.718506           401.507477  
102.987198          1608.992676          1218.615723           390.373962  
102.998703          1566.241943          1186.854858           379.380890  
103.010300          1523.261475          1154.906006           368.343231  
103.021797          1480.812134          1123.349121           357.455597  
103.033401          1438.195923          1091.647827           346.541840  
103.044899          1396.259155          1060.438232           335.818787  
103.068001          1313.262451           998.621155           314.639526  
103.091103          1231.968750           938.025940           293.941620  
103.114197          1152.984497           879.085388           273.878326  
103.137299          1076.436890           821.954773           254.491211  
103.160400          1002.771912           766.897034           235.873779  
103.183502           932.017090           713.978638           218.037689  
103.206596           864.479553           663.429199           201.055618  
103.229698           800.241272           615.301636           184.937592  
103.252800           739.353455           569.649109           169.702301  
103.299004           627.967590           486.029877           141.936707  
103.345200           530.389709           412.644623           117.743217  
103.387199           453.137024           354.441528            98.693634  
103.429199           386.285553           303.982544            82.301895  
103.471199           328.952301           260.621613            68.330582  
103.513199           280.323700           223.762070            56.561146  
103.555199           239.390396           192.661194            46.729069  
103.597198           205.235077           166.640076            38.594276  
103.639198           176.941238           145.021317            31.921110  
103.681198           153.606384           127.129036            26.476742  
103.765198           118.822449           100.309105            18.513266  
103.849197            95.593277            82.230049            13.363379  
103.933197            80.005493            69.959930            10.045318  
104.017097            69.337875            61.454014             7.883648  
104.096901            62.096706            55.602577             6.494136  
104.176697            56.672588            51.163536             5.509012  
104.256500            52.444599            47.663990             4.780789  
104.336304            49.029705            44.809292             4.220354  
104.416100            46.183075            42.410908             3.772142  
104.495903            43.755856            40.352295             3.403573  
104.655403            39.797161            36.968613             2.828481  
104.815002            36.674389            34.276493             2.397916  
104.974503            34.137012            32.073189             2.063775  
105.134102            32.027882            30.230221             1.797617  
105.293602            30.248894            28.666828             1.582073  
105.444801            28.800957            27.387701             1.413229  
105.596001            27.539661            26.268265             1.271382  
105.747200            26.430943            25.279905             1.151040  
105.898399            25.448719            24.400644             1.048068  
106.049599            24.571934            23.612707             0.959239  
106.200798            23.783510            22.901510             0.881995  
106.503098            22.420902            21.666092             0.754789  
106.805496            21.280005            20.625053             0.654957  
107.107803            20.310101            19.734652             0.575444  
107.410202            19.473980            18.962624             0.511369  
107.712502            18.744646            18.285374             0.459274  
108.082100            17.966438            17.558374             0.408063  
108.451599            17.286345            16.918844             0.367502  
108.821098            16.683556            16.348186             0.335368  
109.190598            16.141758            15.831691             0.310057  
109.560204            15.646837            15.356432             0.290396  
109.929703            15.190075            14.912722             0.277352  
110.299202            14.778982            14.492940             0.286042  
110.484001            14.602899            14.290153             0.312752  
110.668701            14.452689            14.091321             0.361362  
110.723297            14.412471            14.033160             0.379322  
110.777901            14.373492            13.975261             0.398229  
110.805199            14.354264            13.946399             0.407861  
110.832497            14.335086            13.917579             0.417513  
110.859802            14.315884            13.888806             0.427080  
110.887100            14.296564            13.860085             0.436473  
110.914398            14.277016            13.831408             0.445605  
110.941704            14.257135            13.802768             0.454367  
110.969002            14.236841            13.774180             0.462659  
110.996300            14.216014            13.745620             0.470392  
111.105499            14.125711            13.631693             0.494018  
111.139099            14.095154            13.596706             0.498452  
111.172699            14.063129            13.561760             0.501371  
111.197899            14.038089            13.535558             0.502536  
111.217697            14.017809            13.514979             0.502823  
111.234802            13.999850            13.497224             0.502629  
111.256798            13.976138            13.474368             0.501772  
111.287102            13.942369            13.442873             0.499497  
111.317398            13.907395            13.411409             0.495986  
111.339500            13.881137            13.388458             0.492675  
111.391899            13.816528            13.334014             0.482514  
111.444199            13.749190            13.279668             0.469527  
111.470398            13.714525            13.252397             0.462126  
111.496498            13.679492            13.225217             0.454269  
111.522697            13.643928            13.197941             0.445991  
111.548798            13.608161            13.170733             0.437427  
111.574997            13.571997            13.143396             0.428598  
111.601097            13.535806            13.116142             0.419664  
111.627296            13.499391            13.088760             0.410633  
111.653397            13.463086            13.061436             0.401650  
111.705704            13.390569            13.006585             0.383978  
111.758003            13.318755            12.951574             0.367178  
111.923302            13.100230            12.776465             0.323763  
112.088501            12.897232            12.599003             0.298226  
112.418900            12.522882            12.233827             0.289058  
112.749298            12.155960            11.849447             0.306509  
113.079697            11.773740            11.437866             0.335878  
113.410202            11.365409            10.987967             0.377447  
113.575401            11.148380            10.744030             0.404346  
113.740601            10.920737            10.484130             0.436617  
113.905800            10.680924            10.205335             0.475590  
114.070999            10.427264             9.904239             0.523034  
114.236198            10.158085             9.576709             0.581380  
114.401398             9.871819             9.217709             0.654117  
114.544601             9.608998             8.876188             0.732817  
114.687798             9.333183             8.501598             0.831573  
114.831001             9.048938             8.089387             0.959550  
114.974197             8.774793             7.639423             1.135361  
115.117401             8.575190             7.171099             1.404095  
115.189003             8.557121             6.952059             1.605062  
115.260597             8.656219             6.771606             1.884621  
115.332199             8.959943             6.671647             2.288296  
115.403801             9.609398             6.721709             2.887717  
115.475403            10.824747             7.032506             3.792251  
115.546898            12.932242             7.771387             5.160851  
115.624001            16.753826             9.331929             7.421991  
115.701103            23.001711            12.113396            10.888306  
115.778198            32.787071            16.704227            16.083017  
115.855301            47.521122            23.858562            23.662870  
115.893898            57.265125            28.677217            28.588106  
115.932404            68.850441            34.466156            34.385014  
115.971001            82.555878            41.374584            41.181915  
116.009499            98.539375            49.494465            49.045837  
116.048103           117.069908            58.972107            58.097073  
116.086601           138.235031            69.866753            68.370979  
116.125099           162.231873            82.286835            79.946991  
116.144402           175.351746            89.103027            86.249573  
116.163597           189.125870            96.276627            92.847717  
116.186401           206.470032           105.336281           101.135239  
116.197800           215.510483           110.068520           105.443085  
116.209099           224.717316           114.893242           109.824203  
116.220497           234.274246           119.908783           114.367966  
116.231903           244.100006           125.070511           119.028694  
116.243301           254.158707           130.364136           123.796242  
116.254601           264.349670           135.732010           128.617371  
116.265999           274.897583           141.298828           133.600616  
116.277397           285.647827           146.976517           138.672653  
116.288803           296.660339           152.802872           143.862396  
116.300102           307.760895           158.678955           149.082245  
116.311501           319.181641           164.734421           154.446213  
116.322800           330.719238           170.861649           159.859238  
116.334198           342.539093           177.143478           165.395325  
116.345497           354.440033           183.480927           170.963516  
116.352798           362.222229           187.626831           174.599579  
116.360001           369.952423           191.747589           178.204208  
116.367203           377.763550           195.917450           181.848801  
116.374397           385.628998           200.116577           185.511002  
116.384003           396.190704           205.765869           190.426712  
116.391602           404.629913           210.280258           194.348816  
116.399200           413.126434           214.831604           198.294342  
116.405800           420.538940           218.808228           201.735657  
116.412300           427.882965           222.748184           205.139282  
116.418800           435.252655           226.699966           208.550232  
116.425301           442.641541           230.673065           211.968918  
116.432602           450.979248           235.153290           215.819855  
116.439796           459.230591           239.598236           219.634079  
116.446999           467.498688           244.048065           223.444519  
116.454201           475.808655           248.530548           227.275238  
116.461502           484.217499           253.072586           231.148453  
116.468697           492.534454           257.562866           234.970917  
116.483101           509.170959           266.564209           242.609650  
116.495499           523.481750           274.319336           249.165451  
116.507896           537.774048           282.076904           255.697952  
116.520302           551.999939           289.815002           262.187500  
116.532700           566.096375           297.492371           268.603699  
116.545097           580.106873           305.136841           274.968842  
116.557503           593.996216           312.734070           281.259430  
116.569901           607.693542           320.237732           287.449860  
116.582199           621.087036           327.594940           293.490356  
116.596001           635.846191           335.724365           300.127838  
116.609802           650.308228           343.708160           306.604126  
116.623596           664.414246           351.510040           312.899994  
116.637299           678.040527           359.077118           318.961823  
116.664803           704.093079           373.616364           330.476685  
116.692299           728.180542           387.162354           341.017090  
116.714401           745.940247           397.240021           348.709900  
116.730904           758.188477           404.236755           353.952942  
116.761200           778.238586           415.837219           362.409332  
116.791496           794.909607           425.676453           369.234009  
116.816299           805.877014           432.330902           373.546326  
116.841003           814.281006           437.634644           376.641144  
116.871498           821.078674           442.304871           378.770660  
116.892303           823.422058           444.266968           379.146606  
116.893799           823.520935           444.377441           379.143646  
116.897202           823.697937           444.596130           379.110962  
116.900597           823.838684           444.779144           379.055817  
116.907303           823.939087           445.062744           378.871735  
116.920799           823.564331           445.338989           378.228516  
116.941902           821.389038           444.904907           376.485962  
116.962997           817.310852           443.448273           373.857513  
116.995796           807.237183           439.184418           368.050385  
117.028603           792.815002           432.560638           360.247864  
117.084801           758.747375           416.118073           342.627808  
117.112900           737.760559           405.716797           332.037445  
117.140999           714.450195           394.033386           320.417938  
117.166801           691.266296           382.299072           308.963684  
117.179703           679.099426           376.110229           302.984985  
117.192596           666.606567           369.739624           296.873352  
117.205498           653.788879           363.171478           290.621246  
117.218399           640.677979           356.435455           284.238525  
117.231300           627.343994           349.567963           277.773071  
117.244102           613.866455           342.614044           271.251160  
117.257004           600.091187           335.489441           264.606079  
117.269897           586.172974           328.267975           257.897705  
117.282799           572.109436           320.963440           251.147507  
117.295601           558.044189           313.634918           244.406937  
117.308502           543.780334           306.194916           237.585037  
117.321404           529.482361           298.722473           230.761749  
117.334297           515.167236           291.217804           223.942093  
117.347099           500.950958           283.768158           217.185165  
117.359398           487.313263           276.597809           210.715088  
117.371696           473.727936           269.447052           204.280106  
117.384003           460.204102           262.316986           197.880844  
117.396301           446.778748           255.230896           191.544556  
117.408600           433.450989           248.186096           185.264389  
117.420898           420.251007           241.196838           179.050217  
117.433197           407.192444           234.273300           172.918808  
117.445503           394.268402           227.410187           166.855759  
117.457802           381.523560           220.635880           160.885345  
117.470100           368.966034           213.949448           155.016037  
117.482399           356.605438           207.359299           149.241959  
117.494698           344.470123           200.880920           143.586975  
117.519302           320.848114           188.247742           132.601135  
117.543800           298.261688           176.134521           122.127457  
117.568398           276.611053           164.491989           112.118340  
117.593002           256.039490           153.401260           102.637611  
117.617599           236.547577           142.863037            93.680466  
117.642197           218.189270           132.912842            85.274704  
117.666801           200.960251           123.546974            77.410545  
117.691399           184.855377           114.769203            70.084610  
117.740501           155.990677            98.965942            57.022968  
117.787399           132.342072            85.938553            46.402210  
117.834198           112.309547            74.830574            37.478287  
117.881104            95.445656            65.412521            30.033278  
117.927902            81.490036            57.555050            23.934696  
117.974800            70.003380            51.029030            18.974243  
118.021599            60.685280            45.680008            15.004745  
118.068398            53.170673            41.315884            11.854545  
118.115196            47.149910            37.771961             9.377931  
118.208900            38.539242            32.584427             5.954744  
118.302597            33.121376            29.188616             3.932715  
118.396301            29.678436            26.922447             2.755972  
118.489899            27.422926            25.352558             2.070378  
118.574203            25.998957            24.305431             1.693525  
118.658501            24.928682            23.479551             1.449115  
118.742798            24.085110            22.801090             1.284028  
118.827103            23.392593            22.225067             1.167545  
118.911400            22.805340            21.723820             1.081551  
118.953598            22.541210            21.495079             1.046125  
118.995697            22.294500            21.279797             1.014727  
119.037903            22.061201            21.075174             0.986014  
119.080002            21.841125            20.881487             0.959644  
119.164200            21.432697            20.521511             0.911194  
119.215797            21.199989            20.317022             0.882985  
119.267303            20.978565            20.123524             0.855036  
119.304703            20.824175            19.989447             0.834722  
119.325500            20.740292            19.916985             0.823324  
119.342598            20.672283            19.858448             0.813845  
119.375999            20.542133            19.746962             0.795177  
119.392601            20.478605            19.692846             0.785765  
119.444702            20.284042            19.528288             0.755747  
119.496803            20.096405            19.371393             0.725012  
119.548897            19.915276            19.221561             0.693707  
119.600998            19.740370            19.078297             0.662078  
119.653099            19.571543            18.941128             0.630432  
119.705200            19.408695            18.809589             0.599108  
119.757301            19.251980            18.683475             0.568491  
119.809303            19.101389            18.562458             0.538925  
119.913498            18.817562            18.333710             0.483852  
120.017700            18.556858            18.121319             0.435547  
120.225998            18.099415            17.738731             0.360690  
120.437202            17.707552            17.398224             0.309328  
120.648300            17.370264            17.096724             0.273539  
120.859398            17.073593            16.827242             0.246350  
121.070503            16.808695            16.584509             0.224176  
121.281601            16.569790            16.364382             0.205409  
121.492699            16.352755            16.163496             0.189252  
121.914902            15.971517            15.808659             0.162850  
122.337196            15.645732            15.503444             0.142283  
122.759399            15.363438            15.237428             0.126011  
123.181602            15.115801            15.002691             0.113117  
123.603798            14.898551            14.793108             0.105442  
123.959396            14.755236            14.632691             0.122537  
124.137199            14.716486            14.557341             0.159149  
124.314903            14.715012            14.484992             0.230017  
124.370499            14.723151            14.462942             0.260205  
124.426102            14.735122            14.441146             0.293977  
124.453903            14.742403            14.430362             0.312048  
124.481697            14.750438            14.419623             0.330815  
124.509499            14.759127            14.408961             0.350165  
124.537201            14.768294            14.398400             0.369903  
124.565002            14.777907            14.387856             0.390051  
124.578903            14.782821            14.382613             0.400208  
124.592796            14.787764            14.377391             0.410381  
124.606697            14.792743            14.372165             0.420586  
124.620598            14.797727            14.366958             0.430762  
124.634499            14.802674            14.361782             0.440892  
124.648300            14.807549            14.356647             0.450911  
124.662201            14.812399            14.351497             0.460908  
124.676102            14.817164            14.346355             0.470807  
124.690002            14.821815            14.341235             0.480582  
124.703903            14.826324            14.336123             0.490202  
124.717796            14.830680            14.331021             0.499661  
124.731697            14.834851            14.325949             0.508897  
124.745598            14.838817            14.320880             0.517937  
124.759399            14.842527            14.315865             0.526653  
124.780296            14.847646            14.308290             0.539365  
124.801102            14.852117            14.300794             0.551337  
124.842796            14.858825            14.285847             0.572981  
124.926102            14.861444            14.256355             0.605091  
124.953903            14.858641            14.246626             0.612016  
124.981598            14.853861            14.236984             0.616874  
125.010803            14.846605            14.226872             0.619735  
125.026001            14.841907            14.221630             0.620273  
125.037498            14.837945            14.217680             0.620264  
125.057098            14.830336            14.210954             0.619382  
125.079300            14.820459            14.203374             0.617085  
125.100502            14.809793            14.196164             0.613618  
125.121696            14.797927            14.188976             0.608951  
125.147903            14.781663            14.180141             0.601521  
125.174103            14.763715            14.171345             0.592371  
125.226501            14.723128            14.153897             0.569227  
125.262802            14.691710            14.141898             0.549807  
125.280998            14.675076            14.135916             0.539156  
125.299103            14.658010            14.129988             0.528024  
125.317299            14.640399            14.124043             0.516348  
125.335403            14.622438            14.118149             0.504290  
125.353500            14.604139            14.112286             0.491852  
125.371597            14.585482            14.106429             0.479045  
125.390503            14.565759            14.100346             0.465415  
125.409401            14.545795            14.094276             0.451516  
125.428299            14.525654            14.088227             0.437426  
125.447197            14.505405            14.082202             0.423204  
125.466103            14.485101            14.076200             0.408903  
125.485001            14.464783            14.070213             0.394575  
125.503899            14.444534            14.064251             0.380278  
125.522797            14.424374            14.058311             0.366065  
125.541702            14.404345            14.052383             0.351959  
125.560600            14.384493            14.046476             0.338022  
125.579498            14.364906            14.040595             0.324313  
125.598396            14.345584            14.034739             0.310845  
125.636200            14.307837            14.023068             0.284774  
125.674004            14.271543            14.011479             0.260065  
125.749603            14.203934            13.988543             0.215389  
125.825203            14.143521            13.965897             0.177627  
125.976402            14.044245            13.921501             0.122744  
126.278801            13.910048            13.836015             0.074034  
126.581100            13.816337            13.754576             0.061762  
127.185898            13.657438            13.602151             0.055282  
127.790604            13.512632            13.461514             0.051114  
128.395401            13.377858            13.330255             0.047602  
129.000107            13.252880            13.208252             0.044631  
130.209503            13.025335            12.985506             0.039837  
131.241592            12.849925            12.813207             0.036722  
131.757706            12.768482            12.732366             0.036122  
132.273697            12.703892            12.654908             0.048992  
132.531693            12.696481            12.617273             0.079211  
132.596207            12.699041            12.607977             0.091070  
132.660706            12.703386            12.598725             0.104660  
132.692993            12.706177            12.594110             0.112069  
132.725204            12.709314            12.589511             0.119804  
132.757507            12.712780            12.584917             0.127864  
132.789703            12.716483            12.580345             0.136148  
132.812897            12.719277            12.577055             0.142228  
132.836105            12.722151            12.573769             0.148380  
132.859299            12.725050            12.570496             0.154560  
132.882507            12.727976            12.567223             0.160753  
132.905701            12.730866            12.563950             0.166912  
132.928894            12.733697            12.560695             0.173002  
132.952103            12.736436            12.557433             0.179004  
132.975204            12.739036            12.554194             0.184837  
132.998398            12.741481            12.550952             0.190526  
133.021606            12.743716            12.547703             0.196007  
133.044800            12.745704            12.544475             0.201233  
133.067902            12.747419            12.541256             0.206159  
133.091095            12.748822            12.538028             0.210797  
133.114304            12.749882            12.534801             0.215074  
133.160599            12.750837            12.528390             0.222446  
133.203003            12.750206            12.522530             0.227672  
133.245300            12.748004            12.516697             0.231301  
133.281601            12.744783            12.511709             0.233073  
133.303696            12.742205            12.508673             0.233533  
133.317200            12.740398            12.506827             0.233577  
133.334000            12.737909            12.504524             0.233384  
133.354996            12.734407            12.501648             0.232759  
133.391693            12.727287            12.496634             0.230646  
133.433701            12.717610            12.490917             0.226692  
133.475693            12.706404            12.485208             0.221193  
133.520294            12.692975            12.479162             0.213808  
133.564896            12.678165            12.473131             0.205033  
133.587204            12.670331            12.470124             0.200203  
133.609497            12.662220            12.467114             0.195102  
133.631805            12.653888            12.464116             0.189778  
133.654099            12.645384            12.461117             0.184264  
133.676407            12.636711            12.458127             0.178582  
133.698700            12.627917            12.455138             0.172778  
133.720993            12.619023            12.452147             0.166873  
133.743301            12.610068            12.449167             0.160901  
133.765594            12.601095            12.446189             0.154900  
133.787903            12.592105            12.443213             0.148888  
133.810196            12.583164            12.440246             0.142910  
133.832397            12.574300            12.437296             0.137003  
133.856094            12.564927            12.434148             0.130777  
133.879700            12.555713            12.431021             0.124693  
133.926895            12.537723            12.424767             0.112952  
133.974106            12.520460            12.418538             0.101923  
134.021301            12.504045            12.412320             0.091723  
134.210098            12.447909            12.387622             0.060290  
134.587799            12.373999            12.338952             0.035046  
134.965500            12.325644            12.291166             0.034477  
135.343201            12.294375            12.244208             0.050163  
135.427200            12.290024            12.233874             0.056150  
135.469193            12.288124            12.228718             0.059402  
135.511093            12.286353            12.223587             0.062767  
135.536102            12.285346            12.220526             0.064815  
135.561005            12.284352            12.217486             0.066869  
135.585907            12.283373            12.214450             0.068925  
135.610794            12.282379            12.211411             0.070973  
135.635803            12.281375            12.208363             0.073007  
135.660706            12.280333            12.205338             0.074996  
135.685593            12.279240            12.202313             0.076936  
135.710495            12.278102            12.199290             0.078810  
135.735504            12.276872            12.196254             0.080616  
135.760406            12.275563            12.193236             0.082320  
135.785294            12.274145            12.190227             0.083919  
135.810196            12.272616            12.187214             0.085399  
135.909897            12.265102            12.175195             0.089910  
135.942703            12.262073            12.171254             0.090825  
135.975494            12.258745            12.167317             0.091431  
136.003006            12.255707            12.164015             0.091695  
136.017593            12.254009            12.162263             0.091743  
136.026199            12.252975            12.161233             0.091740  
136.042404            12.250968            12.159293             0.091675  
136.065903            12.247923            12.156483             0.091440  
136.087097            12.245038            12.153951             0.091090  
136.108200            12.242039            12.151431             0.090608  
136.147003            12.236195            12.146804             0.089393  
136.185699            12.229969            12.142196             0.087777  
136.224396            12.223384            12.137593             0.085789  
136.263107            12.216471            12.133000             0.083471  
136.291306            12.211248            12.129652             0.081597  
136.319504            12.205902            12.126309             0.079592  
136.347702            12.200450            12.122973             0.077472  
136.375793            12.194922            12.119656             0.075267  
136.404007            12.189303            12.116325             0.072981  
136.432205            12.183635            12.112996             0.070642  
136.460403            12.177944            12.109674             0.068270  
136.488495            12.172260            12.106368             0.065892  
136.513199            12.167268            12.103463             0.063804  
136.537796            12.162311            12.100572             0.061739  
136.587097            12.152469            12.094785             0.057684  
136.636398            12.142822            12.089015             0.053806  
136.685699            12.133410            12.083251             0.050159  
136.882904            12.098864            12.060291             0.038570  
137.277206            12.043546            12.014836             0.028710  
138.065903            11.951840            11.925221             0.026621  
139.643295            11.774563            11.748194             0.026367  
140.657394            11.660639            11.633660             0.026976  
141.164505            11.602713            11.575016             0.027693  
141.671494            11.543380            11.514515             0.028861  
142.178604            11.481800            11.451068             0.030732  
142.432098            11.449719            11.417617             0.032102  
142.685593            11.416423            11.382502             0.033921  
142.939102            11.381560            11.345169             0.036392  
143.192596            11.344678            11.304805             0.039878  
143.446106            11.305339            11.260063             0.045278  
143.572906            11.284958            11.235380             0.049573  
143.699600            11.265073            11.208648             0.056414  
143.831100            11.247694            11.178123             0.069572  
143.962494            11.240914            11.144026             0.096888  
144.093994            11.261568            11.105536             0.156033  
144.225403            11.344249            11.062236             0.282012  
144.291199            11.427360            11.038876             0.388477  
144.356903            11.552562            11.014722             0.537855  
144.422607            11.734194            10.990168             0.744034  
144.488297            11.988834            10.965929             1.022927  
144.554092            12.336565            10.942866             1.393710  
144.619797            12.797087            10.922356             1.874749  
144.685501            13.391653            10.905918             2.485751  
144.751205            14.140750            10.895420             3.245369  
144.807602            14.918682            10.892744             4.025980  
144.835800            15.356917            10.894052             4.462839  
144.863907            15.827263            10.897365             4.929902  
144.892105            16.332220            10.902841             5.429432  
144.920303            16.870552            10.910679             5.959946  
144.948502            17.442152            10.921019             6.521193  
144.962601            17.739244            10.927157             6.812076  
144.976593            18.042479            10.933947             7.108503  
144.990707            18.355621            10.941482             7.414153  
145.004807            18.675367            10.949702             7.725845  
145.018906            19.001919            10.958645             8.043306  
145.033005            19.335396            10.968319             8.367175  
145.047104            19.675751            10.978758             8.696929  
145.061203            20.021561            10.989930             9.031613  
145.075302            20.373396            11.001878             9.371711  
145.089294            20.727201            11.014474             9.712815  
145.103394            21.088696            11.027934            10.060747  
145.117493            21.454071            11.042156            10.411929  
145.131607            21.824093            11.057199            10.767059  
145.145599            22.194288            11.072865            11.121587  
145.159698            22.569515            11.089360            11.480153  
145.173798            22.946909            11.106658            11.840219  
145.187897            23.325575            11.124668            12.200932  
145.201904            23.702713            11.143295            12.559377  
145.214905            24.052738            11.161216            12.891580  
145.227798            24.399591            11.179582            13.219975  
145.240707            24.745802            11.198549            13.547215  
145.253601            25.090532            11.218072            13.872493  
145.266495            25.432484            11.238084            14.194581  
145.279404            25.773018            11.258691            14.514297  
145.292297            26.109177            11.279745            14.829478  
145.305206            26.442480            11.301300            15.141216  
145.318207            26.774332            11.323522            15.450850  
145.331100            27.097750            11.345935            15.751902  
145.343994            27.415421            11.368750            16.046854  
145.356903            27.728699            11.392023            16.336699  
145.382706            28.332272            11.439465            16.892704  
145.408493            28.904882            11.488042            17.416945  
145.436707            29.489948            11.542089            17.947624  
145.464798            30.024910            11.596579            18.428301  
145.521103            30.933975            11.706176            19.227583  
145.554001            31.352543            11.769357            19.583210  
145.586807            31.680336            11.830984            19.849363  
145.624405            31.939928            11.899011            20.040939  
145.631500            31.974577            11.911459            20.063129  
145.640900            32.013805            11.927794            20.085823  
145.653305            32.052811            11.948917            20.103731  
145.664902            32.076176            11.968207            20.108027  
145.671097            32.083984            11.978399            20.105490  
145.688995            32.086166            12.006951            20.078962  
145.713699            32.040283            12.044514            19.995739  
145.735199            31.955376            12.075273            19.880045  
145.756699            31.828951            12.104092            19.724730  
145.796402            31.488911            12.151868            19.336819  
145.835999            31.018564            12.192052            18.826580  
145.872406            30.480057            12.222018            18.257854  
145.908707            29.850206            12.245080            17.605026  
145.926895            29.503883            12.254063            17.249643  
145.945099            29.137146            12.261348            16.875637  
145.963303            28.753607            12.266899            16.486656  
145.981400            28.355869            12.270748            16.085161  
145.998795            27.960352            12.272906            15.687261  
146.016098            27.554838            12.273548            15.281280  
146.033493            27.136736            12.272779            14.863786  
146.050797            26.712236            12.270582            14.441566  
146.068207            26.276697            12.267006            14.009611  
146.085495            25.838156            12.262141            13.576023  
146.102905            25.392078            12.255973            13.135900  
146.120193            24.944553            12.248606            12.695950  
146.137604            24.491705            12.240042            12.251574  
146.146301            24.264883            12.235334            12.029366  
146.154907            24.041288            12.230449            11.810780  
146.163605            23.814323            12.225209            11.589004  
146.172302            23.587599            12.219734            11.367839  
146.181000            23.361866            12.214020            11.147804  
146.189606            23.138371            12.208111            10.930107  
146.198303            22.912968            12.201913            10.711024  
146.207001            22.688745            12.195507            10.493046  
146.215698            22.465322            12.188899            10.276378  
146.224304            22.245073            12.182141            10.062845  
146.241699            21.803837            12.167922             9.635738  
146.259003            21.370529            12.153085             9.217301  
146.275604            20.960148            12.138216             8.821859  
146.292099            20.558838            12.122919             8.435801  
146.308594            20.165001            12.107154             8.057820  
146.325104            19.778193            12.090959             7.687205  
146.341705            19.397820            12.074313             7.323412  
146.358200            19.028961            12.057485             6.971465  
146.374695            18.668493            12.040358             6.628053  
146.391205            18.317867            12.023049             6.294682  
146.424301            17.644260            11.987867             5.656329  
146.457306            17.014311            11.952521             5.061787  
146.490402            16.425377            11.917112             4.508306  
146.523407            15.881082            11.882132             3.998973  
146.556503            15.378430            11.847630             3.530767  
146.589493            14.919894            11.814055             3.105830  
146.655594            14.122452            11.749800             2.372671  
146.721695            13.475396            11.690391             1.784983  
146.787704            12.961331            11.636403             1.324938  
146.876999            12.441230            11.571994             0.869241  
146.966202            12.079482            11.516989             0.562491  
147.055405            11.833098            11.470219             0.362876  
147.144608            11.667409            11.430362             0.237048  
147.233902            11.555895            11.396079             0.159818  
147.323105            11.479708            11.366246             0.113465  
147.412292            11.425794            11.339878             0.085917  
147.501495            11.385689            11.316195             0.069493  
147.679993            11.327769            11.274672             0.053099  
147.858398            11.284265            11.238592             0.045672  
148.036804            11.247501            11.206180             0.041321  
148.215195            11.214711            11.176412             0.038296  
148.479599            11.170936            11.135830             0.035104  
148.744003            11.131180            11.098325             0.032853  
149.008408            11.094276            11.063051             0.031223  
149.272705            11.059491            11.029461             0.030027  
149.801407            10.994249            10.965708             0.028538  
150.330093            10.926345            10.898339             0.028001  
150.673798            10.817487            10.789385             0.028099  
151.017502            10.348773            10.320936             0.027833  
151.189407             9.768476             9.741568             0.026904  
151.361206             8.833595             8.808630             0.024962  
151.447098             8.223088             8.199546             0.023541  
151.533005             7.525653             7.503829             0.021823  
151.618896             6.757622             6.737777             0.019842  
151.661896             6.353982             6.335211             0.018771  
151.704803             5.942446             5.924785             0.017661  
151.732895             5.670501             5.653583             0.016917  
151.761002             5.397222             5.381057             0.016163  
